Gene,Log2change,p-value,adj_pvalue
1433B,0.0640012418007798,0.300185017173239,0.37521911428944
1433E,-0.386078103006229,1.06289595877492e-10,1.57414687483825e-09
1433F,0.86019765882363,6.33427541583048e-15,2.90924220884214e-13
1433G,0.0413677580396517,0.578281769082648,0.64789053727918
1433S,0.396083844264955,0.0516609412823656,0.0835672584768832
1433T,-0.104272240365395,0.200863288714443,0.267910308681183
1433Z,0.43843658156358,4.60792064845381e-11,7.53819989129901e-10
1A01,0.607596869573157,1.80342242572312e-07,1.20791731222913e-06
1A02,0.400792564644649,0.00191963366356902,0.00474132309478187
1A03,0.137823504253388,0.709069699018818,0.767022666991587
1A11,-0.341201299773143,0.102002358200401,0.149828706619892
1A23,0.121276720670645,0.678943804325021,0.738994271994902
1A24,-0.285541894574323,0.372001130745946,0.449547490185704
1A25,0.618604217336269,0.0106075197928176,0.0211601920169029
1A29,1.22901934580352,0.0156448562100223,0.0296971032343232
1A33,0.86397174300231,0.0328708007088127,0.0563374274254107
1A68,0.615866362973988,0.109976291696177,0.160017613068263
1A80,-0.248007694687158,0.0499007946104333,0.0811021319711526
1B07,0.472921294667781,0.0080063796950285,0.016669515846422
1B08,0.572624867148217,0.31073739575187,0.384917281364814
1B13,0.436720468915275,0.024409329998525,0.0434870446244791
1B15,0.647056574528188,0.0241453776489861,0.0430963992457961
1B18,0.642106351797772,0.351201825822913,0.4276946477351
1B27,0.0351480937881506,0.921974334703995,0.941497348673375
1B35,0.701297977327164,0.00488765112602037,0.0107720982828829
1B38,0.849356406627032,0.0994495661237989,0.146693338216638
1B44,-0.739724561247718,0.0260857562134901,0.0460906102457728
1B73,0.886637545269086,0.179716215108403,0.243193671654935
1C07,0.614344236535302,0.00016058386811681,0.000521272665708585
2A5A,-0.180267550221567,0.00098933544035377,0.00262768116507296
2A5D,-0.0854627287579862,0.0477738614514093,0.0780319887720309
2A5E,-0.144346627834722,0.0681504849313777,0.106511878009016
2A5G,0.571877729788422,0.0210631896053492,0.03826785283609
2AAA,-0.129658893083599,1.665227663163e-05,7.02125499943481e-05
2AAB,-0.0038626897795517,0.973877036434681,0.979845509600991
2ABA,-0.0804257220946477,0.074402734988041,0.114703597036508
2ABD,0.0847269356723476,0.541419424200162,0.613629887944837
2B11,0.52999480890888,0.00015292504725077,0.00049914114407231
2B13,0.628325672080068,0.00083708643398236,0.00226391830515524
2B14,0.201500876193436,0.0880078323494209,0.13229193834517
2B17,0.635775747184662,0.0934956255603012,0.139268773518009
2B18,0.952511748706854,0.0283017796387956,0.0494848247661334
2B1B,0.652063318800017,0.269957661943639,0.344353334362228
2B1E,1.22051136392295,0.0265756720528135,0.046806182506165
2B1F,0.769335903367073,0.293694811441195,0.368479539037441
2B1G,0.701542847020229,0.397612300808997,0.474331557365835
3BHS1,0.597184075227477,0.134267341460205,0.189571236359916
3BHS7,0.00386556745171686,0.969827801193642,0.976662922736902
3BP1,0.257803580697696,0.0152231235305477,0.0289885540872917
3BP2,0.222943013565709,0.14759802082293,0.205497352701142
3HAO,-1.22672615072334,4.21981743776559e-16,2.58413582141264e-14
3HIDH,-0.769787816113405,4.5732502696965e-15,2.19175149571293e-13
3MG,-0.0945347139722283,0.009681930710043,0.0195821172630909
41,0.0994958546182821,0.262526624634544,0.336096803663538
4EBP2,-0.0839594614364684,0.615935401372534,0.682348536538474
4ET,-0.110502227202205,0.330339126710213,0.40654804826333
4F2,0.14385573849241,0.00891694092094173,0.0182501634339486
5NT3A,-0.0485626386954033,0.785354781276976,0.831247941335137
5NT3B,-0.127729676265508,0.114551571220001,0.165458615412491
5NTC,-0.166783561698794,0.0271539393333814,0.0477266049877838
5NTD,0.125249048125859,0.14738841278186,0.205316662398417
68MP,0.386884872354621,0.400673864447117,0.477172331852748
6PGD,-0.29058482546554,2.66297518548548e-05,0.000106408682191641
6PGL,-0.106651166563875,0.064044768205104,0.100977957929558
A16A1,-0.121555232715601,0.351098769416845,0.427636638487826
A16L1,0.0888932853478749,0.321179786422162,0.396388872686085
A1AG1,-0.262790329277319,0.0890885166358743,0.133606801625346
A1AG2,-0.209346056320518,0.158915414342914,0.218923645254405
A1AT,0.845437059155053,6.24018577848194e-07,3.68113711519623e-06
A1ATR,0.595594363163598,0.00313445948950762,0.0073378305282284
A1BG,0.41860123959272,0.0001232819185758,0.000411971972165818
A1CF,-0.460252934057325,2.68852484990945e-11,4.79091402815273e-10
A2AP,0.428426505836638,4.56529834192185e-05,0.000171472376478889
A2GL,0.0232610307935936,0.847465062365896,0.880797470530072
A2MG,0.847690702114541,6.86802002835874e-08,5.09554255180923e-07
A4,0.29915554913352,0.00189948347654157,0.00469756875160088
AAAD,0.0735227538603172,0.466271727713319,0.541667065798851
AAAS,0.202659691629225,0.0117232138019872,0.0230814793815089
AAAT,-0.0486393583908261,0.651523703902311,0.71357798428818
AACS,0.174934308692989,0.279712267313374,0.354510488598882
AACT,0.31855054623299,0.0398837278297462,0.0666110051805891
AADAT,-1.18258552142096,5.70902679520906e-21,2.0023113978106e-18
AAGAB,-0.321608358238172,0.00534865190550986,0.0116155919231393
AAK1,0.126856590434173,0.143226704975878,0.200206024564108
AAKB1,-0.283645649010766,0.0904196973836857,0.135261416249034
AAKB2,-0.727078764005875,1.44145940201314e-10,2.08673559961227e-09
AAKG1,-0.617114137147054,9.74545667079548e-16,5.36429367816055e-14
AAMDC,0.045238854116946,0.780033464331093,0.82693095174583
AAMP,0.103517781901868,0.14426770034951,0.201515129597541
AAPK1,-0.181485521931478,2.66007857458244e-05,0.00010634801182113
AAPK2,0.149572847674213,0.0894726540272822,0.134104700558374
AAR2,-0.274224680072983,0.00020735263948431,0.000653834477425801
AASD1,0.0675946644458299,0.290151959782331,0.364746256383263
AASS,-0.870357617067259,1.59069905125438e-13,5.11409744978283e-12
AATC,-0.191423680387281,0.00166031752789861,0.00416212152217858
AATF,0.00764618348324545,0.919061205061555,0.939019631654523
AATM,-0.254384818942282,0.0679919487501938,0.106328714340595
AB17B,-0.534467054338274,0.00243094055800039,0.00584516589140885
AB1IP,-0.0799385240587066,0.38684374234917,0.463779725911466
ABC3C,0.266324804400069,0.0583453305271965,0.0929957798694171
ABC3F,0.0206166950496084,0.823563929286351,0.862110877543547
ABCA1,-0.278323815152447,7.38436695581332e-06,3.37946473493805e-05
ABCA2,0.090697638068085,0.630719583623096,0.694538648099873
ABCA6,-0.565029734198722,1.02664413346371e-14,4.39499791165916e-13
ABCA8,-0.107516476335625,0.349187873011559,0.425779650467318
ABCA9,0.224211954593901,0.0144589711942827,0.0277594978191305
ABCB5,0.53620014711605,0.00087674353683797,0.00235959299973553
ABCB6,-0.402418764290998,6.25563202829525e-05,0.000225764531011816
ABCB7,-0.049119112677009,0.338657316448883,0.415418897359129
ABCB8,0.0741738387142969,0.339246696162157,0.415760404635833
ABCBA,-0.301661388968064,9.99958976672069e-06,4.42666865404572e-05
ABCBB,-0.348860132663185,1.0491570108423e-07,7.47170742731456e-07
ABCC8,-0.619051411117677,0.00589808272410344,0.0126909108475131
ABCC9,-0.55419785903946,3.35839958751163e-06,1.66218160469787e-05
ABCCB,-0.320102219272346,0.10932043229355,0.159184082954714
ABCD1,-0.0212693486572914,0.790304773062273,0.834625795248089
ABCD3,-0.408122708198208,1.81860690763309e-09,1.99044563346557e-08
ABCD4,-0.706095523517736,0.00017893692350718,0.000574325000741015
ABCE1,0.106419346866928,0.0041738153468272,0.00938378765038423
ABCF1,-0.112293118589779,0.00546982759936499,0.0118553903810956
ABCF2,-0.0856014129599011,0.212669360848109,0.280793427156744
ABCF3,-0.183591953590022,6.31493752958467e-08,4.73988890839254e-07
ABCG8,-0.217125224984619,0.0662282270692608,0.103970905405171
ABD12,0.122167770021442,0.0481691604722722,0.0785778524744297
ABHD2,-0.0848208007734857,0.429900048897584,0.505656825806975
ABHD4,0.211852015053675,0.114893230977754,0.16582794055824
ABHD5,0.297108051920992,0.0146919240715005,0.0281367302396867
ABHD6,-0.211361140147184,0.00386420784322635,0.00877464029380062
ABHDA,-0.640605196188734,9.45838600794058e-13,2.53405925129408e-11
ABHDB,0.127266121594513,0.0723780793108524,0.112026811362925
ABHEB,-0.973626703366126,8.3617215157302e-18,8.48934779149661e-16
ABHGA,-0.203326466404494,0.0001318700611289,0.000437826760615573
ABI1,0.0852587571810229,0.175641810211241,0.23877673426729
ABI2,0.569522200950338,2.38589159685657e-05,9.64860564011808e-05
ABI3,0.212422416146675,0.0406694498327727,0.0677765604556532
ABL1,0.746135590015344,0.0101567272588827,0.0203887220103986
ABLM1,0.17448184323724,0.00026095321906411,0.000799966244854459
ABLM2,0.259501491990388,0.00450006307572737,0.0100122510646806
ABLM3,-0.221265855067444,1.54636971089613e-05,6.57036822096616e-05
ABR,0.421716121818897,3.17985403267954e-06,1.58499701008755e-05
ABRAL,-0.541807214529862,0.00230202421944167,0.00557514716798868
ACACA,-0.604362680679227,3.70142328693838e-16,2.28814188042304e-14
ACACB,-0.869228661783909,8.53123119349494e-20,1.58301613358346e-17
ACAD8,-0.192172698326527,0.00256213721220106,0.00612436515778915
ACAD9,-0.0617623752925384,0.228505578042519,0.29870302133759
ACADL,-0.286502686337699,0.0227115361642586,0.0408490007094218
ACADM,-0.428436154038182,3.81197269732613e-05,0.00014652327725108
ACADS,-0.97892118871777,4.65612806258909e-12,1.05048784008589e-10
ACADV,-0.0612688326171712,0.468622323930244,0.543988243033814
ACAP1,0.199938011803638,0.0464192466122309,0.0761903652116515
ACAP2,0.129009950762836,0.0132717120717456,0.0257491904313777
ACATN,-0.687945747672682,1.94910727509732e-09,2.12720109401003e-08
ACBD4,-0.515365283452542,0.0918291282583218,0.137024473726786
ACBD5,-0.193566124992341,0.0341536456352454,0.0582385701042107
ACBD6,-0.036802919005516,0.719705759099344,0.776027059420142
ACBG1,-0.858697190038334,0.00106749195488595,0.00280735103064076
ACBG2,-0.550994215217681,0.00247700956925356,0.00593559187464611
ACBP,-1.52890332555539,3.52936298639418e-22,1.70203530018859e-19
ACD10,-0.127155163342673,0.0685340072792754,0.107024569958893
ACD11,-0.70152155565327,1.95522575248685e-13,6.18300078122481e-12
ACDSB,-1.2831145852886,4.119872404929e-20,9.34968690483299e-18
ACE,-0.222913346286999,0.0324533316760556,0.0557703698547495
ACES,-0.00305239674830805,0.98678224580449,0.989603822280666
ACINU,0.301539653515527,5.58468467039265e-05,0.000204321607002132
ACL6A,0.0580282741795099,0.532515013396542,0.605135132533794
ACLY,-0.252691769672101,0.00124615289100176,0.00322121129211711
ACMSD,-0.818169945571025,3.84025168513125e-14,1.41101819059394e-12
ACO12,-0.161721319569402,0.083755941374973,0.12654412446628
ACO13,-0.994472558947803,2.34465592105864e-16,1.55960043852487e-14
ACOC,-0.625741801877983,3.06871681608876e-20,7.17521786452754e-18
ACOD,-0.0236442774278357,0.908129345959929,0.929943733699643
ACON,-0.199700609605185,0.0128490777047552,0.0250299125397352
ACOT1,-0.626605475102785,1.64428563994586e-07,1.11712484386922e-06
ACOT2,-0.780873627032374,1.37124913111918e-07,9.49780816491525e-07
ACOT4,-0.53632748364709,0.00099014500692433,0.00262792503516556
ACOT8,-0.0150022180621611,0.882463200679112,0.909454528708432
ACOT9,0.271370692466992,4.12476127183466e-06,1.9991619330073e-05
ACOX1,-0.428449018206538,1.9983249538092e-07,1.32466283020548e-06
ACOX2,-0.853301070772214,2.38725688215202e-19,3.75919879646632e-17
ACOX3,-0.159189981718821,0.00406077255172372,0.00916435244489624
ACPH,-0.506282029946403,4.37035724185453e-14,1.57577927467989e-12
ACPM,-1.04696105565161,1.890149465364e-18,2.17677511563412e-16
ACS2A,-1.24578283459934,9.11609877121001e-20,1.59863222996946e-17
ACS2B,-1.11330643760296,4.7650368717574e-18,4.96851682465947e-16
ACS2L,0.251794216816945,0.00012677048224951,0.000422714365184624
ACSA,-0.802295804941647,2.45796466257247e-08,2.02841233544483e-07
ACSF2,-0.317797232928007,0.00047536574001665,0.00137118581307233
ACSF3,0.0629851358613258,0.244345849737386,0.316178530366203
ACSL1,-1.21668331904067,9.33651995895399e-24,9.00507350041112e-21
ACSL3,0.101601671720944,0.0515782561934308,0.083486013171494
ACSL4,0.333648135500756,0.0157714653164348,0.0299146082550666
ACSL5,-0.807316999289542,1.90920511066088e-14,7.44011446154513e-13
ACSL6,-0.750311504635991,1.22619662189062e-06,6.71492770369626e-06
ACSM1,-0.741460083021444,0.036439391670569,0.0616322547413657
ACSM3,-1.14728911277419,2.17750963614246e-23,1.68016643524752e-20
ACSM5,-0.435812052662018,2.74733472238547e-06,1.39006129297877e-05
ACSS3,-0.0336689655800832,0.746136137468571,0.798610963615965
ACTA,0.622339099541376,9.50456412378389e-11,1.42957537581124e-09
ACTB,0.258292176136495,4.80153251642619e-05,0.000178978864235481
ACTBL,-0.112386541828783,0.367183737928812,0.444282534398418
ACTBM,0.278686588988519,0.00021923097034723,0.000686241852819159
ACTC,1.31677251216335,0.00023628536781127,0.000733083191810116
ACTG,-0.181807342675461,0.23358298831924,0.304568113959379
ACTN1,0.228138963321905,7.50433725555984e-07,4.33733829692133e-06
ACTN2,0.160943415642364,0.00232559416079369,0.00562516756886649
ACTN3,-0.322177371053588,0.018447904273087,0.0342123377108896
ACTN4,0.284971269585073,1.05498951154636e-07,7.50257978902462e-07
ACTY,0.0916835878607105,0.0483190547086855,0.0788057125622949
ACTZ,-0.0172292481259643,0.645708047906226,0.707610182878063
ACY1,-0.70793907554693,6.24611244741096e-13,1.7398918283113e-11
ACY2,-0.529960837447149,9.45263738361362e-06,4.21598555213657e-05
ACY3,-0.842928160633635,3.26530920730409e-06,1.61922402593563e-05
ACYP1,0.247504665903968,0.00873536176585891,0.0179356177182989
ACYP2,-0.478576335943316,2.65278266352033e-08,2.15688841219419e-07
ADA,0.231085825081916,0.0206408436466856,0.0376535478681229
ADA10,0.269766878563317,4.61556629293067e-05,0.000172966049131875
ADA17,0.530810882686791,0.00015776742063578,0.000513209703889409
ADA2A,0.730636478229639,0.00020750731172462,0.000654054909014366
ADAL,-0.724181374218438,0.00056940159464634,0.00160346814025225
ADAM9,0.339650505333143,0.00135493517142228,0.00346985721297521
ADAP1,1.03210366506165,1.04299902940396e-06,5.80229308643184e-06
ADAP2,0.39667793295591,0.00782356459902705,0.0163241277571911
ADAS,0.0808650145394585,0.124473277793647,0.177759728198368
ADCK1,-0.464198792020684,0.00086518813255582,0.00233256171586328
ADCK5,0.190207751030241,0.184762846680099,0.248844497291612
ADCY1,-0.32295608158156,0.0155292291553585,0.0295059177943231
ADCY9,-0.0781971867653471,0.375567578018985,0.453076834270558
ADDA,0.431083753641743,2.59023417969336e-08,2.1127110920205e-07
ADDG,0.392429536437007,5.99724994564544e-07,3.55220617547438e-06
ADH1A,-1.9655109546229,2.84951894050446e-19,4.31115453822204e-17
ADH1B,-1.92220622285515,7.28181092635623e-18,7.49152708103529e-16
ADH1G,-1.67650618252202,6.09887601862703e-14,2.13904215271483e-12
ADH4,-2.35049724708413,6.72325361184057e-21,2.2254164770274e-18
ADH6,-2.01258476294911,1.51420320273249e-18,1.79747567881291e-16
ADH7,-0.827301187049895,0.00016948194721443,0.000547393346465693
ADHX,-0.877417594665262,2.4539762922848e-16,1.61836590352731e-14
ADIPO,1.24736186611344,0.00243363057640271,0.00584981106776427
ADIRF,-0.0571147307525656,0.639171614106339,0.702138766675316
ADK,-1.11376983219567,5.87749799093152e-15,2.71561523940285e-13
ADNP,0.156809495796367,0.0387459125088112,0.0649073949018644
ADPGK,0.0866275336437304,0.445705247026797,0.521284344907668
ADPPT,-0.122964209842338,0.0385421777772355,0.0646222172379724
ADPRH,0.0400493559560689,0.586988412129027,0.65545623559878
ADRM1,0.0295065993360238,0.834024027080745,0.870109436581264
ADRO,0.0314276636068135,0.721787940452457,0.777946046728755
ADSV,1.23320580836842,0.00018301929983809,0.00058586346639037
ADT1,-0.785856843449519,6.48242367424158e-11,1.02918479568823e-09
ADT2,-0.691619920094258,3.81926632933895e-13,1.11626738625679e-11
ADT3,-0.191759712921312,0.111843430781601,0.162032277865346
ADX,-0.425370140663537,4.35988093554642e-05,0.000165148950901699
AEBP1,0.824384984182163,8.22295678170386e-10,9.85222585832717e-09
AEDO,0.39731230737205,0.00928584203737591,0.0188615883812355
AES,0.517252509102991,0.00742144348145257,0.0155692925238956
AF10,0.0254739407897674,0.911406446652032,0.932556974190038
AFAD,0.0453143526794991,0.233799585673657,0.304659624789427
AFAM,0.624084981602352,6.77517576683148e-11,1.06688277993616e-09
AFAP1,0.861178044212377,1.13301969265458e-06,6.25349066417936e-06
AFG32,-0.248766765940116,1.98773970224264e-05,8.20544363584583e-05
AFTIN,0.293711840440701,0.00265887986167248,0.00633598425344807
AGAL,0.603403922864114,4.47663454763655e-06,2.15750856774289e-05
AGAP3,0.304964222185236,0.00025213407363226,0.000776943495266181
AGFG1,0.243076772072621,0.00434192966696739,0.00970238323496101
AGFG2,-0.113825829519074,0.280679812922253,0.355503190497062
AGK,-0.115864251677248,0.0339090659207679,0.0579112946561931
AGM1,-0.268828400929802,0.0006579024389965,0.00182932440335027
AGO1,0.0044855719408982,0.91393489743991,0.934648332491232
AGO2,0.0925971567226239,0.162473578853559,0.223108406199335
AGO3,0.193318839510184,0.00155449435103843,0.00391336979204324
AGR2,0.136593027082705,0.454303883942343,0.529758012467753
AGRA2,0.49571460306456,0.00010312854993206,0.000352721583012312
AGRE2,0.863966194292606,0.00181892220631198,0.00451764400025309
AGRF5,-0.18094729759781,0.0544005900662781,0.087503638305483
AGRIN,0.593582289162614,4.66940896732125e-09,4.66095208174007e-08
AGRL2,0.107948936673699,0.248206486580828,0.320421825407005
AGT2,-0.925239145774182,6.08490435100558e-19,8.38412892363554e-17
AHDC1,-0.330830277969702,0.00083221429544677,0.00225218378735939
AHNK,0.574333095958919,4.38234805780653e-12,1.00042004775252e-10
AHR,0.0276990296087924,0.614510502942469,0.681259057572427
AHSA1,0.0216730213827317,0.853552096918495,0.886168996208707
AHSP,0.341702302372425,0.101701890857668,0.14944425630504
AIDA,0.402412215115079,1.9139410495313e-07,1.27640182698215e-06
AIF1,0.240536594114126,0.0824687184068876,0.124819268581315
AIFM1,-0.343134892593451,4.20106884481126e-05,0.000159446370912758
AIFM2,0.0388772108720576,0.599735074651578,0.667179330451496
AIG1,-1.02870139318123,7.1529818834076e-06,3.290936650801e-05
AIM1,0.480766617028904,0.124719308326591,0.177963929690228
AIMP1,0.0811459824189413,0.12815354031691,0.182172571312689
AIMP2,-0.0729907022161985,0.0971772024114867,0.143836426972383
AINX,0.844199227563806,5.22727944611858e-07,3.14370134109516e-06
AIP,-0.130325996902426,0.012379211546297,0.0241940213503616
AK17A,0.192362101627229,0.125064722484401,0.178340306540314
AK1A1,-0.696084646604783,1.37337761619462e-14,5.69730198202026e-13
AK1BA,1.13105471230438,3.20678403437031e-06,1.59430061914957e-05
AK1BF,0.31868704940101,0.173539759572524,0.236327706470454
AK1C1,-0.543142466467213,1.98861840319229e-05,8.20544363584583e-05
AK1C2,-0.724102773129453,0.00037246241133661,0.00110069703786797
AK1C3,-0.482124431222346,0.00010777757074498,0.00036698122317757
AK1C4,-1.11767243805424,8.53109882950932e-19,1.07911407489334e-16
AK1D1,-1.48227676973617,8.04715715317006e-19,1.0524044846417e-16
AKA11,-0.323380446051216,0.12825346393849,0.18228103292492
AKA12,-0.0647173321429202,0.37177763071901,0.449418173057791
AKA7A,0.608800728384585,0.0026643447194514,0.00634704657464866
AKA7G,0.0438917991728681,0.689942088064924,0.749485168451211
AKAP1,-0.027653740570856,0.756327649198934,0.807186440266895
AKAP2,0.097620234787406,0.183931382427438,0.247982517599048
AKAP8,0.22018134344458,0.0101011950877479,0.0203023759565154
AKAP9,-0.126182592571991,0.013967061230891,0.0269529595932295
AKIB1,0.144552855972599,0.136526154943576,0.192302995900809
AKIP,0.619240205529812,0.00150447279328308,0.00380108450326531
AKNA,-0.232127782058033,0.0243169012275955,0.0433624242829043
AKP13,0.128822600107223,0.108290071792105,0.157802869489685
AKP8L,0.153094512111244,0.0621171938646785,0.0982768644371251
AKT1,-0.200342384855934,0.0270100178091002,0.0475061083690488
AKT2,-0.490443824924541,9.53198916181167e-10,1.12459982221007e-08
AKT3,0.552952460326888,0.0134608208333185,0.0260702042042885
AKTIP,-0.391398201956444,3.94274169916554e-05,0.000150903744795443
AKTS1,-0.185407346432909,0.0388713045353222,0.0650750674320994
AL1A1,-0.875717951154772,7.96205387848095e-20,1.53588019315898e-17
AL1A2,-1.4594929974479,1.14086108059985e-09,1.31386329819529e-08
AL1A3,0.016295198610832,0.892521282049673,0.917215015420269
AL1B1,-0.6492751498205,0.00032759712832371,0.000981265311391982
AL1L1,-1.54334046982604,8.50242278867398e-14,2.86483380949382e-12
AL1L2,0.501267922448154,1.0405147103707e-06,5.79264899366545e-06
AL3A1,0.0960755997680422,0.504086001387484,0.578038939989009
AL3A2,-0.494350066773696,2.89903269957528e-08,2.33109113131025e-07
AL3B1,0.173233632399674,0.0642703165008386,0.101247399371268
AL4A1,-0.452367706004164,5.80125810370918e-07,3.44857531034053e-06
AL5AP,0.551141914294458,0.00633104751854972,0.0135095029461089
AL7A1,-1.00160194447496,4.73087404869398e-20,9.60616425255862e-18
AL8A1,-1.11486072200557,1.48520672136834e-17,1.3642684597712e-15
AL9A1,-0.727602482202739,2.13627527579435e-17,1.87312500318514e-15
ALAT1,-0.782656821317612,6.18493529318492e-17,4.820501083052e-15
ALAT2,-0.0694437093042921,0.385067167931913,0.461936919739217
ALBU,1.90658240303165,2.5036673039806e-10,3.44969587812756e-09
ALDH2,-1.3752118491738,1.78484547610352e-20,5.10069173837584e-18
ALDOA,0.362988240039981,6.55777421444211e-05,0.000235457356159308
ALDOB,-1.20077426069538,6.22986962832037e-14,2.17509837339909e-12
ALDOC,-0.471075058486753,8.90893720387769e-11,1.36052666298573e-09
ALDR,0.417008316652758,3.7034885316246e-05,0.000142952063581868
ALG1,0.0713439387130555,0.405582374892404,0.481976529288432
ALG11,-0.109093059279997,0.346137113572232,0.422660859047847
ALG12,-0.580837233167334,4.68549492784157e-06,2.24415138815801e-05
ALG13,-0.0653186286246391,0.263329179472685,0.337068339218852
ALG1L,-0.53084583269846,0.00186336152102505,0.00461859861748451
ALG2,-0.157351624745757,0.0553585242705848,0.0888777306017129
ALG3,-0.394034444312283,0.00462472261017228,0.0102570737740987
ALG5,-0.253067098512138,8.85743973799029e-05,0.000307717267079393
ALG6,-0.00180656530927989,0.995589236607489,0.996493261079697
ALG9,0.0654068712386125,0.460893734985619,0.536307654825673
ALKB5,-0.107251312705886,0.505376380446336,0.579246011812824
ALKB7,0.0681672411360877,0.664123327845364,0.725421234096097
ALKMO,-0.402730907197651,0.00019543884264883,0.000620204579893934
ALR,0.264190503017843,0.0981770479922674,0.145093679813893
ALS,-0.4259415548132,3.93071271856027e-06,1.91715419319918e-05
ALS2,-0.030511239521802,0.861758676085987,0.892565728505268
AMACR,-0.483066090349709,6.39722590342393e-07,3.76514073766736e-06
AMBP,0.0849078585967353,0.270899566358464,0.345440597260272
AMFR,0.272016020372227,0.00288727808798464,0.00681917285793985
AMOL1,0.0634118218471098,0.827967034241039,0.865311341758615
AMPB,-0.196828592813324,0.00096141642829801,0.00256333419514425
AMPD2,-0.224683661654859,1.66237604709792e-07,1.12615395780576e-06
AMPD3,0.150798806204395,0.0758828830806274,0.116473508225606
AMPE,0.0261952397898927,0.754142726242762,0.805565133649165
AMPH,0.431801580775222,0.00012378058094307,0.000413280381893868
AMPL,-0.463393323200876,6.95666572991026e-10,8.46650359179615e-09
AMPN,-0.546819900715721,1.54467602340994e-14,6.27301062980584e-13
AMRP,0.194625440091631,0.0215082930752715,0.0389572744997171
AN13A,0.17497520253247,0.0115169825728607,0.0227567317624054
AN32A,0.108541852648276,0.0919404289105566,0.1371640273538
AN32B,-0.2888475485048,0.00068774343613852,0.00190065485431405
AN32E,0.033551979316353,0.590893928490867,0.658850851679899
ANAG,-0.420886574975531,4.3692681140483e-07,2.68204238408884e-06
ANCHR,0.0890004436825982,0.306680519929282,0.381141340549757
ANDR,-1.11604131186249,1.67638181207977e-08,1.46654898662217e-07
ANFY1,-0.0570994770149081,0.186830915705574,0.251322758993063
ANGE1,-0.311040355822527,0.01908416414421,0.0352112411613401
ANGE2,-0.344038774550981,0.0152059219384417,0.0289629458595448
ANGI,0.547639346252831,9.90127279294528e-09,9.19352838391887e-08
ANGL1,-0.272035136796593,0.0108836583589191,0.0216438937879948
ANGL2,0.612127878539919,0.00010883804605771,0.000369627800784019
ANGL3,-0.200493053902343,0.0188074609765317,0.0347755496992376
ANGL4,0.169644129468594,0.0362216824099719,0.0613312489522368
ANGL6,0.391588471556064,0.002423931198941,0.00583281023158405
ANGL8,1.12509494198711,1.39707145790504e-05,5.99877761224e-05
ANGT,-0.0859045682693215,0.306476025764827,0.381045603416275
ANK1,0.627942027356538,6.1734559415976e-05,0.000223425825728739
ANK2,0.214086250056402,0.0023830065226759,0.00574602447780226
ANK3,0.375891308485805,5.85593237794117e-08,4.42117164659433e-07
ANKH1,0.00160194447495659,0.980730243372964,0.985327416388775
ANKL2,0.826430931455464,0.00012166485102802,0.000407450516724046
ANKY2,-0.11971871444992,0.180928830409514,0.244405962086801
ANKZ1,0.296816824933714,0.027467517615612,0.0481995500310375
ANM1,-0.00424105442690982,0.940522424119802,0.95550638900703
ANM3,0.296691156424259,0.194437805734043,0.260239741377949
ANM5,-0.364590360821857,2.58297912250883e-12,6.24773257344142e-11
ANO1,-0.0601456358138156,0.444147684120264,0.519800323171842
ANO10,0.00954639805638077,0.922466361494711,0.941875141629375
ANO6,0.166205109787145,0.00324622692155098,0.00756505192590981
ANPRB,0.304035516582146,0.0658334487013702,0.10345639311197
ANPRC,0.277866947184109,0.0185246321246962,0.0343183821066401
ANR11,0.00164517664676101,0.992724109653049,0.994141366655798
ANR12,0.882616444841885,0.134235328438468,0.189560723687998
ANR17,0.392844940510636,6.07134690613922e-06,2.83574532250425e-05
ANR28,0.0567721761527049,0.235871915641792,0.306705038943725
ANR44,0.371462958536649,0.0018012760045408,0.00448054340781329
ANR50,1.07919239645016,0.00805326046622107,0.0167355124582176
ANR54,0.137727779821385,0.267483569243863,0.341592721000604
ANS1A,0.136523469852554,0.00426204689540989,0.00955431546919893
ANT3,0.519801536129943,8.83544452819531e-06,3.96159277457117e-05
ANTR1,-0.0567694020992582,0.818431177874031,0.858251558640394
ANTR2,-0.169781365986047,0.334064622884459,0.410387299821125
ANX11,0.155466882322373,0.0651293355160564,0.102445334017878
ANX13,0.75730322169028,9.39561819817203e-08,6.80080581773878e-07
ANXA1,1.03285338798897,3.07637339752592e-09,3.17768368611914e-08
ANXA2,1.05396696586076,3.45232162125714e-14,1.28067853988558e-12
ANXA3,0.779104199341921,1.45752294598951e-05,6.23060778462884e-05
ANXA4,0.411047624191414,9.25245391278223e-05,0.000319569983845245
ANXA5,0.729575392256899,1.66329666163779e-09,1.83868152452682e-08
ANXA6,-0.178165181227341,0.0069861750654102,0.014780731232439
ANXA7,-0.0033604480740314,0.922681631219445,0.941970291940889
ANXA8,0.632679557632275,7.48514908544519e-05,0.000265054659675517
ANXA9,0.0878769201618291,0.326099814583931,0.402075130925154
AOAH,0.406326590675894,0.0315366138488277,0.0543647257501239
AOC2,0.250548103357609,0.0582880714297697,0.092942913649949
AOC3,0.226994278662488,0.00288164108686737,0.00680794324135598
AOFA,-0.980840585659154,4.69697894917756e-20,9.60616425255862e-18
AOFB,-0.400720440820442,6.53441283605264e-09,6.30244118037277e-08
AOXA,-1.35606040200718,1.45087058142778e-23,1.24387971181075e-20
AP180,-0.499019759495031,0.00066850556958755,0.00185571750910553
AP1B1,-0.145360516524996,0.00059598137081301,0.00167039311921293
AP1G1,-0.411720178455449,7.24393213128739e-09,6.91815059268614e-08
AP1G2,-0.0233717569456429,0.819684626170475,0.858982286504331
AP1M1,-0.121235602433118,0.00517557925308431,0.0113161715831109
AP1S1,-0.327901166084031,0.00098871865543712,0.00262768116507296
AP1S2,-0.0460090336209799,0.596718526687939,0.664470575612102
AP2A1,0.100059949835737,0.00351060071828574,0.00809799555823401
AP2A2,-0.340401612499455,2.78399242517058e-12,6.69198926872779e-11
AP2B1,0.00957936082344016,0.852513244583049,0.885447865823503
AP2M1,0.305713759687257,0.0280806643907052,0.0491650570543865
AP2S1,-0.0886843715333915,0.33640413253101,0.41306401760173
AP3B1,0.0623870107391609,0.176692663124748,0.23973282726755
AP3D1,-0.0166375159614027,0.749316699808878,0.801459336806945
AP3M1,-0.179954300384234,0.0325919222208847,0.0559660008409848
AP3S1,0.283295975014789,0.0897039872821473,0.134399216673602
AP4A,-0.126078160810519,0.235724827771893,0.306655638965489
AP4B1,-0.188628800512879,0.0850888409620215,0.128231542356046
AP4E1,0.139283497851424,0.201454194075862,0.268559184777013
AP4M1,0.621721353183033,2.71914717367448e-05,0.000108484692823538
AP4S1,0.145543123437529,0.544461451735427,0.616443809477704
AP5B1,-0.399444564589458,0.00131047096838703,0.00336828580682023
AP5Z1,-0.307241982864773,0.0834482997595768,0.126227618299332
APAF,0.118272005301275,0.177683464976903,0.240865357653159
APBA1,-0.165901651157213,0.0294771438653848,0.0512495813576632
APBB2,0.438914513860718,0.0001151928073994,0.000387457585829891
APC1,0.348251685265928,0.00521985984135519,0.0113936176904941
APC16,0.0225453645690008,0.736138432628056,0.790618808689264
APC4,0.0680268707630413,0.563246556724711,0.633344568884854
APC5,-0.32859522912685,0.0158303348564757,0.0300188900841894
APC7,-0.0586517576650179,0.39957474745444,0.476162397076252
APEX1,0.114529610520088,0.0162433616794156,0.0306964924610264
API5,0.0127917644827145,0.886941538145257,0.913094183899774
APLP2,0.124468426964569,0.329469080952461,0.405645991483834
APMAP,-0.218934881773304,0.00433172883100784,0.00968519839468458
APOA,-0.735054200309933,3.74487026847444e-07,2.34350518990663e-06
APOA1,0.952557968145249,4.39326042892433e-05,0.000166168615046961
APOA2,0.97275954939535,0.00019119060240022,0.000607589245518986
APOA4,0.762885394150114,4.21042878159532e-08,3.28822555453335e-07
APOA5,0.499370883252227,0.133295929803062,0.188441076284431
APOB,0.209374756103502,0.0236642339479142,0.0423453685394494
APOBR,0.525873433485104,6.85288325216482e-05,0.000245254393198997
APOC1,0.301128720509628,0.143672440484901,0.200792709795598
APOC2,-0.0328103758542842,0.7674819979758,0.816024679121024
APOC3,-0.340101900382045,0.00238827260722654,0.00575692328564823
APOC4,-0.0167373432239329,0.934529677826126,0.950419269026807
APOD,0.307726942755347,0.00771269156771843,0.0161102133558515
APOE,0.550291945437467,2.34107300774765e-09,2.50450507678789e-08
APOF,-0.485133105782119,0.00451379414723397,0.0100370131527543
APOH,0.522057758484134,2.44953495097993e-06,1.25920131124325e-05
APOL1,0.0604901573609871,0.659490167019618,0.721381645693702
APOL2,0.263780807402701,0.027526084776836,0.0482817163305448
APOL3,0.245320411276897,0.0297650730963489,0.0516919432841387
APOL6,-0.104700307334654,0.294859648503097,0.369640462688854
APOM,0.507625184921952,1.97881275586039e-08,1.68899548940473e-07
APT,-0.367393432840116,9.63805321901019e-10,1.13537738378447e-08
AQP1,0.385480736836471,0.103401486926599,0.151451380623697
AQP9,-1.02477355313549,3.59806799599412e-05,0.000139370947073748
AQR,0.14178720827698,0.0188583369171063,0.0348612668069938
AR2BP,0.443666055342521,0.00447086525256526,0.00995302835799006
AR6P1,-0.464134998552223,6.91148163918069e-10,8.42480131562689e-09
AR6P4,0.397427319490962,0.00017472059651589,0.000562232411694433
ARAF,-0.200348663047036,0.00423667757530761,0.00950296632880044
ARAP1,0.195051468950166,0.00048251578264063,0.00138921335031907
ARAP3,-0.476182574134581,0.00704007042538875,0.0148702938413084
ARBK1,0.0394921793815627,0.443387025292401,0.519146325820359
ARC1A,-0.551662679042088,1.81605682830967e-15,9.21887795212988e-14
ARC1B,0.395079256021144,3.91229399700026e-07,2.42951147312255e-06
ARF1,-0.481234866276159,4.44596050618551e-10,5.67964093803434e-09
ARF3,-0.988547272045299,1.35063154197717e-13,4.4346693522961e-12
ARF4,-0.582534808006351,1.18435076777142e-05,5.17173204534481e-05
ARF5,-0.173877056250953,0.00231583501101528,0.0056033185779222
ARF6,-0.761446131274267,1.41212360966964e-16,9.99628052496417e-15
ARFG1,0.138220758331718,0.246233706737709,0.318325188960469
ARFG2,-0.0569413833271056,0.180733092183955,0.2442270646745
ARFG3,-0.214763926912247,5.863665504374e-06,2.75374577186548e-05
ARFP1,0.0277344106804783,0.738960855038721,0.792437708593921
ARFP2,-0.0796859897530345,0.490431444986213,0.564717061560009
ARFRP,-0.311771634035162,0.00376766819026615,0.00860098454322296
ARG35,1.15820128334456,6.94126995943952e-12,1.50446176986054e-10
ARGAL,-0.36200747893525,2.97988105003497e-08,2.39010001892618e-07
ARGI1,-1.16205209188465,6.29402128587387e-22,2.6980371245446e-19
ARGL1,0.191074932293804,0.0794872967840881,0.121115160298158
ARH,-0.230868246175863,0.0037373628811512,0.00854444207139634
ARH37,0.0272743890544636,0.792448530280831,0.836461403508467
ARH40,0.237575954864941,0.00866056147579796,0.0177962429686437
ARHG1,0.150230808603558,0.00104497112700644,0.0027584663756352
ARHG2,0.311086871039604,4.82652505180793e-05,0.00017973681129223
ARHG5,0.84156419677828,4.90772603764029e-08,3.783018392251e-07
ARHG6,0.518150368999665,3.16054559127487e-10,4.17581674354056e-09
ARHG7,-0.117007437972913,0.0103997390387375,0.0208156644417376
ARHGA,-0.301293810227544,0.0202096178171451,0.0370046063305865
ARHGB,-0.135039658670569,0.0706045353347751,0.109680812289737
ARHGC,-0.169376031696111,0.0006980225517206,0.00192492566443036
ARHGG,0.165486220813484,0.0375175745662916,0.0631788750225897
ARHGH,0.338069509515937,0.00011787933970464,0.000395631572492824
ARHGI,-0.435565658108256,6.89495468793516e-06,3.18953659305202e-05
ARHL2,-0.195227893767696,0.00024681155771428,0.000763285763255866
ARI1,-0.168167048866233,0.0258797618997647,0.0457863494268938
ARI1A,0.5380792093214,0.00049316552344479,0.00141407104381271
ARI1B,-0.167558323816739,0.00716631810819273,0.0151038815959615
ARI2,0.127116854345395,0.127361191286483,0.181246579115917
ARI3A,0.328795112505172,0.00128381511161459,0.00330638097503944
ARI4A,-0.0760555347375318,0.705195274456685,0.763903795831501
ARID2,1.7899478818665,2.7022710043644e-06,1.37447086813947e-05
ARK72,-0.405386845119191,1.69523533200785e-09,1.86863368882465e-08
ARK73,-0.928111041026178,1.84786275911822e-14,7.31185079454163e-13
ARL1,-0.582468330735029,1.74321389787988e-08,1.51471153559022e-07
ARL15,0.0597512029206107,0.303465304234021,0.378094346434637
ARL2,0.408908554063015,0.00263306412073617,0.00628028524129839
ARL3,-0.019208004822428,0.763015311764421,0.812955833412631
ARL6,-0.160112155950966,0.55344077742924,0.624776743034969
ARL8A,-0.183060868548202,0.0240140830880649,0.0429017515877538
ARL8B,0.315303055031215,0.00039788605062779,0.00116644709978876
ARLY,-0.849592606275787,1.74290492305164e-19,2.86840707816039e-17
ARM10,-0.152933620129793,0.00994187248887196,0.0200500491699258
ARMC1,-0.148237799567209,0.0945143049524956,0.140569078067359
ARMC6,-0.0187523762941066,0.76586696802647,0.814868936195842
ARMC7,0.0146109558792137,0.912417978919919,0.933220721811518
ARMC8,0.148777953208049,0.124178438274193,0.177404338034378
ARMT1,-0.535379153603196,9.26324028958128e-11,1.40147376616489e-09
ARMX2,1.05674651595479,0.0170611778842493,0.031913708740574
ARMX3,-0.193180038270111,0.00277725948505198,0.00658756046316049
ARP10,0.211477021618954,0.00481406489863285,0.0106311748019036
ARP19,0.420572946671912,3.30359070829774e-05,0.000129196684770529
ARP2,0.101819478613542,0.052133796719566,0.0842438482697741
ARP3,0.386127780363683,1.16719041419833e-06,6.43288659711022e-06
ARP3B,0.195043907404408,0.0538033493521638,0.0866513553749313
ARP5,0.0661608497093555,0.826787785088047,0.864781693064846
ARP5L,-0.349316582983775,2.14544641722885e-05,8.77744674196066e-05
ARP8,0.401243803082112,0.00054593338598347,0.0015464104281382
ARPC2,0.237317741706505,0.00134548687870589,0.00344794976954322
ARPC3,0.505548503018716,6.04750057792793e-05,0.000219381826324833
ARPC4,0.22616816160018,0.213964619863582,0.282262097258916
ARPC5,0.486552720355311,1.02062593388982e-07,7.29180528323505e-07
ARPIN,0.421824897130983,9.90204015358432e-07,5.5526265861233e-06
ARRB1,0.18528047014525,0.0199535021486307,0.0365964398808734
ARRB2,0.414603182703612,9.64742629835905e-07,5.4375121488779e-06
ARRC,-0.125046656419478,0.504098500153712,0.578038939989009
ARRD1,-0.179256247190508,0.166873263472225,0.228256355424869
ARSA,0.10137038396263,0.288885869885009,0.363374582378418
ARSB,0.146380210675692,0.109629502373004,0.159573899322788
ARSD,-0.0250684946441958,0.876663738731671,0.904444097881211
ARSE,-0.388284335778602,1.75199169628992e-05,7.35093416453128e-05
ARVC,-0.0189374927386664,0.81121661234799,0.852685656259471
ARY1,-0.308285144245746,0.00112085874129538,0.00292873215300886
ARY2,0.0250202871738148,0.884533986802459,0.910826834847948
AS3MT,-0.297420351021566,0.00460780725321536,0.0102254359406988
ASAH1,0.292828856868244,0.106072584823358,0.154922594074774
ASAP1,0.45667264777498,4.81299552933592e-08,3.72114964973507e-07
ASAP2,0.230150125878062,0.100788696192753,0.148243534087549
ASAP3,-0.359969764216755,0.0364763022971959,0.0616811633848704
ASB9,-0.386831910913223,0.00324795357524991,0.00756679039451338
ASC,0.120763321875408,0.204268994074071,0.271841938302092
ASCC1,-0.108060043320317,0.208665015791825,0.276631771448381
ASCC2,0.188733864503027,0.0178276618561761,0.033218603931962
ASCC3,0.086536503431152,0.103359604755001,0.151418779246172
ASGL1,0.270894877051702,0.0110854979939366,0.0220055833602302
ASGR1,-0.686260263436613,1.2302777823105e-12,3.21790622654502e-11
ASGR2,-0.668388753628215,2.30119083735583e-09,2.46953942990787e-08
ASH2L,0.205189795715524,0.0147470525760496,0.0282073023492312
ASHWN,0.611971189955089,0.0168671144074305,0.0316273766142731
ASM,-0.0093113373621238,0.906760690850202,0.928788728341983
ASM3A,0.113977811298709,0.262521865547983,0.336096803663538
ASML,-0.457993453173271,2.79625884140483e-12,6.70060037896884e-11
ASNA,0.0409373060036996,0.515115154468364,0.588821316564388
ASNS,-0.586386218898253,0.0101792782090078,0.0204220776548893
ASPC1,-0.120797819509565,0.047933285041017,0.0782426967159905
ASPD,-0.35842889665477,0.00021753680396605,0.000682045501585551
ASPG,0.428260332240179,0.00025528044890155,0.000784758543316478
ASPH,0.251817237969504,2.20783248363454e-05,9.00403564678864e-05
ASPN,0.86030017762528,1.62404384015519e-06,8.67806251429186e-06
ASPP1,0.454362273133223,0.0130782505446127,0.0254313964723366
ASPP2,0.323445012311637,0.257488596452603,0.330744466493805
ASSY,-1.25454204219091,9.24860507967281e-18,9.14900471727633e-16
ASTER,0.0242813770487214,0.884621086100379,0.910826834847948
ASUN,-0.0842547968344886,0.285534516283132,0.360232885487352
AT11A,0.582227445397939,3.75815063417979e-07,2.34800731120091e-06
AT11B,-0.225002161909051,0.0211254915531567,0.0383539512527428
AT11C,-0.691116928997603,9.80519429854324e-09,9.11528665151321e-08
AT12A,-0.0398037756743784,0.47183385930012,0.547057860008975
AT131,0.0517423865317406,0.372153829158017,0.449630648486564
AT133,-0.11164699804467,0.0813875355446083,0.123692382167067
AT1A1,-0.125402476511087,0.00035419688283319,0.00105114736459265
AT1B1,-0.4536461057002,2.95874455348959e-10,3.9566157668502e-09
AT1B3,0.463636057248651,8.31843082833939e-06,3.7611211386249e-05
AT2A1,-0.403605856973596,2.06088374658981e-10,2.88075706316793e-09
AT2A2,-0.147453891758495,0.0264767789030461,0.0466533057812066
AT2A3,0.443518601959081,9.85242551334803e-05,0.000338775914710309
AT2B1,0.263715918245983,1.26918794825824e-05,5.5114226465201e-05
AT2B2,0.0890886059645252,0.381805439275777,0.458630358656244
AT2B4,-0.185581148834532,0.00553680453257213,0.0119803656122621
AT2C1,0.193293603914334,0.00565050589809311,0.0122058520463848
AT2L1,-1.1882496204365,1.53513069799625e-12,3.89640410057206e-11
AT2L2,-0.405969494139273,4.08110679117504e-12,9.42808982057084e-11
AT5EL,-0.107405327817642,0.454081749194831,0.52957901704766
AT5F1,-0.287616498313446,3.80204155549763e-07,2.3696730728772e-06
AT5L2,-0.817189360569517,1.50177070423042e-09,1.6891636667408e-08
AT5SL,0.135978707648366,0.119246995931303,0.171024130224151
AT8B2,0.0598148730720645,0.621651654547737,0.686905938205691
ATAD1,-0.145976070313476,0.0066665660705482,0.0141627818833563
ATAD2,-0.368720305009241,0.0982972709832719,0.145215727150474
ATD3A,-0.252368424288126,0.00021609344837288,0.00067834704948948
ATD3B,-0.327076819811367,0.0758272110114521,0.116411213721521
ATE1,0.0908737499564821,0.0470291902997082,0.0769786237489496
ATF1,0.332424951506979,4.36764921984548e-07,2.68204238408884e-06
ATF7,0.292340040276835,0.00409942151811373,0.00924076436861395
ATG12,-0.209011599366382,2.54885195202847e-07,1.65170246296016e-06
ATG2A,-0.354513094398104,4.539077908678e-05,0.000170846464113948
ATG2B,-0.717090947047816,4.27220438035983e-11,7.08910301050676e-10
ATG3,0.205286152539685,0.0412134096802744,0.0685793981222767
ATG4B,-0.585538501940227,0.0958870221279977,0.142226886339798
ATG5,0.0920707410028654,0.386699415590432,0.463678739812863
ATG7,0.159264914231267,0.00220634380812307,0.00536531636415935
ATG9A,0.183797728251531,0.288583137786373,0.363129075531581
ATGA1,-0.110528953329153,0.200281674156692,0.267226940652436
ATIF1,0.409489782820995,0.00533013839595063,0.0115819059034512
ATL1,0.412617875154816,0.00056883102814596,0.00160303148764581
ATL2,0.567978580522257,1.39244223886068e-06,7.55030521085665e-06
ATL3,0.626237262085624,0.00500676538801513,0.0109812966838899
ATL4,0.576621780809128,6.97996056383708e-06,3.22306257992621e-05
ATL5,0.873646284830114,0.185320861979229,0.249552490581454
ATLA1,0.288056110897377,0.0490788852506235,0.0799604473382202
ATLA2,-0.219478947289052,9.91858271855127e-05,0.000340747035869731
ATLA3,0.0955180458516462,0.0803845355847159,0.122336701493426
ATM,0.300208086807335,7.76881044565175e-06,3.53652751614448e-05
ATNG,0.872780701725594,4.44201386248634e-05,0.000167765927376136
ATOX1,0.472061398578051,0.00964678457434104,0.0195263876641174
ATP5E,1.67084305452543,0.0235708457508816,0.0421978296551746
ATP5H,-0.312131905107173,8.87852443430041e-05,0.000308310956503429
ATP5I,-0.310821714211021,0.0001107713071106,0.000375367327916289
ATP5J,-0.488921127515545,2.64917171946375e-07,1.71197730212582e-06
ATP5L,-0.392827359693486,3.7257386141316e-07,2.33342525540904e-06
ATP5S,-0.240806441034542,0.00366205833226969,0.00840215346172849
ATP6,-0.847053235736091,1.46105174610946e-11,2.77671804753217e-10
ATP7B,-0.862863956005985,6.41905002319629e-05,0.000231013945797493
ATP8,-0.147192060217981,0.0430034402805707,0.0712201213146348
ATP9A,-0.243496044664811,0.00329114199475745,0.00765815791059966
ATPA,-0.13837543495077,0.179134219536974,0.242491164552156
ATPB,-0.409119344449985,1.69493483383681e-07,1.14619782452978e-06
ATPD,-0.342409103295546,3.13758437505156e-06,1.56595090801409e-05
ATPF1,-0.431020619117409,2.19996226279592e-09,2.37376535775092e-08
ATPF2,-0.194501893401557,0.0147337994323884,0.0281959316518623
ATPG,-0.308124348426891,0.00025262574773531,0.000777837298294354
ATPK,-0.910603734457734,7.71430232478672e-17,5.95235567380543e-15
ATPO,-0.0855334321737795,0.306805639978106,0.381141340549757
ATR,-0.473169706086086,0.00014484882749733,0.000476002364978449
ATRAP,0.234438779940126,0.00113486588325106,0.00296332492560581
ATRN,0.33721669529685,0.0557693734909351,0.0895001010515922
ATRN1,0.419045864002092,0.0364957883253973,0.0616870761705949
ATRX,0.0905377640464146,0.278626266618525,0.353424342138507
ATS13,0.0319286971561645,0.806936192941674,0.849313826863723
ATS2,0.240377837050906,0.327267188261698,0.403321134743214
ATTY,-0.929927308920458,2.80510402950214e-06,1.41096366959834e-05
ATX10,-0.0307640556165325,0.472967905404413,0.547998042500914
ATX2,-0.119066612867096,0.0469142123417778,0.0768230183423509
ATX2L,0.164913682695182,0.00010782094776355,0.00036698122317757
AUHM,-0.133030800695508,0.0671631529191335,0.105245915500413
AUP1,-0.17771245258761,0.0223508961458735,0.0402754588186735
AVEN,0.546097810593009,0.00090357326122104,0.00242587727334083
AVIL,-1.06864811254311,8.40670131467251e-06,3.793339610761e-05
B2CL1,0.127188187523886,0.106728774749535,0.155821991668385
B2L13,-0.588169411185049,7.83934517592888e-11,1.21952393906184e-09
B2MG,0.566073771363555,0.00053216365792706,0.00151073391632274
B3A2,0.397851142144721,0.0472534671503074,0.0772801510241144
B3AT,0.773984513524475,0.00061229808674845,0.00170991387526277
B3GA3,-0.030673668358075,0.821740660875792,0.860697490627503
B3GLT,-0.204919461699975,0.0535957992484689,0.0863531399041942
B4GA1,0.732540127169991,1.67677077554562e-06,8.91658394494142e-06
B4GT1,-0.13488593790103,0.183188918260527,0.247199316771288
B4GT4,0.382108324933701,0.00038456921526262,0.00113343623566325
B4GT7,-0.211560500352139,0.0260377789042309,0.0460480178833476
BAAT,-0.213530192980723,0.0596747491610654,0.0947818782475876
BABA1,0.201689058880483,0.00365621935238741,0.00839125179149948
BACD3,0.535799162593365,6.34478128308045e-05,0.000228554306163626
BACH,0.124771463979172,0.0431889058883184,0.0714533678752413
BACH1,0.448710693100468,0.00091923331456064,0.00246277925526038
BAD,0.956151837398723,1.0820247130388e-05,4.76263701415139e-05
BAF,0.291496294853068,0.00057162499597284,0.00160855524030869
BAG1,-0.0678259246956918,0.240404628197164,0.31175833801165
BAG2,0.035670356725822,0.676215826731842,0.736440553149314
BAG3,0.521602575303377,0.00049489505040829,0.00141744996620281
BAG4,-0.150663650849571,0.347083603549196,0.423615483230876
BAG5,-0.0878199065149118,0.596783448547417,0.664470575612102
BAG6,-0.0891116629033475,0.15027554310586,0.208547858022449
BAIP2,-0.34386372717055,3.10545360247056e-05,0.00012212884809716
BAP1,-0.315744744815505,9.4123135059326e-05,0.000324655391201502
BAP18,0.16470648370428,0.00577762347529707,0.0124560331755776
BAP29,0.19726277996746,0.00655136415216811,0.0139487653968348
BAP31,0.000536582757004669,0.992306670764717,0.99398134124634
BASI,-0.0882786667440983,0.214801789070039,0.283076106654897
BASP1,0.75392880672694,0.00027001922604772,0.000825135979478894
BAX,0.357408994782792,0.0107697217712089,0.0214504835277873
BAZ1A,0.0757297689061896,0.73115765420251,0.785958826947139
BAZ1B,0.227546403596674,3.73542057571607e-06,1.83116297091647e-05
BBIP1,0.172776793586364,0.435039440357863,0.510534497612361
BBS1,0.0973168344190554,0.415358752407104,0.491474947641959
BBS10,-0.133791024887792,0.330359805937154,0.40654804826333
BCAM,0.0562311348123396,0.410665990122538,0.486892867207361
BCAP,-0.523284932014003,6.27790951121023e-12,1.37224786936255e-10
BCAR1,0.039436028749255,0.617968545719189,0.684109798962591
BCAS3,0.0461278087437293,0.641849664769039,0.704374419145916
BCAT1,-0.0315532911790827,0.709167924613528,0.767022666991587
BCAT2,0.251256144210376,0.00027866317813749,0.000848861066920203
BCCIP,-0.298826033775269,0.00018485526400059,0.000590862973085564
BCDO2,-0.540049098040715,1.99129840846067e-07,1.32114002748775e-06
BCKD,-0.277638458933686,0.00521692152028606,0.0113936176904941
BCL10,0.0718299294419969,0.459056015322981,0.534411016027779
BCL2,0.354704906283486,0.0067490397543141,0.014310412405685
BCLF1,0.335690189708637,5.44506061884401e-05,0.000199876725666034
BCR,0.208045232160762,0.06093594913498,0.0965663962878426
BCS1,-0.460440627620997,1.36043894355093e-13,4.44794359679618e-12
BD1L1,0.394056401921044,2.39134244310463e-05,9.66242145138509e-05
BDH,-0.71470007360645,4.71812590281122e-09,4.70349605505057e-08
BDH2,-0.328916866967432,3.20939478976126e-05,0.000126023868691083
BECN1,0.281481050660903,0.00023073596342589,0.000717597216362018
BET1,-0.235032193512283,0.0060766940871058,0.0130279998822196
BET1L,-0.151487382074324,0.392417702472711,0.469509856887148
BGAL,-0.107426754704243,0.138822601746553,0.19498331016968
BGH3,0.943917576853899,3.44102540580033e-11,5.91011668678355e-10
BGLR,0.157161449958703,0.116112757854212,0.167243987232238
BHMT1,-1.38480909468832,4.26103993680459e-22,1.93401083249319e-19
BHMT2,-0.985638864096182,1.03096762831818e-14,4.39499791165916e-13
BI1,-0.639299780758083,0.00284069561684727,0.00672562362061784
BI2L1,-0.0409737662033165,0.680622313346223,0.740403463947477
BICC1,1.78290168104142,0.00061320641099669,0.00171183092158121
BICD2,0.0422689077184757,0.556872310172736,0.627915643035632
BID,-0.1736238143086,0.0034409553601049,0.00795398788453248
BIEA,0.362124217727899,5.88491220590525e-07,3.4956106682652e-06
BIG1,-0.178115451787506,5.49042814505919e-07,3.28404213699819e-06
BIG2,-0.18027518961188,0.00771938956796079,0.0161198402994277
BIG3,1.83589578583898,0.00484914836873996,0.01069640617873
BIN1,-0.12560614071218,0.0216549984638843,0.0391586520148421
BIN2,0.399022303948015,6.28831935257508e-05,0.000226743546452584
BIN3,0.0302852211499969,0.60548851746872,0.672610049062575
BIRC1,-0.0361263023723952,0.721087508904964,0.777299695265535
BIRC2,-0.266782943320964,0.00902968566848933,0.0184174080407253
BIRC6,-0.220175150969231,0.00144061568880321,0.00365651008381762
BL1S1,0.275280060644783,2.19192524672999e-06,1.14276318944382e-05
BL1S3,0.159625311075539,0.135240065370867,0.190735211917677
BL1S4,0.789301908344011,3.20912744830687e-12,7.61896227419563e-11
BL1S5,0.759288802813539,3.25317623493099e-05,0.000127548312137843
BL1S6,-0.0187096537411982,0.877649415571808,0.905097953829467
BLK,0.686655601562018,9.67685176790699e-09,9.00682608458026e-08
BLM,0.245601533645085,0.042397626318169,0.070337580019564
BLMH,0.259483413973572,0.00042258953201847,0.00122929647384729
BLNK,0.377379218220017,0.00134830124660726,0.00345401474728473
BLVRB,-0.679604855563315,2.53736877129695e-17,2.19981319543003e-15
BMI1,1.04854868922154,0.00070030112664671,0.00192843025997231
BMP2K,0.495506883752043,2.42261792638665e-06,1.24702601200796e-05
BMPER,-0.453039191521424,0.0121907652374536,0.0238740976071553
BMS1,0.0797269442651144,0.524845691666795,0.598007879046218
BNIP2,0.874257944369352,2.37698067294931e-08,1.97637746470656e-07
BNIP3,-0.230051725391654,0.0577700201573397,0.0922885042513526
BODG,-1.39635132406325,1.88504075239259e-17,1.69127609830944e-15
BOK,-0.397704406273319,6.01194070307957e-06,2.81576973433559e-05
BOLA2,0.204928223318806,0.0123485239132969,0.0241516640969568
BOLA3,0.190080031621956,0.0956762049969433,0.142023393181303
BOP1,-0.166025099657331,0.0655109620593997,0.102970581228423
BORC5,-0.179987411305225,0.142503378830269,0.199267138647038
BORC6,-0.285198599532027,0.00207916321452691,0.00508488854620908
BORC8,-0.522080865499453,0.0174742421012059,0.0326320231608194
BORG1,-0.111126153111979,0.25328408903837,0.326212657489578
BORG3,0.281781323205529,0.226514341347344,0.29643566109839
BORG4,0.341447268244361,0.00212633449899561,0.00519366793107
BORG5,0.276415669960968,0.0003152516199356,0.00094907588740659
BPHL,-0.340369706946439,0.00123179242640642,0.003190503646241
BPI,0.482325824477631,0.0683426995144618,0.106790658050544
BPL1,-0.244901668619597,0.300325971276376,0.375334498601963
BPNT1,-0.181177626204917,0.00017405926742624,0.000560768813136062
BPTF,0.325944732067269,0.0139921806958477,0.026977427848366
BRAF,-0.29398839746939,4.51051520412921e-06,2.17112509763325e-05
BRAP,0.539846673018138,0.00032080233116899,0.000964281568874144
BRAT1,-0.0966167474728579,0.532359649513269,0.605050383803857
BRCC3,-0.153726228833833,0.0907781186257701,0.135718652066739
BRD2,0.28044564002947,0.00011362877006552,0.000383031712462015
BRD3,0.629061872149312,8.98376873505857e-07,5.09322259806847e-06
BRD4,0.628583244867286,0.00374823536449885,0.00856430250072548
BRD8,0.440918189347906,0.00095404230544588,0.00254719392000706
BRD9,-0.0454681338273193,0.787828566390261,0.832952208586908
BRDT,0.0233831129935711,0.871420335771878,0.900479350584681
BRE,-0.150940445824696,0.00572814465648967,0.012356266192193
BRE1A,0.19744648359425,0.0902422458032897,0.135022138572461
BRE1B,0.459040201726165,0.00033087625976494,0.000988401556463909
BRK1,0.488952995273602,0.0382308405316249,0.0641838915452606
BROX,-0.0680062269091523,0.281988185568556,0.356808927492125
BRWD1,-0.338334270270281,0.00344362773615801,0.00795778125552417
BRX1,0.125409089436753,0.0595476761881222,0.0946190011259372
BSDC1,-0.363952640651373,7.070371338046e-07,4.11735737693305e-06
BST1,0.541743789039153,0.00090197551364793,0.00242411809937563
BST2,0.259913609323427,0.00021605136948968,0.00067834704948948
BT2A1,-0.183562736289501,0.303046678263497,0.377694745514641
BT3A1,0.0744355605526773,0.39257299238726,0.469554055070547
BT3A2,0.165825776525252,0.401517874764621,0.478029921568248
BT3A3,0.0347819747087621,0.745578414162788,0.798124728590465
BT3L4,0.0590229487384848,0.213644311295017,0.281887740415929
BTAF1,0.209487054114408,0.020535899614254,0.0374952677291964
BTD,-0.206329397430602,0.176453138164039,0.239534203742738
BTF3,0.256470864795407,0.00089467985009716,0.00240534833566191
BTK,0.853274718186921,0.00052100701005918,0.00148288088882945
BUB3,0.362300430513537,0.00014151403945247,0.000465837170825622
BUD31,0.157574110362067,0.0260698412553112,0.0460772486110453
BUP1,-1.22400013017583,8.8788949315133e-15,3.89258825520208e-13
BYST,-0.0797460559728926,0.129472516553759,0.183776662569684
BZW1,-0.217539699100829,3.52518597954741e-06,1.73582227301773e-05
BZW2,0.0955423505138199,0.18835216606683,0.253192563305167
C10,0.118394281109066,0.174685172048027,0.237603532027928
C102A,0.588786341364672,0.00738876095217247,0.0155207264111699
C163A,0.0595574069070893,0.413353489829437,0.48940241330734
C163B,0.479012174051348,1.09239095361241e-09,1.2655988885996e-08
C170B,0.607871422658682,1.60190048769165e-05,6.78389910155256e-05
C19L1,0.0934601169915246,0.227861307342479,0.297996245331283
C1QA,0.504403781222317,1.40909203076363e-05,6.0403078385401e-05
C1QB,0.266194052212931,0.0426040376136267,0.0706192812517172
C1QBP,-0.480974402007839,4.76400375734701e-05,0.000177837701943346
C1QC,0.781375661774416,1.52727662886402e-07,1.04657783910433e-06
C1QR1,0.383874019448892,1.82193527627288e-08,1.57425001027117e-07
C1R,0.170519910321955,0.00422189277243472,0.00948082789060137
C1RL,-0.167544194236198,0.212294955980565,0.280587166897232
C1S,0.292996076569998,7.06317715061575e-06,3.25758965296779e-05
C1TC,-0.775131473456427,4.05406906633341e-19,5.79281424367196e-17
C1TM,0.235343515400553,0.011189674493607,0.0221724520782413
C2C2L,0.197545875119697,0.0370603238062343,0.0624907033411066
C2CD2,0.00458768169417603,0.968699111994546,0.97565361547447
C2CD5,0.290348905174706,0.00072851032777409,0.00199615969073327
C2D1A,-0.0457980089902176,0.489128101986493,0.56355270045211
C2D1B,-0.208519756895622,0.00039367635114418,0.0011563025220512
C3AR,-0.472969109394561,0.00026106160190155,0.000799980667304353
C43BP,-0.0376521090086889,0.301309525336951,0.376137242760057
C4BPA,0.0639570781597694,0.478258407541163,0.552596866215576
C4BPB,-0.612450641144097,8.06021861645395e-07,4.61369783713343e-06
C560,-0.153822194439442,0.15965695619318,0.219905939662009
C5AR1,0.236935844172319,0.17885077727179,0.242240130220553
C99L2,-0.61513187373042,0.00531770871495741,0.0115614089728406
CA050,-0.203917783135361,0.00492071239279237,0.0108294970972008
CA053,-0.170791640511612,0.286666273649831,0.361011217720522
CA122,0.316473642936238,0.0436305644917115,0.0721194163706182
CA123,-0.0108027498573281,0.884043187864118,0.910596347291354
CA174,-0.518601607170149,0.379503796919405,0.456552331448088
CA198,0.803822180384698,2.30252407444421e-08,1.92484027718435e-07
CA2D1,0.654601432071278,6.37769626175474e-08,4.77769945200967e-07
CAB39,-0.0667436379561774,0.37891305727134,0.456185543751858
CAB45,0.00199819090003345,0.980477205358242,0.985201473700247
CACO1,0.364821170695785,0.00447042497006605,0.00995302835799006
CACO2,-0.0197744920961815,0.816051933042818,0.85633846258104
CACP,-0.391979930066605,1.88488038066259e-07,1.25919801014654e-06
CAD11,0.722169585763853,5.01067669903253e-07,3.02286015713331e-06
CAD13,0.181828964420523,0.0335531838369996,0.0573922337588758
CADH1,-0.190222924861935,0.00011250338874684,0.000380068365836523
CADH2,-0.134680951393029,0.00544153346612437,0.0118040124331222
CADH5,0.165293255821624,0.0670518848536428,0.10513561136572
CADH6,-0.0834530314819404,0.490915287131046,0.5651055281968
CADM1,-0.0886708046552241,0.283041838116976,0.357907378385871
CAF17,-0.32527472524559,2.84709391927752e-05,0.000112946923810516
CAF1A,0.0205726054022422,0.927254478994117,0.945127204405025
CAH1,0.898871588176234,0.00304920494092439,0.00715126605597951
CAH2,-0.62558003934542,2.88537538883939e-09,2.99644098254169e-08
CAH3,0.392451518485638,0.000674292667914,0.00186816596970356
CAH5A,-0.724514071400034,6.5262068862422e-11,1.03400846682228e-09
CALD1,1.02025327080245,2.98999057386529e-10,3.98458847460183e-09
CALL3,-1.34584938204315,5.90017018358607e-09,5.74094743209964e-08
CALL4,-0.0919516280243926,0.259989340788244,0.333789975627636
CALM,-0.107899404447175,0.449754509143687,0.524929026252108
CALR,-0.286303954325416,0.002899794061506,0.00684035798794873
CALR3,-0.888391407552167,4.14580119309745e-11,6.9240264082121e-10
CALRL,-0.232439731258219,0.0374173275149563,0.0630276034101284
CALU,0.167899960637423,0.118346638960525,0.169860444444962
CALX,-0.245715914081135,4.33130258686948e-06,2.09118581351677e-05
CAMLG,-0.267043130230057,0.0383319660233265,0.0643035154461052
CAMP,0.959908854956674,0.00030685551002335,0.000924881685679753
CAMP1,-0.536461771717924,0.022627751439105,0.0407267856552681
CAMP2,0.00176333797349172,0.989317245127016,0.991759369026901
CAMP3,-0.104944476738137,0.408510722557289,0.484859057876026
CAN1,0.0368422964801881,0.490418253452091,0.564717061560009
CAN15,0.00117243453815523,0.995987913576347,0.996633736370781
CAN2,0.146140347471821,0.00101269676395259,0.00268060659713831
CAN5,-0.310162099676556,4.49037743367773e-07,2.7498216093855e-06
CAN6,1.22782053891981,0.00025353884013593,0.000780337331666867
CAN7,0.088075092930765,0.191764435036454,0.257107624803002
CANB1,0.970331687078982,7.71171043719266e-05,0.000271954102986191
CAND1,-0.392195406838555,6.68100063778312e-13,1.83454095804749e-11
CAND2,-0.425926520497931,0.00040305170612503,0.00117935038470259
CANT1,0.207060720019081,0.116622813850797,0.167915960379315
CAP1,0.17625255126139,0.00058744609348716,0.00164946654197486
CAP2,0.42292403681093,2.7555246883391e-09,2.88097947089763e-08
CAP7,0.562162791363743,0.00919270558411677,0.0187202207144484
CAPG,0.933064206397208,5.28976268386824e-08,4.05320842787759e-07
CAPON,-0.258781811954832,0.00345080944618283,0.00797198972657087
CAPR1,-0.123598661649564,0.00482256756985161,0.0106438590872354
CAPS1,-0.177486672826453,0.0933228005445897,0.139091892795452
CAPS2,-0.59393312320088,4.59494451739766e-05,0.000172360680098397
CAPZB,-0.0530473697673932,0.232716327217646,0.303625157391166
CAR16,0.293843652956052,5.92598899074549e-05,0.00021527745316663
CAR19,-0.0103029187927816,0.868682975578038,0.898348043545354
CARD8,-0.0134622598065624,0.853868853647313,0.886378592054711
CARF,0.236529354975619,0.00092658228526512,0.00247902528193678
CARL1,0.0637790297705713,0.339037552675877,0.415570096337898
CARM1,0.122304295922344,0.0632621790337986,0.0998631287693924
CARME,-0.427421667640774,0.00015133798836363,0.000494328891101184
CASC3,0.62289662518736,0.00010071637518425,0.0003450832819368
CASC4,-0.211515646707873,0.226952583515492,0.296958815398599
CASP,0.266887263523473,0.00029161856415584,0.000884832418807102
CASP1,0.366220924754729,1.17314105357129e-08,1.07424115824659e-07
CASP2,0.126187880055053,0.0716111866901305,0.111016572615887
CASP3,0.0749739279080418,0.55111962136939,0.622794229420945
CASP4,-0.335092172861637,4.43156839886783e-05,0.000167535432462833
CASP6,-0.0396395643943984,0.525978242042173,0.599121363389047
CASP7,-0.168158061124056,0.0261395903219658,0.046158215473996
CASP8,0.348554241465944,9.83641434210103e-07,5.51983804099284e-06
CASP9,-0.418704853642155,0.0750085327300255,0.115429963810306
CASPA,-0.198104353304052,0.0216511775303118,0.0391586520148421
CATA,-0.743095260904446,1.53359861060746e-14,6.26097718489268e-13
CATB,-0.328024145299924,8.94627593796661e-08,6.4877316858412e-07
CATC,0.497764610129436,3.49133662329309e-05,0.000135645283914046
CATD,0.350396537797659,0.0342235337093373,0.0583319607027273
CATF,-0.447537938318903,2.55569550354535e-06,1.30854323194134e-05
CATG,0.817240125065419,0.00030045371993961,0.000909137609040796
CATH,-0.0227172136492712,0.790137757268798,0.834593146486796
CATIN,0.087314830119797,0.234148326273218,0.304977799717108
CATK,0.635235252654556,0.0594516462187201,0.0945248098544497
CATL1,0.106949931229173,0.286072035801339,0.360675135333845
CATO,0.0253676285216852,0.888247719738993,0.914194932040292
CATS,0.33424675109645,0.0457838329269261,0.075271458825018
CATZ,0.347751818618434,0.030889067018505,0.0533796284691567
CAV1,0.397877421620494,0.00040225488277255,0.00117746535488353
CAV2,0.0254810279957662,0.908335004833508,0.930030904630487
CAYP1,0.577024151976583,0.00545923724554477,0.0118390878545878
CAZA1,0.121124179382969,0.0231301327134073,0.0415051404689885
CAZA2,0.0555524653847299,0.241298475672715,0.312707262057553
CB069,-0.710619773384013,5.33385467198955e-05,0.000196167886792523
CB072,-0.025789996331558,0.778765008406357,0.826086170588871
CB39L,-0.394017975886396,0.00107635600577423,0.00282680835280938
CBG,0.566708013185704,0.00013827769409628,0.000455961832327734
CBL,0.380475680284135,0.0943217010655368,0.140309667519121
CBLB,0.506115444374895,0.0696975437401515,0.108577881586717
CBP,0.328217213013632,0.00027765936917323,0.000846806202585234
CBPA3,0.542516597177213,0.00231037499257569,0.00559186118027416
CBPB2,-0.00703902151588046,0.919732531817126,0.939456740203991
CBPC1,0.119090524036874,0.471607741345784,0.547042292877942
CBPD,-0.114120446299123,0.171728740555818,0.234150726652888
CBPM,0.481243134213027,1.62288268550227e-06,8.67786749919301e-06
CBPN,0.032505728622662,0.761881374412143,0.81197191781272
CBPQ,0.0947238683161157,0.177644270051653,0.240854540101661
CBR1,-0.759633953630543,9.6198804614767e-15,4.14675964473487e-13
CBR3,0.381306632658584,0.0004113226965462,0.00119945802212792
CBR4,-0.55695513999274,7.94187935564077e-11,1.23298875469063e-09
CBSL,-0.999401157289572,6.78448815206845e-23,4.36242588178001e-20
CBWD1,-0.0133278997829216,0.873332563219246,0.901972166751399
CBX1,0.334326852887036,4.53557598963748e-06,2.18046755987806e-05
CBX3,0.535561305218785,1.0075589480071e-05,4.45775507042591e-05
CBX5,0.71942704586443,9.02907104844562e-05,0.000312807748745002
CC038,0.142425201590553,0.116472058869054,0.167730198998436
CC115,-0.529258248195952,1.34538562642107e-06,7.32087129299364e-06
CC117,0.494511872196672,0.00044196443353698,0.00128070571737324
CC124,0.316070418899228,9.42928722885402e-05,0.000325095532876844
CC126,0.0615508776770224,0.629179137677225,0.693215549788102
CC127,0.862294268370036,0.00105658127184189,0.00278530273096414
CC28A,0.388661264020231,0.036995661322525,0.0624225940880391
CC50A,-0.294380193898878,0.00219373094886782,0.00533800946119965
CC88B,0.477881414330824,2.47348429409746e-05,9.96626883198747e-05
CC90B,0.152668887822401,0.0558584416608531,0.0896057662900504
CCAR1,0.13437210261985,0.0048698715730574,0.0107359797307745
CCAR2,0.259378557008625,4.88121829786434e-08,3.76634803863212e-07
CCD12,0.33429023547747,0.0112873840585488,0.0223431132364706
CCD22,-0.138294166252403,0.00304225914097234,0.00714092330918619
CCD25,0.363644326842877,0.00155215449218029,0.00390875458931564
CCD43,0.296664142137633,0.103485617715912,0.151545839114818
CCD47,-0.401800827779644,6.65666146504163e-10,8.15282537527956e-09
CCD50,0.399738761252,5.66122866555149e-06,2.6700513681782e-05
CCD51,0.238026187633558,0.0461996403928863,0.0758621888213472
CCD58,-0.163239796812333,0.0233043408002576,0.0417788786279711
CCD80,0.275138195633308,0.0939376820768977,0.139833170401399
CCD86,0.750578208013454,0.00337014353447204,0.00780901727086674
CCD91,0.270037295789283,0.00401555958721244,0.00907384903788793
CCD93,0.153030935972498,0.00197180199508764,0.00485773441701668
CCD94,0.013472264839646,0.944334820809998,0.958244013331134
CCDC6,0.550311649110266,4.79668453499356e-11,7.80007368130943e-10
CCDC8,1.13305053476105,0.0128924988284636,0.0251018220944802
CCDC9,0.569717588965668,0.186702203577245,0.251193409381347
CCGL,0.0761485971800829,0.579061206835245,0.648439276703472
CCHL,0.180084192717328,0.177577712665704,0.240845195094641
CCL14,0.163964956588904,0.0737816332546616,0.113882592957185
CCL18,0.78203190525462,0.0490688656173766,0.0799604473382202
CCL19,0.490684103986479,0.154083883598371,0.213104722323899
CCL21,0.594146258624268,0.00016172390147062,0.000524491286518467
CCM2,-0.0463513589214453,0.644654243291727,0.706856919317744
CCNH,-0.134156526425652,0.306914703232769,0.381141340549757
CCNK,0.647363327771233,0.0105689055789486,0.0211049884697638
CCNL1,-0.185049526664153,0.228757934014457,0.298966161730276
CCNT1,0.000757216144616645,0.991527053187976,0.993458348577902
CCNY,-0.167494097335539,0.0184342324986447,0.0342001774367739
CCPG1,0.432959407276106,0.0957242774927332,0.142062757459504
CCRL2,1.8081197598545,2.99484775265321e-05,0.000118200743015203
CCS,-0.368324718502596,2.20260391211931e-05,8.98746260492469e-05
CCYL1,-0.148699871210507,0.0765676733888547,0.117384495900736
CCZ1B,-0.361772850291668,2.88724567127289e-08,2.32546843419015e-07
CD032,-0.0385738421904297,0.773839649106183,0.821380683997435
CD109,0.516551770100768,4.16984681721516e-07,2.57190551891544e-06
CD11A,0.0921533021830545,0.247502087026274,0.319672933293393
CD11B,-0.0593857372669438,0.458539449211734,0.533970780277353
CD123,-0.141818591594754,0.130134547456571,0.184580545620386
CD14,-0.0232681288787763,0.71660304802251,0.773546323243101
CD151,0.616601419406623,2.29835485390522e-10,3.18958741955624e-09
CD166,0.213643412132509,0.00030230520203345,0.000913307337075215
CD177,0.758166705287703,0.0416390922257176,0.0691684037919563
CD180,0.142977988109543,0.354649474279583,0.430601942335368
CD2,1.19891841332186,9.66556380568549e-07,5.44014779908012e-06
CD209,-1.49814412968082,4.86910045916633e-14,1.73935088624664e-12
CD248,0.320977911637779,0.00140082537741955,0.00356691924454165
CD276,0.324970702010534,0.00353242790359588,0.00814347586021685
CD2AP,0.120861505282422,0.00366450314229201,0.00840397145934783
CD2B2,0.139263848860831,0.0274648103693946,0.0481995500310375
CD302,-0.0793501188936216,0.167053643039414,0.228462585907855
CD34,1.84230226535052,9.91053603224843e-12,2.02300783134468e-10
CD36,-0.221768217665545,0.0187616866437678,0.0346992267841113
CD37L,-0.418114369799371,0.00173322477238956,0.00432661350493622
CD38,0.199115101775912,0.227097453353551,0.297061332080539
CD3G,0.459118913388606,0.0203992697307878,0.0372899230615396
CD4,0.024640242476565,0.68229416813637,0.741908371102062
CD44,0.944444688994599,1.29958868764399e-11,2.55155885848881e-10
CD47,-0.00616586805915111,0.946113537042644,0.959291991040873
CD48,0.190460627391659,0.192954139095285,0.258523031300437
CD5,0.4973711937804,0.00266890014219748,0.0063539751611218
CD59,1.00805942419008,9.13999400118012e-11,1.38554408080758e-09
CD5L,0.6249552599764,0.00013515986459638,0.000447209912189395
CD63,0.664046780196697,4.1669602014945e-06,2.0168979527271e-05
CD68,-0.65545075288085,0.157437690305482,0.21712050373496
CD81,-0.190229247244706,0.046699576989296,0.0765365199765098
CD82,-1.23446882430283,3.4980509520013e-16,2.21237386439689e-14
CD8A,0.647937969094989,0.00016454290944208,0.000532555826029819
CD9,0.454112708077758,1.86075683331479e-05,7.74412067198324e-05
CD97,0.646897184482678,1.8698849575009e-12,4.66926612688574e-11
CD99,0.55296131067676,4.90432686441631e-07,2.96565721675833e-06
CDAN1,-0.112035506034799,0.496596722115793,0.570284314309489
CDC16,-0.21301624051637,0.235820050898153,0.306689282442297
CDC23,-0.207441860889962,0.0171058647084667,0.0319895424359014
CDC26,0.752208228756772,2.50176315165189e-08,2.05576192525516e-07
CDC27,-0.249769342199099,0.0349726810042013,0.0594381512397395
CDC37,0.0438596111373684,0.375700899430677,0.453166818822433
CDC42,-0.012269734713734,0.84495814429863,0.878450311116243
CDC5L,0.154728365567264,0.00113779160120667,0.00296995940287912
CDC73,0.00735339968306042,0.889604564823982,0.915225176290913
CDD,0.285838956418002,0.0716909170861841,0.111077734184136
CDHR2,-0.266441151886798,0.0273293508431269,0.048006594989518
CDHR5,-0.238670705734348,0.126018081003911,0.179567038416653
CDIPT,-0.184460580356255,0.0311890512964862,0.0538497918558263
CDK12,0.381969943026141,0.0073659013552046,0.0154822377708414
CDK13,-0.00905186615295393,0.959691813088267,0.969111638501383
CDK17,0.314478437480614,0.00903915649082145,0.0184318529289583
CDK18,0.297595255944845,0.0010169556194427,0.00268896213399643
CDK2,0.0071309016725176,0.927548739284203,0.945127204405025
CDK4,0.289343452274861,2.62749792098046e-05,0.000105263623874793
CDK5,-0.0157758622329733,0.844518493564425,0.878208180100149
CDK6,0.17963716114714,0.206248552395246,0.274003758657321
CDK7,0.27686704381693,6.91766265650164e-05,0.000247457974304899
CDK9,0.623353729153736,1.8328283053423e-05,7.64025024528427e-05
CDKA1,0.156645134848705,0.430810196805223,0.506650126283966
CDKA2,1.21652564005622,0.138446781492245,0.194525274515621
CDKAL,0.145507908189003,0.0672757120469753,0.105400892214104
CDN1B,0.211347433120945,0.095083185759141,0.141279002757083
CDN2A,-0.076288179589097,0.409088109507528,0.485395025828093
CDN2C,0.501650088057879,7.12589147992705e-05,0.00025361337019888
CDNF,-0.615102674763748,0.00794265355989687,0.0165502335587805
CDO1,0.135947197035236,0.5883819650844,0.656727215766126
CDS2,-0.711553934796842,0.00450261379806341,0.0100150383585636
CDV3,0.24886511234682,0.00032275071359212,0.000968947974085593
CDYL1,0.723418762900955,0.0003228570815674,0.000968947974085593
CE022,-0.209222515953941,0.342609986985264,0.418685248586997
CE051,-0.15615064492809,0.093947013395652,0.139833170401399
CE170,1.13737367535299,2.17864143960963e-07,1.43433424471228e-06
CEAM1,0.262991124333341,0.0742637996092324,0.114512285728385
CEAM8,0.317329541083183,0.0856142372597553,0.128897454574882
CEBPA,-0.0123441176175401,0.961782782291772,0.970207340588745
CEBPB,0.403917743173106,0.00233123022772649,0.00563703304203623
CEBPG,-0.0366186743990235,0.857849247571095,0.890151263348382
CEBPZ,-0.2282978412854,0.016945116482866,0.0317659180713785
CECR1,0.448766716131026,0.00011346107331862,0.000382800892753158
CECR5,-0.0274159497939188,0.619944595333113,0.685510532758713
CEGT,0.580933685023902,0.00386164908902631,0.00877399421994317
CELF1,0.127550083013473,0.158095640346152,0.217890885471847
CELF2,0.898184355771914,5.79639594484439e-09,5.65423402154479e-08
CENPB,0.260960243661542,0.103236206513871,0.151266724166545
CENPV,0.104953867043822,0.136803884132637,0.192553588100589
CEP41,0.545557241258948,0.00039664385045082,0.00116324741546124
CEP44,-0.0105363857993626,0.902655603285425,0.925566861787421
CEP57,0.313657991496375,0.317721164960775,0.392497039519267
CEPT1,-0.264078779387937,0.00823315957242758,0.0170588236468451
CERS2,0.184766507045277,0.0770235891293323,0.117942594534533
CERS4,-0.35952566830068,0.00202460042587881,0.00497668585093371
CERS6,0.611484025179126,0.00025865254373373,0.000794175498388166
CERU,0.641675495910077,9.43738496814004e-10,1.1151433754084e-08
CES1P,-1.59178089025778,6.37842171178782e-15,2.91218354604466e-13
CETN2,0.42355558247627,0.00263625760962298,0.00628595912109114
CF047,0.145237896055969,0.41650774322707,0.492456902657075
CF089,0.0438959975593368,0.795396201930098,0.839113630584172
CF106,0.0818645202260503,0.533124583558418,0.605562974641065
CF136,-0.461241458691965,0.0163330444455708,0.0308433115374509
CF203,0.0820103656100823,0.423120838359417,0.499052337019453
CFA20,0.229826609040012,0.00553634146110707,0.0119803656122621
CFAB,0.79257219827783,6.22834343998804e-07,3.67696235523701e-06
CFAD,0.706049537174996,2.36698791704384e-07,1.54645882878156e-06
CFAH,0.619307827369353,1.38386275314976e-11,2.66947125082589e-10
CFAI,0.0216701790119319,0.726162898883084,0.781678700862427
CFDP1,0.681465457592436,1.56213739706007e-07,1.06856845352088e-06
CG025,0.0520541316229561,0.628305412741297,0.69256642683264
CG050,-0.231927558647642,0.00801759192669995,0.0166793581306058
CG073,1.10261177627313,0.0013803499653911,0.0035220834434384
CGBP1,-0.0625514162583788,0.300751127019273,0.375744121774726
CGL,-0.930928044512005,3.28070420901304e-13,9.77371184430294e-12
CGNL1,-0.111087416104991,0.0239997915102839,0.042896083227554
CGRE1,-0.379261629690214,0.064061464043343,0.100977957929558
CH033,0.270996509101241,0.0794172409703068,0.121055596864261
CH082,-0.694715303943547,3.54354777457669e-11,6.02433385813357e-10
CH10,-0.375640023673404,0.00092045715651077,0.00246520215884662
CH3L1,0.0682897100109,0.605077599569243,0.672325581259563
CH60,-0.117382535706158,0.456337020448955,0.531646753704384
CHAC2,-0.592255614009951,7.24795000701712e-05,0.000257601023740876
CHAP1,0.0843922364731571,0.164002891591279,0.22496823315881
CHC10,0.0752437209565181,0.78048992491807,0.827119936913587
CHCH1,0.108073429085735,0.38447970355419,0.461303901823065
CHCH2,-0.500598124151469,2.39534575801099e-06,1.23381093917308e-05
CHCH5,0.264801826444386,0.029795944051108,0.0517222731829807
CHD1,-0.245917882919098,0.0852950256912682,0.128517168176884
CHD1L,-0.331678849960031,0.00197920936062069,0.00487442688367355
CHD2,0.157214494427066,0.0752344565897916,0.115685346163179
CHD3,0.548667437438057,2.9641299104485e-05,0.000117258355767993
CHD4,0.204759239858277,7.51389878992896e-05,0.000265706888465132
CHDH,-0.0741176513962958,0.4945579464374,0.568447328989788
CHERP,0.00345400204336157,0.94608249404962,0.959291991040873
CHID1,-0.232994686695302,0.00067269658131692,0.0018644133697706
CHIO,0.0522071960712287,0.580811054346196,0.649708674542676
CHIP,0.0439491760637886,0.446706239095917,0.522240203161227
CHIT1,0.255510401438777,0.0116637901700874,0.0229978945524172
CHKA,0.192291393970335,0.119011455737937,0.17071805028331
CHKB,0.185110438424386,0.0266698087211987,0.0469612606327634
CHLE,-0.161511081761903,0.0203661617730757,0.0372382237538038
CHM1A,0.403700738582634,2.6138851129029e-08,2.12975053127337e-07
CHM1B,0.28644709144936,0.00091304465498754,0.00244789873449752
CHM2A,0.383677200652924,1.51080611942802e-06,8.12143051714739e-06
CHM2B,0.311541478323519,1.65230952933896e-06,8.79863376699753e-06
CHM4A,0.296532587077615,9.93141589932169e-06,4.40153963694234e-05
CHM4B,0.631195568655482,8.41353017154441e-12,1.76778889891155e-10
CHMP3,0.209949879207967,0.0456136309837645,0.0750596665964442
CHMP5,0.216218923694242,0.0330277357461664,0.0565687034444883
CHMP6,0.425322870711825,0.00037108904434535,0.00109705864604166
CHMP7,-0.412347974366913,0.0112272005798246,0.0222410987609568
CHP1,0.135609727734696,0.00624969496124289,0.0133617750958576
CHP3,0.393439265834067,0.00678719049827453,0.0143834006824186
CHPF2,0.146574418508381,0.408745686134792,0.485063321165188
CHRD,0.66360148047749,0.0245247894270606,0.0436725767872605
CHRD1,-0.224456471223886,0.0192476733870844,0.0354789889762884
CHSP1,0.00927836847061197,0.933763449989947,0.950015661935975
CHSS1,1.70281177719676,1.94325783645105e-06,1.02559353392998e-05
CHSS2,-0.291504546149861,0.00397724405260553,0.00899953522284583
CHST4,0.263745959885061,0.00662068972471835,0.0140730693983269
CHSTB,-0.372844030992696,0.415889115864737,0.49187621367448
CHSTD,0.319888414163624,0.0346922821874999,0.0590396227081494
CHSTE,0.0574336356046226,0.512275695381578,0.586195946250075
CHSTF,-0.13057772864489,0.286583762911549,0.360967686979318
CHTOP,0.650284806229139,4.6085267157255e-06,2.21278109138382e-05
CHUR,0.126457515998351,0.634404393998486,0.697899102379857
CI064,-0.782971273994709,9.0978684756962e-14,3.03892437915463e-12
CI078,0.130916376926758,0.202683261083011,0.270011057064315
CI114,0.614297115416561,0.0131394528274664,0.0255311050155454
CI129,0.198253998790949,0.021594497871423,0.0390767226960366
CIA30,-0.443606651475615,1.86954292888569e-06,9.88040632827533e-06
CIAO1,0.206106801763085,0.336681166471947,0.413338405807087
CIB1,0.0122425553883706,0.901581525056633,0.924957192838317
CIDEB,-0.921217701001174,2.51471561406031e-07,1.63329509074826e-06
CILP1,-0.127252912726303,0.692095964701031,0.751190387344655
CING,0.133196558457137,0.00245947329207907,0.00590273590098977
CIP4,0.128303960495718,0.0382835638673693,0.0642470479499447
CIR1,0.983724385463438,0.00422568963636271,0.00948659331806071
CIRBP,0.274470408227372,0.00021278308852122,0.000669044136523934
CISD1,-0.102322191196686,0.160053897666499,0.220373996144666
CISD2,-0.438746350839027,2.02268023814614e-10,2.83763649409738e-09
CISD3,0.164273972540197,0.175089787627948,0.23810236188531
CISY,-0.0206508280447953,0.663446916492989,0.724887624987242
CIZ1,0.221093823727182,0.110558921908364,0.160653981439724
CJ011,0.0892120241088438,0.286712900750565,0.361011217720522
CJ076,-0.163722847853919,0.0942653440991552,0.140252872169125
CK052,0.155326981857863,0.0822799218042234,0.124582393375469
CK054,-0.601352320166749,7.97898954192481e-10,9.60466198213601e-09
CK068,-0.325236725844724,0.00842928011852296,0.0174137417388282
CK096,0.212322799022341,0.110427405332837,0.160493098426854
CK098,0.594994665061276,0.00011016333965255,0.000373799616868547
CK5P2,0.0267745685558342,0.774927855505936,0.822355017615707
CK5P3,-0.382192454645467,1.64617888907059e-09,1.82498797529722e-08
CKAP4,0.6950432805337,8.95390835128733e-11,1.36268948399473e-09
CKAP5,0.1382220692202,0.00328279882847537,0.00764335418241278
CL004,0.400390373681673,0.0387601332991313,0.0649171236240714
CLAP1,-0.046936616868361,0.242525591771145,0.314086516634131
CLAP2,0.0924456119887124,0.245069629079856,0.316955624870964
CLC11,0.578462484774124,0.00022094611498301,0.000691248094152537
CLC14,-0.0685538771268691,0.569540329696624,0.639582765818535
CLC4G,-1.2716198949531,4.66987976071053e-10,5.9362095936808e-09
CLC4M,-1.61782223465422,3.60205378266321e-12,8.39681177855871e-11
CLCA,0.412104044677569,1.70690832514217e-07,1.15328411880884e-06
CLCB,0.230099696467192,0.0323834883490967,0.055687763784629
CLCC1,-0.115992056699446,0.342332550821574,0.418478764597475
CLCN3,1.17813139089719,2.64623343596568e-08,2.15383303712143e-07
CLCN7,-0.500674600869179,4.0773683831362e-06,1.98116967533243e-05
CLD1,-0.763107280334394,4.57814009914959e-07,2.8013425063472e-06
CLH1,-0.0954410783867295,0.00937344468208141,0.0190330260965632
CLH2,-1.55483881530722,4.22136567044119e-08,3.2901068195075e-07
CLIC1,0.710981171705683,1.19852281116286e-08,1.09441443916362e-07
CLIC2,0.0404450031023804,0.628371893230331,0.69256642683264
CLIC4,0.0648304391494853,0.230164495387062,0.300549880928511
CLIC5,0.559061999823072,0.00032736486814626,0.000980950416550113
CLIC6,0.40007553730836,0.00521889152805725,0.0113936176904941
CLIP1,-0.119905923374924,0.0747754893181031,0.115140226617139
CLIP2,0.594691856509486,0.00010815103566439,0.000367618234002834
CLM8,0.509341141080355,0.00137641060345453,0.0035143561271526
CLMN,-0.210635734954143,5.34452992034092e-08,4.08705578447478e-07
CLN5,0.217364741018251,0.010637935523766,0.0212098993543614
CLN6,0.153800148851585,0.208031529744812,0.275944865654284
CLN8,-0.340303614627651,0.00836812049477553,0.0173012909264973
CLP1L,-0.213308705652191,0.00095779247778428,0.00255455470396941
CLPB,0.068467202623715,0.353765926474338,0.429935090356905
CLPP,-0.103210247041755,0.143013626500573,0.199944399724302
CLPT1,-0.634068134109169,8.90068378852436e-11,1.36052666298573e-09
CLPX,-0.305567852225884,3.49865643056084e-10,4.56746474537171e-09
CLU,-0.638056223446995,7.85988768532094e-16,4.39470241883597e-14
CLUS,0.665495557127815,2.07860302305997e-06,1.08957207377247e-05
CLYBL,-0.274408383710176,0.0014832218158584,0.00375477018738957
CMA1,0.416424704769268,0.0128624329569857,0.0250496044159772
CMBL,-1.53453179655062,3.80294201243628e-19,5.53650954112421e-17
CMC1,-0.432289199930248,1.98801502398572e-08,1.69414428602546e-07
CMC2,-0.831047858440688,7.80956785173914e-16,4.39470241883597e-14
CMC4,0.0389586601177269,0.510427310504924,0.584427530472769
CMPK2,-0.181802255158941,0.00098963730763375,0.00262768116507296
CMS1,-0.0519789849505158,0.449057837873991,0.524274516119793
CMTD1,-0.0661498254407826,0.595248450338571,0.6630485120272
CMTR1,-0.0680970576567723,0.371528652718754,0.44925796652216
CN142,-0.139009697800436,0.124731587838874,0.177963929690228
CN159,-0.00166679224685779,0.984133250794502,0.987717503008634
CN166,0.0832732877898226,0.29360926622135,0.368432118745151
CN37,0.0926959228468441,0.112764611329303,0.163152398465573
CNBP,-0.0349903923451176,0.610290543186513,0.677067121671766
CNDP2,-0.688247511176446,2.37519179273663e-20,6.10899329091861e-18
CNGA1,1.18014467780311,0.14579676944201,0.203319695104744
CNIH4,0.280111822950506,0.0286559640773708,0.0499996123744791
CNN1,0.968990197078061,0.0757730278535086,0.116351180680134
CNN2,0.793949137504015,1.45574017122223e-09,1.64002120877199e-08
CNN3,0.329318813456833,5.42817682949479e-06,2.56483848232589e-05
CNNM3,-0.49065124767334,2.8097419531357e-07,1.8036579792342e-06
CNO10,0.0347369074769644,0.518113376691789,0.591647597240468
CNO11,-0.440634398154829,0.00105863896807373,0.002789774001932
CNO6L,0.249043575740909,0.00520800930294887,0.0113774065066686
CNOT1,-0.269265395675455,8.42416843428792e-05,0.000293988618900794
CNOT2,-0.146582238410476,0.0819200730782673,0.124274875751635
CNOT3,0.315207975501516,0.00175620671337276,0.00437690277790188
CNOT4,-0.208587176694019,0.25646594008519,0.329650373762673
CNOT7,0.207259425692451,0.197670488963675,0.264199808218208
CNPY2,0.118637472834612,0.149377268670825,0.207637363549646
CNPY3,-0.119029416926378,0.227107931304186,0.297061332080539
CNPY4,0.560490952567194,1.01336656438047e-06,5.67014968147912e-06
CNRP1,0.458593037995049,0.00986595507166355,0.0199229807204805
CNTFR,-0.00307974976055221,0.971950618978069,0.978545273490968
CNTN4,0.320119553433078,0.0140207732834201,0.0270258023119834
CNTRB,-0.00138576418120256,0.995735668835339,0.996510560406417
CO052,1.07872254084391,3.16364581885039e-09,3.26346138211893e-08
CO1A1,1.21512191020613,2.13999170410087e-05,8.76442462252777e-05
CO1A2,1.68396902494223,1.10269125221804e-08,1.01531810287761e-07
CO2,0.33076489428394,5.5649235936223e-07,3.32344817711994e-06
CO2A1,1.21370001837664,0.0169753408745724,0.031800975313847
CO3,0.589930273979612,2.25831852521336e-05,9.1711503897612e-05
CO3A1,0.890544749806068,1.48949129253704e-07,1.02523771750364e-06
CO4A,0.166118964884563,0.0406528119828315,0.0677634688398202
CO4A1,0.180528539806505,0.129900307626352,0.184316067238862
CO4A2,0.684610507752461,2.03930289479693e-09,2.21311689680072e-08
CO4B,0.236640783589668,0.0571119078338151,0.0913506386496097
CO5,0.185653454615133,0.0167180830273916,0.0314319514228444
CO5A1,1.0268595360973,9.81033287451807e-10,1.15215416224934e-08
CO5A2,0.825293928561434,3.24653738050134e-06,1.61271971897093e-05
CO6,0.349091207450232,3.14772533749332e-07,1.99571476615435e-06
CO6A1,0.896330756844779,4.17390658813246e-07,2.57235329345288e-06
CO6A2,0.848173225174029,3.93318075117799e-07,2.43566795153205e-06
CO6A3,0.814616045624369,5.23284592087999e-09,5.17649219557821e-08
CO6A6,-0.676876678314971,6.81522928051431e-07,3.97778435162242e-06
CO7,1.01404100834186,1.04138234266808e-10,1.54525118385133e-09
CO8A,0.193381926568661,0.00727677897680466,0.0153074227331038
CO8B,0.224875017138942,0.00022367768078308,0.000698460940883143
CO8G,0.440556797585399,2.00571332119064e-09,2.17973013891648e-08
CO9,0.157971136062843,0.050376848059261,0.0817471629075201
COA3,-0.00194632483133762,0.978145693128208,0.983499109744234
COA4,-0.522296847962331,0.0001850787072945,0.000591285756353225
COA5,0.124747646780704,0.301625409618767,0.376314224990303
COA6,-0.186064387065246,0.0104136850644651,0.0208356243908353
COA7,0.098265928032954,0.137518565111487,0.19348892202776
COAA1,0.28715547027102,0.0348221166630501,0.0592122660159432
COAC,-0.0194556924540091,0.927856483422186,0.945127475390837
COASY,-0.422228694124259,3.05857586489063e-15,1.51281867778821e-13
COBL,0.0665452683864785,0.287604084225924,0.361956143188261
COBL1,-0.623683353603377,4.70147197633554e-20,9.60616425255862e-18
COCA1,0.54325632171897,4.00146653860901e-08,3.13137077199869e-07
COEA1,1.00405979705401,1.79238440930769e-09,1.96728849249191e-08
COF1,0.43975397143278,0.00049483295654944,0.00141744996620281
COF2,-0.449287731809792,2.0868321159846e-05,8.56489181220062e-05
COFA1,0.71609713408701,4.50821583814023e-11,7.43277636903633e-10
COG1,0.212088671701124,0.0321183820576425,0.0552688304988335
COG2,-0.110241621514571,0.150395278841755,0.208601468909398
COG3,-0.0324577690311657,0.438575288946243,0.514136573915103
COG4,0.127848512449566,0.103981577928182,0.152185480897923
COG5,0.212739899832385,0.0225815168331055,0.0406625399963225
COG6,0.108555233944086,0.0970799025020174,0.143719978454637
COG7,-0.118334473584863,0.219421993856535,0.288524216870658
COG8,0.107401310240976,0.0381993327639813,0.0641589141503874
COGA1,1.13764844174578,3.31810393384501e-05,0.000129632860524294
COIA1,0.716603783302371,7.42305041168362e-12,1.58659991624794e-10
COL10,0.375154008070656,0.00692635904127249,0.0146622184807842
COL11,0.39300205955056,3.89587139448229e-05,0.000149332060009068
COLA1,0.225404507437211,0.00830079139400228,0.0171805006427365
COMD1,-0.0318214482730552,0.586433896957521,0.655048939020599
COMD2,0.371315744529235,0.0014288999625166,0.00363035630911363
COMD3,-0.246834903732583,6.6123503727573e-05,0.000237196166788449
COMD4,-0.549302475072525,4.31920039521053e-06,2.08684722914492e-05
COMD5,-0.242881720040236,0.00196196158304917,0.00483658005584901
COMD6,-0.141194720065754,0.160264749330806,0.220546246805154
COMD7,0.0597069089839991,0.637288591087904,0.700679988285127
COMD8,0.0922358586387812,0.131905057701829,0.186845534238891
COMD9,0.0961862749120083,0.422230988882493,0.4981550933054
COMDA,-0.0468961174017902,0.516932781237085,0.590474217620333
COMP,0.418230974424385,0.00571817178043578,0.0123382028685242
COMT,-0.619011958418235,5.74248840506021e-09,5.60873930803096e-08
COPA,-0.204223368815996,4.70906062103696e-07,2.86554509084552e-06
COPB,-0.296866149768321,4.73173131662435e-08,3.66198985346775e-07
COPB2,-0.163069724352543,3.90288389038543e-05,0.000149452367733072
COPD,-0.0458497198674508,0.166446646804811,0.227753560337989
COPE,-0.124047510143607,0.00998188197637544,0.0201202197831016
COPG1,-0.167333518622161,1.28049794614874e-05,5.5507427822942e-05
COPG2,-0.00846107253932088,0.827412796253595,0.865200858638398
COPRS,-0.23806166196139,0.301971547935102,0.376537243676026
COPZ1,0.242511048510909,0.031864941930464,0.0549061839963064
COPZ2,-0.0615494952376739,0.445753513180507,0.521284344907668
COQ3,-0.10990476903755,0.131726814001308,0.186667419069622
COQ5,-0.294357842009691,3.54207279645678e-05,0.000137339867826435
COQ6,-0.484933134905508,9.7216094620197e-12,2.00031836290517e-10
COQ7,0.0105550042406997,0.917047865768095,0.937459106023665
COQ8A,-0.288165993115754,4.79094039187711e-06,2.28897189249064e-05
COQ8B,0.492390576429503,0.00865559953821322,0.0177907847727366
COQ9,-0.0512523652459899,0.462201189671319,0.537585827480238
COR1A,0.81969025288352,8.29728588079566e-11,1.28300316345129e-09
COR1B,0.163393102529106,0.0213450341919795,0.0386979050341433
COR1C,0.455602087122453,8.29264122944389e-09,7.82225180029206e-08
CORO7,0.32548888497004,0.00011665493770631,0.000392033754068767
COT1,0.515398591030763,2.07049627116955e-06,1.0867992672343e-05
COT2,0.701038867035766,2.08674878887725e-06,1.09309936557888e-05
COTL1,0.386679635938403,4.0532425342364e-05,0.000154519858666838
COX1,-0.911805075808611,2.72184403620714e-06,1.38351439943177e-05
COX11,-0.177255754150996,0.0265224109501714,0.0467230417560554
COX15,-0.250458361041932,0.0115261240108735,0.0227647105706524
COX16,-0.274168610017998,0.0133785130170529,0.0259368357888392
COX17,-0.730565183795513,2.10479849711655e-10,2.93682191749571e-09
COX18,-0.242019518017272,0.0361926403504761,0.0612955252292084
COX19,-0.264859462441183,0.00056463936890402,0.00159296430364293
COX2,-0.652283642897673,8.89262226082273e-08,6.45488930992551e-07
COX20,-0.265684125428902,0.0104151118812146,0.0208356243908353
COX3,-1.26371832160013,4.66877286188962e-07,2.84551748833652e-06
COX41,-0.123029124823098,0.118923988461335,0.170624301779037
COX5A,-0.424581389267768,3.52177243550031e-10,4.58246140174037e-09
COX5B,-0.304609165099267,2.37841608488108e-06,1.22837071693055e-05
COX6C,-0.154889057531017,0.0190536885985894,0.0351718328293579
COX7B,0.237648148381299,0.154485695519765,0.213583878629369
COX7C,-0.464975591037497,1.20899893098029e-06,6.64432745829339e-06
COX7R,-0.188527526774402,0.0306477186002149,0.0530100418559198
COX8A,-0.076145860135102,0.355080969061027,0.430990208789505
COXM1,0.0637969736271507,0.436941484363032,0.512376974672516
COXM2,0.130360266633353,0.362520551035277,0.439122224770518
CP013,0.0619088848729493,0.498458757963646,0.572082072950691
CP062,-0.254061852834454,0.00099041031651911,0.00262792503516556
CP070,-0.0122268197554385,0.875657174584518,0.903721181474709
CP135,0.50465801638274,0.00251587903512403,0.00602312213311108
CP17A,-0.426346348542151,0.312330593677003,0.386704566882502
CP1A2,-1.82755037385285,1.25677855404738e-08,1.14085921447407e-07
CP20A,-0.558749594941536,1.17636108627909e-15,6.13297442008747e-14
CP250,0.757500366732373,0.00010861992694917,0.000369049474390046
CP27A,-0.507266929510763,6.68050636381202e-08,4.97076056925492e-07
CP2A6,-1.11462955157091,5.0218661518993e-08,3.86328207657577e-07
CP2A7,-0.656528404663463,0.158512794076598,0.218407985552684
CP2B6,-1.18382821089056,1.14983018668465e-05,5.03809751303734e-05
CP2C8,-0.943975321146936,2.51184377801122e-08,2.06173378550218e-07
CP2C9,-1.16039424417684,8.25627184615083e-14,2.80640500285902e-12
CP2CI,-0.748129718557296,9.72758697112031e-08,6.99515946590534e-07
CP2CJ,-1.0652724369793,2.16093342938009e-06,1.12813006367367e-05
CP2D6,-0.898112363166544,6.36716632413496e-08,4.77444658474493e-07
CP2E1,-1.08677357758179,7.19575583397883e-12,1.54229033374946e-10
CP2J2,-1.24740379602838,3.80851783640305e-17,3.12693186319318e-15
CP2S1,0.131276021322038,0.494628741166075,0.568447328989788
CP343,-1.45549267273021,0.00222995437623996,0.0054124970012795
CP39A,-0.215473592005106,0.0358050893186763,0.0607324838828108
CP3A4,-1.8327154628162,0.00137690768010996,0.0035144623419545
CP3A5,-0.887917474509581,0.0158644562108262,0.0300445995061122
CP3A7,0.0496293738156751,0.812976154593414,0.853807541696309
CP4AB,-0.851651109701623,3.22336556226703e-11,5.62703363765891e-10
CP4F2,-0.91732939774959,4.50504184292293e-16,2.73707896535381e-14
CP4F3,-0.518101006261122,3.75969990828023e-11,6.37570043287962e-10
CP4F8,-0.882103820801037,9.62417665423967e-11,1.44474994288158e-09
CP4FB,-0.632651642192704,7.97473280442513e-12,1.68648780816927e-10
CP4FC,-0.718206853513917,1.32683965482287e-10,1.92804044757312e-09
CP4FN,-0.935731288374675,3.00679830728026e-06,1.50456911407098e-05
CP4V2,-0.607641369655636,4.16919677890062e-06,2.0168979527271e-05
CP51A,-0.868001599033226,1.5066081966117e-10,2.1728951112254e-09
CP7B1,-0.135350991584157,0.0196809302071879,0.0361739060215964
CP8B1,-0.789216758476425,2.89692928752526e-10,3.90099587828009e-09
CPEB2,-0.11919679110804,0.348438241020363,0.425067109519861
CPIN1,-0.209015343716658,0.00558361712907811,0.0120715017562249
CPN2,0.158391321120104,0.0663772301954446,0.10416243811024
CPNE1,-0.0515196702164056,0.417452294434869,0.493422473017685
CPNE2,-0.670202219083536,6.75057063822321e-08,5.01322454711552e-07
CPNE3,0.0211797862296449,0.730407394337001,0.785480620864711
CPNE5,-0.310755417388505,0.00237122154940657,0.0057211837008196
CPNE8,0.0178207376866539,0.892727419103968,0.917215015420269
CPNS1,0.14450717506612,0.00794253742379371,0.0165502335587805
CPPED,-0.437795541828155,8.61421551674689e-06,3.87112911632027e-05
CPSF1,-0.0616352039723548,0.283461947291951,0.35826247097538
CPSF2,0.140667423305774,0.216077462902302,0.284562844129401
CPSF3,0.191695291695281,0.00664987618839571,0.0141312158275024
CPSF4,-0.104975330370165,0.135663862602952,0.191262993576535
CPSF5,-0.168607379656739,0.0206421082791809,0.0376535478681229
CPSF6,0.240998111580477,0.00013589208324524,0.000449439911838951
CPSF7,0.166237252089808,0.0118480221347673,0.0232796890226291
CPSM,-0.95120282585534,3.45999644783938e-13,1.01898215998201e-11
CPT1A,-0.0289623037416576,0.578869341058705,0.648360550966609
CPT2,-0.224161317182814,0.0179025562715315,0.0333420526650101
CPTP,-0.140087566945056,0.387784107487226,0.464690506813393
CPVL,0.184923888035998,0.111785662277142,0.161978999085526
CPZIP,0.318301799624064,6.55246189695982e-05,0.00023537614523716
CQ062,-0.0847595850958576,0.289991865872103,0.364604405584023
CQ10A,-0.265343273865659,0.0533654757393433,0.0860420264824105
CR025,0.421885204661017,0.0130999159771034,0.0254671080068858
CR032,0.177972629506573,0.149782949441379,0.208051347954938
CR3L3,-1.27941899514402,4.63476646565565e-06,2.2226139247358e-05
CRADD,-0.159474187875883,0.00096601792163218,0.00257382399285701
CRBG3,0.165275244438781,0.303289837344507,0.377936754675422
CRBN,0.335083023451252,0.018716967103977,0.0346248185505362
CRCM,-0.177879532372527,0.00529795378759458,0.0115347097700564
CREB1,0.304006302305699,3.45033648804484e-07,2.17506506060082e-06
CREG1,-0.051067171824809,0.523448136430839,0.596679837597925
CREL1,0.0389783195915653,0.449358554017733,0.524546233404059
CREL2,-0.187571405563893,0.00138203744514083,0.00352522344684517
CREST,0.762961060323242,7.3639185906879e-06,3.37210657838266e-05
CRIM1,0.518325643445309,0.00122826380460422,0.00318457107403433
CRIP1,1.73197780863994,0.00017512070354385,0.000563247748455334
CRIP2,1.23264233928922,0.00011104915810434,0.000376143680392049
CRIS3,0.634469669953096,0.00875341012889543,0.0179631150411056
CRK,-0.1363029643913,0.00542151394368517,0.0117672015722854
CRKL,-0.151584795517482,0.174692176930331,0.237603532027928
CRLD2,0.7596544044209,2.74926970314995e-05,0.000109573166474716
CRLF3,0.739079036321282,0.00453334775859203,0.0100717855759563
CRNL1,0.117870548810056,0.235936176697944,0.306736906386072
CROCC,0.353344747915882,0.0209560312599808,0.0381450193918405
CRP,-0.948999962826493,3.76104348422615e-10,4.86916300743104e-09
CRTAP,0.19254643029642,0.0551266480067656,0.0886160866708757
CRTC1,0.3974886555389,0.0231236953612593,0.04150324108106
CRTC2,-0.0268255496812106,0.819015879644918,0.858631321649482
CRTC3,0.229282740468519,0.245021079336273,0.316945959456611
CRYAB,0.775237689781825,2.62551774725836e-06,1.34162218131427e-05
CRYL1,-0.699392607495182,8.44960872061811e-22,3.43143057306786e-19
CRYM,-0.149962979300397,0.0841207079680922,0.126995770432753
CS012,-0.519411064773741,4.61623023269154e-07,2.82017675973459e-06
CS025,0.361854806259603,0.00703168740990913,0.0148647122095019
CS043,0.00169849454118117,0.985032798193221,0.988363208174108
CSAD,0.193812106758864,0.424446412282736,0.499851727285347
CSCL1,0.0187680409131897,0.80603142233235,0.848708850261519
CSCL2,-0.73326408799582,5.78802831066682e-11,9.30425550939691e-10
CSDE1,-0.197550907419874,5.46811156975149e-05,0.000200532076388795
CSF1R,-0.242050014855985,0.0233115573176328,0.0417821083072833
CSF2R,0.719756461099195,0.01504282330423,0.028708984569735
CSK,0.0755942396045202,0.0945761751438572,0.140633988708808
CSK21,0.308196592243809,3.29550631550495e-05,0.000128945875914991
CSK22,0.181177626204917,0.00550606973672176,0.011927241462253
CSK2B,0.0735817062707334,0.0300373194259451,0.0520554579576632
CSKI2,-0.322918021059619,0.00566509552871714,0.0122339426531154
CSKP,0.0206536724246091,0.644183238321196,0.706440856578503
CSN1,-0.0958866225807006,0.0771350366751372,0.118043225502848
CSN2,0.0270124650625817,0.709574282206832,0.767247079807724
CSN3,-0.309420691341635,2.41801328251143e-11,4.37966912860521e-10
CSN4,-0.0932194056946029,0.00309889895451521,0.00726208046682003
CSN5,-0.112996313488451,0.0739268993568336,0.114038375737171
CSN6,-0.0559133518616503,0.352386516019023,0.42873137142901
CSN7A,0.043043474507755,0.491180296158711,0.565326247786488
CSN7B,0.145820902486056,0.100093160396145,0.147445365715283
CSN8,0.0488178902512928,0.511657756226649,0.585662549628367
CSPG2,1.08175069606175,8.73251417092291e-08,6.3446402394389e-07
CSPG4,0.340246636060502,0.00031546387586397,0.000949344487584396
CSRP1,0.624796216038804,0.00120104575632124,0.00311819281822836
CSRP2,0.813284972682428,2.30851885894915e-05,9.36023726518741e-05
CSTF1,0.0140124336161133,0.826444016147965,0.864539320579948
CSTF2,0.199518449157421,0.0456763229284385,0.0751307839939952
CSTF3,-0.486656715555798,2.56381418853367e-10,3.51999827023591e-09
CSTFT,0.457695143036545,0.0355039538930526,0.0602614404396819
CT024,0.37602471626235,7.0690247571687e-06,3.25833900993511e-05
CT027,0.267116261880404,2.71526618865839e-05,0.000108385897111682
CT2NL,0.55760810555946,2.7531723905106e-07,1.77320433761238e-06
CTBL1,-0.00273851980692881,0.96131029645234,0.969857511431257
CTBP1,0.168772950343196,0.0595293166221403,0.0946190011259372
CTBP2,0.357232183499731,0.00077992294124308,0.00212196241700691
CTCF,0.799799357360931,3.15571124470346e-10,4.17581674354056e-09
CTCFL,0.337264658068272,2.29808580395154e-05,9.32283389237123e-05
CTDP1,-0.224734280735724,0.0200233685584593,0.0366912118797685
CTDS1,0.329249916297137,0.00444676956277363,0.00991082436347814
CTDSL,0.378335159760934,0.00146141334464236,0.00370320701716271
CTF8A,-1.05001543511546,6.58776333491833e-08,4.91122530359709e-07
CTGE2,-0.734404847494907,4.2665262839227e-12,9.79777285915106e-11
CTGE3,0.215416434013638,0.0789915835124037,0.120517510297687
CTGE4,-0.084834403904667,0.533951493320123,0.606323726631062
CTGE5,0.0784718430601745,0.172473153968523,0.235041126107581
CTGF,0.0807845330751983,0.511278229152707,0.585314957884612
CTHR1,0.662250170088109,3.99745671582572e-05,0.00015269493078867
CTIF,-0.135303704836061,0.0893712511316536,0.133978739796355
CTL1,-0.348017075550403,2.53516000584195e-05,0.000101987980214163
CTL2,0.0794907572652651,0.415581407120018,0.491593773794833
CTNA1,-0.0632723687891915,0.0133569474460848,0.0259015346805706
CTNB1,0.234751455942805,0.00593902929123514,0.0127647771618859
CTND1,-0.0565724306695233,0.0982525658200778,0.145177479484435
CTND2,-0.381512634803549,8.64029548803242e-05,0.000300715020233009
CTNL1,0.0859317539737586,0.531455716655071,0.604290054481363
CTR2,-0.620522602040637,7.33884884685651e-06,3.36262219135064e-05
CTR9,0.21638905377849,0.0261419649587043,0.046158215473996
CTSL2,1.04484032401501,3.7774574335515e-08,2.96811217487611e-07
CTU2,-0.018201158231706,0.907912209416467,0.929844784690398
CUL1,-0.304477164362657,1.98385925133859e-10,2.79333174878258e-09
CUL2,-0.0482501381486374,0.558165358272069,0.629097853407433
CUL3,-0.301632126575956,1.50454082463744e-10,2.1728951112254e-09
CUL4A,-0.236338314469177,1.56294692691834e-05,6.62654204003032e-05
CUL4B,-0.020037733337303,0.685258988319932,0.744922281470357
CUL5,-0.0433963037692014,0.472999865611209,0.547998042500914
CUL7,0.0678672172682597,0.468606080518553,0.543988243033814
CUTA,-0.31029125430738,3.99308174997184e-08,3.12798160231297e-07
CUTC,-0.146475362746207,0.0188701500431894,0.0348747491576645
CUX1,-0.243318112459016,0.221857232120713,0.291424098448667
CWC15,0.422633454469803,1.57006650799616e-09,1.75066953406046e-08
CWC22,0.0374567271069035,0.6623506417422,0.723894837348841
CWC27,0.39700994606923,0.0300905077739873,0.052116354205182
CX038,-0.309243721258908,0.00090273134093074,0.00242516049470644
CX6A1,-0.336691284358297,1.81382252883377e-06,9.61226279703391e-06
CX6B1,-0.33762775303441,3.87863507939754e-05,0.000148893274988216
CX7A1,0.0907287978906045,0.574732374380627,0.644569040802459
CX7A2,-0.553070460527961,1.13093027966652e-07,7.97646987011597e-07
CXAR,-0.126158798658399,0.0177435115292631,0.0330857745190416
CXB1,-0.794609668363568,2.93543542233512e-10,3.93226036783642e-09
CXCL6,0.625168538440594,0.00832314222800594,0.0172204718166025
CXCL7,0.27664792480684,0.228346402700985,0.298580044609524
CY1,-0.295317485030437,3.42730157130904e-05,0.00013356090365768
CY24A,0.362955708315535,0.0242514479302649,0.0432657045618321
CY24B,0.213793942518955,0.0679036579299134,0.106255247330605
CYB,-0.583689482211367,0.00395816990262285,0.00895900233752945
CYB5,-1.39226301153974,1.42103113192209e-14,5.83227458186747e-13
CYB5B,-0.572786857581339,9.91403003498381e-08,7.11596797673815e-07
CYBP,-0.124001175317664,0.00513717320738783,0.0112385677539565
CYBR1,0.713343015178352,1.6184356824136e-05,6.83891003587258e-05
CYC,-0.181691597235783,0.220992250738336,0.290489984105111
CYFP1,0.130741133070984,0.00090744755615497,0.00243458461171479
CYFP2,-0.463061590380631,2.12519715910456e-05,8.70845527331428e-05
CYGB,0.50890828791102,0.00017439798516898,0.000561625564926482
CYH1,0.2325342852136,0.055870809704798,0.0896069772775351
CYHR1,0.525026488809479,0.00106067861324785,0.00279228801768011
CYLC1,1.91587957000032,0.00144492655911369,0.00366504054244616
CYLD,0.323658291026245,0.140217716926356,0.196498347948377
CYR61,0.637702049063054,3.47480368104501e-11,5.94491911373465e-10
CYTA,-1.03708767830947,5.70375918070536e-08,4.31896033742125e-07
CYTB,-0.129019185729329,0.0816481305859316,0.124015152677372
CYTC,0.312092395898013,4.93107601592081e-06,2.35301067030581e-05
CYTSA,0.588594478438947,2.05258027185363e-11,3.7980118411565e-10
CYTSB,0.676402823847944,7.58984914210664e-10,9.20806226108409e-09
D19L1,-0.232960315126551,0.012304997271625,0.0240820630688035
D19L3,0.278652099662679,0.00044374082634461,0.00128493717842717
D2HDH,-0.490686157481206,9.78706973254942e-07,5.49845841275632e-06
D39U1,-0.230447746497605,0.00187439260735358,0.00464295773943506
DAAF5,-0.00126613049591369,0.986737954616132,0.989603822280666
DAAM1,-0.0790250962263907,0.357202658638629,0.433224727138582
DAB1,0.748584887279576,0.0158654190190937,0.0300445995061122
DAB2,0.576063498421625,8.69324884912348e-11,1.33619737290512e-09
DAB2P,0.72424337872263,0.00022678249779887,0.000706567775765866
DAD1,-0.70112583389733,4.97310187712767e-08,3.82958623591987e-07
DAF,0.403960267885876,3.24801249777194e-06,1.61271971897093e-05
DAG1,0.0289283668262033,0.619549917082906,0.685290895563773
DAP1,0.104281635047581,0.432443890982306,0.508029394460943
DAPK1,0.17876052627366,0.118347556938325,0.169860444444962
DAPK3,-0.0155332509643844,0.928207699242173,0.945178352853206
DAXX,0.114380352327309,0.127413644722056,0.181259708560811
DAZP1,0.0940874004017773,0.332313098753161,0.408625955375202
DBLOH,-0.0302230598896177,0.688824121101371,0.748376079754742
DBNL,0.363926856930323,5.03399957994848e-07,3.03455787178769e-06
DBR1,0.331873721692472,0.00107333099877067,0.0028200097931274
DC1I2,-0.191306176859979,0.00013010812975548,0.000432535256007447
DC1L1,-0.0772457338967702,0.140366442136678,0.196671049124134
DC1L2,0.309977074248953,8.55224392948242e-08,6.22538812829117e-07
DC8L1,-0.215148009680297,0.121948368991449,0.174606349069961
DCA11,-0.409250801211303,5.39857595093517e-08,4.12021879697485e-07
DCA13,-0.0922196183977986,0.382219706698794,0.458858078688384
DCAF5,0.745535092591112,1.41436867419814e-09,1.60489245442836e-08
DCAF6,0.10492435444871,0.325130843131036,0.401008565472998
DCAF7,0.0672477045491507,0.361643654123364,0.438197618595458
DCAF8,-0.17566383400311,0.00233344349108757,0.00564061716078687
DCAKD,-0.309873496197122,0.00011882780274852,0.000398468199047188
DCDC2,0.41931775121409,0.13488292734563,0.190335893818376
DCK,0.744118890739946,9.59096162234881e-06,4.27520854292567e-05
DCLK1,0.548250172058174,3.66447135565735e-05,0.000141658622145552
DCMC,-0.62589513227365,6.09570570879043e-14,2.13904215271483e-12
DCNL1,-0.0807790765422251,0.0489019249291046,0.0797057990606192
DCNL3,0.425011280007315,2.44428970754332e-07,1.59426368414237e-06
DCNL5,-0.233378856000765,0.0328153707417666,0.0562674223652158
DCP1A,-0.176622770946684,0.00801060597767958,0.0166738159492246
DCP1B,-0.338658307821616,0.00270063125381125,0.0064176380518656
DCPS,-0.0884930667674997,0.27693417340357,0.35162482836629
DCTD,-0.254190080243039,3.99340277915936e-06,1.94527120227232e-05
DCTN1,0.104866668996826,5.30515021814255e-05,0.000195298373488492
DCTN2,0.0162695215349073,0.707959509108909,0.766037802872576
DCTN3,0.248696340937138,0.0300418551432704,0.0520554579576632
DCTN4,0.13099542733819,0.00233804457260558,0.00564996928350287
DCTN5,-0.00159618008749859,0.981277506044994,0.985539916714087
DCTN6,0.400227498163687,0.204792864552345,0.272398162883278
DCTP1,-0.0821466563800245,0.420735129651267,0.496694042287206
DCUP,-0.376049173016618,7.52188435299052e-09,7.14764281621612e-08
DCXR,-1.37094429697534,5.04187714735591e-17,3.96970653765288e-15
DD19A,-0.0622073866555409,0.0614633172246849,0.0973421501858926
DD19B,0.21991999787558,0.047581592758246,0.0777508618641733
DDA1,0.256441879033527,0.139793680265435,0.196046535246837
DDAH1,-0.497956680953608,2.39237242133045e-09,2.54966099488753e-08
DDAH2,0.0178121877578242,0.797529773361499,0.841249450616176
DDB1,-0.347088462838225,3.07863143792083e-11,5.41109798974877e-10
DDB2,0.118826150739987,0.17328741991019,0.236067396191212
DDC,-0.261427310572482,0.0369827310615842,0.062414425387398
DDHD2,-0.341156884329403,0.0132408742666152,0.0257022857462146
DDI1,-0.016810070165812,0.950307841800738,0.962474141275771
DDI2,-0.390733711281786,6.11817721948597e-06,2.85243839429328e-05
DDRGK,-0.306490905978812,4.33169119595427e-08,3.36250797464619e-07
DDTL,-1.23413462218486,1.96331422083377e-12,4.82450080508069e-11
DDX1,0.0551873229666298,0.233756133294724,0.304659624789427
DDX10,-0.0782422831776376,0.472019352405504,0.54719070359989
DDX17,0.167221745287831,0.00015138662126388,0.000494328891101184
DDX18,-0.145095695440263,0.00051939979178971,0.00147939785657047
DDX20,0.0219401792370721,0.781266540503625,0.827601953119985
DDX21,-0.128372595270245,0.00148675051582864,0.00376246867173952
DDX23,0.224074858958479,1.84674637040682e-06,9.77331618248218e-06
DDX24,0.298174990420299,0.00881605515872116,0.018077247303931
DDX27,0.0171765011359639,0.753441475543657,0.80508993564532
DDX28,-0.263862515522691,0.00731344311380516,0.0153761654131119
DDX3X,-0.15169908557158,0.00075544891873464,0.00206337835644477
DDX3Y,0.00736631786836996,0.925833045891309,0.944188181614769
DDX41,-0.143610231171053,0.190679336585204,0.255875088885467
DDX42,0.321857689651465,1.12541487758984e-10,1.65089376339985e-09
DDX46,0.106309453996797,0.0185072845932931,0.034294478367399
DDX47,0.133124206220832,0.132268010670953,0.187159356379438
DDX49,-0.642613783074935,7.30385547092672e-07,4.2341509251443e-06
DDX5,0.0167088218537691,0.664008911955611,0.725398947281537
DDX50,0.201350312368516,3.23702542583304e-05,0.00012704419219597
DDX51,0.301448345184579,0.127557664379054,0.181425795087333
DDX52,-0.188799683827603,0.0227517010108539,0.0409044092112112
DDX54,0.119338911080862,0.0698243659134121,0.108731545386052
DDX55,-0.0578993873217934,0.404987315813889,0.481417675060848
DDX56,-0.0907003476445857,0.301750765038507,0.376383592472861
DDX58,0.179806565477597,0.00531565534092813,0.0115602019759305
DDX6,-0.0354127681774179,0.345078682896387,0.421501839042033
DDX60,-0.155319209212041,0.0981059895095478,0.145044225916013
DECR,-0.431684998277345,0.00036753805156751,0.00108697723491564
DECR2,-0.523395346522651,2.45720457296218e-06,1.26230296171612e-05
DEF1,1.81518355278748,0.00121431909934283,0.00315053334584038
DEF3,1.4997734476263,1.92444431200607e-05,7.98333995238647e-05
DEF4,0.123080789761115,0.212578133647442,0.280737167499486
DEFB1,0.949768733384147,0.0170110697272984,0.0318585956349113
DEFI6,0.364131992915809,4.99700172048373e-05,0.000185547068666237
DEFM,-0.0225013338244795,0.786102460499787,0.831811106036253
DEGS1,-0.140459330114636,0.305978075985363,0.380549135122995
DEK,0.265632522794893,2.07891619838636e-05,8.54148955630945e-05
DEMA,0.16762896964377,0.150374459343378,0.208601468909398
DEN1A,0.00907910565453339,0.92461942705839,0.943574064169096
DEN1B,0.0514375348976277,0.411521919214693,0.487533107425237
DEN2A,0.306226069807185,0.0822204113385336,0.124546261942018
DEN2D,-0.316807260381201,0.00100052215808313,0.00265384289163611
DEN4B,-0.168494421308246,0.0299742365346128,0.0519733054159713
DEN4C,0.178884153858439,0.0662955480999174,0.104055420898894
DEN5B,-0.300266668792799,0.0338843339492485,0.0579046770947214
DEN6A,-0.160205115601389,0.386615343084398,0.463649982474233
DEND3,-0.11030042896202,0.321981424826089,0.397314676788438
DENR,0.115106508147046,0.0899818366765139,0.134703949387925
DEOC,-0.73661526527863,2.67868301613433e-06,1.36697871378919e-05
DEPD5,0.295388021830081,0.163490286159496,0.22434484225621
DEPD7,-0.174805229908613,0.0553196835720308,0.0888338560752944
DERL1,-0.602009264568767,1.36621020363029e-07,9.4714087432267e-07
DERM,0.728772100954672,5.52225522029692e-09,5.42108413229148e-08
DESI1,-0.362796404453199,0.00056681067888054,0.00159792151927009
DESM,1.08790474743316,0.0114898532040843,0.0227089414248756
DESP,-0.0249323752865395,0.617556440403061,0.68375168519874
DEST,0.0918473961004154,0.357500733288001,0.433518098074841
DFFA,0.0807940819582424,0.0457911129762357,0.075271458825018
DFFB,0.0480840946967936,0.731056206424423,0.785958826947139
DFNA5,0.228488718025306,0.00205899230837213,0.00504675497185494
DGC14,0.304511041809953,0.0551696189885108,0.0886666902968859
DGCR8,-0.110899059281636,0.186300217032388,0.250778397511611
DGKA,0.465731078947695,0.00105556706636654,0.00278358013810124
DGKQ,-0.529872907596156,0.0174076971328136,0.0325224675730726
DGLB,-0.328006905854703,0.061684357954888,0.0976321037907519
DGUOK,0.255719462369669,0.0414168707928276,0.0688491363363237
DHB11,-0.606907416353286,8.79016403692443e-10,1.04506788457487e-08
DHB12,-0.216442448135617,6.97179108665783e-05,0.000248817483925309
DHB13,-1.17179544477662,4.0155955841169e-13,1.16046200475828e-11
DHB2,-0.0143581497961048,0.842199540652946,0.876387276558076
DHB4,-0.416697086361654,3.92175646281019e-07,2.43054400538501e-06
DHB7,-0.498054749810602,8.58217245778616e-06,3.8612269786751e-05
DHB8,-0.521543280387895,6.07410363260094e-09,5.88791251622473e-08
DHC24,-1.07300236008918,2.4652805747092e-11,4.4548255068984e-10
DHCR7,-0.908618486200148,2.48264984513752e-09,2.62412687740837e-08
DHE3,-0.814144319944778,8.43113419905976e-12,1.76778889891155e-10
DHE4,-0.0146223810965527,0.786683300993217,0.832083392798309
DHI1,-0.924604645554644,5.08083098704313e-15,2.39046901805029e-13
DHI2,-1.52321165226588,5.77134814401556e-07,3.4347923647833e-06
DHPR,-1.02426931875504,7.72003837256499e-23,4.58213969867011e-20
DHR11,-0.129160341431097,0.0086872483697744,0.0178463281206548
DHR13,-0.219875403382057,0.0547584832795566,0.0880426040810708
DHRS1,-1.18237067413979,3.8598230471166e-15,1.88496168554125e-13
DHRS2,-0.896794961023841,0.00123775155512054,0.00320271327944671
DHRS3,-0.275937941179246,0.00014800427378081,0.000484720278647169
DHRS4,-0.669776046438899,8.33824818629352e-12,1.75786674878254e-10
DHRS7,-0.200698942821685,0.00246591165748746,0.00591450865687698
DHRSX,-0.0557107113381435,0.559458214174376,0.630094815438547
DHSD,-0.781426862858372,0.00079515640667063,0.00216036156122204
DHSO,-1.34453879292348,1.38118993934462e-21,5.32863078599154e-19
DHTK1,-0.452883207056938,2.78695032719334e-06,1.40549730226299e-05
DHX15,-0.0321135416493955,0.247842184150469,0.320058626427618
DHX16,0.235016257907526,0.0250313694317863,0.0444413360643495
DHX29,-0.00323378072524561,0.950060901185861,0.962409073591979
DHX30,-0.39891945492032,7.69329744199719e-08,5.64809543886302e-07
DHX35,-0.0935371902100641,0.239055185383994,0.310269101837325
DHX36,0.00921959596926979,0.845762623077876,0.879146490592603
DHX40,-0.13913677892717,0.339575410805616,0.415965053147505
DHX57,-0.275734173301689,0.00173781042105532,0.00433665757078359
DHX8,0.0282650226586677,0.707755001926182,0.766037802872576
DHX9,0.121357627329268,0.00059065490151517,0.00165787312480577
DHYS,-0.544114402209474,4.82044263151834e-07,2.92180167673178e-06
DI3L2,0.180986748753549,0.00829777183022251,0.0171788589863152
DIA1,-0.373137018397324,0.00362040472372975,0.00831435525109172
DIAC,0.292408366769369,0.00118021465601085,0.00307030892979761
DIAP1,-0.28506244266817,2.03826729473905e-14,7.90315097799322e-13
DIAP2,-0.0709951325984862,0.0875813055123717,0.131704804781419
DIC,-0.542171856999206,2.66530243920512e-11,4.77157160577882e-10
DICER,-0.268053457424855,0.00042106159485542,0.00122554178268745
DIDO1,0.023422858457403,0.679140046061666,0.739103610072188
DIM1,0.38041804984028,0.00058341765341944,0.00163934836627254
DIP2A,-0.00720411448321504,0.893764897206617,0.918158693495707
DIP2B,0.0999953391344505,0.0459708214920682,0.0755185988147324
DIP2C,-0.187404177554235,0.472120542991465,0.547225793859418
DJB11,-0.150602566871474,0.0511093159260443,0.0827964479708918
DJB12,0.583962847703023,0.0014354817617019,0.00364467827354125
DJB14,1.17987088296449,0.0701995038091906,0.109139506627386
DJC10,0.415518557862919,1.04967999626866e-07,7.47170742731456e-07
DJC11,-0.28967986135167,7.69961364393512e-06,3.50916827386907e-05
DJC12,-0.379171782612882,0.00049463699556548,0.00141744996620281
DJC13,-0.00307687052052705,0.92773372811867,0.945127204405025
DJC16,0.263600552538319,0.0760746955444913,0.116744699845126
DJC17,0.276844418938187,0.0025660230472949,0.00613175405169633
DJC21,-0.273499180004048,0.0106413720705526,0.0212112701876476
DJC25,-0.140234189213019,0.048582435391655,0.0792185273630621
DJC30,0.0742450975310545,0.549591977970519,0.621523040014733
DKC1,0.545629394765977,0.00116521105810162,0.00303537087248889
DLDH,-0.272146245998414,0.00010041714314353,0.000344332728735687
DLG1,0.119766514782791,0.0256968300741201,0.04549718697841
DLGP4,0.306266906748336,2.81843431937441e-05,0.000111982694172466
DLP1,0.142263115270432,0.100041430290403,0.147397303059146
DLRB1,-0.140351999881055,0.0524968352481685,0.0847417533001816
DMA,1.22036091366843,0.00111264831904977,0.00291122225492982
DMB,0.501338248520646,0.00208053917753049,0.00508664141122473
DMD,0.222027991764791,0.00059218326494082,0.00166155857173941
DMPK,-0.182496535304447,0.0752069627798146,0.115666120153289
DMXL1,0.724204953710098,0.0232255607401591,0.04165700294539
DMXL2,0.00777389897848718,0.96120480498234,0.969857511431257
DNJA1,-0.430842971564186,7.43943046618987e-08,5.47735166766422e-07
DNJA2,-0.302862975319472,7.76584945069485e-11,1.21298166723809e-09
DNJA3,-0.421654730150982,3.06415400795094e-06,1.53128318169362e-05
DNJA4,0.410934777923984,0.3057648563786,0.380467929659293
DNJB1,-0.495167101000445,4.43109166354959e-10,5.67003371077092e-09
DNJB2,0.506412034589553,0.00013917688029298,0.000458339226777906
DNJB4,0.0657694365785544,0.378201223251091,0.455541779363943
DNJB6,-0.254814118868053,0.0896085743849467,0.134282338309235
DNJB9,-0.639453529324528,0.0358000301428301,0.0607324838828108
DNJC1,0.151938026431434,0.0104983525441768,0.0209803906321855
DNJC2,-0.142022566521414,0.100655140823334,0.148131807475271
DNJC3,-0.190675537454377,0.001752065192447,0.00436799193050761
DNJC5,-0.218264122334044,0.165077310112239,0.226200768038721
DNJC7,-0.235630264312202,2.36115546742584e-06,1.22027297968237e-05
DNJC8,0.586590865010601,1.74355894702842e-07,1.17393550045997e-06
DNJC9,0.339325550262228,4.5619240208186e-05,0.000171455459058141
DNLI3,-0.100981683229781,0.249048548108575,0.321347591505981
DNLZ,-0.0702024524310487,0.345170050554698,0.42154670941438
DNM1L,-0.0163551100108262,0.643419212033797,0.705703289275448
DNMBP,0.0466056051439941,0.462939822540992,0.53836377855709
DNMT1,0.809190510708441,0.00032653037962822,0.000979210419436978
DNPEP,-0.441815962289753,1.08785839353091e-11,2.19162281057037e-10
DNPH1,-0.211504433078911,0.00896132014348988,0.0183167009873293
DNS2A,0.12623546653059,0.294435127894573,0.369288271592088
DNSL1,0.382850932232453,0.102734619223863,0.150617579694343
DNSL3,0.678882291742058,0.061190185951646,0.096929475426586
DOC10,-0.0598785404137011,0.49956213672228,0.573263153918666
DOC11,0.149535129357721,0.0147747030896194,0.028253186874722
DOCK1,0.179802744546561,0.00463934205836108,0.0102806327749322
DOCK2,0.226497432111836,0.00893742336806602,0.0182775400763311
DOCK4,-0.179666458055425,0.00273952007567255,0.00650604398396103
DOCK5,0.220875970436805,0.00164923798249077,0.00413703519925188
DOCK6,0.0701680976903794,0.507164403432142,0.581036456849652
DOCK7,0.163802696714224,0.00048399104580426,0.00139242166645252
DOCK8,0.22205644037191,0.00339090496022824,0.00784769726248383
DOCK9,0.0541941680033946,0.290644624013937,0.365127632512461
DOHH,-0.265411690674293,0.0277853236384003,0.0486810983637368
DOK2,0.327282663072368,0.00190477361918789,0.00470914234080543
DOK3,0.03458761221537,0.671265869921464,0.732186521390163
DOP1,-0.429684515692399,0.0168665141412691,0.0316273766142731
DOP2,-0.110109295992677,0.199305376527423,0.266108372605225
DOPD,-1.19141989010029,3.18264539419983e-11,5.5685469074027e-10
DOPO,-0.0278051702208699,0.717581394184658,0.77438573951452
DOPP1,-0.495711533538741,2.03050417417059e-08,1.72168903383519e-07
DP13A,0.130295680692638,0.00847455115946595,0.0174885361718211
DP13B,0.0986055087138939,0.122545642990053,0.175396435041968
DPA1,0.104755316136159,0.373410380062236,0.451038586812807
DPB1,0.318264773205957,0.00258894667471515,0.00618270273664565
DPEP1,0.501726509033182,0.00423234787448649,0.00949877725408312
DPH1,-0.0611250237162792,0.490058393684169,0.564455973379168
DPH2,-0.368972797869317,1.63915162025771e-06,8.73459523612465e-06
DPH5,-0.481178022927492,9.01780512523685e-09,8.43410719349425e-08
DPM1,-0.240730742467187,2.77139018127804e-05,0.000110283891896552
DPM3,-0.0660175276466683,0.339830448109603,0.416145332108189
DPOD1,0.115179769627373,0.562124903775786,0.632175449283481
DPOD2,0.312862630380861,0.00282446195123073,0.0066912951844324
DPOE4,0.0282013595245063,0.834362254919437,0.870344620651396
DPOG1,-0.450225719700815,0.0001621056874509,0.000525328636863143
DPOG2,-0.693044853581505,4.78439240747014e-06,2.28725971598758e-05
DPOLB,0.117433073335362,0.199701005902842,0.266590477776182
DPP2,0.0741354671242926,0.473290177489653,0.54816977026571
DPP3,-0.242934142865252,5.28681380691931e-05,0.00019490231884467
DPP8,0.310942668984743,0.262498371699857,0.336096803663538
DPP9,-0.381117217633927,1.86268833139896e-08,1.60228574861476e-07
DPS1,-0.391122101440624,0.00029896646570601,0.000904992251623214
DPTOR,0.283940731625055,0.00319981443581352,0.00747495252398944
DPY30,0.474304163346052,8.08830082008634e-05,0.000283936893211038
DPYD,-0.541001305249458,3.61918710165746e-10,4.69338616409899e-09
DPYL1,0.43702954119473,1.72414687737569e-07,1.16391227522579e-06
DPYL2,0.507259824396168,3.97272081345749e-07,2.45818073750104e-06
DPYL3,0.719671486176376,2.05622100961142e-10,2.8794557731691e-09
DPYL5,-0.80199215639739,0.00060051798788883,0.00168005685081589
DPYS,-0.932611528614105,8.15365478441313e-14,2.79534931351677e-12
DQA1,0.450149689343311,0.00073812532137056,0.00201963651762243
DQA2,0.633696241988703,0.0168178812315116,0.0315657435130974
DQB1,0.65628675839455,1.20497111137191e-05,5.2558265095227e-05
DR4L2,-1.39565676040029,2.23783184165515e-08,1.87482198590783e-07
DR9C7,-0.17010580789047,0.423436807957139,0.499196090175292
DRA,0.315897739662198,0.0128972012296629,0.0251046429586476
DRB3,0.735918105926046,0.0150491551120997,0.0287139665788727
DRB4,0.923905992646098,0.0322832504761385,0.0555277665345262
DREB,0.873016248468145,1.5689251291755e-10,2.25280671553397e-09
DRG1,-0.462190559538106,4.03078122329968e-11,6.79762568791874e-10
DRG2,0.0350467162679756,0.719365475019642,0.77576855419309
DRS7B,-0.125725151935489,0.0213554626087029,0.0387077165818068
DSC2,-0.0058569783929761,0.957033474581009,0.967060017007211
DSCR3,-0.128267001956927,0.0460158331891937,0.0755764514448315
DSG2,0.0524381534978887,0.394908700125124,0.471908863274811
DSN1,0.774492324449532,0.0210423362681163,0.0382479780081944
DSRAD,0.180226806123357,9.94153254189645e-05,0.000341383467259782
DTBP1,-0.11610920135794,0.260426075563158,0.334017220585992
DTD1,0.947244226015276,0.0102976465192,0.0206380884525058
DTNA,0.564082526036738,1.04799570890606e-07,7.47170742731456e-07
DTNB,0.157874152898675,0.22646103394929,0.296416172680699
DTX3L,-0.113025661421707,0.00486590076414812,0.0107302915965038
DUS12,0.284792458886608,0.0007584417645126,0.00207081976467771
DUS23,-0.0701543555650442,0.165398717056868,0.226560713795632
DUS2L,-0.520971311085229,1.2359865089536e-10,1.80622573922083e-09
DUS3,-0.169631302958774,0.00412768362925,0.00928819098375416
DUS3L,0.132746600217217,0.600285642230898,0.667446121026844
DUS6,-0.121677230581172,0.20454815439903,0.272119579197054
DUT,0.343138304533447,0.00031435375749225,0.000946742229824434
DVL1,0.459679216320176,0.0151268650806028,0.0288479710731417
DVL2,0.550402282539248,0.0183404624934434,0.0340475662663318
DVL3,0.348754777462009,0.00478448069019096,0.0105749220869417
DX39A,-0.107890033294095,0.0534022281739677,0.0860772075601284
DX39B,-0.0964845156520005,0.330542162827466,0.406642750060065
DYH10,0.341312901776583,0.0117023410130808,0.0230484457464153
DYHC1,0.0882515252286318,0.0013384608636472,0.00343108439332286
DYHC2,0.195369018089579,0.0465931087092826,0.0763944808331544
DYL1,0.484030859807615,3.00295250601506e-06,1.50361982715199e-05
DYL2,0.686828583946156,0.00242227252018771,0.00583159275062976
DYLT1,0.00131802102347878,0.989277158793274,0.991759369026901
DYLT3,-0.0541371971269857,0.618111195974635,0.684169557902781
DYM,-0.00649192631968443,0.976416235042471,0.981888136268436
DYN1,0.255113948393278,0.0047151041035839,0.0104275561086997
DYN2,0.0326369040670479,0.242480473131998,0.314080800853869
DYN3,-0.119734648070184,0.248092320041777,0.320328035716592
DYR,-0.066966771123985,0.304417546028538,0.379097124783118
DYR1A,0.37515734512041,0.0124717687026555,0.0243687433045555
DYSF,0.054262252197483,0.301104698240617,0.376064074396989
DYST,-0.031625275082521,0.401968890656505,0.478493051574451
E2AK2,0.231337782245838,0.00068175580187179,0.00188748753758261
E2AK4,-0.288796767783956,0.00372470363663563,0.00852307629308438
E2F4,0.0444752577433071,0.642989902568365,0.705352919616961
E41L1,0.529232256824805,2.68273357790564e-06,1.36723727127608e-05
E41L2,0.451927961387212,1.17364605547159e-08,1.07424115824659e-07
E41L3,0.216004059227272,0.00451680022329168,0.0100408039535922
E41L5,0.0197389152712086,0.802515115234396,0.845698802123545
E4F1,0.102945634019839,0.707925935155484,0.766037802872576
EAA1,-0.13834921974181,0.274623156749593,0.349438040481507
EAA3,-0.714977836132697,4.59339441897976e-05,0.000172360680098397
EAF6,0.505217176082896,0.00047054377919794,0.00135829248046813
EBP,-0.960239603740249,0.0100407582303895,0.0202019531957459
EBP2,0.393886221711299,2.32658099025285e-05,9.42851834075157e-05
ECD,-0.224572540370602,0.117925387313912,0.169405547264846
ECE1,0.244354929156941,0.036571159038088,0.0617874016067193
ECH1,-0.394962959371951,0.00216403287548753,0.00526740620418353
ECHA,-0.448592297652852,1.39140883409208e-06,7.55000742887095e-06
ECHB,-0.296256517373495,0.0007804850827845,0.00212274335522214
ECHD1,-0.519868952185734,2.81143839805435e-14,1.06862358026539e-12
ECHD2,-0.719882600208703,4.9079320443391e-11,7.93912026291834e-10
ECHD3,-0.382963783933643,0.0053092895147234,0.011549613164817
ECHM,-0.778228765575179,2.49558957137386e-08,2.05500588314609e-07
ECHP,-0.454155884867659,2.73509584316389e-06,1.38659655228992e-05
ECI1,-0.4166225108001,4.47941276952227e-05,0.000168784027270589
ECI2,-0.419050180072354,0.00071162178470307,0.00195613597818628
ECM1,0.43042766182508,0.0154887501690969,0.0294435073428804
ECM29,-0.211845786722893,2.47548540446537e-06,1.27000301734407e-05
ECP,0.384091815694308,0.00353185492846835,0.00814347586021685
ECSIT,-0.342715162426516,0.00038502649639133,0.0011343506858173
EDC3,-0.218592721839133,0.0408456532011619,0.0680261299590255
EDC4,0.389972031013256,1.13691145703109e-06,6.27048520546954e-06
EDEM2,-0.206515701108237,0.00810280808574919,0.0168294124332815
EDEM3,-0.0438792039401553,0.720445541996295,0.776716194221519
EDF1,0.363783356498741,1.07483022099767e-06,5.96646761526476e-06
EEA1,0.204859380594531,2.17184891929602e-08,1.82548869948672e-07
EEPD1,-0.07521907190928,0.433149049193466,0.508640686925152
EF1A1,-0.257894073819561,9.48473774952131e-08,6.85887876994437e-07
EF1A2,0.673691189834153,0.00404316099732544,0.00912994739694559
EF1A3,-0.101975418904216,0.250300510686913,0.322855021808796
EF1B,-0.406206842541509,7.09702040345474e-08,5.25533679779815e-07
EF1D,-0.0976512454530551,0.0414338485027263,0.0688571128681964
EF1G,-0.122741622016478,0.0024410678084139,0.00586403462320101
EF2,-0.53605290024021,1.0458598087192e-15,5.61870754869536e-14
EF2K,0.344346760909984,0.0111219729386623,0.022060962260853
EFGM,-0.595117871800353,3.34520618209122e-15,1.64405164974623e-13
EFHD1,-0.394059695533535,0.00085982677864845,0.00232053984751712
EFHD2,0.458242347876733,0.00025941259404866,0.000796179800612023
EFL1,0.315561593284447,2.73241672770988e-07,1.76134732422802e-06
EFNB1,0.145020023343868,0.0665631590244568,0.104432967676435
EFR3A,-0.350815170723239,1.42947337356931e-05,6.117480061265e-05
EFTS,-0.234950061972788,0.00553026439228941,0.0119729293072124
EFTU,-0.297497828301649,6.15030343081109e-10,7.61729394416346e-09
EGFL7,0.790515165242259,4.81098461051205e-07,2.91836141939552e-06
EGFR,-0.413903817012201,1.30263821499194e-09,1.48685746551447e-08
EGLN,0.593581333094996,1.58830317746006e-09,1.76844838633215e-08
EGLN1,-0.0255788278833327,0.729463473276244,0.784574875912949
EH1L1,0.107537901571526,0.14489324812761,0.202315653737358
EHBP1,-0.0393068740006787,0.423242094897857,0.499119059182617
EHD1,-0.109141212962914,0.0142283819600831,0.0273781035421449
EHD2,0.110077215250396,0.145685576021973,0.203201356577286
EHD3,-0.405597061525095,2.16377566897392e-07,1.4269823129746e-06
EHD4,0.382000941727078,3.91905366432472e-07,2.43054400538501e-06
EHMT1,-0.165178751058652,0.234218056170778,0.305017134415818
EI24,-0.67362064284165,3.2045204170015e-06,1.59420242021815e-05
EI2BA,-0.103024888696366,0.0286404596005153,0.0499863800673097
EI2BB,-0.0923292364768544,0.332966163670442,0.409233341650387
EI2BD,-0.0225254798830392,0.553812575942859,0.625105008188283
EI2BE,-0.0427507847659283,0.488349986739091,0.563076583634015
EI2BG,-0.212426151655033,0.0014257588774603,0.00362476293195508
EIF1,-0.322660797877327,0.00401596610476766,0.00907384903788793
EIF1B,0.092553859851552,0.0581188359204131,0.0927305496199147
EIF2A,-0.157118754213842,0.00028195664095728,0.000858215953304289
EIF2D,-0.0356590969855345,0.543526509851966,0.615565910761452
EIF3A,-0.11072136682906,0.00100874699502559,0.00267198483131392
EIF3B,-0.322611193513738,6.1120692650756e-10,7.58211036162755e-09
EIF3C,0.0395020055175322,0.339557808415709,0.415965053147505
EIF3D,-0.0140481519348673,0.736209971543852,0.790618808689264
EIF3E,-0.234306332025501,1.08584768200864e-12,2.85952242811559e-11
EIF3F,-0.238324634086489,7.45063059199498e-05,0.000264074715883478
EIF3G,-0.11994707952655,0.081097335496944,0.123348519750526
EIF3H,0.00736631786836996,0.894937472531697,0.918873923892824
EIF3I,-0.295879332520535,3.09580874609938e-13,9.36755305290306e-12
EIF3J,-0.451007966068774,1.81864200569366e-09,1.99044563346557e-08
EIF3K,-0.304239999954628,1.04466003625436e-05,4.61396499126425e-05
EIF3L,-0.229543626093474,8.42172648956109e-06,3.79789839821469e-05
EIF3M,-0.490022726638989,1.83869072767602e-11,3.42689315332081e-10
EKI1,-0.422465535769404,3.88581476448e-05,0.000149094712693822
ELAV1,-0.0246132952084292,0.561382008905834,0.63152406775294
ELL2,0.131059981961249,0.488552055756211,0.56322540896682
ELMD2,-0.355752651593808,1.76798335340374e-05,7.41399975807786e-05
ELMO1,0.178921112625767,0.00149139588674855,0.00377051463373257
ELMO2,0.146109058026665,0.0345868144979252,0.0588861122387447
ELMO3,-0.200376286763319,0.0671483053340165,0.105244022741676
ELN,0.226795807140157,0.0442356576043724,0.0729945111367274
ELNE,0.558481205695926,0.023892731305553,0.0427146234368969
ELOA1,0.178574427665678,0.0605047393031354,0.0959421636792011
ELOB,-0.360812608293237,2.96078740408434e-07,1.88493693151112e-06
ELOC,0.037619781456125,0.564296803644557,0.634433066723212
ELOV1,0.758879628222736,5.24628579678887e-09,5.18314228015658e-08
ELOV2,0.158546435442158,0.434507389182024,0.509987681005247
ELP1,-0.337220121261975,2.80532862934303e-10,3.79087840700715e-09
ELP2,-0.126713887752558,0.0689477368560688,0.107627096415421
ELP3,-0.0106108581230921,0.834765027737435,0.87041175054352
ELP4,0.182622385489895,0.0559768464845219,0.0897397356066011
ELP5,-0.484833139072062,1.52632292435193e-08,1.35680964104833e-07
ELYS,0.0478133610315242,0.294527201838853,0.369343716786704
EM55,0.168974433220535,0.0213962006829472,0.0387724482079898
EMAL1,0.159795790041917,0.0164642838851666,0.0310531445753961
EMAL2,-0.106738256823841,0.00602808414922822,0.0129453652366949
EMAL3,0.156386260741451,0.0188858205945325,0.0348953524203575
EMAL4,0.122500446444582,0.0191280769047976,0.0352704555524171
EMC1,0.12800166464935,0.0920430366015533,0.137290560683856
EMC10,0.0158600530784338,0.868432896995,0.89823434761574
EMC2,-0.0303770453840965,0.628254727689501,0.69256642683264
EMC3,0.330805042512297,0.00013699416859309,0.000452309373069868
EMC4,0.218158706637337,0.144925282714716,0.202323770838927
EMC6,-0.0346439518649624,0.748710213190636,0.800921669898648
EMC7,0.375514364852251,0.0818986755536894,0.124274875751635
EMC8,0.121669274513093,0.0092043634656753,0.0187291319887001
EMC9,-0.327583900264006,0.00395457503122589,0.00895349206013467
EMD,0.214431967199363,0.022254742072655,0.0401490740782338
EMIL1,0.561354489013054,1.99561090317211e-08,1.69769941883969e-07
EMIL2,0.773895923541683,6.12873879102388e-11,9.83146538701461e-10
EMIL3,0.310546038998355,0.381761764556863,0.458630358656244
EMSA1,0.372801693291746,0.00266815221747373,0.0063539751611218
EMSY,0.96873442837848,0.00171388516842351,0.00428388012943175
ENAH,0.339984505663319,3.76863218111095e-05,0.000145103622302655
ENASE,-0.191858233938505,0.0278034969283536,0.0487018802041263
ENC1,0.51140630214469,0.0603699572800649,0.0957481172400783
ENDD1,0.264827042476309,0.0117797344245447,0.0231809310940543
ENDOV,-0.40574844193341,0.00247078621546591,0.00592251830957905
ENL,0.496099265272724,0.00717369065591843,0.0151152913984344
ENOA,0.586080636868071,1.68266063911071e-10,2.40433509099597e-09
ENOB,-0.452504769250058,0.00290170737141658,0.00684277936364619
ENOF1,-0.753002004005434,1.32279538759792e-13,4.36183299602801e-12
ENOG,0.838588779142533,1.76182458201975e-07,1.18519951829681e-06
ENOPH,0.158539972678364,0.0103386319503331,0.0207148491635342
ENPL,-0.294013108495995,7.44967690405501e-07,4.30897353760783e-06
ENPLL,-0.303798279554625,1.30780896041275e-06,7.14158098976984e-06
ENPP1,-0.503195043065117,5.49661464774687e-10,6.89624042634388e-09
ENPP4,0.0856299639348755,0.306298659682432,0.380886455779153
ENSA,0.487455478225644,2.51564668299804e-09,2.64812139236192e-08
ENTP1,0.577610097699575,3.87519443326386e-10,5.00016726539531e-09
ENTP5,-0.506980667200607,1.10327013892454e-05,4.842339244563e-05
ENTP8,-0.621048937052491,4.38392974404483e-05,0.000165918486488544
ENY2,0.284182441084861,0.0151365892666492,0.0288593829457537
EOGT,0.200324805775499,0.282579608265247,0.357440042192565
EP15R,0.129872505348707,0.0564879456157061,0.0905026969208447
EP300,0.436393206440252,6.28863646200789e-05,0.000226743546452584
EP400,-0.207000728022155,0.0229612649863227,0.0412500862944042
EPAB2,1.13710935185283,0.0160629845767801,0.030392836928503
EPB42,0.554450346305348,0.00017064023350506,0.000550903783148554
EPCAM,0.513086431134161,3.74769184587869e-06,1.83484709916243e-05
EPCR,0.650148755303941,2.07425553643669e-08,1.75492935516946e-07
EPDR1,1.02760420405767,3.02217181495426e-05,0.000119157269924308
EPG5,0.220544176091914,0.353099021948058,0.429192194919851
EPHA2,0.318121286859485,0.104078900210212,0.152270154346226
EPHA3,0.747490522343779,0.00319754330855666,0.00747495252398944
EPHB2,1.20146072737651,0.00198161150277003,0.00487878569092966
EPHB3,0.303086334314419,0.225918646610164,0.295856801976243
EPHB4,0.324682742146277,0.059067329690153,0.0940106262147732
EPIPL,0.267933645390816,1.94337868235009e-05,8.05322766542067e-05
EPM2A,-0.300920282394854,0.00091085506137883,0.00244287718234239
EPMIP,0.00419214595062487,0.953926256630606,0.964931174116643
EPN1,-0.00759739030929278,0.86176591898897,0.892565728505268
EPN2,0.2592773085691,0.00858273679487809,0.0176598392291412
EPN3,-0.00551209318830184,0.9756208825745,0.981344118099966
EPN4,0.0531196797320594,0.501657759185401,0.575582344962759
EPS15,-0.0593262018955432,0.19225935401015,0.257726402978165
EPS8,0.480316830627465,4.6112368438221e-11,7.53819989129901e-10
EPT1,-0.0102327280729803,0.917646616182729,0.937822687478932
ERAL1,-0.183942515051034,0.0674300426334037,0.105578370324542
ERAP1,-0.119498281313021,0.254106061505847,0.327107502599118
ERAP2,-0.339058690316574,0.00161304346771289,0.00405151152241949
ERBB2,0.376464874418828,0.0600699341283598,0.0953316044879339
ERBB3,0.432422838685298,0.105358070587434,0.153908154610496
ERBIN,-0.31703541955476,1.27915676145613e-05,5.54804585238645e-05
ERC2,-0.12855868467224,0.108239363294331,0.15775876977315
ERCC1,-0.198299266636538,0.0818171004791644,0.124198455104708
ERCC2,-0.179930103461391,0.223496581557047,0.293232379407273
ERCC3,0.438475971726035,1.73476274951291e-07,1.17005501531832e-06
ERCC5,-0.167569884279707,0.0469788894415717,0.0769126057566661
ERF1,-0.364452529550799,8.30975024187028e-05,0.000290652914171673
ERF3A,-0.130066311332995,0.00428156822454429,0.00958693569953098
ERF3B,-0.238105697844533,0.0023005045110637,0.00557321595207771
ERG1,-0.598371875628757,2.84749146620151e-08,2.30306542486487e-07
ERG24,-0.735801158010483,3.76791005364581e-11,6.37570043287962e-10
ERG28,-0.524915196399442,3.55328527002672e-07,2.23448648276497e-06
ERG7,-0.952226944656821,1.19607798472564e-18,1.46491075081636e-16
ERGI1,-0.335506122976039,2.54227142372612e-05,0.000102220772826841
ERGI2,0.275573283592553,0.19138763134666,0.256691632795207
ERGI3,-0.211080743241145,0.0033495188448907,0.00777056145735918
ERH,0.164156811782312,0.0209841905114299,0.038178263142229
ERI3,-0.829382789745028,1.40389609294221e-14,5.79276056317759e-13
ERIC5,0.310676322456939,0.00368799490540647,0.00844408566472294
ERLEC,0.164492818799163,0.0499555725796863,0.0811659713676268
ERLN1,-0.171903662745223,0.00048198386602115,0.00138819989183247
ERLN2,-0.0266825147385018,0.790385003353783,0.834625795248089
ERMP1,0.174667192291573,0.00313234079933257,0.00733509608729897
ERO1A,-0.127711189757075,0.180249065308715,0.243786465893435
ERO1B,-0.652396545958132,3.90832118415935e-06,1.90864596563124e-05
ERP29,-0.432811924244887,1.97662924168008e-11,3.66626712230853e-10
ERP44,-0.306782519527944,7.15799472341305e-09,6.86100463178324e-08
ES1,-0.148922393763709,0.221929497470758,0.291424098448667
ES8L2,-0.242630551708941,0.00427997935914568,0.00958693569953098
ESAM,-0.0687038254777853,0.561302740710935,0.63152406775294
ESF1,0.222117046403457,0.127588199462776,0.181435780879981
ESPN,0.145496169581807,0.251729686585695,0.324318961712343
ESRP1,0.2454007375434,0.0859197139588013,0.129281691284343
ESRP2,-0.180262457272218,0.00694608896942004,0.0146999513132323
EST1,-1.33852025846763,5.96757943165732e-14,2.12192824399391e-12
EST1A,-0.0206664720643733,0.821767549695803,0.860697490627503
EST2,-0.253412072768041,0.0172226559558621,0.0321923481965678
EST3,-0.0712903873486228,0.6051453035054,0.672325581259563
ESTD,-0.761075875876916,2.09945680203488e-20,5.59730064086914e-18
ESYT1,0.089740839459682,0.00346634116519236,0.00800068454400965
ESYT2,0.36025076695715,5.14794298027329e-09,5.1058580452134e-08
ETFA,-0.21092743655718,0.154971932187165,0.21417937108296
ETFB,0.0557856638897412,0.71227193626449,0.769624738862457
ETFD,-0.629378070900947,1.46037143622612e-11,2.77671804753217e-10
ETFR1,-0.627707683190392,1.84420908267819e-07,1.23416455177319e-06
ETHE1,-0.137340883505431,0.2124288314423,0.280716023875456
EVA1A,-0.17550543954537,0.571239030904804,0.641117143630759
EVA1B,0.036838077516453,0.541156293467214,0.613421765887031
EVI2B,0.446982424189969,0.00174179832019031,0.00434379955998333
EVI5,-0.20531868715682,0.0221033251576382,0.0399038972663398
EVL,0.217830008251417,0.0196726619221565,0.0361739060215964
EWS,-0.0598273299469488,0.371367405721335,0.449133370304988
EX3L2,-0.583461317127786,1.36646694110583e-05,5.87390468945548e-05
EX3L4,-0.559472234513533,7.17382276341738e-08,5.30203222629583e-07
EXC6B,0.319301153878289,4.22910758873845e-05,0.00016043163301232
EXD2,-0.0418821690295654,0.6022435995485,0.669390898028843
EXOC1,0.194757799805719,1.17120446768458e-05,5.12012106099389e-05
EXOC2,0.165146585164362,6.96925877415438e-05,0.000248817483925309
EXOC3,0.0819285849675307,0.119420464192262,0.17124108933423
EXOC4,-0.0702285614868327,0.176049813453054,0.239178216751067
EXOC5,0.107543257830785,0.0478179571029021,0.0780874829642312
EXOC6,0.0529694934443499,0.600048916407201,0.667336039059954
EXOC7,0.0322574499719319,0.456025659919813,0.531444493572161
EXOC8,0.310421560775444,0.00035155708378864,0.00104411641975102
EXOG,1.28992356138384,0.0020737171066234,0.0050747862970841
EXOS1,0.00510387249542969,0.950420355556579,0.962474141275771
EXOS2,-0.250236406745416,0.0024533369564384,0.00588984068322299
EXOS3,0.0687712283745442,0.424180076094147,0.499690605670601
EXOS4,0.344152430308561,0.00021861985811906,0.000684606666090368
EXOS5,-0.213444339568892,0.00367219590596553,0.00841040772051945
EXOS6,0.0886368869016285,0.0735720813749957,0.113596095621392
EXOS7,-0.132674225411085,0.21546800088986,0.283857110272522
EXOS8,0.448458033915795,0.00018186301960781,0.000582747117646953
EXOS9,0.042116186347363,0.496128545066916,0.569831475697577
EXOSX,0.0735364639381749,0.316377631205327,0.390962492373527
EYA3,-0.0475467643270941,0.64193376301634,0.704374419145916
EZRI,0.180197520592004,6.94095864796067e-05,0.000248061310456992
F107B,0.329491041962629,7.89371280629051e-05,0.00027773774743884
F10A1,-0.0433235047965151,0.74296723690624,0.795586429795448
F111A,1.07458900886938,0.00705544608080105,0.0148915396526079
F1142,-0.00290698518745678,0.938697047985214,0.953777511489849
F118B,-0.277490874370736,0.0974342074753465,0.144138993198838
F120A,-0.00413892013654726,0.955387004716075,0.966155455883255
F120C,-0.0183478854162605,0.891896253764885,0.916849386364222
F122A,-0.0573338120999848,0.71858116275698,0.775031066792404
F127A,0.812568048030238,0.036317361087721,0.061466277287312
F133B,2.14302535062477,0.00259440516833726,0.00619382124965665
F134A,-0.213844945120525,0.217238643715453,0.286043238038982
F134C,-0.267228949297393,0.00151709231335737,0.00382795431323266
F136A,0.0810355112853393,0.328543702094922,0.40463578696958
F13A,0.925315115116796,2.60276678396855e-07,1.68481111619978e-06
F13B,0.55261905760462,0.00055115292821731,0.00156004988779338
F150B,-0.0324210929736485,0.723799379089562,0.779351940978937
F151A,-1.05764365834109,0.0205585440029454,0.0375277325589607
F162A,-0.527494771821648,1.07072667235079e-07,7.60048482415703e-07
F169A,-0.104880084424024,0.266292921945976,0.340322463514394
F16A2,-0.0788926079988126,0.319275537192347,0.394290980309883
F16B1,-0.166897939165969,0.00059778483123079,0.00167423149102605
F16B2,-0.373759558319204,0.0002595116898055,0.000796179800612023
F16P1,-0.654934989832241,2.59508820026978e-10,3.55660755830935e-09
F16P2,-1.29601917267595,6.99186735078528e-12,1.50824431869328e-10
F1711,-0.520434318081529,0.0217667526667305,0.0393330828047992
F175B,0.159047857642155,0.00181564287635739,0.00451321425666216
F177A,-0.496484847575121,0.00078103989040385,0.00212350380350814
F185A,-0.218886538009887,0.0103757100851438,0.0207783490830443
F192A,0.225446463393384,0.0129593515911468,0.0252192577244108
F206A,-0.444508054217147,0.0030172160120542,0.00708701331781133
F210A,-0.203049516556078,0.0275508954105004,0.0483134794810312
F210B,-0.195469812725408,0.0403997468230991,0.0673998803215206
F213A,-0.893267451907698,1.13898371142138e-17,1.09854978966592e-15
F234A,0.167612271851398,0.275639273624571,0.350384289174166
F261,-0.527232516956223,6.33124251659221e-10,7.80381266102644e-09
F262,-0.0766056108647738,0.561684583208808,0.631772338781219
F8I2,-0.106450168973677,0.260399169244466,0.334017220585992
F91A1,-0.163850346347873,0.01166585786394,0.0229978945524172
FA10,0.51883422171509,6.91412074632195e-06,3.19648625995328e-05
FA11,0.141287598537771,0.0856613240155804,0.128943186910694
FA12,0.408349919248305,2.92595189600155e-05,0.000115896534032587
FA20A,-0.624088725859499,0.00021745926294925,0.000682045501585551
FA26E,0.534489963453244,6.23709806330784e-05,0.000225411937501093
FA45A,-0.158578748826869,0.011061730349729,0.0219640533655453
FA49A,0.528050154303793,8.5793655694368e-09,8.08283085882471e-08
FA49B,0.273315360550755,0.00855459624160511,0.0176160300507673
FA5,0.192136077486488,0.0168062992799012,0.0315516801079605
FA50A,0.191260689054129,0.0175931024481513,0.0328291120894644
FA65A,0.425743948452464,0.00069417036004105,0.00191567185195878
FA69A,0.0209878480172317,0.93437931101146,0.950419269026807
FA7,0.272406661991439,0.00499854967775278,0.0109695134566384
FA83G,0.322548897245875,0.0104615502260538,0.0209231004521076
FA83H,0.498341767218902,3.82620089946623e-07,2.38280598388066e-06
FA84B,-0.27590457764923,0.00048875140016185,0.00140297834957174
FA89A,0.215007564087019,0.113935700964183,0.164661522502273
FA89B,0.540737527440252,0.00356698386533804,0.00820842454665921
FA8A1,0.312776681909114,0.00898059659485526,0.0183404166079128
FA9,-0.110166772205283,0.0377694711239457,0.0635337342909015
FA96A,-0.0460551474769519,0.579262174114115,0.648472027352404
FA98A,0.166129251113509,0.0111842526717836,0.022167401391082
FA98B,0.138442281577591,0.0520238674556369,0.0840838209651643
FA98C,-0.095989213268183,0.0539809325551836,0.0869192144398574
FAAA,-0.953607198238718,2.76509002473544e-21,1.01597307765994e-18
FAAH1,-0.506846652557798,2.13308747494974e-07,1.40794721614304e-06
FABD,-0.174738769000931,0.00985510386517021,0.0199114902916086
FABP4,0.496564610359234,0.00043885010226309,0.00127299525904587
FABP5,0.548227480409889,3.27546308623718e-06,1.62321600343006e-05
FABPH,0.0622557491858233,0.620838193378088,0.686301934112511
FABPL,-1.48296441663532,6.33317764803299e-19,8.57312258460045e-17
FACE1,0.0106896227439027,0.868989541870322,0.898448788030471
FAD1,0.0178862854577011,0.78970345747593,0.834362847854892
FADD,-0.306417410064928,2.09613982538583e-06,1.09727373763074e-05
FADS2,-0.217145082747804,0.40356469746659,0.479800493937166
FAF1,-0.308507665417078,0.00073941054048609,0.00202243592002505
FAF2,0.0421147851590238,0.310323690032248,0.38465182205443
FAH2A,-0.823009076006045,1.38429113612552e-18,1.66893600099133e-16
FAH2B,0.338789499510788,0.123806034957215,0.177003402951616
FAHD1,-0.409340967105288,5.41804648521804e-06,2.56162050734941e-05
FAK1,-0.0101596687987815,0.861503476313686,0.892565728505268
FAK2,0.149312701300614,0.352957306717563,0.429087534052736
FAKD1,-0.863251817874033,0.00060257775364676,0.0016845978069342
FAKD2,-0.457089930179012,0.00096421961026461,0.00256992003896433
FAKD3,-0.263034405833794,0.0464825972951316,0.0762619010693675
FAKD5,-0.212235628395675,0.0180388866992243,0.0335554604077181
FAM3C,0.344492207623532,0.00322999830692432,0.00752950662725923
FAM9B,-0.429079221981598,0.142329313019748,0.199093910150831
FARP1,-0.00739071856947073,0.888785856036275,0.914626789167231
FARP2,-0.658113661854938,4.77127080888327e-07,2.89882878435774e-06
FAS,-0.957237097041121,9.91720382271189e-11,1.4800995105618e-09
FAT1,0.515137156339154,2.11848442982698e-08,1.79038618406845e-07
FAT4,0.431976971555346,0.0474479862763226,0.0775818313431035
FBLI1,0.743647663178591,2.6749705919195e-08,2.1726392723422e-07
FBLL1,0.142268344145655,0.0909186665978446,0.135902447010649
FBLN1,0.698508321885674,2.62355392180385e-11,4.70775396759035e-10
FBLN2,1.00333885783493,2.7967499878109e-09,2.91617877107418e-08
FBLN3,0.697113693386367,2.53174394337227e-08,2.07157330509655e-07
FBLN4,0.421391901199318,0.00017378768036269,0.000560127711645161
FBLN5,0.769116666232386,1.501708576665e-07,1.03180617787597e-06
FBN1,1.08898348877994,1.24971148938643e-07,8.7343966051682e-07
FBN2,1.14512504992639,1.86219413203796e-06,9.84831386072988e-06
FBN3,0.677981733854701,0.00110194776568018,0.00288616054310532
FBP1L,-0.0618853890551655,0.383314685112254,0.460049169439439
FBRL,-0.0136237611464658,0.77027710912299,0.818320001926613
FBW1A,-0.437316173195338,0.00166827472314908,0.00417799667764307
FBX11,-0.339918395695043,0.343262552530503,0.419416287462448
FBX2,0.105448783789372,0.309764283886785,0.384081827811415
FBX21,-0.163117398200707,0.214570130634685,0.28290656600744
FBX22,0.0318158033741373,0.542879634698984,0.614923555686635
FBX3,0.0851159599166123,0.667424033326917,0.72851094088987
FBX30,0.0477003077121944,0.773903262397791,0.821380683997435
FBX38,0.395473059008379,0.00084129160368937,0.00227290126542968
FBX4,-0.105152390629677,0.204425720211353,0.2720035966806
FBX44,-0.594328784561599,1.50913785503137e-07,1.03598822859627e-06
FBX6,0.191883494654096,0.14416906869142,0.201413821115878
FBX7,-0.286897703210034,0.00069044863898679,0.00190608289746765
FBXL8,-0.135046227569301,0.115865438401397,0.166981270583709
FBXW5,-0.125308569695218,0.261943096532825,0.335572461040557
FCERG,0.300554857523763,0.0684308264079935,0.106906713214027
FCF1,-0.551763069534971,0.00526313005319909,0.011472675325631
FCG2A,-0.0841676995928443,0.375893550693089,0.453328327156592
FCG2B,-0.0326749850267043,0.819363565710993,0.858879129605491
FCG3A,0.35419485607983,0.0250598163622451,0.0444816064069665
FCG3B,0.925394878621357,0.0105749998768474,0.0211116944501305
FCGBP,0.881170455690317,7.91079365121797e-08,5.78575202017041e-07
FCGR1,0.274049304777487,0.00925098896284355,0.0188041703997104
FCGRN,-0.03366473732615,0.639126874882606,0.702138766675316
FCHO2,0.0917377414029173,0.053369250744533,0.0860420264824105
FCL,-0.357863874537224,3.54403679467059e-07,2.23048841008795e-06
FCN1,0.547436009214228,0.042528449720425,0.0705242892849343
FCN2,-0.193369309377661,0.12390754122636,0.177115707318005
FCN3,-0.471783668471081,0.00277432208004468,0.00658666743680762
FCSD1,-0.306643718829578,0.00069030608714183,0.00190608289746765
FCSD2,0.205174778487956,0.01796787660241,0.0334475599189857
FDFT,-0.37964757570799,0.00013456110189819,0.000445802259444583
FDX2,-0.0477170569111189,0.540719851807395,0.61301709911047
FEN1,0.402604311921846,0.00018313927954038,0.00058586346639037
FER,0.308394661572097,0.137781341225893,0.193823305177573
FERM1,-0.452166304842513,8.81348687622992e-05,0.000306328219535991
FERM2,0.00475161744929616,0.900901161851634,0.924628008093537
FES,0.027956583978036,0.555995643830842,0.627385549546472
FETUA,0.911392467243601,0.0004246749546762,0.00123466162406992
FEZ2,0.201323962083558,0.101051894276894,0.148602328233374
FGD2,-0.0640467841396509,0.261284888760987,0.334784822597107
FGD3,-0.188537654468168,0.089830926904562,0.134511048320512
FGD4,-0.103073245343344,0.117575468525205,0.169035273922206
FGD5,0.154651901009627,0.4506470802486,0.525811714985362
FGF23,-0.000881217485447644,0.990545426095877,0.992861588432812
FGFR2,-0.191296068582623,0.0249152895755746,0.0442658011432497
FGFR3,-0.199926707822844,0.115380546646595,0.166406784658902
FGGY,-0.615437014666923,2.65245509019491e-16,1.73443588779186e-14
FGL1,-0.770576208747506,2.38999326072491e-11,4.33910305876551e-10
FGL2,0.664081378510123,1.03200487447979e-06,5.75357630887721e-06
FGR,0.271420894991256,0.0327809048513179,0.0562333174372541
FHIT,-0.173741487810627,0.21116864236811,0.279289894499886
FHL1,0.603609967152097,0.00051686648405884,0.00147326996342741
FHL2,0.890382095852296,1.6993627257221e-08,1.48161387476517e-07
FHL3,1.12161689596967,6.29494354750858e-11,1.00354926472265e-09
FHOD1,0.368416361188512,0.00384244107148134,0.00873807111923077
FHR1,0.404102007876404,5.1003140152288e-05,0.000188929538845441
FHR2,-0.197555939702498,0.00890106702407641,0.018222508134193
FHR3,-0.600882483272405,0.0100654868780331,0.0202411510948406
FHR5,0.165335710334359,0.10203716900404,0.149851312530486
FIBA,0.529070300040101,0.0100132692376258,0.0201624179116703
FIBB,0.443755156556899,0.0118479821793214,0.0232796890226291
FIBG,0.32792185490986,0.0594502598973957,0.0945248098544497
FIBP,0.0641392444659507,0.487219298582746,0.562192927750033
FIG4,0.257875975649277,0.246279633501686,0.318325188960469
FIGL1,-0.321182317364716,0.00068847583730894,0.00190199769447754
FIL1L,0.762887094557144,5.97376716093744e-09,5.79793552374758e-08
FINC,0.479906213486429,8.15404985190636e-05,0.000285854832609312
FIP1,0.592671825862324,2.47543040162242e-07,1.61030463819167e-06
FIS1,-0.357764804035588,1.46222088547987e-05,6.24722943098709e-05
FKB10,0.465573326464052,1.28281566037863e-05,5.55454861699299e-05
FKB11,0.254707712766114,0.00256034355139591,0.00612197423073159
FKB15,0.222720494103458,9.495934107164e-05,0.000327247108400524
FKB1A,0.316896443643037,0.00896470584433446,0.0183187686162301
FKB9L,0.505538340746951,1.41471086096065e-07,9.7725237271015e-07
FKBP2,-0.545468279913125,1.35401709063419e-14,5.64734911963968e-13
FKBP3,0.169715955816273,0.00289240314207174,0.00682709778042996
FKBP4,-0.390611561319955,4.41045324890509e-09,4.43538108292126e-08
FKBP5,-0.191550017589044,1.64470428024292e-07,1.11712484386922e-06
FKBP7,0.503652000026272,0.00017109123709454,0.000552128810297562
FKBP8,-0.0608124664813652,0.269339681220585,0.343792387146077
FKBP9,0.303080487661066,5.77384900764027e-06,2.71321674439417e-05
FKBPL,0.970136545038959,2.83463599963404e-05,0.000112568457916502
FL2D,0.541519795463987,2.20557399657161e-06,1.14832719011785e-05
FLCN,-0.19408452991997,0.0592181752758724,0.0942312725157004
FLII,-0.0551512202168536,0.0431634081441119,0.0714390513170243
FLIP1,0.736862004943373,0.0426303902811844,0.0706477859556742
FLNA,0.819976306981558,6.99781578657586e-12,1.50824431869328e-10
FLNB,-0.0228847822957492,0.550624493605763,0.622325852154983
FLNC,0.679573329780329,7.7220807226689e-05,0.000272195408205177
FLOT1,0.161185991223635,0.00461831190585763,0.0102458006514081
FLOT2,-0.0678548296205852,0.235125770434761,0.306044272043626
FLRT2,0.247061028814663,0.0088708218069517,0.0181750560441953
FLT3,0.72768524887887,0.140193618240133,0.196498347948377
FMC1,-0.767333598654335,1.76105211370823e-09,1.93565215233229e-08
FMNL1,0.52835327291823,1.5099906045728e-08,1.34383938925995e-07
FMNL2,0.248670841381445,0.00094918122520739,0.00253584430813865
FMNL3,0.37991368523222,0.00332776476807024,0.00772938981048464
FMO1,-0.068004850641723,0.68085598334598,0.740553251691229
FMO2,-0.01201794873279,0.958052583678104,0.967709613255694
FMO3,-1.08336656666771,1.92420669548611e-16,1.30238411073428e-14
FMO4,-0.39058184760322,1.41468904511785e-08,1.26927217117783e-07
FMO5,-0.979298832863867,8.67165305352817e-09,8.159814019637e-08
FMOD,0.852630926754632,1.35854785103102e-08,1.22489797696674e-07
FMR1,0.245068449881141,7.57837601996819e-06,3.45799818865018e-05
FMT,-0.0452919831469332,0.77287833140426,0.820518602795167
FN3K,-0.246432410666898,1.33349753930093e-06,7.27156679381341e-06
FNBP1,0.0575639503413626,0.530934217250939,0.603786060472844
FNBP4,0.177706075113204,0.533765763153223,0.606202035397449
FND3A,-0.285411688829385,0.00021070675292696,0.000663597267585479
FND3B,-0.342545643271692,5.37784539786778e-07,3.22420008468903e-06
FNDC1,0.478026433063961,0.0144143958710389,0.02768769692331
FNIP2,-0.402956786689717,0.0109122110492935,0.0216894952231707
FNTA,-0.120497927877016,0.0541094681872065,0.0870734524719751
FNTB,-0.218375730559183,0.0106866414487583,0.0212960034655524
FOCAD,-0.188309764160249,0.00600778008693568,0.0129053538838518
FOH1B,-0.0683516285187526,0.461014224001317,0.536366971108891
FOLC,-0.621856361316764,8.65777935501456e-11,1.33340170665254e-09
FOLH1,-0.712502458939523,0.00016481367329738,0.000533208512856429
FOLR2,0.360199066561639,0.00101724733918294,0.00268896213399643
FOXA1,0.485426827170242,0.066113660403316,0.103812170059419
FOXA3,0.0137080776713768,0.963360795778835,0.971418178284042
FOXK1,0.500141218772246,1.52213511477603e-07,1.04398173738772e-06
FOXO1,1.2259510732687,0.0101753608959383,0.0204195278733576
FOXP1,0.0329401134756995,0.810377103793937,0.852237935515063
FPGT,-0.169252869607966,0.00856756429876808,0.017633322520484
FPPS,-1.11489003203709,1.2059685944007e-08,1.09991178184348e-07
FPR1,0.381626698606847,0.0166509844979629,0.0313376865979671
FPRP,0.0176682563499177,0.628479797911113,0.69256642683264
FR8P1,-0.187202718075066,0.107394824879778,0.156646213378519
FRDA,-0.953793416448809,8.62598752102516e-18,8.64391165093898e-16
FRG1,0.0412233535943953,0.725684473622953,0.781272694080467
FRIH,0.164061531184043,0.435739978429799,0.511201105909127
FRIL,-0.304421089598338,0.0691776807979158,0.107898723476191
FRK,-0.34755341082728,0.00607049030113379,0.0130183166102135
FRM4A,-0.213219105612359,0.303858047650152,0.378522553385304
FRMD8,-0.0928447357440986,0.455303278490546,0.530762969758733
FRY,0.0383266057196863,0.70604756337296,0.764719679812712
FRYL,-0.0909807612956036,0.282791137309522,0.357648978115108
FSCN1,-0.0410396726874529,0.46567212304888,0.541146196481493
FSTL1,0.681236050043673,8.98476430947883e-05,0.000311439539137191
FTCD,-1.4987854593389,8.70653391571001e-20,1.58301613358346e-17
FTO,-0.101323315052588,0.123979728327257,0.177186068489186
FUBP1,0.0297129538452494,0.656964846321607,0.718925082146861
FUBP2,-0.070779489787703,0.102385646513669,0.150248696937898
FUBP3,0.0425560921974953,0.255283637267043,0.328404225600617
FUCM,-0.784220860274638,1.77670976983943e-13,5.66491429094258e-12
FUCO,-0.240984683263484,0.0119361002882661,0.0234269672883592
FUCO2,0.0518704328462388,0.480111166227414,0.554654552868802
FUK,-0.263546471686997,5.48670658437674e-09,5.39992704146058e-08
FUMH,-0.536877488122816,2.30153492679754e-11,4.21820510574105e-10
FUND1,-0.640609823220355,2.16056768112566e-05,8.82994715443093e-05
FUND2,-0.126182592571991,0.0842987162965837,0.127239611687097
FURIN,-0.618420978170709,1.4756133233387e-06,7.94545178149435e-06
FUS,0.190474534305661,0.00911710581110442,0.0185809795135979
FUT11,0.0229060820006336,0.764785364998826,0.814279546892637
FUT8,1.16836283935336,0.0081883204114631,0.0169841613695831
FWCH2,0.680469294275726,0.00048926152950237,0.00140392040224629
FXL15,-0.356714012911926,0.0560511847805221,0.089840245485357
FXL18,-0.280939690088719,0.00430282121062674,0.00962614336364045
FXL20,0.295413884459214,0.0333547585297346,0.0570907978738758
FXR1,0.121410678412892,0.00552225324613767,0.0119589407934881
FXR2,0.19097256630654,0.013774382502881,0.0266317921062307
FXRD1,-0.32299298779546,0.00011633068643519,0.000391114412433083
FXRD2,-0.375644471572702,0.0184885021217548,0.0342679035242518
FYB,0.550992245794502,7.32580460606251e-06,3.3606366433043e-05
FYCO1,0.096024308407609,0.00476528570497453,0.0105355141832617
FYN,-0.0913179982726342,0.21215558020802,0.280450994840686
FYV1,0.360747445915589,0.320566799938296,0.395758948531823
G3BP1,-0.0349340662232443,0.308557915876495,0.382820658253021
G3BP2,-0.0701680976903794,0.145489513193907,0.203037996709023
G3P,-0.152357375842994,0.00015066068559487,0.000492375201207123
G3PT,-1.13739531756409,2.26522860198817e-11,4.17148064270662e-10
G3ST4,0.789339472864431,0.00127356658745285,0.00328546967194456
G45IP,0.0816900316111038,0.251112926305427,0.323686491709434
G6PC,-0.836579401964679,3.21684443528556e-10,4.242935326951e-09
G6PD,0.569337481478997,1.46020180466423e-06,7.86795888602598e-06
G6PE,-0.17643256649218,0.0306255162731358,0.0529946843826126
G6PI,-0.452667119631998,1.96178836022141e-12,4.82450080508069e-11
G6PT1,-0.965779852696114,9.60662979037101e-16,5.33271622032394e-14
GAB1,0.354367526006316,0.0348244249844933,0.0592122660159432
GABP1,0.618852257898223,0.00031824803577988,0.000956976556538408
GABPA,0.132904496283555,0.211312943272532,0.279432848378896
GABT,-1.11175514995225,3.20218433253412e-18,3.48000764927229e-16
GAK,-0.0510657793030243,0.218695651438778,0.287716222762423
GALC,0.570411439981133,6.47774144934557e-07,3.80672147929554e-06
GALE,-0.600748351955385,1.49158675330935e-13,4.81551606214851e-12
GALK1,-0.820711614327582,2.95791375869112e-12,7.0660255610095e-11
GALK2,-0.160767910006331,0.00498660283786196,0.0109495240458005
GALM,-0.529851923544193,5.17076779494633e-10,6.52989268507461e-09
GALNS,-0.0262632415240514,0.748044187886039,0.800542157243922
GALT,-0.463422620856543,6.16352711251025e-09,5.95962095239713e-08
GALT1,0.00811824397254217,0.952003990401478,0.963365611795122
GALT2,-0.358664069719208,0.00048841062425547,0.00140297834957174
GAMT,-0.761612076990984,2.41120764891814e-09,2.56265540207333e-08
GAN,-0.60768302806337,0.00599912236153988,0.0128903447902093
GANAB,-0.0480226956396513,0.600755529062841,0.667833116589667
GANC,0.0296069535032381,0.853287076072632,0.88605901470172
GANP,0.308889715955333,0.00493822535721306,0.0108587480354107
GAPD1,-0.0805430617407183,0.115016485561667,0.165943755159653
GAPR1,1.02546330991549,8.58299342612434e-15,3.78436441577002e-13
GAR1,0.375059455119858,0.00083245569745321,0.00225218378735939
GARS,-0.148321113560067,0.0178891625234289,0.0333251516250066
GAS2,-0.321198483813463,0.00013627128074398,0.000450124917744116
GAS7,1.13486557195497,3.83569833867109e-05,0.000147318309513122
GATA,-0.076470163820125,0.260341390761774,0.334017220585992
GATB,-0.0141067280633242,0.889437704542849,0.915175533838195
GATC,-0.422267452690569,3.82692861279226e-08,3.00392483990896e-07
GATM,-0.814378151082251,1.40610694183792e-06,7.61904576068918e-06
GBA2,0.215343119361665,0.0679820195096386,0.106328714340595
GBA3,-0.615915315630642,1.74209351765132e-07,1.17393550045997e-06
GBB1,0.12713402746997,0.0700824151475361,0.109023370015804
GBB2,-0.117671108359943,0.218979688194733,0.287991694922543
GBB4,0.263887747977489,0.0151733547588309,0.0289223333298269
GBF1,0.141991187640494,0.0536239044391532,0.0863803855224439
GBG10,0.053146099776654,0.580713084641376,0.649708674542676
GBG11,0.596352223535209,0.00011355903000812,0.000382963931618293
GBG12,0.31536218670026,3.17879103401967e-07,2.01045505069638e-06
GBG2,-0.00312293767139789,0.981324932622386,0.985539916714087
GBG5,0.263440707718814,0.010004812212201,0.020154250061242
GBP1,0.0844711562882916,0.180595580737617,0.244083990361088
GBP2,0.383828687162435,0.00016008483305126,0.000519871452787678
GBP3,-0.632688862658767,1.13692609834719e-07,8.0114354108191e-07
GBP4,0.261193796018399,0.0228014306839633,0.0409819517514122
GBP5,0.153370841139482,0.266913411170353,0.340977463673915
GBP7,0.291740277552735,0.0725877651552855,0.112241923033704
GBRAP,-0.472401467123962,0.00842582769954622,0.0174112711648898
GBRL1,-0.35341363322914,0.00051819230845576,0.00147650363812579
GBRL2,-0.235709906674029,0.0615883909983079,0.0975002102878424
GCC1,-0.0104819612854238,0.894888303023139,0.918873923892824
GCC2,0.184183794098009,0.0701558726537264,0.109115644707953
GCDH,-0.591497512928429,4.41468723650016e-09,4.43538108292126e-08
GCFC2,-0.496919399051068,7.78995512225776e-05,0.000274462528417082
GCH1,-0.559699331001346,1.69223523471409e-05,7.123451757258e-05
GCKR,-0.420137418368346,1.56256586576577e-05,6.62654204003032e-05
GCN1,-0.212848201813062,1.07239993542466e-08,9.9097459901038e-08
GCOM2,0.164263673074799,0.519365130667271,0.592813808909566
GCP2,-0.134546906003775,0.0454720984227721,0.0748709940570799
GCP3,-0.126598922548537,0.0371974744745327,0.0627082615349562
GCP4,-0.349375469281423,0.00070054302989922,0.00192843025997231
GCP6,-0.0375888587714804,0.65617211438246,0.718159437528378
GCP60,0.117466320810185,0.0789706558448811,0.120517510297687
GCR,-0.144457577015613,0.201134692658013,0.268179590210684
GCSH,-0.906667441517833,3.81330197993859e-09,3.8944364248e-08
GCSP,-1.12600346763544,3.60871174272049e-08,2.85295284906058e-07
GCST,-0.70033672823449,2.29461934216003e-16,1.53958981253103e-14
GCYA2,0.399947615403594,0.195916293926179,0.261991355967833
GCYA3,0.395641955483087,2.30041645215819e-06,1.1936794448455e-05
GCYB1,0.209415933055789,0.00444460245022067,0.00990885654605683
GDAP1,0.631474980580881,0.0458839149317443,0.0754079419836718
GDC,-0.664003986398078,2.41530132026016e-13,7.48452409121582e-12
GDE,-0.940376513430145,2.97601226479381e-20,7.17521786452754e-18
GDF15,0.519166463160151,2.22182899392057e-05,9.0563299086588e-05
GDIA,-0.0097484623073865,0.865559715080511,0.895863012952545
GDIB,-0.204172024926642,2.95946258327045e-07,1.88493693151112e-06
GDIR1,0.150324407120548,0.00481869397765573,0.0106383527129017
GDIR2,0.452657632125304,2.58998976530127e-05,0.00010397690441761
GDN,0.966084149399965,1.42167428169012e-11,2.72876586007984e-10
GDPP1,-0.117201649683777,0.0897754105765464,0.134454011647638
GDS1,-0.0581848631475859,0.475240223440074,0.55001553383285
GELS,0.571039893657562,1.22500212520886e-06,6.71315085093151e-06
GEM,0.612156193938488,0.00119500596976087,0.00310493454885643
GEMI4,-0.280108258650352,0.00135811532250237,0.00347454172030116
GEMI5,-0.118533822357729,0.0464335984955367,0.076197712886338
GEMI6,0.326628232763816,0.111033358672655,0.161159056395571
GEPH,-0.613641972438302,1.27352506873389e-14,5.36968274882552e-13
GET4,-0.562379695085069,1.49330671884031e-07,1.02694782910622e-06
GFAP,0.524865061878436,0.00206882232991513,0.00506559786176144
GFPT1,-0.631068884087185,3.33330618393345e-16,2.12560252191988e-14
GFPT2,0.166601053029543,0.312013938891212,0.386374506898506
GFRP,-0.501990385011402,3.26837495991776e-13,9.77371184430294e-12
GG6L6,1.11537755704342,0.168925605707982,0.230777261622307
GGA1,-0.132310980639313,0.0233972105112122,0.0419258885983542
GGA2,0.626538194462065,6.2549105502389e-05,0.000225764531011816
GGA3,-0.0917539870692054,0.513750528710362,0.587622158246243
GGACT,-0.653232487982623,1.9640378673464e-09,2.14046838763345e-08
GGCT,0.0200690345057491,0.85613447193011,0.888610920824957
GGH,-0.22791601202665,0.0611682489075527,0.0969146218830958
GGPPS,0.012724554805736,0.950808629404389,0.962534687022339
GGT1,0.151314619392494,0.0390811579079999,0.0653980078980974
GGT5,0.295577278534694,0.00010537495234868,0.000359448776446691
GGT7,0.34752506462954,0.0674103242539301,0.105568918600228
GGYF1,0.250050812186516,0.481763621263696,0.556396961782769
GGYF2,0.275755623907319,5.07947803781242e-07,3.05958255579708e-06
GHC1,-0.0257786592134811,0.788885569108627,0.833841239896187
GHC2,-0.780478088685029,1.24823368315559e-11,2.48112834887964e-10
GHDC,-0.0693075881628674,0.253749383350733,0.32670286032609
GID8,-0.286280293928944,1.63692899264793e-05,6.91063813170952e-05
GILT,0.67167200193024,2.94393465297952e-08,2.36372526351613e-07
GIMA1,0.482176073198753,1.4467303927884e-07,9.97584603284655e-07
GIMA2,0.863294642853358,5.99860633313001e-07,3.55220617547438e-06
GIMA4,0.378675859186671,5.69173606811141e-05,0.000207647449179894
GIMA5,0.248076938538781,0.0313217949886553,0.0540427035179929
GIMA7,-0.234847084481263,0.0689301547609118,0.107621423337757
GIMA8,0.171711554257148,0.00077945331733853,0.00212143273248116
GIPC1,-0.163389237879266,0.0476601376869384,0.0778627191175983
GIPC2,-0.289528782066711,4.48579653915359e-05,0.000168923407008829
GIPC3,-0.254906008731737,0.133903844269944,0.189196495584488
GIT1,0.285804637656823,1.02599858570373e-07,7.32340896141534e-07
GIT2,0.28771814108486,1.02428206579673e-06,5.71878467415888e-06
GL8D1,-0.0420853598895316,0.520232644869329,0.593628377375295
GL8D2,-0.565445099983614,3.20046314550872e-05,0.000125737136612756
GLCE,-0.241173888930622,0.136395978921766,0.192154714873169
GLCM,0.33588680648684,0.00010625961143757,0.000361986384923748
GLCNE,-0.630149155990936,3.44446897648414e-19,5.11106204279839e-17
GLCTK,-0.536596047290199,1.26180484925946e-12,3.26714302580067e-11
GLD2,-0.531542659033979,1.33766937331206e-06,7.28402038424549e-06
GLE1,-0.0406974871139101,0.812500929462757,0.853540799419283
GLGB,-0.440453678041536,8.51045844646479e-10,1.01651234323409e-08
GLMN,-0.304960718759286,0.0511603182353719,0.0828442844709611
GLMP,0.882529585493547,0.00535632151884763,0.0116289749126135
GLNA,-0.514750469155647,0.00095635408531265,0.0025516003189047
GLO2,-0.581522865844479,8.82579242254491e-11,1.35387304835699e-09
GLOD4,-0.324546805120931,6.95295229489613e-08,5.15360037535241e-07
GLOD5,-0.210201813204885,0.0240936084029082,0.0430239024385188
GLP3L,-0.514937263111818,7.16107132801307e-06,3.290936650801e-05
GLPK,-0.618213278977416,3.63980591337347e-07,2.28145754895123e-06
GLPK2,-0.440894807914166,0.00101156292932863,0.0026785242150651
GLPK3,-0.263703901415191,0.00012322951409918,0.000411971972165818
GLRX1,-0.526146955532592,9.81546016486667e-06,4.35765768884414e-05
GLRX2,-0.116327491024933,0.222509289445114,0.29203634586809
GLRX3,-0.180571821319688,0.00856692600567577,0.017633322520484
GLRX5,-0.27780982851395,0.00054222918636081,0.00153648196913698
GLSK,0.293843652956052,6.24398113024105e-06,2.90933323677174e-05
GLSL,-0.721866088355697,1.71437538605992e-11,3.22637084849716e-10
GLTD2,0.399599872905692,0.0126626740791349,0.0247104686885698
GLTP,-0.392929545196846,9.59161265536647e-05,0.000330396800217891
GLU2B,-0.14957674951274,0.00124996467466322,0.0032299823944077
GLYAT,-1.02416788323612,2.59666608528658e-19,4.00717510281425e-17
GLYC,-1.05585436697475,4.87045032225019e-15,2.30554568628727e-13
GLYG,-0.0156217374476849,0.853331329477512,0.88605901470172
GLYG2,-0.160996321241485,0.196486154946251,0.262707879321655
GLYL1,-0.354235486157101,9.91227644002725e-05,0.0003406820713196
GLYM,-0.315788790449626,0.00172681655616618,0.0043120118276305
GLYR1,0.095170984621148,0.207862780403444,0.275863297831609
GMDS,0.313402594846358,9.84120034400765e-06,4.36406332496339e-05
GMEB1,-0.294415485650433,0.0184496549008569,0.0342123377108896
GMEB2,-0.590447766048685,3.71095164574806e-09,3.79757332872573e-08
GMFB,0.41654576960368,9.72313526110804e-06,4.32164237757544e-05
GMFG,0.473915722558677,5.23422755494023e-05,0.000193333172876586
GMIP,0.0341241351093518,0.700105534034102,0.75902968956121
GMPPA,-0.562615125727678,3.55731455634311e-16,2.2315641558328e-14
GMPPB,-0.688036193803658,9.94853321808566e-12,2.02540586571897e-10
GMPR1,-0.192545167851388,0.0779973842233359,0.11929193591026
GMPR2,-0.202390136919597,0.0353858627718341,0.0600742171941632
GNA1,-0.873104470124098,4.56163393821228e-16,2.74980995837859e-14
GNA11,0.187599275014377,0.00526094860260733,0.011472675325631
GNA12,0.147083926862026,0.0770387087161803,0.117942594534533
GNA13,0.226198995361479,2.00618277756432e-05,8.26907388444781e-05
GNAI1,0.305333202081902,0.0151927820859409,0.0289450633518815
GNAI2,-0.00357777181870239,0.957339478502084,0.967202791373064
GNAI3,-0.252548876903392,9.09775987902525e-06,4.06946754936573e-05
GNAL,-0.22139084339031,0.00285301161028483,0.00675064016711369
GNAO,0.0212721918179083,0.681103383999879,0.740717929660756
GNAQ,0.0573657009147653,0.393377937488083,0.470152442016426
GNAS1,-0.046587446185359,0.44325891153786,0.519075089000778
GNAS2,1.89594315981769,0.0087387819753172,0.0179378669118243
GNAZ,-0.0576720749108946,0.580763000972576,0.649708674542676
GNB1L,-0.513692860332199,0.0882308833622614,0.132500875053174
GNL1,-0.00853565206562273,0.801909637928426,0.845176173508501
GNL3,0.101713268249064,0.0175492696760171,0.0327552406434804
GNL3L,0.0883058077489591,0.477711270990936,0.552047351649852
GNMT,-1.39323331204361,3.01525203198552e-14,1.13491144774635e-12
GNPAT,0.0119864723952133,0.873179773991578,0.901935091849935
GNPI1,0.266099279459031,0.00125597680286221,0.00324226062592332
GNPI2,0.180939661765639,0.151466107792786,0.209860385657952
GNS,0.152127592655015,0.0716226669883212,0.111016572615887
GNTK,-0.999858608957719,1.88303615554788e-12,4.68693773426046e-11
GOGA1,-0.142382067493286,0.247314115907314,0.319483629389057
GOGA2,0.183955214954298,0.00071971993197934,0.00197628433991195
GOGA3,0.0329217816935205,0.402331638420951,0.478777131717467
GOGA4,-0.0580282741795098,0.255426255878841,0.328532920546947
GOGA5,0.25436425771214,0.0009065767639926,0.00243309436903197
GOGA7,0.224651560829649,0.00174055500062604,0.00434210229060153
GOGB1,0.0539273581551886,0.0960941546540772,0.142479342296476
GOLI4,-0.129343691300514,0.149657632885615,0.207914709280772
GOLM1,0.429865518816865,4.47070005479129e-05,0.000168601767462217
GOLP3,-0.401926401678039,4.11044216560528e-08,3.21339126137896e-07
GOPC,-0.00203276724328836,0.981716442658124,0.985665266129619
GORAB,0.23228253694262,0.126133474279411,0.179698280564981
GORS1,0.359390726007772,0.00320629985211579,0.00748104313847156
GORS2,0.332816758144653,0.00017905817572697,0.000574475211604699
GOSR1,0.0111921829686644,0.860361385846989,0.892254361187075
GOSR2,0.237858590220984,0.0080502993651502,0.0167355124582176
GOT1B,-0.215956859277243,0.20807403042751,0.275953801783889
GP107,0.778915870355277,3.26994763404305e-09,3.35964260243358e-08
GP180,-0.261462214140192,0.110795287404053,0.160876258488836
GP1BA,0.217509920500008,0.475338574629086,0.550046856904323
GP1BB,0.518581465618392,0.051836097094867,0.0837978892067869
GPAA1,0.197040039402495,0.00235722212451999,0.00568918545911675
GPAM1,0.294222546867569,0.0602496604527292,0.0955966234943982
GPAT1,-0.785337113334908,9.96633674096213e-17,7.39425522050613e-15
GPAT3,0.517023672064581,0.304995212336828,0.379632692110173
GPAT4,-0.0587958133020115,0.52495891363245,0.598048571916135
GPBP1,0.660219458955157,0.0314643663651504,0.0542523018711733
GPC1,0.374007831149081,8.29770767047735e-07,4.73558523560675e-06
GPC4,0.484868189946942,4.17558769207068e-05,0.000158601566414014
GPC5C,0.077696932017422,0.243956207654591,0.31578025469935
GPC6,0.46012394611162,0.00032266552055014,0.000968947974085593
GPD1L,0.217963977389568,0.0125045823266969,0.0244266727171629
GPDA,-1.14715493100342,1.13136893516897e-16,8.19165794814785e-15
GPDM,0.196006425602712,0.00400037490513645,0.00904391818576995
GPHRA,-0.320188887993362,0.00061434803674113,0.0017143976316436
GPI8,0.117583345826655,0.260383476437603,0.334017220585992
GPKOW,0.275458862215636,0.00013627021648769,0.000450124917744116
GPM6A,0.246736418827382,0.283901901382498,0.358733344105351
GPN1,0.143782613020791,0.0286084655568352,0.0499418371575883
GPNMB,0.635715392718989,0.0117034487343773,0.0230484457464153
GPS2,0.213173058982767,0.243956002175734,0.31578025469935
GPSM3,0.221430441392246,0.0131364835499048,0.0255311050155454
GPT,-0.180011607266925,0.0880299143993461,0.13229193834517
GPTC1,2.20434545975058,0.00105374977205009,0.00277973786021829
GPTC8,0.940108101622616,0.00204137263880415,0.0050115276108854
GPV,0.191817815873555,0.203747661965574,0.271194921463924
GPX1,-0.337302341984378,1.65456818416966e-08,1.44910875244644e-07
GPX2,-0.472182043689344,6.85243999485709e-05,0.000245254393198997
GPX3,0.788260564459657,8.12428332752236e-06,3.68530100853395e-05
GPX4,-0.303798279554625,4.29782893073148e-05,0.000162878428435777
GPX7,0.335230550618349,7.44592695188908e-06,3.40360025833982e-05
GPX8,0.444239813206834,0.00497790779744433,0.0109335430017308
GRAA,0.116560385651754,0.260492050657732,0.334046312593495
GRAH,0.316011316251931,0.302415222646303,0.377029545635624
GRAK,0.770543226704208,0.00383447117431148,0.00872508982040324
GRAM,0.205443813462385,0.154012610225533,0.213044334976732
GRAM4,-0.322530438575827,0.00762549378634218,0.0159539886267398
GRAN,0.365657827004069,0.0333545935981077,0.0570907978738758
GRAP1,0.0418205054534558,0.560847029059866,0.631198319169476
GRAP2,-0.0238472149690578,0.839161781240118,0.874169340360301
GRAPL,-0.25485281005033,0.206100316724373,0.273901144306797
GRB10,-0.174572603335696,0.0408398683184713,0.0680261299590255
GRB14,-0.0428894346771848,0.532229134505743,0.604991161144124
GRB2,0.235903480546216,0.00462734745613467,0.0102599462561883
GRDN,0.356355690499829,0.0581025333430522,0.0927237119493259
GREM1,0.975245709830923,0.00068342156934076,0.00189142067038497
GRHPR,-0.891766791696059,3.51191884845997e-18,3.76360636593293e-16
GRIN3,0.712433784540744,3.90153340933384e-07,2.42580433411925e-06
GRK5,-0.0811732579399127,0.305430052419979,0.380112626527832
GRK6,0.370813765668106,0.00144429787582504,0.00366465057871293
GRN,0.548889337948357,0.00010598868652317,0.000361245645329517
GRP4,0.146102539306842,0.378854458441813,0.456185543751858
GRP75,-0.453230987135947,3.61269574118179e-07,2.26630571861453e-06
GRP78,-0.134870170742113,0.0262607966037105,0.046327869432239
GRPE1,-0.544224223421331,1.78645597752183e-07,1.1975929037844e-06
GRSF1,-0.0469673398432524,0.599259784006132,0.666746718585626
GRWD1,-0.423432952988956,0.00032147891907469,0.000965938995163671
GSCR2,0.125362798320526,0.590024677197129,0.658179905920637
GSDMD,-0.824011792823986,2.79017422033438e-14,1.06579130119307e-12
GSH0,0.248899107076326,0.00021175783742408,0.000666635444130641
GSH1,-0.589541074327159,1.35440446771513e-11,2.6323891367481e-10
GSHB,-0.106649826672657,0.0290191334567339,0.0505219478194349
GSHR,0.0260889806630411,0.571693492969956,0.641533884781294
GSK3A,0.33615425373706,0.00017852390204908,0.000573237797840492
GSK3B,0.119519529347203,0.206188402475797,0.273971020062554
GSKIP,-0.172923970343449,0.0793851723488944,0.121030624351723
GSLG1,0.341507615212487,1.77808512664299e-07,1.19336863318029e-06
GST2,-0.420335794098323,0.138095393360891,0.194158902181603
GSTA1,-2.40928013290366,8.49722401836594e-24,9.00507350041112e-21
GSTA2,-2.24404006421025,1.79022498843385e-05,7.49716842020754e-05
GSTA3,-1.68246992297138,0.00055495519898915,0.00156851073824186
GSTA4,-0.760149395535971,0.00108324443403137,0.0028429639636007
GSTCD,-0.362563026191712,1.17096673003903e-05,5.12012106099389e-05
GSTK1,-0.336998558767876,0.00035226296578464,0.00104581032858572
GSTM1,-1.40126018923156,0.00086959996461506,0.002342001161246
GSTM2,-0.0428334161152763,0.6322031345249,0.695973660435744
GSTM3,-0.0892445721897185,0.378985243323516,0.456201269498323
GSTM4,-1.49648535888906,0.0327194943408301,0.0561404532652535
GSTM5,-0.152028917455158,0.527206713925434,0.60025483320771
GSTO1,-0.469875559666166,8.61759643056396e-12,1.78523063384522e-10
GSTO2,-1.69030176471963,7.25349269617148e-15,3.25395056067786e-13
GSTP1,0.425487234555361,4.21586787219358e-08,3.28914423678925e-07
GSTT1,-0.349420764797962,0.0037628336625182,0.00859249024563197
GT251,0.28764722827864,2.15396518724556e-05,8.80762871477835e-05
GT252,0.70055868008887,1.45649343236627e-06,7.85895337352317e-06
GT253,-0.254831046387979,0.0883084229298608,0.132591514171396
GTF2I,0.0874845663767899,0.0474918725008997,0.0776371373340979
GTPB1,0.0144938421844337,0.814308992895208,0.854974580103337
GTPB3,-0.0892527090952036,0.455443821187848,0.530846604876954
GTPBA,-0.518619734326309,0.00039836523588624,0.00116740834033355
GTR1,0.456304666428958,0.134753129183736,0.190187515050614
GTR14,0.757059953665778,0.0177061536741054,0.0330240951775193
GTR2,-1.45735474204482,8.82188876932201e-20,1.58301613358346e-17
GTR9,-0.611035423768774,1.38021267284078e-06,7.49452567462312e-06
GUAA,0.14033629234782,0.00037656899630195,0.00111198100859772
GUAD,-0.427738100942919,3.58732124603159e-08,2.83895084455177e-07
GUF1,-0.370291522305771,0.0465532506101545,0.0763453521164617
GWL,0.13840296040751,0.239708579308631,0.311012510164015
GXLT1,0.0403959038573433,0.48975473044411,0.564190429995036
GYS1,-0.547566306148943,2.36997415419181e-08,1.97267751604574e-07
GYS2,-0.782359076283573,1.88769339446182e-14,7.42338241902657e-13
H10,0.622011980017868,0.00077501181969321,0.00211038725938061
H11,1.26500594357031,4.72635505892282e-06,2.26091479446054e-05
H12,1.55101538634705,5.77362065464481e-07,3.4347923647833e-06
H13,1.42146353760705,2.35404174758122e-05,9.52979334959952e-05
H14,1.12930016430412,0.0138210523207925,0.0267075481360468
H15,1.39364848477892,8.92206443067364e-11,1.36052666298573e-09
H17B6,-1.49822890775477,6.92197971081618e-21,2.2254164770274e-18
H1BP3,-0.0804939439804454,0.221894195432442,0.291424098448667
H1X,0.979347129055021,6.71586422855813e-07,3.93168500664298e-06
H2A1A,0.901492138083657,1.98404496883762e-07,1.31746049737961e-06
H2A1B,0.62576330651351,0.00072231957879572,0.00198201204480362
H2A1D,1.32583538794046,6.11092350219514e-10,7.58211036162755e-09
H2A2A,0.127550083013473,0.123745020184522,0.176948957698994
H2A2B,1.09614106109238,0.0203513136996753,0.0372198948818902
H2AV,0.265352876420498,6.17739042676485e-05,0.000223463406155263
H2AW,0.779310996604614,1.64844921372886e-07,1.11779097671551e-06
H2AX,1.01550470577974,0.00061463176584607,0.00171456930776149
H2AY,0.589757735365376,5.49486710720243e-09,5.40106937569095e-08
H2B1A,0.828568218690066,1.33060314631098e-05,5.738923352116e-05
H2B1B,0.813765186831279,4.3625720887784e-12,9.98860719199232e-11
H2B1C,1.87670631395173,1.47364146081268e-05,6.28905835820279e-05
H2B1D,1.78353250648452,0.0281592210213793,0.0492802334771972
H2B1H,1.62941724114304,0.166135484954745,0.227448793809583
H2B1J,3.41023376693257,0.0237795737947933,0.0425418945978727
H2B1M,0.952132991721668,0.109165220135336,0.159018092989287
H2B2C,0.102513014808823,0.274048899048038,0.348995099035263
H31,0.44662148991482,0.0771260644532032,0.118043225502848
H31T,1.29335871185937,6.71097298026512e-08,4.98861922116818e-07
H32,0.00420653096870627,0.964850783389707,0.972539339599605
H33,-0.170198125848426,0.0123049954576642,0.0240820630688035
H4,1.08865181081145,2.88219186281265e-10,3.8879357366193e-09
H4G,1.31652287952982,0.09423277088799,0.140231448441992
H90B2,-0.484190732528396,6.66234784567063e-13,1.83454095804749e-11
H90B3,0.00208318959182202,0.967717899320788,0.974919873502964
H90B4,-0.207225685148677,0.509745260613701,0.583733219188975
HABP2,0.677473964460683,0.00043726134723669,0.00126981880138438
HABP4,-0.193461412334693,0.00578250175984329,0.0124630680388131
HACD2,0.490363723010144,2.91691230841685e-10,3.92106191145373e-09
HACD3,-0.625508970301725,1.88946966568778e-06,9.97888291611698e-06
HACD4,0.12803334928162,0.631171632930107,0.694937260229553
HACL1,-0.391990924558601,7.47445593385814e-09,7.12011135625301e-08
HAOX1,-0.58321963458643,4.44846137031201e-11,7.34996315488811e-10
HAOX2,-0.969629788863972,1.64967281401194e-14,6.66433268739064e-13
HAP28,0.308671912955109,6.40479644683525e-06,2.98066401590958e-05
HAT1,-0.507081170013775,8.13108783141917e-06,3.68622054684079e-05
HAUS1,-0.19286579339935,0.4083838283319,0.484857611849352
HAUS7,0.117314706105503,0.170366045018043,0.232580396914229
HAUS8,1.08766378618819,0.0049247204870398,0.01083522762418
HAX1,-0.284631391868896,0.00757598766849425,0.0158676223805922
HBA,1.83186184155568,0.00140115762444346,0.00356691924454165
HBAP1,0.831400586793835,0.00035844196278527,0.00106251947170616
HBAT,0.668018341336476,0.0215532669022596,0.0390295722642185
HBAZ,1.45130660683949,0.0255245087607979,0.0452336034906561
HBB,1.35170577577816,0.0139362672116555,0.0269086883363697
HBD,0.886693726866425,0.0112833641925377,0.0223408873773726
HBG1,0.888021160667016,0.136122424171487,0.191824176943283
HBG2,0.00714095070965304,0.978863490495609,0.983964394562809
HBM,0.0315688174228364,0.839632911361895,0.874424017285515
HBS1L,-0.350600212232261,2.27751303226263e-10,3.16635865890783e-09
HCD2,-0.678927349940979,9.80255843209743e-16,5.36429367816055e-14
HCDH,-0.654528112334802,1.33164572486249e-06,7.26660425250281e-06
HCFC1,0.344271759218257,8.85742488555259e-09,8.30423941882428e-08
HCK,0.212549418005049,0.0416901569414744,0.0692383234955696
HCLS1,0.516613287439233,1.76841531996608e-07,1.18859691714793e-06
HD,-0.046803941963743,0.365860074718925,0.442889290324949
HDA10,-0.390675388716285,2.75395847075092e-05,0.000109703374085256
HDAC1,0.108933873167518,0.107259697882224,0.156508288362186
HDAC2,0.00285803146350989,0.980430646603293,0.985201473700247
HDAC3,-0.0174017315747179,0.868775674045546,0.898348043545354
HDAC4,0.500356431073918,0.0755280047958404,0.116044222422283
HDAC5,0.847678677053777,1.85031823664567e-05,7.70483298108904e-05
HDAC6,-0.00874502782179485,0.911641586178695,0.932673890076214
HDAC7,0.254590415128225,0.0294496853917369,0.0512224681281666
HDAC8,0.184298070090355,0.130650721444647,0.185244573073667
HDC,-0.320309060004917,0.00705591873638342,0.0148915396526079
HDGF,-0.24971838055438,5.15619693341517e-05,0.000190907944041418
HDGR2,0.487289791913107,2.34351045287825e-09,2.50450507678789e-08
HDGR3,0.680767225499244,7.02953126980773e-07,4.09976290837766e-06
HDHD1,-0.0148565781145998,0.838490458046154,0.873587952239282
HDHD2,-0.066739505534999,0.34994522105341,0.426500920178189
HDHD3,-0.0818699726552314,0.477474861831063,0.551856805555495
HEAT1,-0.200525696788508,0.0006685970289416,0.00185571750910553
HEAT3,-0.528584320569905,3.76678605130348e-07,2.35149847668751e-06
HEAT6,-0.318188403217321,0.00027817037145053,0.000847694544278155
HEBP1,-0.560812760992322,1.07673972089245e-15,5.69049567562065e-14
HEBP2,-0.567028437966972,2.83104240986567e-11,5.02469634653683e-10
HECD1,-0.282465900795778,4.69924038630737e-10,5.96370704288613e-09
HECD3,-0.0916307861998513,0.0749338126989107,0.115337981006343
HECD4,-0.432826886978733,0.00080093166078753,0.00217452100444637
HECW2,-0.167626400765214,0.414248239836633,0.490311308264988
HELZ,-0.00946757099423329,0.902024555644746,0.925165688070565
HELZ2,-0.0424902549529756,0.674592049359165,0.735087170294495
HEM1,-0.226059621517714,0.00353768138810402,0.00815315101272718
HEM2,-0.92966149014639,2.02672540331261e-15,1.0221054386902e-13
HEM3,-0.0893259391794683,0.184657538352603,0.248789517361391
HEM4,-0.184348856514912,0.0246979403776325,0.0439302231336589
HEM6,-0.42981304095858,5.11569704818131e-11,8.25789088363326e-10
HEMH,-0.152997200557066,0.0714819664470167,0.110865297106569
HEMO,0.183555114287704,0.0888452980116421,0.13331978208048
HEP2,0.37334530405214,2.61610033374323e-05,0.000104894887846487
HEPC,0.3450113782415,0.351750436039691,0.428268731714429
HEPH,0.428537992230647,0.010022063080674,0.0201700609540908
HEPS,-0.229393499562625,0.00066832118659081,0.00185571750910553
HERC1,-0.141572737332164,0.206291141904762,0.274013160774168
HERC2,-0.22906858210551,0.0355335685668885,0.0602984418434378
HERC4,0.124126937811782,0.00530491879298709,0.011543359674757
HERP1,-0.258132948391928,0.0142058680407941,0.0273484226054809
HERP2,0.156686550395477,0.676036558115408,0.736349249353259
HEXA,0.303641658365787,0.00816025159923355,0.0169304924279877
HEXB,0.290621389657523,0.0152703354009234,0.0290641114833559
HEXDC,-0.429110296338061,0.00182659961335169,0.00453184650052143
HEXI1,0.48275640188965,0.0294549107160025,0.0512224681281666
HFE,-0.358342244282399,0.00631494552468742,0.0134788712775901
HG2A,0.5767784867692,5.81608658247583e-08,4.39538923314236e-07
HGB1A,0.434646907497824,7.65535920197273e-07,4.40552446364624e-06
HGD,-0.906271835303293,2.21410377155496e-19,3.5591718127746e-17
HGF,0.903204903339003,2.45902194904692e-06,1.26239609839295e-05
HGFL,0.0684947189031573,0.298709920180252,0.373496312447063
HGH1,0.0861030121328615,0.296006907042324,0.370717301531987
HGS,0.248798334653119,0.00061223044193005,0.00170991387526277
HIBCH,-0.591313670840133,7.7037222229867e-07,4.42935325428952e-06
HID1,-0.0500502731108873,0.847661920842422,0.880883418346145
HIG1A,-0.33270678807585,0.00673445484024609,0.0142912688524034
HIG2A,-0.11565920746904,0.142286207498648,0.199093910150831
HIKES,0.256432216983484,0.00222451389347453,0.00540238216991039
HINT1,-0.717876207075173,8.8414436076831e-14,2.96611212508186e-12
HINT2,-0.289574815712238,0.00300177022618702,0.00705932918782659
HINT3,-0.127494615873002,0.0310155220193095,0.0535741589211981
HIP1,0.382678318436378,9.07526556977129e-11,1.37843994362904e-09
HIP1R,0.302133016847238,0.00023404668889384,0.000727014594003571
HKDC1,0.965758431335308,2.06752439266524e-09,2.24059244575913e-08
HLAE,0.262593114116157,0.0200195459841647,0.0366912118797685
HLTF,-0.104656030434298,0.250368692278275,0.322888990409355
HM13,-0.885044823498322,3.02214498484466e-13,9.2169449419215e-12
HM20A,-0.11112081013837,0.403325558008754,0.479595445944077
HMCES,0.579577944923986,0.0212072492912572,0.0384752258479522
HMCN1,0.544252914072346,2.52817404464831e-07,1.64065525050516e-06
HMCS1,-1.06691512299734,3.34014607571511e-13,9.87992231841102e-12
HMCS2,-1.54247846187087,7.93922343234056e-19,1.0524044846417e-16
HMDH,-0.0542539155300183,0.788267210323257,0.833301794061413
HMGA1,0.927436082837985,3.69652040826785e-08,2.91341690196065e-07
HMGB1,0.61603486609872,7.99508768944917e-05,0.000280920294224908
HMGB2,0.970997180636091,2.88723801993997e-11,5.09792415603131e-10
HMGB3,0.0495666465200792,0.553173316381267,0.624566185132844
HMGC2,0.23629299986803,0.155626016223353,0.214967837661903
HMGCL,-0.540580824553769,2.39491256598723e-07,1.56337947200994e-06
HMGN1,1.01933754791101,6.2055541517756e-13,1.7398918283113e-11
HMGN2,1.0652627848069,7.11114496298709e-09,6.82647316013079e-08
HMGN3,0.758164146317324,0.00056928237070644,0.00160346814025225
HMGN4,1.01484801060099,3.00195671163376e-08,2.40530612533397e-07
HMGN5,0.343164462472014,0.00128032053721397,0.00329848189153355
HMHA1,0.464922284418463,0.0070341890355535,0.0148647122095019
HMOX1,-0.475137815392895,1.72335441554121e-08,1.50083551583702e-07
HMOX2,0.0455995338204759,0.395030226917074,0.47198098960857
HMX3,0.152308046944245,0.710773869286663,0.768328828161375
HN1,0.849144995164511,3.44680211126568e-11,5.91011668678355e-10
HN1L,0.408107487040401,0.00018445840682359,0.000589838817675433
HNF1A,-0.502051507696727,5.33879451068459e-06,2.53035248430235e-05
HNF1B,-0.122748247150011,0.395097911160706,0.471988772645302
HNF4A,0.17523587351352,0.173646616413662,0.236389783388817
HNMT,-0.237249203438847,0.00168112033796343,0.00420743578583387
HNRC1,-0.0379865863765896,0.406518599848067,0.483014708412024
HNRDL,0.290889105668055,0.00481085440539138,0.0106271264219868
HNRH1,-0.182460939320948,4.56681873592687e-05,0.000171472376478889
HNRH2,0.0185116894002213,0.715085097053582,0.772231855684456
HNRH3,0.0905594429181525,0.0273639937615929,0.0480520199964613
HNRL1,0.407297272262147,7.76635942924827e-09,7.37087691956699e-08
HNRL2,0.31258966821894,0.00410457166524412,0.00924427173643422
HNRLL,0.600156503213262,1.69905553230473e-06,9.02886534935489e-06
HNRPC,0.275384960253098,7.19306803540584e-06,3.30367339054711e-05
HNRPD,0.350872864655713,1.74469753069256e-05,7.32829948112346e-05
HNRPF,-0.310187698810408,0.00080212575162253,0.00217646137587971
HNRPK,0.0505476679262351,0.295516641098309,0.370283599011782
HNRPL,0.0547915319520026,0.159937410111293,0.220252910301399
HNRPM,0.23987214042782,5.26223415166179e-09,5.1922504749645e-08
HNRPQ,0.0349481479598797,0.534549743437328,0.606645950928434
HNRPR,0.137192655055431,0.00387079199553641,0.00878442089339969
HNRPU,0.488076889633822,3.45608910630694e-10,4.51986161767192e-09
HOGA1,-0.801959057325451,9.64961578807908e-13,2.56746329037304e-11
HOIL1,0.394317671817659,0.00031605886654094,0.000950764216074032
HOME2,-0.0765180505921093,0.51525680785935,0.588821316564388
HOME3,0.620246692015291,2.77620641675102e-06,1.40099468356121e-05
HOOK1,-0.0660795437482323,0.376741129430191,0.454137565174715
HOOK2,-0.0881768834281331,0.236856210154171,0.307777453275443
HOOK3,0.343131480645385,1.84675446141109e-08,1.5903523910991e-07
HOP,1.03715095052263,0.00110487039056275,0.00289185208059097
HORN,0.91437087556696,0.00085178664747265,0.00229964512662665
HOT,-0.67139120970686,7.7860449190078e-11,1.21367924434473e-09
HP1B3,0.594912521389333,1.45595454640852e-09,1.64002120877199e-08
HPBP1,-0.300033498382705,0.00089349631662344,0.00240300368737067
HPCA,-0.181982851009923,0.09917761491783,0.146320167630206
HPCL1,-0.531116416991842,0.00122659627823566,0.00318131659928281
HPF1,-0.148552805306698,0.0339723300466399,0.0579934731504145
HPPD,-0.751076322463743,4.51316801495861e-12,1.02422365892414e-10
HPRT,-0.738197129940166,5.54089704187218e-08,4.21632757150747e-07
HPS3,-0.244996626738049,0.0810549649513757,0.123308381223347
HPS5,-0.385237744527001,0.00080372948104541,0.00217905013202614
HPS6,0.111548185510824,0.349401338139506,0.425972622070537
HPSE,0.0431372907090303,0.825175765979327,0.863491725858702
HPT,-0.734858298205538,0.0003058551560583,0.000922876997384093
HPTR,-1.30412023463859,6.51024166487211e-06,3.02608582446706e-05
HRG,0.519304371226951,1.82949654757098e-08,1.57901514105791e-07
HS105,-0.187558737453879,0.00032729571100885,0.000980950416550113
HS12A,0.174082942440605,0.016590898965141,0.0312461255589524
HS12B,-0.028167404704218,0.764938334991235,0.814330048674444
HS2ST,0.14355015386835,0.0425814805351331,0.0705970571141141
HS71A,-0.14550529961788,0.0569125065366678,0.0910694525999437
HS71L,1.20753869211903,9.36996646603792e-11,1.41484659984244e-09
HS74L,-0.0730935625500246,0.169927639682942,0.232022945990724
HS902,-0.533412841606829,7.03928977982629e-06,3.24851435054663e-05
HS904,-0.0728151369728638,0.568006864398399,0.638139336880904
HS905,0.0344749263152838,0.793776915462666,0.837519852278125
HS90A,-0.0300718838293776,0.679416557017001,0.739300261450173
HS90B,0.410487646329002,0.00041066037794105,0.00119843247964945
HSBP1,-0.214837271002694,0.0197919167211108,0.036343272113301
HSC20,-0.345048860354316,7.96034925201313e-06,3.61306204873725e-05
HSDL1,0.0715594971772163,0.831352185164033,0.868261161440942
HSDL2,-0.464153823147773,3.98882149757134e-07,2.46419108689035e-06
HSF1,-0.394881765588028,0.0018767258843689,0.00464575454725391
HSP13,-0.249871260088358,0.00159336682017481,0.00400469654217226
HSP72,0.334509925995227,0.00271292218186125,0.00644486070050536
HSP74,-0.087283596473118,0.0506863467948633,0.0821802588504234
HSP76,-0.423742733704964,0.00838701477388166,0.0173357101514254
HSP7C,-0.164841616856081,0.00012229419160777,0.000409202941216632
HSP7E,-0.123286106484071,0.223719673539005,0.293384832498236
HSPB1,0.0246927172911439,0.715918955079971,0.77291600075515
HSPB2,1.28197237319948,0.0179811944666648,0.033464277979929
HSPB6,0.548940616766755,0.00132261465080701,0.00339723523489577
HSPB7,0.387086770015909,0.250905749945955,0.323473478125813
HSPB8,0.513471543214598,7.13742479859028e-06,3.28594091562784e-05
HTAI2,-0.103261283564088,0.286788642250464,0.361047669049532
HTR5A,-0.484874375307052,1.91886114844534e-05,7.96446079688233e-05
HTR5B,-0.392308629182188,0.0220805510436356,0.0398721113626708
HTRA1,0.404980485137231,6.6915725081069e-05,0.000239815018451244
HTRA2,0.235023612823901,0.00221327039346916,0.00537888311650344
HTSF1,0.121653362245308,0.398568315894877,0.475398535391076
HUS1,-0.2832485550659,0.0193352875254126,0.0356149626512494
HUTH,-0.274027828786379,0.0142515596982671,0.0274158650291271
HUTI,-0.839932990073215,4.86725138111257e-16,2.91129547726082e-14
HUTU,-0.936726500094172,1.96277236802926e-12,4.82450080508069e-11
HUWE1,-0.105452806807053,0.00029039347558504,0.000881461863734921
HV102,1.32870149241662,4.72955982334837e-09,4.708810786704e-08
HV103,1.57950553862417,5.1993668686227e-05,0.000192229586767095
HV108,1.31301012460828,0.171061154872013,0.233281702190253
HV118,0.0132721509937309,0.870004252947628,0.899256907668305
HV169,0.49260387180341,0.393040690607427,0.469894944023382
HV205,0.791857403445143,0.0729596147907668,0.112749126321962
HV226,0.571306927867564,0.0260649469093224,0.0460772486110453
HV307,0.878660217678038,1.60861644740559e-05,6.80860367974851e-05
HV309,0.486478580585861,0.0010689853215355,0.00281032052503166
HV311,1.2486477699665,1.87901517139798e-07,1.25636750974929e-06
HV313,1.1234814613976,1.26941270743021e-07,8.85604742362704e-07
HV315,1.33979243642289,1.15899000862313e-07,8.14374235861977e-07
HV320,0.648452557655212,2.79466753541137e-06,1.40754926261319e-05
HV323,1.2326914521029,7.11917996962153e-12,1.53012792884679e-10
HV330,1.01473948435781,0.00018846948472979,0.000600588706020942
HV343,0.648874033710124,0.0245507726902225,0.043698676373185
HV349,1.25789467708799,4.01695767723545e-05,0.000153363906172928
HV353,-0.413051345037012,0.00289610498051433,0.00683374496319528
HV364,0.173447286057266,0.418145215041121,0.49409011933496
HV366,0.576744631984708,0.00034513580692618,0.00102741816598858
HV372,1.13796052338063,0.00073560850751627,0.00201346408087816
HV373,0.210896274669875,0.0572608952827852,0.0915320215458816
HV374,0.557956037065103,0.286584765478914,0.360967686979318
HV404,0.838736405203557,2.79237100264758e-06,1.40731121204629e-05
HV428,1.2644295384992,1.99394066019634e-06,1.05018744942491e-05
HV434,0.917207934112728,0.00010813184303347,0.000367618234002834
HV551,1.2537297392527,3.03172548047816e-08,2.42161426577324e-07
HV5X1,1.04907309665431,0.016651699721574,0.0313376865979671
HV601,0.51157531390852,0.0202291360615893,0.0370297856893463
HVCN1,0.365866075639425,0.00196679771046321,0.00484695341230729
HXK1,0.620796582907432,1.57527175846087e-16,1.10498153529855e-14
HXK3,-0.022160405159303,0.83236965692865,0.868853391891432
HXK4,-1.25765636642537,5.65521799801914e-08,4.29062557253842e-07
HYAL1,-0.0310267114467776,0.78744997521159,0.832780154705678
HYCCI,-0.147146462803116,0.0676660566754872,0.105926413736673
HYEP,-1.43358657611187,1.5453115919563e-08,1.37053152224538e-07
HYES,-0.805288327712,1.53293855884434e-08,1.36112243038469e-07
HYI,0.038698849050451,0.37816131695528,0.455541779363943
HYOU1,-0.499985144272284,2.37310381430974e-10,3.28740916179784e-09
HYPK,0.504461750781948,0.00068161976584719,0.00188748753758261
I20L2,-0.0574863174475411,0.625556429918001,0.690429611392833
I2BP1,0.101999615024915,0.207978667530249,0.275934312306854
I2BP2,0.423733054064374,1.60892217403088e-08,1.41717391493405e-07
I2BPL,0.152958274097461,0.0241356161954991,0.0430889436752594
I4E1B,0.461181726167324,0.221563005468038,0.291141033751938
I5P1,-0.0084567697567114,0.946273335729358,0.959327954078009
I5P2,-0.0934438905260997,0.42573460876948,0.501215782921164
IAH1,-0.183668169849823,0.00044062826102602,0.00127767292825132
IASPP,0.452639711109093,3.13403268034457e-10,4.15501652260115e-09
IBP2,0.115446143653644,0.281520142253669,0.356275121802413
IBP3,0.398697319768334,8.59423044243921e-05,0.000299246760351358
IBP4,0.592179056227718,0.00200541895960596,0.00493267857581115
IBP5,0.668428694371265,1.56388453277543e-05,6.62654204003032e-05
IBP7,0.970054798453402,1.07513733800895e-10,1.58922599618334e-09
IBTK,0.0678204189300517,0.446468093804342,0.522040886769859
IC1,0.694668062041564,1.64856832899205e-09,1.82501481011516e-08
ICAL,0.334326852887036,3.28105023311869e-10,4.31243406839991e-09
ICAM1,0.115700484944623,0.031970943099878,0.0550396691117043
ICAM2,-0.48552162972945,2.11231965714373e-06,1.10499379488278e-05
ICAM3,0.676600507775022,0.0002653914563695,0.000812281030284435
ICE1,-0.0624588541110829,0.766056716196379,0.81495844783831
ICLN,-0.581620235903043,1.47250409547942e-13,4.77388302551227e-12
ICMT,0.497528573194189,0.0085476775396511,0.0176064815525755
ICOSL,0.0648607834230953,0.342044985673828,0.418193489060253
ICT1,-0.180571821319688,0.0134205511123277,0.025998737731037
IDE,-0.25064875363761,2.08854942194418e-05,8.56738295572637e-05
IDH3A,0.218564204847967,0.0115582277461799,0.0228198430962348
IDH3B,0.101566711996721,0.131206473255045,0.185964207868466
IDH3G,0.0539273581551886,0.413511856071225,0.489514802308311
IDHC,-1.16495421814777,1.93812769758058e-24,2.99091866290635e-21
IDHP,-0.587380353996527,2.39440552761701e-08,1.9844503814278e-07
IDI1,-0.946128956744789,1.20871558254206e-15,6.25936203684197e-14
IDUA,0.0175585168172652,0.818206319491199,0.85813238564552
IF122,-0.240170205297067,0.117649513339106,0.169110217012769
IF16,0.532610206859884,3.25851761711425e-09,3.35236292448714e-08
IF1AX,0.171541196665186,0.0240641534304041,0.0429812518215273
IF1AY,-0.890771189606124,0.0007605123716853,0.00207500475952043
IF2A,-0.187449787115647,0.00620524495529866,0.013270418535223
IF2B,-0.0930354643759067,0.100778381129221,0.148243534087549
IF2B2,0.199332496150737,0.0340716384122521,0.0581372759816314
IF2B3,0.450093719991962,0.00345866349330014,0.00798774244666384
IF2G,-0.00912928233747819,0.956017989059805,0.966540199631218
IF2GL,-0.185043181541229,0.00039957437738562,0.00117050717384489
IF2M,0.19079182837441,0.172289595998518,0.234832454111388
IF2P,0.0769640053337822,0.0931017566092347,0.138816068405189
IF3M,-0.277230184105285,0.127417400108066,0.181259708560811
IF4A1,-0.375998035693933,2.17248956881093e-09,2.35104200742569e-08
IF4A2,-0.213460515239997,1.09003990776255e-05,4.79428807618258e-05
IF4A3,0.0506214962370613,0.436507883436282,0.512024145423282
IF4B,0.0159299705546908,0.818682390965799,0.858398332476166
IF4E,-0.0312003769423845,0.532816050409689,0.605301626172138
IF4E2,0.321521774751288,3.20413855352319e-07,2.02316964639811e-06
IF4E3,-0.181925622377262,0.0530465587997542,0.0855754228933522
IF4G1,-0.422260993001827,2.06013751765067e-15,1.03220916144108e-13
IF4G2,0.0612688326171711,0.200004715930902,0.266903560726883
IF4G3,-0.0675451038546977,0.301436899839369,0.376235380000092
IF4H,-0.0665370023957912,0.376311906770174,0.45376194290337
IF5,-0.40588673964444,3.16851577288273e-14,1.18680911182345e-12
IF5A1,-0.580337509311062,2.97080791016611e-10,3.96587436588957e-09
IF6,-0.537188699743848,7.55848206709112e-14,2.60362712632478e-12
IFG15,-0.16629253517532,0.157872648750644,0.217642550966584
IFI44,0.030629884993875,0.90933516424637,0.930807923497611
IFIH1,0.22705221240573,0.0218314829402497,0.0394408153516663
IFIT1,0.147561997389313,0.0375412850523556,0.0631912206509546
IFIT2,0.489801857670326,0.00041712573299559,0.00121546153919712
IFIT3,-0.00382959613708861,0.960122608196937,0.969292953663164
IFIT5,-0.107312920723631,0.234326844701313,0.305107312473056
IFM3,0.435588059352115,8.83605646064928e-06,3.96159277457117e-05
IFRD2,-0.389263924140779,0.00111782234121154,0.00292178766422366
IFT20,-0.432790548641623,0.00394982522992521,0.00894536292166214
IFT25,-0.238539868616727,0.0509877418731457,0.0826168450846687
IFT27,-0.304320616861257,0.00191624575726064,0.00473598727194846
IGA2,1.7928736721832,1.21664130234417e-06,6.67681670617896e-06
IGBP1,0.169696716966639,0.178094726419363,0.241380451265028
IGD,0.833169414357937,0.00636406821428706,0.013576209660337
IGE,0.338266943478478,0.111406148890539,0.161489732263648
IGF1R,-0.15343440230151,0.353945298078312,0.430085341727914
IGG1,1.55149879131573,5.48777505134491e-08,4.18002688017545e-07
IGHA1,1.69508026234631,6.66661952975843e-12,1.44900383920045e-10
IGHG1,0.813527972810525,0.0359102030060922,0.0608572647474209
IGHG2,1.62371050680551,1.15992390514815e-07,8.14374235861977e-07
IGHG3,1.10893454205348,1.33187283928084e-05,5.741190406643e-05
IGHG4,1.41251002929063,0.00040345318137773,0.00117963044619574
IGHM,0.753694381038294,5.79681115678169e-05,0.000210930992048551
IGJ,1.1937439929301,4.17902864588197e-09,4.22060013502949e-08
IGK,0.826243798601419,2.13175618077158e-08,1.79963136661198e-07
IGKC,1.59347998633427,3.16847424444746e-09,3.26407840723052e-08
IGL1,1.50630082040423,7.977812985767e-12,1.68648780816927e-10
IGLC2,1.22052622235607,7.75643286358255e-11,1.21298166723809e-09
IGLC3,1.15605353930257,0.314909398207433,0.389522429716023
IGLC6,0.815503292307099,6.92742097192354e-05,0.000247692216030408
IGLC7,1.149226842702,0.00012115864621255,0.000405931443411218
IGLL1,1.24569097018475,1.10683668824208e-07,7.83518521695036e-07
IGM,2.00873283897036,0.0680683166809603,0.106405010435634
IGSF6,0.969293817472365,1.30534624727951e-07,9.09029931769738e-07
IGSF8,-0.136066671134333,0.0298385162457932,0.0517728786490983
IKBB,0.234029133148885,0.318202486745861,0.393028715820564
IKBE,0.138722741505956,0.360988264849733,0.437472192803603
IKIP,0.697714224879369,3.17789729967435e-11,5.5685469074027e-10
IKKA,-0.0506869634653262,0.272393248256684,0.347058504548972
IKKB,0.146914545074547,0.00978838361993206,0.0197870495183117
IKZF1,0.282757667024074,0.140836038802789,0.197228751682182
IL16,0.504425138699497,2.86929286634499e-08,2.31525831553157e-07
IL18,0.790961327047219,0.00027951390122488,0.000851116520067551
IL1AP,0.084888815146794,0.416603336104387,0.492494460147304
IL1RA,-0.523964349125073,5.16782955443312e-06,2.45686832051793e-05
IL27B,0.360622730399827,0.0310948608497717,0.0536991822553354
IL32,0.919836596845423,0.130233715432573,0.184687253864682
IL33,-0.264233748551886,0.0161152770843634,0.0304843044822133
IL6RB,0.26540929013944,0.00100786837950495,0.00267057431877067
IL8,1.27460637572325,0.00013374351227512,0.000443283909241764
ILEU,0.949024623635081,1.19553042720197e-06,6.57499128744861e-06
ILF2,0.279062350280108,0.00048699370950659,0.0013994947719005
ILF3,0.0739847117110432,0.0635196741315343,0.100208097648521
ILK,0.375837941920809,2.76175835772608e-06,1.39644347891313e-05
ILKAP,0.213477934990671,1.81858615494394e-05,7.59318764694126e-05
ILVBL,-0.380293914910825,2.00315547997056e-13,6.30871334018483e-12
IMA1,-0.211710002429049,0.00242429010014127,0.00583281023158405
IMA3,-0.102957723997681,0.0153216539195598,0.0291402222438559
IMA4,-0.388303074303839,1.9333319387022e-05,8.01589964482868e-05
IMA5,-0.548295554284045,1.84250308339041e-12,4.61582915306507e-11
IMA6,-0.279609169694458,0.00019607716421424,0.00062183781301976
IMA7,-0.284434770989402,0.0287627403049253,0.0501544190266223
IMB1,0.000595710046228315,0.983608192971254,0.987318956285442
IMDH1,0.31551290352232,0.00032860068175238,0.000983742233668312
IMDH2,-0.124625908291979,0.00028604492906867,0.000869973461842277
IMP3,-0.124725152398889,0.112038681671924,0.162254216925782
IMPA1,0.0599491248343214,0.248278161817397,0.320460738806128
IMPA2,-0.641838237719264,3.25537198961072e-11,5.65730861978295e-10
IMPA3,-0.0792381445619243,0.473231150214934,0.54816977026571
IMPCT,-0.17691760211242,0.036856774816258,0.0622154614925064
IN35,-0.273298648529927,3.02207321230139e-08,2.416405897007e-07
INADL,-0.268543385099563,0.00991487726177142,0.0200112981825342
INF2,0.266655830350359,0.00016177932373172,0.000524491286518467
ING1,-0.522818086385572,0.00128644700782502,0.00331205375788384
ING2,-0.429173514514558,3.79799461757357e-05,0.000146130161542068
INGR1,0.866843109793351,0.132052152722752,0.186991082842495
INHBC,0.274840114449239,0.00928657001818478,0.0188615883812355
INHBE,0.372544297899564,4.7344033044421e-05,0.000176818276365321
INMT,0.290719282770953,0.259230544503985,0.332926578127954
INO1,0.910465585122581,1.60611150849937e-08,1.41717391493405e-07
INO80,0.402204809165688,0.116088643545031,0.167240473038361
INP4A,0.156295643828555,0.138309221833335,0.194424112892332
INP4B,-0.0330839393757101,0.80343193246465,0.84654933646009
INP5K,-0.235094708415822,0.0183431483889504,0.0340475662663318
INPP,-0.219922475307025,0.0104687534239496,0.0209320812177235
INSR,0.250061730174454,4.63818634174165e-05,0.000173645054890241
INSR2,-0.380496736987456,0.0165754603343875,0.0312310733722903
INSRR,-0.229084583541867,0.261214245294218,0.334784822597107
INT1,-0.0735899319969515,0.225201536354447,0.295067932503127
INT10,-0.181832779988955,0.0579994851174138,0.0926145266321919
INT11,0.25387312006809,0.0573650731129306,0.0916795576096463
INT12,-0.0392998543895835,0.660756220875872,0.722459260348339
INT2,-0.367456059131775,0.00285575867365328,0.00675506864681444
INT3,0.0187039573052208,0.771564261895373,0.819349001484269
INT4,-0.193462673978212,0.0123063212390218,0.0240820630688035
INT5,0.0437686410672759,0.728374798574826,0.78351316684837
INT6,-0.0052576875154167,0.952721799584625,0.963839177342988
INT6L,-0.524163998786944,0.00593750261979708,0.0127647771618859
INT7,-0.625655780130274,0.00027205921294432,0.00083038326229366
INT8,-0.750741121509694,0.00341722652166482,0.00790387285406647
INT9,0.00656517156298468,0.943026954333925,0.957251056694011
IOD1,-0.303514245006171,0.00845577853746535,0.017454464204142
IP3KB,0.0835279180781358,0.49343983767417,0.567419044335901
IP6K1,-0.39003258389768,0.0324132581631589,0.0557265374302438
IPO11,-0.373458901736142,3.38026342055325e-06,1.67193029185826e-05
IPO13,-0.212672673823875,0.103829176546595,0.151991259008448
IPO4,-0.324205754174585,2.3324036027062e-11,4.2646507579339e-10
IPO5,-0.242830514511679,8.95079521368499e-09,8.38159415883415e-08
IPO7,-0.120710246981275,0.0957873017884853,0.142106291213219
IPO8,-0.0687038254777853,0.271049255481207,0.345574364721248
IPO9,0.0441702656708895,0.201981019689523,0.269168488415261
IPP2M,0.0241721394152245,0.799437310543134,0.842915863371252
IPRI,0.624419118289343,0.0405093872834051,0.0675535838078136
IPSP,0.190380976119747,0.00889329651435029,0.0182162664997948
IPYR,-0.280108258650352,9.32119345328606e-07,5.27227870856864e-06
IPYR2,-0.324009843865111,2.8060753953756e-05,0.000111549086814622
IQCA1,0.275395688192218,0.538809707677385,0.611031114702925
IQEC1,-0.122617063843217,0.093191878465254,0.138923596259254
IQGA1,0.427310094944409,7.95976745696812e-10,9.59649464030719e-09
IQGA2,-0.75917373418899,2.70157329406807e-23,1.89503086700266e-20
IR3IP,-0.60813929823773,1.46705452855956e-08,1.30877984622077e-07
IRAK1,-0.141011561895442,0.206669809093349,0.274468889322596
IRAK2,0.275330127318382,0.268196141009081,0.342446040712571
IRAK3,0.0493756599608026,0.83658559699934,0.871838798817789
IRAK4,0.413113103894672,3.55108380740094e-05,0.000137620103756432
IREB2,-0.416928354167727,7.9156734977148e-06,3.59701629613471e-05
IRF3,-0.443794401774656,1.31145103328702e-05,5.65948331814466e-05
IRF6,-0.0698519956857269,0.392844738002135,0.469733457062525
IRF9,-0.153050398353341,0.209752300858199,0.277797588984185
IRGQ,0.0564267654847486,0.556155945830029,0.627392047823704
IRS1,0.593303090496315,0.00139048769514831,0.00354443444194396
IRS2,0.1794562714066,0.280987385081206,0.355717582163509
ISCA1,0.103059813103988,0.254165390591035,0.327129300050113
ISCA2,0.0229614597616812,0.666861562724403,0.727999974247523
ISCU,-0.0130262588347052,0.882696261528645,0.909573231030318
ISG15,0.322988374570353,0.00366762466962161,0.00840492781431552
ISG20,0.271714903271539,0.296618956393286,0.371363275601265
ISK1,-0.936081952651137,0.0372461233259358,0.0627628494393799
ISLR,0.237479283312707,0.00920008044605395,0.0187253549780407
ISOC1,-0.609261373938355,2.83859483160186e-16,1.82521647672e-14
ISOC2,-0.760196244760613,4.78544253078051e-12,1.06718134588157e-10
IST1,-0.13353853809921,0.00055892015810145,0.00157839891379026
ISY1,0.110991236969891,0.139926056675943,0.196196520681733
ITA1,0.152737670985078,0.00620064471432595,0.0132642568937452
ITA11,0.197425094649158,0.49168088859443,0.565818006919407
ITA2,0.600522869087823,2.4575867321891e-07,1.60158270486242e-06
ITA2B,0.238580221516571,0.221218671810709,0.290738080683262
ITA3,0.641070601239649,5.27448144594679e-09,5.19768822949239e-08
ITA4,0.270758559296956,0.00606061791743679,0.0130043737071586
ITA5,0.0558078713053752,0.179918917634715,0.243425279408988
ITA6,0.475574693359275,1.09857854745437e-12,2.88320818780882e-11
ITA7,0.481224531288442,0.112254451848193,0.162505694270292
ITA9,0.376112536315021,0.00033566461625867,0.00100154221927761
ITAD,0.854119358459298,3.15698987404418e-07,1.99994530936986e-06
ITAE,-1.39001441829921,7.30060080190759e-06,3.35106697129798e-05
ITAL,0.169754432745886,0.0434925095248822,0.0719066217043049
ITAM,0.315022436424328,0.00299886672178158,0.00705465110526423
ITAV,0.591949358502397,1.02253350590346e-11,2.07083163557772e-10
ITAX,0.56463668415833,4.42841323617638e-07,2.7161873235562e-06
ITB1,0.352598091143359,1.69122581364e-07,1.14469284017949e-06
ITB2,0.442008193686969,0.00111578663302259,0.00291745498488726
ITB3,0.232817909903141,0.190168079873566,0.255233415255598
ITB4,0.456181634586744,1.34451673075426e-05,5.7859961486335e-05
ITB5,0.0584273346494214,0.69022455663428,0.749686469452436
ITB6,0.461591420632378,5.26516781670123e-05,0.00019428998026622
ITBP1,0.432457048216515,0.0042813805814005,0.00958693569953098
ITCH,-0.277458737020665,0.00015472234110085,0.000504580551113338
ITFG2,0.973113822717367,9.3924801688494e-05,0.000324116176130778
ITIH1,0.373791847337319,4.22771615218261e-07,2.59928747651323e-06
ITIH2,0.556953178690039,1.61281017056271e-08,1.41897870878699e-07
ITIH3,0.260444850064159,0.00215662220865219,0.0052560003038409
ITIH4,0.445512719494505,7.41839682506295e-07,4.29409976760583e-06
ITIH5,0.430932868240732,0.00294565333347044,0.00693581358591941
ITM2B,0.322072357178457,0.0121778172682552,0.0238547951362927
ITPA,0.0723637813776425,0.284071674041888,0.358856751294566
ITPK1,-0.0562935730155069,0.474094395682597,0.548854067079808
ITPR1,0.0638549445616262,0.101332345956778,0.148986353163586
ITPR2,-0.290682721059957,2.26822872722114e-09,2.43755610852901e-08
ITPR3,-0.161676179064804,0.293452909600178,0.36829581172332
ITSN1,0.116181080871173,0.00329954286051077,0.00767076610777376
ITSN2,0.15452617928354,0.0146104494559927,0.0280224280393835
IVD,-0.195752000247677,0.0105878629437948,0.0211319064858564
IWS1,0.0854164977279643,0.335603568842658,0.412212215407505
IYD1,-0.253726714187488,0.0344429067860508,0.0586540429841465
JAG1,0.203078341869705,0.214599809595846,0.28290656600744
JAGN1,-1.18514596909691,4.55403133670978e-11,7.47636293490482e-10
JAK1,-0.011462719825418,0.784902940690124,0.830883672707504
JAK3,0.309732664669835,0.0157621270769478,0.0299042469942781
JAM1,-0.00611271501379408,0.914408958098309,0.935009212918971
JCAD,0.852827449391151,0.0183061719452034,0.0339952882621395
JHD2C,-0.0691687038630166,0.5201021932615,0.593567301169314
JIP3,0.545948606024163,0.261104161783916,0.33477562517858
JIP4,-0.203122205372373,1.82348223476544e-05,7.60539941808115e-05
JMJD6,-0.102421637636882,0.29999145899114,0.375037928965592
JMY,0.605962671464778,0.00347691253885328,0.00802268455436361
JUNB,0.685925799892477,0.0114317530551613,0.0225998991989814
K0100,-0.729850305819028,0.0413096670521566,0.0687099355409442
K0513,0.0620194482901495,0.742634767295695,0.79552545667827
K0907,0.249347034225872,0.348744333282528,0.425373265192537
K0930,0.237582073099654,0.0227529450926022,0.0409044092112112
K1143,0.376045838029086,0.0406876888749299,0.0677923142645129
K1161,-0.256253457384837,0.0210341407031492,0.0382420899306077
K1211,0.641345332549093,0.00062096038000123,0.00172972212710812
K132L,1.30946260212922,0.0011500048484895,0.00299879601586515
K1468,-0.00687390965418066,0.890064570093653,0.9154543085634
K1522,0.448191583830348,0.0338063241981949,0.0578124107963812
K1671,0.507484126128986,0.0001976625044319,0.000625579936093741
K1C10,0.793119301853539,1.47692589096901e-05,6.29959103079982e-05
K1C12,1.07176884638267,0.00021272298293865,0.000669044136523934
K1C13,1.01907417886794,1.10870317627471e-07,7.84120413211335e-07
K1C14,0.960000078000974,9.43510779537715e-06,4.21060102655466e-05
K1C16,-0.035145277842114,0.924827104637665,0.943645064115795
K1C17,1.65877496651268,1.33634719456743e-06,7.28195971276998e-06
K1C18,0.711706339589618,5.28108372234376e-08,4.05058071586525e-07
K1C19,1.05271080262697,1.01470660852504e-06,5.67353347201392e-06
K1C23,0.946685202142867,4.39578988880171e-10,5.63420511328804e-09
K1C9,0.599612016346266,0.00125492182239299,0.00324062141284616
K2013,-0.281892870996023,4.03664121789071e-05,0.000153963043189544
K2026,2.41472223596864,0.284769531366747,0.359620573490314
K22E,1.27874069988989,1.79396829020716e-05,7.50257958115905e-05
K2C1,0.387565474488951,0.0110408396262181,0.0219282158445042
K2C3,0.296450359072911,0.016725933056642,0.0314390498087819
K2C4,0.939987036819755,0.00234523923092768,0.00566380779525445
K2C5,1.4051286618209,1.77011602647795e-05,7.418911059372e-05
K2C6A,0.310712380978269,0.0784645933698907,0.119935182734167
K2C7,1.14740374362514,9.60364206354612e-08,6.92539272545064e-07
K2C72,1.61414207607375,7.05732683611659e-07,4.11286509573079e-06
K2C75,0.692410235610177,8.91355263214497e-05,0.000309388088662306
K2C79,1.24379214345382,0.00048172300871582,0.00138796666738285
K2C8,0.757299807686021,1.7526219057069e-09,1.92913418322888e-08
K2C80,-0.844837955977445,1.69234493989449e-08,1.47716442943732e-07
K319L,-0.422551650364903,7.33997236041736e-05,0.000260511622506809
KAD1,-0.239129153394075,0.00013506273528855,0.000447080251173939
KAD2,-0.2460383207559,0.00666889977837633,0.0141638399917291
KAD3,-0.379670862251013,0.00140280052158726,0.00356992375480452
KAD4,-0.822402216171674,6.28959303568633e-16,3.64890976416208e-14
KAD9,-0.796947380426449,4.84451271430656e-10,6.12791149239171e-09
KAIN,0.389035890411884,0.00287496757317709,0.00679425721122035
KALRN,-0.0682566857200749,0.543928590993253,0.615930878794238
KANK1,0.107993112630208,0.130760701121165,0.185366446785028
KANK2,0.506887264370254,5.18616696641794e-05,0.000191833481845066
KANK3,0.388143237890367,7.69504598786342e-06,3.50915926964268e-05
KAP0,-0.267291283236287,3.83252420585199e-10,4.95339309419664e-09
KAP1,0.625723101934355,0.00014388396768331,0.000473033103811001
KAP2,-0.112386541828783,0.0431314336706736,0.0714014465142496
KAP3,-0.0502592834187481,0.474493578256282,0.549233790852906
KAPCA,-0.0713027455322301,0.12936107295133,0.18365226106577
KAPCB,0.000649066739334309,0.993032162782538,0.994191795514476
KAPCG,-0.955742794920863,7.58381385620448e-07,4.3734460175242e-06
KAT1,0.12876190383211,0.0882031530821092,0.132485016387299
KAT2A,-0.0373512942261189,0.428601221860865,0.504282864879298
KAT3,0.00437626335096088,0.954196493082374,0.965078010305885
KAT7,0.613672143829489,7.88961886270094e-06,3.58728928371246e-05
KATL1,0.545247829829103,0.0169597849443287,0.0317856936192471
KATL2,-0.293146793214167,8.68851696766008e-06,3.90224661946829e-05
KBL,-0.620124674157045,2.30494438822503e-09,2.47013206938116e-08
KBP,-0.450360874888237,0.00405945513666221,0.00916405963560141
KBRS2,0.397390078475282,2.58065982051927e-08,2.10712922488113e-07
KBTBB,0.113552488661714,0.351839747322157,0.428268731714429
KC1A,0.0874302529472406,0.374864928676242,0.452322760392332
KC1AL,0.174460111098806,0.0321637122562881,0.0553344935940956
KC1D,0.0811064319975525,0.133461042440031,0.188639934689005
KC1E,1.10849903166761,4.72571684337488e-07,2.87341459129083e-06
KC1G1,0.138194540311953,0.24068469183292,0.311964233526425
KC1G2,0.0361685122740013,0.752340946138624,0.804136686577867
KC1G3,0.73775770478899,0.381894771172417,0.458630358656244
KCAB2,0.670325513644479,0.00010938954742535,0.000371337328611527
KCC1A,-0.3001506741536,0.00013162247821651,0.00043719287211304
KCC1D,0.0679085086589924,0.488768330711961,0.563306413707766
KCC2A,0.0335759411308404,0.541951557819207,0.614052602075331
KCC2B,0.136300339123275,0.0659312911195058,0.103589053609877
KCC2D,0.278298833924808,2.23585918167775e-05,9.09430123659753e-05
KCC2G,0.310187698810408,7.36354759498866e-05,0.00026122819881808
KCD12,0.443991672373893,7.30131476072841e-07,4.2341509251443e-06
KCD16,0.585451010725311,0.161987227813513,0.222559374966002
KCD21,-0.427912913985808,0.00033081957719056,0.000988401556463909
KCMF1,-0.113413798374389,0.0997865400832167,0.147106026611024
KCNJ8,0.564217182621981,0.00124494788315638,0.00321917488821536
KCRB,0.143708177930621,0.157533158251841,0.217213339719658
KCRS,0.432540430550594,0.167362185854503,0.228843988313547
KCTD3,0.358489662746282,0.101977988322487,0.149821431434941
KCTD9,-0.285798720546521,0.00188319943756098,0.00465879027259395
KCY,-0.313792636982313,0.00011831050431907,0.000396906022315628
KDEL1,-0.204419961449793,0.205915324301903,0.273702436229713
KDEL2,0.30947191547223,2.73231525995525e-06,1.38659655228992e-05
KDF1,-0.186413080512849,0.448525944699478,0.523812046208744
KDM1A,0.359145548545107,2.39050411754147e-06,1.23332461343045e-05
KDM1B,-0.0996439677940574,0.323160895106144,0.398706342602975
KDM2A,0.340522391415916,0.0179930646096819,0.0334782943159647
KDM3A,-0.146498823936116,0.283413530783523,0.358259961259119
KDM3B,-0.0222456448789692,0.810933270601032,0.852685656259471
KDM5A,0.672007974993251,0.0328060903608766,0.0562640127193874
KDSR,-0.242778087920943,0.0004071245903377,0.00118991414357791
KFA,-0.511194756529197,1.27804377613892e-05,5.54633620736103e-05
KGP1,0.792308981702916,6.02511947410641e-06,2.81927361201971e-05
KGUA,-0.203806303393221,0.0063915796946034,0.0136273636152417
KHDR1,0.0792354133720893,0.316131971168402,0.390784089960812
KHDR3,-0.0738161210909199,0.13192515170211,0.186845534238891
KHK,-1.32747755462183,4.29111440201461e-17,3.44898320061924e-15
KI13A,-0.0159784827306882,0.79330587784976,0.837251833331794
KI13B,-0.0814241685405843,0.0298376180241447,0.0517728786490983
KI16B,-0.379108553537441,0.00653428031379597,0.0139200736889149
KI21A,-0.15042579866184,0.210245637732059,0.278403181867267
KIF1A,-0.109784445518068,0.421463528561538,0.497477831785349
KIF1B,-0.00784851403548563,0.955563518482908,0.966207326512137
KIF1C,-0.163946928615116,0.0835311889962262,0.126328234867676
KIF2A,-0.425943702559734,0.00106665101412807,0.00280609588305905
KIF3A,0.422011196186875,0.00752804109147031,0.0157800502748669
KIF3B,0.175157932714999,0.0629792233909565,0.0995386496691152
KIF4A,0.409339880802753,0.266267338151736,0.340322463514394
KIF5A,0.196006425602712,0.00021188906165397,0.000666776508858904
KIF5C,-0.0885758329356209,0.599978141014755,0.667336039059954
KIFA3,-0.130932187355565,0.29064364796485,0.365127632512461
KIFC3,0.0903345087796413,0.40076204788536,0.47720369775979
KIME,-0.875334999661096,2.88729374817652e-15,1.43731345554387e-13
KINH,0.240215398281803,2.10288420534759e-07,1.38919987401216e-06
KIRR1,0.758334734408109,0.0385784159396008,0.0646689240473517
KISHA,-0.787485958590342,8.4011413254729e-06,3.79304894484195e-05
KITM,-0.0940901036193252,0.074647217250472,0.115003896740912
KJ01,0.990929454222885,5.34474769674511e-05,0.000196474860543522
KKCC2,0.24355210095078,0.0297865713677053,0.0517176383153047
KLC1,0.240928527129081,1.05028441664965e-05,4.63615249363198e-05
KLC2,0.130643619753197,0.0763322318856489,0.117070065837739
KLC3,-0.310579774236976,0.0752596353978292,0.11569934964777
KLC4,0.0353001467126294,0.621413375893323,0.686740992322097
KLD10,-0.567429599058761,0.0163771959189569,0.0309191200662274
KLDC2,0.438605845183298,0.00334647237238979,0.00776582881965703
KLDC4,-0.234935351352586,0.148856213851962,0.207062294227824
KLF8,0.586149830920934,0.0376695600674004,0.0633794865852729
KLH22,0.0914317471835888,0.36648248805011,0.44350358811083
KLH36,-0.194528368582969,0.271518358463336,0.346058086207978
KLKB1,0.369483234729566,6.12855668191868e-05,0.000222009123744998
KMO,-0.545702532994296,9.79118955304197e-07,5.49845841275632e-06
KMT2A,0.619867464253123,0.00041972717943753,0.00122258018744431
KMT2D,0.219414512882296,0.291990244794672,0.366639012015572
KNG1,1.02929031944043,1.12725199088793e-11,2.25918866537435e-10
KPB2,-0.55130928830388,1.77860799398306e-07,1.19336863318029e-06
KPBB,-0.792025720352639,6.01765127570274e-16,3.51759070025169e-14
KPCA,0.135973455927305,0.00925848254036517,0.0188144459524513
KPCB,0.6927003558191,4.93690702862295e-05,0.000183493134069628
KPCD,0.534738952108226,5.5707119190262e-09,5.45477324456931e-08
KPCD1,0.00187140388452819,0.991014439713578,0.993202677858159
KPCD2,0.277281373581837,0.00445513612760141,0.00992660420461232
KPCD3,0.25751155084574,0.0846377512158858,0.127676420015987
KPCI,0.0350664291214907,0.740251304198224,0.793302647665764
KPCT,-0.509310734091924,0.0985863838739709,0.145531382814532
KPCZ,0.098013885933133,0.377098814891619,0.454497728163657
KPRA,-0.786692538354353,1.67781045280653e-09,1.85207231099502e-08
KPRB,-0.396746971677458,2.42868690940547e-09,2.57768200728647e-08
KPYM,0.611126099722645,4.75324583662507e-11,7.75392069247337e-10
KPYR,-1.00355114782156,6.85743000427842e-13,1.87630957138341e-11
KRIT1,-0.372672444202997,0.00501913773484574,0.0109990533263476
KRR1,-0.141169864249194,0.217636844809757,0.286420926923433
KS6A1,0.128519093192629,0.0127337539810504,0.0248303375581968
KS6A2,-0.0262023234534209,0.761263539976013,0.811595120485441
KS6A3,0.206201846811405,0.00117654787009505,0.00306180214693201
KS6A4,0.64324297178436,1.10336181363692e-10,1.62472132710353e-09
KS6A5,-0.191018063197592,0.115312701545138,0.166340027130732
KS6B1,-1.0003433205662,3.86920399564682e-13,1.12236007633124e-11
KS6B2,-0.0447116521930009,0.737246775496556,0.791291712300936
KSR1,0.903443247971068,0.0338401807242139,0.057857486033245
KSYK,0.812660865912628,2.85102541997727e-08,2.30350912466436e-07
KT222,-0.031382491468744,0.84028857740563,0.874988753476632
KT3K,0.555853448737134,7.54605235303992e-05,0.000266721667228841
KTAP2,0.192066621615791,0.164998399379655,0.226132797444657
KTHY,-0.1685470507301,0.000986199435165,0.00262397063508039
KTN1,0.136360719079249,0.0001004526921182,0.000344332728735687
KV105,0.364245197554094,0.00014627632667852,0.000479875908440247
KV106,0.507045639516258,2.33945600132407e-06,1.21149278565212e-05
KV108,0.640601494552753,7.43820366091172e-06,3.40208532587995e-05
KV109,1.0283562682521,2.08507199358614e-05,8.56222219399183e-05
KV112,0.393903789629869,0.0082520837928074,0.017093443904779
KV113,0.452737746887455,0.0221495868590405,0.0399780613343524
KV116,1.06931583829463,2.74174534914719e-10,3.7283892843564e-09
KV117,0.122086908784321,0.48472291075438,0.559730915800778
KV127,-0.430571107054462,0.142349416326448,0.199093910150831
KV133,1.21166266178087,2.10580087202227e-05,8.63355979198929e-05
KV139,0.904604325506769,0.0298791477107763,0.0518230370079152
KV224,1.1612724311748,0.0002445281186104,0.000756830711270697
KV228,1.62500811481514,1.05609794645853e-05,4.65914908797828e-05
KV229,0.884880766981317,0.00787554763947756,0.0164281496583425
KV230,1.09375486601101,1.57984291616756e-07,1.07972258114693e-06
KV240,0.209726593993398,0.117329735517518,0.168776330956967
KV311,0.453338465837567,6.24483164239904e-05,0.000225585772250707
KV315,1.07387026412866,1.81694447073931e-08,1.57169770585477e-07
KV320,0.626174637831369,0.00080471329310577,0.00218095109575136
KV401,0.687298131026565,0.00010472595727005,0.000357551100130843
KV621,1.13372198992081,4.54969390093274e-05,0.00017116254578058
KVD20,0.610848386612923,4.99938252666028e-05,0.000185547068666237
KXDL1,0.309275158319728,2.84505618120944e-06,1.42919619102943e-05
KYNU,-0.970032703986494,1.76478171923822e-22,9.72646838974436e-20
L10K,0.935039513463474,9.33757252833249e-05,0.000322365591179479
L2GL1,0.592777055818168,7.55836374952688e-07,4.36529451282555e-06
L2GL2,-0.284020121060773,3.00754689677521e-05,0.000118641267154998
L2HDH,-0.447145397172095,1.35723510465276e-12,3.4908086891669e-11
LA,0.159009094100278,0.00529231571644529,0.0115256867253999
LACB2,-0.234919414678096,0.00052288286856235,0.00148712282116738
LACC1,0.382205737835711,0.00011690941295604,0.000392717906124861
LACE1,0.0727561532293949,0.625712760995633,0.690503384416806
LACTB,0.0231957267712875,0.699674338880771,0.758668802530077
LAD1,0.75710263523365,1.8399423190795e-06,9.74399103227002e-06
LAGE3,0.198423745888562,0.0500452431070672,0.0812945464871854
LAIR1,0.522238586110568,0.0115269212285561,0.0227647105706524
LAMA1,0.130331269221708,0.559670304977317,0.630208405103363
LAMA2,0.815294239871378,5.21937777378934e-09,5.16979703498826e-08
LAMA3,0.532051588770108,7.30045950283419e-07,4.2341509251443e-06
LAMA4,0.526470506233819,1.40869706210714e-07,9.74843635086878e-07
LAMA5,0.37779453661174,5.99947016634315e-06,2.81238832342064e-05
LAMB1,0.765920827782977,2.38970452977993e-09,2.54966099488753e-08
LAMB2,0.365442829135934,1.40341265384335e-05,6.02265408067591e-05
LAMB3,0.501447298114433,0.00080249256277576,0.00217646137587971
LAMC1,0.905241518661605,8.06908106589562e-11,1.25022147599298e-09
LAMC2,0.81885792156564,6.41273884013595e-07,3.77139427518971e-06
LAMC3,0.730485190724097,1.47984013495618e-07,1.01950415011803e-06
LAMP1,0.0815468806611526,0.447694196001279,0.523157415772508
LAMP2,0.336782673920003,0.0139390911457322,0.0269086883363697
LANC1,-0.288614887281419,2.43570816164174e-09,2.5815829911027e-08
LANC2,-0.589197801295736,5.14820834522554e-09,5.1058580452134e-08
LAP2A,0.471080262471766,8.57919588538467e-12,1.78428774802232e-10
LAP2B,0.67939226837285,2.98521468190724e-07,1.89892139205245e-06
LAP4A,1.21684346351798,0.0208548683334352,0.0379967329541407
LAR1B,-0.426504155112673,1.10323650633488e-06,6.09346663055113e-06
LAR4B,0.380521118049462,0.00011471157996761,0.000386344195124434
LARP1,0.275449326691251,5.23064306169749e-06,2.48519962217105e-05
LARP4,-0.250618438027193,0.00230385958373171,0.00557784140196858
LARP7,0.0660395781215345,0.27060945677637,0.345127697270491
LAS1L,-0.0648442320802458,0.531730381997682,0.604513279430398
LASP1,0.617904964408494,4.14963111928191e-05,0.000157804601854999
LAT3,-0.433968940509305,1.51145337255361e-06,8.12143051714739e-06
LBH,0.497263879790529,0.00388697137744197,0.00881854488337026
LBP,0.00537842800429668,0.965708413153884,0.973149551507819
LBR,0.290405529563052,0.00119898310826897,0.00311388544712332
LC7L2,0.225844984133921,0.00135808898320476,0.00347454172030116
LC7L3,0.0501199465780447,0.114628434332599,0.165511604367417
LCAP,0.702900409854463,9.03764239171819e-10,1.07118968808752e-08
LCHN,0.780939959363744,9.21985471642724e-05,0.000318587385868019
LCK,0.438791054314501,6.62558339134656e-06,3.07784475903853e-05
LCLT1,-0.13258605483242,0.11743008129398,0.168857716597903
LCMT1,-0.0767615644380752,0.259646189089075,0.333404891830804
LCP2,0.244870014524476,0.00215765894775682,0.00525686657432637
LDAH,-0.516919826545839,2.06457075335156e-05,8.48706869092202e-05
LDB1,0.308675407380426,0.129251528201349,0.183530510048143
LDB3,-0.246850709325866,0.0811725861836035,0.123390006893752
LDH6A,-0.902646297574781,8.526071035288e-15,3.78087150047599e-13
LDH6B,-0.692319170468606,1.9892362923005e-08,1.69414428602546e-07
LDHA,-0.705032156668177,1.80783954958511e-16,1.23445043934502e-14
LDHB,0.480094470613052,4.16310682154847e-11,6.9379119298203e-10
LDHD,-0.272645534408457,4.46264025205819e-05,0.000168380108483526
LDLR,-0.395707753952229,0.00041090600663176,0.00119869593465809
LECT2,1.00507080731225,7.56548083333301e-05,0.000267285943727095
LEG1,0.299398240072299,0.00942883091049803,0.0191354180182543
LEG10,0.932220705841878,0.0541297285033669,0.0870861103277688
LEG3,0.863890095549067,8.03246723271624e-09,7.60472603283908e-08
LEG4,-0.00981867659130898,0.935264581712139,0.951041316880715
LEG8,0.201401756775914,0.00077364713059748,0.00210786061429737
LEG9,0.206685729103679,0.0268794422914578,0.0473087994345092
LEG9B,0.329155751524182,4.77515739907017e-05,0.00017816786504461
LEGL,-0.0367143157576282,0.691696702302679,0.750862655454062
LEMD2,-0.019210852048294,0.808822051273615,0.850924547809416
LENG1,0.277533723057255,0.00123649787904903,0.00320054264835368
LEO1,0.0329767763412669,0.769234119204618,0.817324492396424
LEPR,-0.475234334262149,0.00294293157424189,0.00693152015471625
LETM1,-0.17674147645401,0.00410715443097426,0.00924738943373137
LEUK,0.377967735691529,0.0103919648587789,0.0208055009990498
LG3BP,0.552346573979987,5.49082252060957e-12,1.21395950054508e-10
LGAT1,-0.165877217389307,0.0289671309112824,0.0504651704190932
LGMN,0.0831983879749129,0.465330898146397,0.540899850873395
LGUL,-0.822560481109636,1.35648279803038e-19,2.32591583768942e-17
LHPP,-0.82316156650119,1.04859238855901e-15,5.61870754869536e-14
LICH,0.28555964899273,0.142353693921998,0.199093910150831
LIMA1,0.383691575968306,2.21464445453703e-07,1.45555337403814e-06
LIMC1,-0.129384579100899,0.417692077487249,0.493630275676461
LIMD1,0.0436622687873118,0.58360797409723,0.652436848469172
LIMD2,0.624307747992128,0.00320106239203212,0.00747560454507259
LIME1,-0.395300851985935,0.0132129891513923,0.0256564030166258
LIMK2,-0.131663230432578,0.214210921324893,0.282538712639808
LIMS1,0.615587677747287,2.60306145586838e-13,7.97032626725413e-12
LIMS2,0.223071564724202,0.0526043342974972,0.0848797665076304
LIMS3,0.448179951951655,3.78635433072757e-07,2.3618035582776e-06
LIN7A,0.0372008633106023,0.54457694668135,0.61648411393681
LIN7C,-0.0703467334090309,0.279369677340429,0.354217115306288
LIPA1,0.01211523488918,0.817206916886661,0.857310044739448
LIPB1,0.299080505990653,4.9875555882584e-07,3.01362403437759e-06
LIPB2,-0.0309504614543864,0.559861846055148,0.630273417589951
LIPC,0.465028895686959,0.0904426309995537,0.135269498118348
LIPS,0.108100200243984,0.783023108142041,0.829121216196513
LIRA1,1.17171859868685,6.86939178142638e-06,3.18152622962101e-05
LIRB1,0.589557372970642,0.00012368159746704,0.000413128660630165
LIRB2,0.333060724306646,0.0190837657718694,0.0352112411613401
LIRB4,0.41049741524744,0.0641040553759502,0.101006103998536
LIRB5,-0.0741902833690255,0.285320221187318,0.360080279143171
LIS1,0.134040838113416,0.00493373957014616,0.0108519767740159
LIX1L,-0.00526631217116999,0.948326811240016,0.960904750561781
LKHA4,-0.0717791414615166,0.176370452239361,0.239506231868868
LLPH,0.426702730690267,0.00139824363844451,0.00356185140780384
LMA2L,-0.30170469621916,0.0207357877680875,0.0378065544467304
LMAN1,-0.242748825739539,0.00533643490778747,0.0115923231273897
LMAN2,-0.571112726071313,1.29076086142948e-11,2.54069153234435e-10
LMCD1,0.53457562039925,4.54487999996092e-06,2.18357995514934e-05
LMF1,-0.242880500882105,0.00029532241091307,0.000895014816419972
LMF2,0.311725140891256,5.04282909054914e-06,2.40188081868378e-05
LMNA,0.560693436150681,1.21159620093554e-08,1.10243824132295e-07
LMNB1,0.554226352032311,2.55741029663064e-11,4.59976173631749e-10
LMNB2,0.515869861306718,1.72353021969148e-06,9.15262159335131e-06
LMO7,-0.0262830747594247,0.409207161633621,0.485461632712949
LMOD1,0.792257332308584,7.0504397210006e-05,0.000251331969956099
LNP,-0.149835547904678,0.00589415013460362,0.0126859867332222
LNX2,-0.47808961523851,6.95307249234053e-05,0.000248379200698609
LONM,-0.15315289589329,0.0849035702451536,0.128002334507934
LONP2,-0.152946595954768,0.00741332653966053,0.0155564937666632
LOX5,0.371353664725063,0.00249837659895369,0.00598493444195178
LOXL1,0.488919071506981,2.68960206077675e-06,1.36892938660642e-05
LOXL2,0.626382128673833,0.0308726604729787,0.0533632276454981
LOXL4,1.05476722545625,2.82603727370807e-06,1.42056701002811e-05
LPAR1,1.38078817452577,0.001030680686962,0.00272353841801328
LPIN1,-0.513073289013108,0.00510261196594459,0.0111692918948166
LPIN2,-0.0780181537679743,0.4562837796314,0.531646753704384
LPIN3,-0.847187969086423,0.00025642786619994,0.00078797188992383
LPP,0.672964752487607,1.09994156833701e-07,7.79352538226664e-07
LPP60,-0.660406593675393,5.26110013431187e-10,6.62229178407021e-09
LPPRC,-0.364935441529424,1.19319790194196e-07,8.3621389749175e-07
LPXN,0.390519116635873,2.14047721680307e-06,1.11896491902795e-05
LRBA,-0.146514464517432,0.00183115536811607,0.00454168910973436
LRC14,-0.473065773458354,0.00949352951643733,0.019246472345988
LRC17,1.39158462241979,0.0732824660178446,0.113202704263001
LRC25,0.201971286894875,0.44804447371412,0.523435603487132
LRC32,0.304912837751954,0.00023244083173601,0.000722317139619433
LRC40,-0.249893098699367,0.0001012578788535,0.000346630786705238
LRC41,-0.186286292646471,0.0309920440216876,0.0535455915072417
LRC47,-0.380749393458411,1.30674936419326e-14,5.47982505114956e-13
LRC57,-0.272415023193986,2.47723121505121e-07,1.61030463819167e-06
LRC58,-0.694974661165255,0.00161091653355494,0.00404748680329206
LRC59,-0.284598228779993,1.38227255095591e-05,5.9385384204765e-05
LRC8A,0.210179365426204,0.00257814685078013,0.00615881767821037
LRC8C,0.205576435498786,0.411773637254615,0.48775643000562
LRC8D,-0.314176771839069,0.00084499491081226,0.00228210736150766
LRC8E,-0.433885640699237,0.00029426225163606,0.000892152272543748
LRCH1,0.242976811200341,0.0119965593639509,0.0235236218684232
LRCH3,-0.248000405667337,0.0060688277214147,0.0130183166102135
LRCH4,0.368992906020312,3.39745520340582e-05,0.000132531670118702
LRIQ1,-0.226317390881388,0.594045913056221,0.661900110489791
LRMP,0.890778192332338,0.00048545342477305,0.00139558816153087
LRP1,0.0153377051322236,0.576204475520426,0.646032219284453
LRP1B,0.266008099794475,0.0367042314037278,0.0619850841565252
LRRC1,0.134929296699555,0.0445295181726384,0.0734323065227779
LRRF1,-0.126207707943945,0.0298808568750926,0.0518230370079152
LRRF2,0.194054263220043,0.00043759645847775,0.00127031387269162
LRRK2,-0.649639369667538,1.2192562747628e-05,5.31212954041206e-05
LRSM1,-0.157219669392733,0.171026231484539,0.233275305309299
LS14A,0.401138927318264,0.0580385353771304,0.0926407403744183
LS14B,0.295423288936678,1.11320714838738e-05,4.88040133918013e-05
LSAMP,0.963067152592896,0.131891090468684,0.186845534238891
LSG1,-0.523772699591659,0.00337314154850895,0.00781361758880068
LSM1,0.674711022394199,1.61220595329585e-05,6.820055447166e-05
LSM12,-0.174508688368053,0.011304088743033,0.0223647048054468
LSM2,0.39361059698356,0.00030261971162187,0.000913899684882328
LSM3,-0.135350991584157,0.145543842089645,0.203077085997053
LSM4,0.168974433220535,0.0113506457005714,0.0224510592734194
LSM5,-0.0377982767255784,0.655439980748447,0.717663529367819
LSM6,0.164766973441824,0.016460176547359,0.0310529883225971
LSM7,0.137649097450239,0.117319326006924,0.168776330956967
LSM8,0.379870445774456,0.00403470869410645,0.00911352818610227
LSMD1,-0.108710447905893,0.102565301829459,0.150426509963145
LSP1,0.751611967924661,1.24858452086094e-09,1.42938845147819e-08
LSR,-0.146322855711361,0.0383354291150964,0.0643035154461052
LST8,0.322000804885146,0.00224620428168193,0.00545022397404332
LTBP1,1.01429315576343,9.69529966836468e-08,6.97844517174458e-07
LTBP2,0.810613379112642,1.25364235374894e-08,1.13935269747077e-07
LTBP3,0.74378896145573,1.77417402215804e-08,1.53642275588905e-07
LTBP4,0.593170165297201,7.24451228472058e-09,6.91815059268614e-08
LTMD1,-0.59417588482274,1.89535359766921e-11,3.52398755653388e-10
LTN1,0.129457119120861,0.371858790810041,0.449445869343715
LTOR1,0.093675100430622,0.0421215679005001,0.0699035871194608
LTOR2,-0.125972399423855,0.0606485450495948,0.0961504363268283
LTOR3,0.229240895931038,0.00075971617660741,0.00207356562387788
LTOR5,0.247007540060103,0.00615641745852468,0.0131769534285649
LTV1,-0.120308141230872,0.0818097191616508,0.124198455104708
LUC7L,-0.00555664549777164,0.929634318622076,0.946438633393315
LUM,1.4538041143747,1.82616755336462e-11,3.41179390841681e-10
LUZP1,0.58414377946873,0.0002771793905311,0.000845676622118611
LV136,0.877603703014867,0.162428756115503,0.223086557883094
LV140,0.45425697668687,0.00326578490907766,0.00760603572545826
LV144,0.74534835405336,0.00011737436086543,0.000394108167292279
LV147,1.12903567659389,9.55391984246102e-08,6.90243871764319e-07
LV151,1.02707405687205,2.39191701440255e-06,1.23332461343045e-05
LV208,0.343923973146529,0.183559657586105,0.247569711227825
LV211,0.696811108754502,0.00360406630014997,0.0082838771438657
LV214,0.450240502916154,0.010157367471225,0.0203887220103986
LV218,1.68690655367974,0.00612954327795692,0.0131340060907291
LV301,0.209061523237703,0.225534564697067,0.295454108862915
LV310,0.560298224403159,4.52406630193229e-06,2.17629024848563e-05
LV312,1.23338008321481,7.80973343279192e-05,0.000274908317369628
LV316,1.07644143099396,0.00741289283869447,0.0155564937666632
LV319,1.15396224089466,3.7798076546762e-06,1.84939732805844e-05
LV321,0.636755921566446,2.7554069476377e-07,1.77320433761238e-06
LV325,0.303674386586636,0.0491323969321407,0.08001384017062
LV327,0.437882876291528,0.00385194099563727,0.00875451449847929
LV460,1.31862400505133,0.00300585325429736,0.00706462494978935
LV469,1.24957519296588,1.65995029725562e-05,7.00283023161529e-05
LV539,1.58588985551982,5.70706805024119e-06,2.68575779670899e-05
LV657,0.634914760792319,0.0197121491641779,0.0362226584783988
LV743,0.497390611649492,0.0108775430734968,0.0216373091918281
LV746,1.06608919045777,0.091323652370838,0.136420895951924
LV861,0.620549814796454,0.0139690105512344,0.0269529595932295
LV949,0.470970974844288,0.0312921852349534,0.0540157720968457
LVX54,0.755074719771806,0.0251632395886237,0.0446343808427173
LXN,1.07328143516199,1.1130147216888e-07,7.86448863786702e-07
LY6E,0.111753814792941,0.457518915438687,0.532943229396876
LY75,0.714090742536126,0.00108453920400719,0.0028453942530158
LYAG,0.107868613287048,0.102363760967104,0.150245154959516
LYAR,0.433328048906575,4.60767722576842e-07,2.81718205024003e-06
LYN,-0.0357379133221625,0.638201815441748,0.701476525348793
LYPA1,-0.290019731908219,1.03351955970342e-06,5.75786059398671e-06
LYPA2,0.181267966060105,0.00162827036093609,0.00408842632768723
LYPL1,-0.299384172147065,9.83499746246424e-06,4.36382061071731e-05
LYRIC,0.0376619476852539,0.40060155007247,0.477159858036304
LYRM1,-0.134585018214922,0.308219878234619,0.382474200781332
LYRM2,0.856064619856831,0.00028570657543327,0.000869287041026463
LYRM4,0.152356077735689,0.153421987087635,0.212341534057075
LYRM7,-0.437221345863113,2.64640838651216e-05,0.000105911240198796
LYRM9,0.300787943693084,0.114067613985053,0.164790434283593
LYSC,0.780792176833681,0.00206930591760913,0.00506559786176144
LYSM2,0.520793341167095,0.00176280532053899,0.0043897413994931
LYSM3,-0.187173573808654,0.145872833801133,0.203352264789439
LYST,0.342005096854828,3.453520296379e-05,0.000134446834545209
LYVE1,-0.872994192211193,8.00197417448277e-08,5.84136544279177e-07
LZIC,-0.205218578298108,0.0211701691516335,0.0384260233295705
LZTL1,0.400717162379123,2.69980324075786e-07,1.74323697118725e-06
LZTR1,-0.628712947086052,0.00159199020159882,0.00400254037000212
M1BL1,-1.29033415887549,0.00393485247656082,0.0089140697912928
M1IP1,0.294280195914245,0.130120940465044,0.184580545620386
M2GD,-0.796228104339746,2.28367041005206e-11,4.19542878189564e-10
M2OM,-0.550928238077638,1.33053436575949e-10,1.92977503124064e-09
M3K2,0.340181677748866,0.0287816968228133,0.0501648006968212
M3K4,-0.288337298159177,0.00758040218935384,0.015872559916704
M3K5,-0.383959151844781,1.9736126438301e-05,8.16098347255791e-05
M3K6,-0.0551137279435094,0.587847845286551,0.656320933906964
M3K7,0.101608394647713,0.0160043641787218,0.0302893485413337
M4K1,0.216787601184385,0.410954698319611,0.487160309146431
M4K4,0.143299369414098,0.0193495120765528,0.0356326575614991
M4K5,-0.21916914014312,0.132984266203993,0.188069391134533
MA1A1,0.0218165538265239,0.79344648132628,0.837285701574614
MA1A2,0.0696114368856064,0.679647135477514,0.73944688343831
MA1B1,0.052676028819206,0.639737628527062,0.702564124923827
MA2A1,-0.20539376424243,7.32406477984851e-05,0.00026006665366457
MA2B1,-0.0108299563208644,0.860806293474584,0.89225972064077
MA2B2,0.0300803614108907,0.672020438976823,0.732491836014291
MA2C1,-0.3736983185412,3.86656103777945e-09,3.93593469228315e-08
MA7D1,0.795829274850836,7.85781492267647e-13,2.14243462697426e-11
MA7D3,1.19677509694879,6.36027573952272e-07,3.74625096230208e-06
MAAI,-1.09084665721906,2.50495898550382e-18,2.7611805045925e-16
MACD1,-0.19720992938593,0.0193587852211603,0.0356412280521291
MACF1,0.0641144049604193,0.0145375587655933,0.0279034336903776
MACOI,0.228752209576665,0.0951695890277829,0.141380159595374
MADD,0.574615020968537,0.0584324639620902,0.0930961990360289
MAEA,0.12350728599975,0.179243941504969,0.242597132547332
MAGD1,1.03047945782776,9.9074401662104e-12,2.02300783134468e-10
MAGD2,0.413933054256609,0.00013908203686517,0.000458222457921286
MAGI1,0.197813820687756,0.0738154180220739,0.113911953091664
MAGT1,-0.424599662230826,9.702663109315e-06,4.31502873495531e-05
MAIP1,-0.276577656772747,0.00093348404609959,0.00249575984050743
MAK16,0.0723088956883709,0.59744328351949,0.665013325971781
MAL2,-0.506226164977718,8.204612375554e-05,0.000287366269131978
MALD2,-0.146601787980276,0.304793386815662,0.379442686781163
MALT1,-0.341343647750473,0.00133294923425362,0.00342036457981408
MAMC2,0.620583595434417,9.21987600626343e-05,0.000318587385868019
MAN1,0.197856586736386,0.0147873357862027,0.0282563355439178
MANBA,0.0799289695112138,0.112407007931392,0.162696018232718
MANBL,1.49708960530499,0.0320375770457831,0.0551420799654835
MANF,-0.0945833560293951,0.048642085170599,0.0792990342650205
MAOM,0.283133555216662,2.93357465520904e-06,1.4717465565405e-05
MAON,-0.0297398060288428,0.754199394178534,0.805565133649165
MAOX,-0.627639520171396,1.06076718070042e-11,2.14263862991739e-10
MAP10,-0.17876052627366,0.395194706578873,0.472031324452412
MAP11,0.188838920842466,0.00954076716510378,0.019332079686434
MAP1A,0.71116183692303,1.10750548656295e-05,4.85816505646374e-05
MAP1B,0.706268843481839,4.10719619135168e-14,1.48784628227557e-12
MAP1S,0.371752881593869,3.67891698079338e-08,2.90250750754619e-07
MAP2,-0.0855279935725045,0.341517194827801,0.41774677794726
MAP4,0.607000246557388,2.94923658603534e-14,1.1155053675416e-12
MAP7,0.150137204013732,0.0341407375309174,0.0582294276720952
MAPK2,0.34133795410104,9.14174106863922e-05,0.000316423295594347
MAPK3,0.72285681074169,0.00055250902612451,0.00156331486819828
MAPK5,-0.281095233331569,0.00152131613413654,0.00383610303627371
MARC1,-0.469670337146182,1.45036995704057e-11,2.77006301696164e-10
MARC2,-0.705343639770569,1.24604616358575e-10,1.81668356854487e-09
MARCO,-1.18239419448458,0.00028995447347907,0.000880822329671065
MARCS,0.859333509396268,0.00057211104875706,0.00160933607444749
MARE1,0.678112480340076,3.44486626965921e-10,4.51283329994745e-09
MARE2,0.418915296773226,8.27069323213454e-05,0.000289417999905443
MARE3,0.120021423147056,0.0568306998356349,0.0909574113112962
MARF1,-0.253021095711513,0.016768502163798,0.0315037162639068
MARH5,0.455345371020298,0.00012515853863346,0.000417700382394367
MARK1,0.492206994103354,0.00286042694417062,0.00676403748121989
MARK2,0.57214363859898,4.26938827094129e-10,5.48129782006373e-09
MARK3,0.408362963772636,0.0751301368497713,0.11557099998661
MASP1,0.202144359431713,0.00465983804127423,0.0103230865134861
MAST3,-0.650903308464524,3.60754184140113e-05,0.000139597757513797
MAST4,0.686729995491911,0.00033395718961635,0.00099721891450455
MAT1,-0.314143120607003,0.00900122446634866,0.0183642115236241
MAT2B,-0.343779605938686,6.1019775236616e-06,2.84668443546976e-05
MATN2,0.37035625503738,1.26857626018945e-05,5.5114226465201e-05
MATR3,0.154585801261756,0.00283143299482727,0.00670575107062223
MAVS,0.0816177762402908,0.223726847384606,0.293384832498236
MAZ,0.688046939501764,1.41405554247475e-08,1.26927217117783e-07
MB12A,0.207956553652325,0.0765996441052525,0.117386862744018
MBB1A,-0.0200562295643776,0.765406925485055,0.814518791637106
MBD1,0.0945549816953563,0.3068806789378,0.381141340549757
MBD2,0.0882013120788706,0.697739708338987,0.756996567708609
MBD3,-0.0403580261551203,0.574243561343143,0.644114452583761
MBD4,0.308223391449526,0.00030515148849315,0.000921185009864298
MBL2,-0.307027429365383,0.0121289175197156,0.0237710763480126
MBLC2,-0.192644897605504,0.0928614057103581,0.138484462014133
MBNL1,0.326373971508559,0.031966630886711,0.0550396691117043
MBNL2,-0.0773113714848246,0.3271693824743,0.40326500881337
MBOA5,-0.968879639803602,1.07139354507146e-18,1.33336654738248e-16
MBOA7,0.346820766275261,0.00520052613927339,0.0113642763213349
MBP,0.808625582753298,0.00047122508028339,0.00135975045604586
MBRL,-0.250871856934417,0.00655703282618239,0.0139569835273995
MCA3,0.175279314098336,0.0933984713043755,0.139177791538154
MCAF1,-0.0510128624792068,0.7653510209271,0.814518791637106
MCAT,-1.04174972923686,3.30062919873504e-17,2.79864339532303e-15
MCCA,-0.20917634158594,0.00946033310411509,0.0191880184334247
MCCB,-0.542504710956094,1.37309745687487e-12,3.51987374659352e-11
MCEE,-0.601944629184675,1.45249090757211e-09,1.64002120877199e-08
MCES,0.271187797068286,0.00026473949389167,0.000810607117011161
MCF2L,0.370921984768214,0.0204590175662046,0.0373814301541167
MCFD2,-1.02807968438612,9.09345297362319e-13,2.45332458547121e-11
MCL1,0.263614973756294,0.423623372528016,0.499263470662314
MCLN1,-0.0364442532442495,0.814482972646367,0.85504090026386
MCM10,1.40625637592974,0.0391617532643311,0.0655186661291368
MCM2,0.527511786711832,0.0814035787261928,0.123692401231056
MCM3,0.214267824065142,0.0787829350626037,0.120302617641609
MCM4,0.0376535145380204,0.69323751654453,0.752323583355498
MCM5,0.289453236490923,0.00681213883823601,0.0144323073245
MCM6,-0.237343442717448,0.239051033232871,0.310269101837325
MCM7,0.088247453957271,0.305857991222658,0.380476553247847
MCMBP,0.432088183929758,0.00016235823716906,0.000525926178839827
MCP,-0.080665848825782,0.229492431997909,0.299824518336584
MCRI1,0.36792566968519,3.46501844165726e-06,1.70946817748257e-05
MCRI2,-0.237361800302093,0.0341996383909019,0.0583041117596551
MCTS1,0.00973556543477883,0.863384596735514,0.893971490661732
MCU,0.13760057451556,0.13954076210453,0.195763003708828
MCUR1,0.145760917172457,0.0516016737336762,0.0834888896055872
MD1L1,0.369606070031838,0.169232214474881,0.231114295024457
MDC1,0.285515854365422,0.00045305221398115,0.00130976054068136
MDHC,-0.477289794051983,2.7627913133294e-10,3.74651981962208e-09
MDHM,-0.26078926899857,0.0269271831252352,0.0473712140889911
MDN1,-0.50573547604427,1.78740942400458e-12,4.50707552798018e-11
MDR1,0.135670136600587,0.0617654885343505,0.0977404654493537
MDR3,0.305671739851304,0.0032249234488665,0.00751994842292352
ME15P,0.718698736223115,0.0125112968004135,0.0244336031667908
MECP2,0.516752448132532,0.00229787877076043,0.00556860320200612
MECR,0.14545834453111,0.11102300292355,0.161159056395571
MED1,0.338975429034298,0.00055318253643892,0.00156439801184069
MED10,0.311477539664696,0.256414541945154,0.329639221201068
MED11,-0.492903252494755,0.00193615856677459,0.00477907853526319
MED12,0.0217810273237415,0.896730666415329,0.920592578773374
MED14,-0.29428372537288,0.0679787704626527,0.106328714340595
MED15,0.340318428686511,0.00362055905179733,0.00831435525109172
MED17,-0.0965843652903931,0.358270837906804,0.434383687191845
MED18,0.139004457101271,0.545953683328982,0.61786134065216
MED20,0.319926554694192,0.0217478512214424,0.0393081330580111
MED22,-0.0946671246169427,0.336099708072095,0.412755904422137
MED23,-0.255168346265709,0.00832495124020019,0.0172204718166025
MED24,-0.335357480525261,0.00011259379638299,0.000380207322928294
MED29,0.418059303228032,0.00013482548588277,0.00044648645882895
MED30,0.021810869644868,0.779008062485973,0.826230406892339
MED4,-0.01910550094872,0.791234667664594,0.835294389889179
MED8,-0.508631477646895,5.50982040653637e-05,0.00020186977329931
MEGF6,0.644458071993412,3.42414498485084e-08,2.72378378382568e-07
MEIS1,0.400823161541401,0.0199525225809233,0.0365964398808734
MEMO1,-0.382535564503096,6.16244468455448e-11,9.84460107371063e-10
MEN1,0.71804110124382,0.00048291038424061,0.00138983085594948
MEP50,-0.350900013943264,0.00010263544635914,0.000351190733528658
MEPCE,0.211653940965713,0.00992509508980959,0.0200266824563208
MERL,-0.405006635069662,4.16480325033938e-05,0.000158303556057235
MESD,-0.174435821850798,0.00076891525645444,0.00209644880523055
MESH1,0.0714716300994625,0.579734558302671,0.648858696237802
MEST,0.17373381374436,0.114631157820046,0.165511604367417
MET,-0.985290568490435,0.00587558429836651,0.0126495559280681
MET13,0.317331856762815,0.00156157893597044,0.00392992272340115
MET14,-0.0662256155859975,0.639866659264532,0.702605826509909
MET15,0.181050377376742,0.0691504385147748,0.107878039543066
MET16,0.0533351975499058,0.564568676602738,0.634646257090141
MET2A,0.415605088111653,0.00284606777734749,0.00673627575767277
MET7A,-1.1102209046837,1.04361342188719e-15,5.61870754869536e-14
MET7B,-0.31570765271217,0.00072560392917111,0.00198960906804701
METH,-0.034683388310624,0.586453871274533,0.655048939020599
METK1,-0.785392359244873,1.31617112675151e-12,3.39651385084102e-11
METK2,-0.515975800238728,3.76613522462103e-08,2.96223235404443e-07
MFAP1,0.530324490365885,0.00087293590095843,0.00235016518206394
MFAP2,0.980246167438862,0.0132104988835794,0.0256564030166258
MFAP4,0.882074075189403,0.00170526576771806,0.00426387866142838
MFAP5,0.574085033895787,0.00075041116475308,0.00205179750079191
MFF,0.134365530650958,0.0236581477793955,0.0423442979043878
MFGM,0.409390936137702,3.71827561909185e-05,0.000143451073384564
MFN1,-0.270939117764992,7.89989970117618e-07,4.5286497841215e-06
MFN2,-0.0788174804023512,0.111909935959615,0.162098191451922
MFR1L,0.283940731625055,0.00050534731990728,0.00144363566101613
MFRN2,-0.00588715192608122,0.962137054941412,0.970437845219338
MFS10,-0.34927354916929,0.0005265505370051,0.00149589983193349
MGAT1,-0.0382254513140499,0.589116865721854,0.657357300926945
MGAT2,0.111767166330413,0.151124901234883,0.209425240288857
MGDP1,0.407912859511376,0.00019150598922863,0.000608340968665339
MGLL,-0.506856805618089,7.65507059463972e-10,9.25807597307838e-09
MGME1,-0.0479278010476741,0.804299077786759,0.84723162924268
MGMT,-0.557163022959733,9.68068512936728e-11,1.44760012515887e-09
MGN2,0.166908219842449,0.0396923098374911,0.0663056641494006
MGP,0.346643787037089,0.0209445252045903,0.0381330713729634
MGRN1,-0.0613116959587142,0.748583824573823,0.80089750283023
MGST1,-1.30337454495051,2.83355656655057e-20,7.0528136991949e-18
MGST2,-0.266810522958586,0.00215129444523849,0.00524467233474256
MGST3,-0.71046637209501,4.49204587059602e-12,1.02243734328964e-10
MGT4B,0.250409849357711,0.043190579026714,0.0714533678752413
MI4GD,-0.0574045211292492,0.521178400825523,0.594502545438869
MIA2,-0.487749756064252,2.23919055127815e-05,9.10305284176091e-05
MIA3,-0.145241809636198,0.00246523222949724,0.00591450865687698
MIA40,-0.1548618448283,0.27966716959734,0.354510488598882
MIB1,0.364000843763387,0.0949653502927907,0.141185480319687
MIB2,0.496882595058467,0.00793413827141152,0.0165414241832508
MIC1,-0.613870127928248,4.71351280985731e-05,0.000176294061274159
MIC10,-0.165010193805209,0.341961925883282,0.41815819653176
MIC13,-0.293425812941354,0.00032982213582352,0.000986016117789338
MIC19,0.210218025272269,0.0167479454369683,0.0314727586438498
MIC25,0.0591711214867847,0.442588743863996,0.518409986408092
MIC26,-0.262672484434831,0.00010504782823631,0.000358491394370353
MIC27,0.178478819731695,0.0187167410122809,0.0346248185505362
MIC60,0.221515820885713,0.00034468138757151,0.00102646143824846
MICA1,0.621803859654914,3.43754017246179e-09,3.52713563440361e-08
MICA2,0.243962707760804,0.00108589478309197,0.00284701466066519
MICA3,0.206823237090167,0.00659461753211654,0.0140253773092093
MICU1,0.115613934041034,0.29711635203527,0.371865332085019
MICU2,-0.0341706304134296,0.662448635235749,0.723899400860932
MICU3,-0.396661494678101,0.00318689887680176,0.00745380773974004
MID51,0.185555777526333,0.310391772087778,0.384674415905765
MIDUO,0.341639686561354,0.102715124932068,0.150617579694343
MIEAP,-0.417375654903157,0.0118737103904627,0.02332422336375
MIEN1,-0.129666805213018,0.261167641619881,0.334784822597107
MIER1,0.363801294833293,0.0097637915616745,0.019742509352694
MIF,-0.218141343313166,0.21810729068292,0.286991107590282
MIGA2,-0.222108388554826,0.024688757664662,0.0439240152502956
MILK1,0.0727328334098278,0.169185217379379,0.231091013860734
MILK2,0.962824395001384,3.90550813598638e-09,3.97034265840196e-08
MIME,0.848958382792395,2.97852568022331e-05,0.00011773721387604
MIMIT,-0.353603333155896,2.83640002499238e-05,0.000112580568893216
MINA,-0.227012768407771,0.00912836415196854,0.0185990118290439
MINK1,0.521486998213724,1.91679027204955e-05,7.96014732999695e-05
MINP1,-0.143057686897156,0.0222220652623804,0.0400994984949783
MINT,1.07681559705083,0.0247499545617735,0.0440125949293949
MINY1,0.548037053818505,0.01235127871003,0.0241516640969568
MINY3,-0.300794970831989,3.89577500976738e-05,0.000149332060009068
MIO,-0.160609162255499,0.0195423675497643,0.0359620577185741
MIP18,0.70529232047765,0.592487673991633,0.660449998919307
MIPEP,-0.057441953918242,0.330441745811269,0.406584039336589
MIRO1,-0.234831146831702,0.00011157206315947,0.000377749029986165
MIRO2,0.0155032785056793,0.884206390270836,0.910642886723141
MISP3,0.382663933021089,0.0100605094882536,0.0202364158528062
MK,1.2369572673834,1.8937282323219e-05,7.86860906871071e-05
MK01,0.350759737124576,0.00019640046707311,0.000622351541657543
MK03,0.397368171546402,0.00025109546641413,0.000774052184918668
MK08,-0.0904429151521401,0.180992085613973,0.24444861414273
MK09,0.260126851897368,0.00080245236391091,0.00217646137587971
MK13,-0.0489643256748827,0.766758904914162,0.815593012175031
MK14,-0.0273027023135989,0.635690598263905,0.699114688740634
MK67I,0.0881714547829062,0.107389135309583,0.156646213378519
MKL1,0.408307523729646,0.00832679890458058,0.0172204718166025
MKLN1,0.119670912533246,0.178972461119525,0.242314706088481
MKNK1,0.899447125554755,0.0165418411246166,0.0311841793592821
MKRN2,0.0936696924350267,0.22322809693664,0.292929931286244
MKS3,-0.295091744093436,0.00101395032396376,0.00268300435517983
ML12A,0.0950615822579364,0.337038746605218,0.41364577203847
MLEC,-0.254694411451542,0.00059403349721621,0.00166553868623557
MLF2,0.52802614218633,0.00111496378218262,0.00291629170960037
MLIP,-0.419165630159656,0.00030165460429214,0.000911698757038054
MLKL,0.25554544844831,0.274394363533115,0.349377377726323
MLP3A,0.367648394317124,8.34617932245398e-06,3.77044026065895e-05
MLP3B,0.199419193440239,0.148033906534413,0.206029874245947
MLTK,-0.0180444428166143,0.751126671125743,0.803061298933938
MLX,-0.810083567825359,8.51603193037961e-12,1.78075074186474e-10
MLXPL,-1.11600270660692,2.27594463744337e-07,1.49329836926131e-06
MMAA,-0.438392931748985,1.99318418112833e-10,2.80134957041643e-09
MMAB,-0.549806164810006,0.00016921458720905,0.000546758691333764
MMGT1,0.461558942708629,1.79170276916313e-05,7.49716842020754e-05
MMP14,0.431377988284647,2.49627667791499e-05,0.000100528553480126
MMP15,-0.198771979264609,0.0332716936660378,0.0569738988742005
MMP19,1.25650347308143,0.308598301494789,0.382820658253021
MMP2,0.770571980322554,1.63326625325435e-06,8.7152713762867e-06
MMP8,0.956316908969508,0.0119429581605126,0.0234304259258874
MMP9,0.520222080348437,0.0112414867813037,0.0222636837793992
MMRN1,0.31920171213422,0.00227592257592743,0.00552059685503177
MMRN2,0.473516786805761,5.36543700047427e-06,2.5414187781252e-05
MMS19,-0.245558942867881,6.13301426008087e-05,0.000222066344583688
MMSA,-0.892567441671788,1.59134787115074e-16,1.10620181745938e-14
MMTA2,-0.149490906627368,0.0914288428148008,0.136531225570155
MNDA,0.957181367289008,6.10688314139476e-05,0.000221334324246747
MO4L1,-0.459392796502951,0.00151062536033667,0.00381413130901759
MO4L2,0.185430182979756,0.214737724026589,0.2830400202578
MOB1A,0.22074227144709,0.0684843346723615,0.106968649055049
MOB1B,0.497461126976195,0.306939665745015,0.381141340549757
MOB2,0.321681084351657,0.0935622574796166,0.139341126947061
MOC2B,-0.744472856273781,2.83274094186563e-11,5.02469634653683e-10
MOCOS,-0.119587255367719,0.0170332171351931,0.0318845956853833
MOCS1,0.213435629517022,0.0188954994402552,0.0349048775870264
MOCS3,-0.2191877304481,6.59041795442748e-05,0.000236519371797035
MOES,0.59669284465959,4.26205715637443e-12,9.79777285915106e-11
MOFA1,0.0940090048894883,0.596981697363424,0.664595408578297
MOGS,-0.139431511646198,0.00026153424541389,0.000801110852565929
MON2,-0.434657581595575,3.34196439230855e-13,9.87992231841102e-12
MORC2,-0.453375343939142,0.00944890199499947,0.0191711090700541
MORC3,0.137778921061561,0.176622086134597,0.239721374954187
MOT1,-0.124920974076936,0.285714301201879,0.360400776209531
MOT2,0.339383705494263,0.0084793032379264,0.0174913783045889
MOT8,-0.315786472291881,0.0100222931179347,0.0201700609540908
MOV10,-0.087286312469238,0.025029615714283,0.0444413360643495
MOXD1,0.442669656292337,0.0004475050683553,0.00129469407852624
MP2K1,-0.29529749897686,0.00018534671628126,0.000591698495170129
MP2K2,-0.0565280390284545,0.278349277596502,0.353189117897486
MP2K3,-0.0794566229981249,0.143768373485371,0.200890396561594
MP2K4,-0.259276103187735,6.80379959289864e-10,8.30666418651992e-09
MP2K7,-0.522616241824953,0.0031424052514746,0.00735420046113983
MPC1,0.111853948312264,0.50582859270162,0.579678214954062
MPC2,-0.869167056989328,6.52094381376782e-08,4.88027182027473e-07
MPCP,-0.371457382522209,1.56309710415303e-05,6.62654204003032e-05
MPDZ,-0.253353977616978,3.6892519131252e-05,0.000142473812620991
MPI,-0.459619419076966,4.51910586196906e-11,7.43484452685571e-10
MPP10,-0.0187651928132803,0.76543231702445,0.814518791637106
MPP2,-0.00367706779893283,0.95699530054914,0.967060017007211
MPP5,-0.29498356404228,0.00243086262995091,0.00584516589140885
MPP6,-0.163149609368465,0.0001428652439799,0.000469884152834147
MPP8,0.0692800873829244,0.507565242440126,0.581409354315323
MPPA,-0.0453590907041134,0.575760024131993,0.645627720709557
MPPB,-0.186485344611306,0.0115607525483647,0.0228198430962348
MPPE1,0.0752683695826241,0.698731471606992,0.757859437014275
MPRD,-0.0415499954458758,0.598096786425707,0.665644714273872
MPRI,0.0330698394312141,0.534215199354353,0.606375841945855
MPRIP,0.566034791957948,7.39854920006985e-09,7.05651491072175e-08
MPU1,-0.865256091303852,7.82357667035634e-07,4.49157124914208e-06
MPV17,-0.00682509035383629,0.941687627028356,0.956564208813954
MPZL1,0.907584461218426,0.00015991172646657,0.000519527950069918
MRC1,-0.178242959734515,0.0696390092921754,0.10852258644765
MRC2,0.670753336572558,1.38393645012852e-09,1.57499316359759e-08
MRCKA,0.213348526105985,3.46265550800241e-05,0.000134734492686569
MRCKB,0.112945620197518,0.00615320766400976,0.0131769534285649
MRE11,0.303177539038955,2.24715442962779e-05,9.13061799842445e-05
MRM1,-0.218353409604873,0.126857028209991,0.180562410933092
MRM2,0.595559992299986,0.0523166386196748,0.084468546471942
MRM3,0.217689823519408,0.00165482462842178,0.00414969997819384
MROH1,-0.130975665141402,0.0335005958775861,0.0573276996654368
MRP,0.346641517931537,0.00122869654261255,0.00318462295021781
MRP1,0.517848121663237,0.00108123004597192,0.00283864274743768
MRP2,-0.638969999657724,5.50999174096572e-10,6.9018013430668e-09
MRP3,-0.147055263649742,0.00204070026563653,0.00501147143528054
MRP4,0.0372810013580815,0.674903699583341,0.735322923748243
MRP6,-0.392953717053064,7.60957285195571e-11,1.19340374239208e-09
MRP9,0.033229160785111,0.799819526063316,0.843203642998298
MRRP1,-0.223898221051926,0.00048864962975383,0.00140297834957174
MRRP3,-0.40161954530918,0.00125214303539156,0.00323452817578884
MRT4,-0.147573719199827,0.355499614492667,0.431430485282387
MRVI1,0.563773158596137,2.62232396081297e-06,1.34087817638389e-05
MS3L1,0.203810061277631,0.0234929287962803,0.0420778641114435
MSH2,-0.117414454414779,0.101605578620815,0.149331170407278
MSH3,0.0737064580801491,0.280627422913677,0.355495188836305
MSH6,-0.0143224391515641,0.81950751912445,0.858913341152439
MSI1H,0.155466882322373,0.285312577133141,0.360080279143171
MSI2H,0.013749519580749,0.876999976680697,0.90467002942089
MSL1,1.13210365322631,2.28714690878135e-07,1.49682998712103e-06
MSMO1,-1.04628709179315,9.96590553188208e-10,1.16687294512902e-08
MSPD2,0.200177886513328,0.233596954174651,0.304568113959379
MSRA,-0.596360811610605,4.24313143638741e-11,7.05603494895803e-10
MSRB1,-0.421587950282687,0.00049053449647331,0.00140704987910337
MSRB2,-0.13303737874735,0.133876362154214,0.189192309593757
MSRB3,0.686836649976077,1.82415935995675e-12,4.5847601372724e-11
MSRE,-0.157558589223097,0.132260439273357,0.187159356379438
MSTN1,0.578466349328206,0.00061771156719348,0.00172129377120437
MSTO1,-0.258845717670387,0.00136116090235631,0.00348117915895966
MT1A,-0.39649819761359,0.0287270201983764,0.0501034556624485
MT1B,-1.08864231379579,0.00498884416809073,0.0109513290472228
MT1DP,-1.77555081383352,0.00234184011003648,0.00565736953320021
MT1E,-0.503757822422379,0.00389564666081286,0.00883562893440095
MT1F,-0.507068988227487,0.00255723440296216,0.00611792479059192
MT1G,-0.814285443621716,0.00193686090849662,0.00477928326509751
MT1H,-3.07610292206227,0.00176306487779019,0.0043897413994931
MT1L,-0.384113925149913,0.0145739340577729,0.0279662957447838
MT1M,-0.921962582371447,4.96309756028447e-06,2.36682699475618e-05
MT1X,-0.115330276996063,0.699395517887907,0.758473059174011
MT2,0.44844111791302,0.275510967250635,0.350278896573719
MTA1,0.0634118218471098,0.44499875444648,0.520559488979539
MTA2,0.168774233762672,0.0245321638690674,0.043675629075617
MTA3,-0.232417626842499,0.0821798323175953,0.124546261942018
MTA70,0.24004439034262,0.0328866745381397,0.0563521165303766
MTAP,-0.0503331264884274,0.466526367296813,0.541881296110524
MTAP2,0.470591005812096,0.00018874509495289,0.000600709308071498
MTCH1,-0.129690541340925,0.126279606437774,0.179806872720772
MTCH2,-0.372048320152519,0.00848046218733371,0.0174913783045889
MTEF4,0.336799808818341,0.164217462352656,0.225142491029334
MTFP1,0.100439479280312,0.623602103923001,0.68886382732568
MTFR1,-0.89397566260021,1.51040241732381e-09,1.69639957089818e-08
MTG16,-0.491189175628323,0.0202329674010218,0.0370297856893463
MTG2,-1.03978482917287,5.92136850629967e-05,0.000215210925080585
MTHFS,-0.461151334986249,0.00012858618654478,0.000428213644963109
MTHR,-0.196968302068971,0.164158494770231,0.225115419614578
MTM1,-0.340057451078291,2.83908838090781e-09,2.95234581497098e-08
MTMR1,0.0199765518198362,0.781970863723884,0.828234342415029
MTMR3,0.276877760740916,0.0795841694249728,0.12123082614662
MTMR5,-0.220758365499966,0.093819117053885,0.139696701502852
MTMR6,0.172481114896819,0.0126480937821807,0.0246882599603608
MTMR9,0.343883051625589,6.54777398713396e-05,0.000235317298950748
MTMRA,-0.279068295083696,0.00015555266875229,0.000506859962876972
MTMRC,-0.259530416346116,0.00020285924960844,0.00064071304542723
MTMRD,-0.0537605769393827,0.619010613442911,0.684968577846766
MTMRE,0.0894832356816936,0.255500576364,0.328534492173831
MTNA,-0.378109832228843,2.49002545366213e-09,2.62832235300369e-08
MTNB,0.159897809485069,0.0379662692328125,0.0638369434300242
MTND,-0.571217598288062,5.61056174407027e-10,7.01638483261689e-09
MTO1,-0.38131992400724,1.59894140345422e-07,1.09084278240962e-06
MTOR,-0.161584603988008,0.00201125284387448,0.00494545154344662
MTP,-0.471873130447621,7.39938580006652e-08,5.45307171282839e-07
MTPN,0.0040267079326872,0.942007294527609,0.956637047193344
MTRR,-0.0584398035106451,0.625015216910453,0.690029677161404
MTSS1,-0.0791316243268661,0.552145536972452,0.623679543738756
MTSSL,0.131627674745686,0.13919137275101,0.195379412797306
MTU1,0.0246359876782165,0.766957279449443,0.815691573843129
MTUS1,-0.0170510410870494,0.903326383886182,0.926008552951479
MTX1,0.169173321837681,0.178854590703278,0.242240130220553
MTX2,-0.157724139430488,0.0168286364148474,0.0315782486811679
MTX3,0.0298245991170865,0.831691621727033,0.868498112497738
MUC13,0.293663584633487,0.0164348438237268,0.031020365690772
MUC18,0.574917229894871,8.11201895633502e-09,7.67062968959326e-08
MUC6,0.432959407276106,0.0991199886675132,0.146263115807713
MUL1,0.301246978184441,0.310558076081406,0.384756922775229
MUTA,-0.594454914648257,1.65923599122842e-14,6.66805463974921e-13
MVD1,-0.870401020786526,2.3184400310094e-08,1.93594337784292e-07
MVP,0.301350006672626,2.22730603160596e-08,1.87006456364217e-07
MX1,0.252219443039971,0.0346372110270545,0.0589589058647149
MX2,0.33462319084774,0.00526510259234562,0.0114728979391524
MXRA5,0.326769725276155,0.0241546164031025,0.0431029186323633
MXRA7,0.58858488462284,5.62357589365298e-05,0.00020545223293289
MXRA8,0.28668719869727,0.0177652476604131,0.0331183017510866
MY15B,-0.257203769465259,0.240089319107693,0.311454133529751
MY18A,-0.155416364275123,6.76007743556058e-06,3.13466090701836e-05
MYADM,-0.344613780734514,0.00053940150102014,0.00152959279010342
MYCB2,0.117434403249067,0.0468921896820991,0.0768032552721453
MYCBP,-0.0591877380422484,0.551847495863466,0.623434154916911
MYCPP,-0.224340392738307,0.0108486501968946,0.0215909685115395
MYD88,0.20028336852409,0.043294277096491,0.0715942224767519
MYDGF,0.00363389647335568,0.964020611480571,0.971866770227992
MYEF2,-0.0280895885601031,0.859125741187943,0.891236114413306
MYG1,-0.0263609884017534,0.6412988582823,0.703877950285381
MYH10,0.629826599794939,2.32082377463025e-08,1.93594337784292e-07
MYH11,0.857617191118526,0.00066976309896629,0.00185828553456451
MYH13,-0.551842786420852,0.00024739114274371,0.000764159350444542
MYH14,0.181036379320416,0.00030643131438294,0.000923964056967083
MYH15,0.516263309560965,1.83638788567288e-08,1.58319205875441e-07
MYH9,0.673587177036283,1.48404826777503e-11,2.81349298136416e-10
MYL1,0.553418504900151,4.20205470171695e-07,2.58557050067368e-06
MYL4,0.493859419147928,0.00468659014913189,0.0103734164058238
MYL6,0.754143520921851,1.37073264021773e-11,2.65077018845113e-10
MYL6B,0.557793352777537,2.52856916273732e-05,0.000101775898068238
MYL9,0.423053165733705,0.0319117378659929,0.0549745410524673
MYLK,0.355227182321414,8.59014277692525e-06,3.86256070319087e-05
MYO19,-0.467164686414229,0.035340885776426,0.060011063963667
MYO1A,-0.411412144127072,2.17588061721098e-06,1.13516530374577e-05
MYO1B,-0.313323644915685,8.70631738908029e-08,6.33156880057903e-07
MYO1C,0.222363154940201,7.49737560250422e-09,7.13313811947257e-08
MYO1D,0.121140097488438,0.0191231915593074,0.0352704555524171
MYO1E,-0.106885628365023,0.0545735621807818,0.0877635693595065
MYO1F,0.524938257694086,2.03005974297709e-07,1.34454428985504e-06
MYO1G,0.362730209647182,7.73644128429139e-06,3.52387136656389e-05
MYO1H,-0.200298436753217,0.208692786625327,0.276631771448381
MYO3B,-0.444953245407823,0.117314051518875,0.168776330956967
MYO5A,0.415931693032766,5.08882626475472e-05,0.000188685167990617
MYO5B,-0.266823713033685,0.000127091925553,0.000423603152296738
MYO5C,0.676371228015663,0.00022392696599763,0.000698673865603604
MYO6,0.0354803368365656,0.285848826752008,0.360452614351772
MYO7A,-0.0582790854864843,0.346906322470292,0.423466094633883
MYO9B,0.197825141235766,0.00518628624936307,0.0113363696034236
MYOF,0.724558599846662,8.89297932033987e-10,1.05566505285758e-08
MYOME,0.063634090439596,0.815484516068086,0.855859429540445
MYPN,0.942724677794795,2.86019145645149e-07,1.83451681446215e-06
MYPT1,0.603326055149008,9.5301039439313e-13,2.54443882461501e-11
MYPT2,0.605993951759067,1.36424489549016e-05,5.86762185819514e-05
MZB1,0.558513532592832,0.00105988057879278,0.00279113943548297
MZT1,0.814401942301793,0.123499696125219,0.176663636503928
MZT2A,0.0177893876998888,0.905989783556969,0.928122300839826
N4BP1,0.222870080411942,0.0595420901099323,0.0946190011259372
N4BP2,0.952171766690375,0.00526351356308108,0.011472675325631
N6MT2,-0.391912861850961,0.00014890538254524,0.000487257816674755
NAA10,-0.182997328535909,0.00052701648036913,0.00149667249264932
NAA15,0.0137666676088346,0.825330673692059,0.863491725858702
NAA16,-0.173255383020972,0.133147182272836,0.188265284665055
NAA25,-0.36633620394808,1.97257651816616e-05,8.16098347255791e-05
NAA30,0.183414099990565,0.0290193458703649,0.0505219478194349
NAA35,0.0175428390597287,0.860685486043986,0.892254361187075
NAA40,-0.19650129293859,0.0182501249779984,0.033907528131528
NAA50,-0.174430708272793,0.00549263039016218,0.0119014703989024
NAAA,-0.370456696629571,0.00116764504970328,0.00303965897554336
NAC1,-0.0757544092295746,0.707777216637998,0.766037802872576
NACA2,-0.151854921055568,0.360299676026358,0.436774909696682
NACAM,-0.272626426070505,0.00255415606092579,0.00611286233439932
NACC1,0.269357566703191,0.111328559446866,0.161407584496809
NADAP,-0.220871018843317,6.2501700730828e-07,3.68421025851084e-06
NADC,-0.939450770540892,1.13586497716393e-17,1.09854978966592e-15
NADE,-0.424168573608437,3.09911608560896e-06,1.54775273246335e-05
NADK,-0.257087881812889,0.00923285569522986,0.0187722567969417
NADL2,0.259393020491381,0.235754438872898,0.306655638965489
NAF1,-0.397241104798606,0.00859831503418462,0.0176777508136873
NAGA,0.39395429620415,0.00012075139522116,0.00040474273046328
NAGAB,-0.140969693905693,0.082239917650931,0.124546261942018
NAGK,-0.0522127617451758,0.437743071392464,0.513238951354544
NAGPA,1.1506785965355,0.00289073990994046,0.00682525983632209
NAGS,-0.712778884353118,1.92567114338356e-09,2.10460036010589e-08
NAKD2,-0.424173949571428,2.63763690248577e-06,1.34692298739776e-05
NAMPT,-0.909355305206689,5.52978023584207e-16,3.28213725382749e-14
NAR4,0.166680742752983,0.181220072739011,0.244713699904482
NARFL,0.0639391362944294,0.416479520610383,0.492456902657075
NASP,0.105273101076034,0.0232976074716478,0.041776513885948
NAT10,-0.111020625719231,0.0358287843464582,0.0607459679229337
NAT8,-0.113851160927556,0.212469609173404,0.280721832942121
NAV2,0.0256284339876677,0.875728780959875,0.903721181474709
NB5R1,-0.223427492778858,4.08581311815566e-05,0.000155684612442909
NB5R2,-0.112936281765427,0.348833338273686,0.425414578492139
NB5R3,0.0545720641753158,0.40217212004334,0.478661125752647
NB5R4,-0.180405053058384,0.333782742357134,0.410106312106313
NBAS,-0.197144492650069,2.35739306128026e-05,9.53835598365941e-05
NBDY,1.25117977980993,9.65912051660966e-05,0.00033242539654844
NBEL1,-0.24178162054777,6.10214626265808e-06,2.84668443546976e-05
NBEL2,0.37960765504546,0.00038785807744662,0.0011413855551404
NBN,0.309875823875471,1.20814846764085e-05,5.26670823520723e-05
NBR1,1.04194242861442,0.00391721274284652,0.00887932242179899
NC2A,0.651352544265757,2.17313552777955e-05,8.87660864602806e-05
NC2B,0.353424925589656,0.00407045435093066,0.00918351630753829
NCALD,-0.670377185437363,5.39915460553733e-06,2.55425364416469e-05
NCAM1,0.175152821695853,0.200944778888809,0.267972677826832
NCAS2,0.26775990026573,0.0500946242455759,0.0813234001007498
NCB2L,0.664778630789911,0.0341128926162601,0.0581947997848912
NCBP1,-0.333668742077254,0.00011314906682939,0.000381915222946445
NCBP2,0.221831309961679,0.0119561163215782,0.0234502779708433
NCBP3,-0.0749369472642007,0.407528999656647,0.48399165173937
NCDN,0.16569588018025,0.148917125802452,0.207109686858637
NCEH1,0.384010007762319,1.95366392306182e-05,8.09150339793076e-05
NCF1B,0.585045212865775,0.00151827882548915,0.00382969578864802
NCF1C,0.406333122106461,0.0979504436027346,0.144869776277305
NCF2,0.387326142107455,0.0284627647761829,0.0497099803107803
NCF4,0.477076295295881,0.00015468089803658,0.000504580551113338
NCK1,-0.00332590353637584,0.94285863658152,0.95724963682408
NCK2,0.470597252687454,9.30452382040686e-07,5.26732984580039e-06
NCKP1,0.0093916062955603,0.75887988264284,0.809443900258799
NCKPL,0.288956189625708,8.97401844875633e-05,0.000311272264721847
NCLN,-0.142604259659731,0.00052216082331495,0.00148561685571466
NCOA2,0.429973681441529,0.263805790140619,0.337566414050583
NCOA4,0.476680306199527,0.00027043781571788,0.000826087959651291
NCOA5,0.454710749562186,2.16742494675717e-08,1.82548869948672e-07
NCOA7,0.42694957032791,1.08411017069827e-06,6.00071311126819e-06
NCOR1,0.340753666214853,0.0150327508872329,0.0286968594373798
NCOR2,0.288862900463886,0.160250203071664,0.220546246805154
NCPR,-0.285883924593514,0.00890070059095295,0.018222508134193
NDC1,-0.0485654285739914,0.366201562869746,0.443233138682817
NDE1,-0.0231417777405854,0.761860977759647,0.81197191781272
NDK3,-0.115348922833579,0.0418674101191239,0.0695177397200689
NDK6,0.154272110191314,0.0845323956819204,0.127542425710148
NDK7,-0.0824123863544585,0.405578425413642,0.481976529288432
NDK8,-0.407122119059874,1.53131628957044e-09,1.71738902475662e-08
NDKA,-0.390800834335084,6.05366243210066e-07,3.58205976427061e-06
NDKB,-0.426440819855331,9.2133889237565e-05,0.000318587385868019
NDOR1,-0.173208043013605,0.218749979794952,0.287738636907237
NDRG1,0.0104132115961893,0.831081900764317,0.868096378272299
NDRG2,-0.701761065416787,1.3773667289765e-13,4.48428762902223e-12
NDRG3,0.0831738744636379,0.607012918079087,0.674109337348623
NDUA1,-0.495788269725057,0.0234471114746354,0.0420055519243758
NDUA2,-0.690012950219012,1.08688451839576e-09,1.26111292390101e-08
NDUA3,-0.206045519398643,0.0558513884163312,0.0896057662900504
NDUA4,-0.669614612010992,1.07397813125776e-09,1.24801434650375e-08
NDUA5,0.163885116708942,0.0749237619283567,0.115337981006343
NDUA6,0.0350748774048279,0.734693979619504,0.789210461749143
NDUA7,0.0547776425760022,0.52167599159403,0.594840601284961
NDUA8,-0.358578556676672,0.00034186765968921,0.00101886862192427
NDUA9,-0.441349615069576,1.64977611529579e-08,1.44819937492859e-07
NDUAA,-0.30380412329979,0.00019250099581432,0.000611250075598063
NDUAB,-0.550510641122384,3.6013341239785e-06,1.76992956054892e-05
NDUAC,-0.135063306566029,0.274620782230331,0.349438040481507
NDUAD,-0.229846292745382,0.00491355417093584,0.0108199155202457
NDUB1,-0.320553995033077,4.49038615326484e-06,2.16278524086089e-05
NDUB2,0.148229988633701,0.142315567324079,0.199093910150831
NDUB3,-0.145447909859842,0.178450840806722,0.241820633590563
NDUB4,-0.0667766968994872,0.29834596832573,0.37310170042161
NDUB5,-0.167906381607595,0.0690406584307968,0.10775032974882
NDUB6,0.0667381280586425,0.518731489163455,0.592265784312699
NDUB7,-0.0870201205439904,0.294797964927269,0.369623187744363
NDUB8,-0.552616106794085,1.25085397578302e-11,2.48112834887964e-10
NDUB9,-0.166392810714867,0.0457897777560549,0.075271458825018
NDUBA,-0.321455967825783,7.78585792872105e-06,3.54219810011861e-05
NDUBB,0.186674228404067,0.08191100662646,0.124274875751635
NDUC1,-0.391818301364926,0.0456409187177115,0.075088556252849
NDUC2,-0.54796502062831,3.15453424182427e-06,1.57339277375023e-05
NDUF3,0.26913730407993,0.00076741705312789,0.00209310356378042
NDUF4,0.193573694287495,0.0504154961962535,0.081792676335217
NDUF5,-0.364537695142694,0.00078444299496694,0.0021320049838552
NDUF6,-0.130126952755745,0.199154244659268,0.265952605017465
NDUF7,0.0339212289722703,0.834021357594861,0.870109436581264
NDUF8,0.365597362092013,0.0147865358913936,0.0282563355439178
NDUS1,-0.358427771332641,4.76560068751101e-10,6.03799259521099e-09
NDUS2,-0.343678426608218,6.53115957437128e-10,8.02459033054917e-09
NDUS3,-0.175620404995097,0.00184970355078196,0.00458621870110334
NDUS4,-0.446350465240178,2.2203946725456e-06,1.15526401168994e-05
NDUS5,-0.0451046246939486,0.541865965090294,0.614045790371084
NDUS6,0.147052657874931,0.0952361100775689,0.141451746941005
NDUS7,0.104414496145097,0.0695271167090253,0.108378026773099
NDUS8,-0.341734178468701,1.05162531631387e-09,1.22573125992112e-08
NDUV1,-0.355594805400223,1.11557269343214e-08,1.02595457717788e-07
NDUV2,-0.117395835253904,0.0396167461219113,0.066222446507077
NDUV3,-0.107094602195314,0.290871450388269,0.365353102913216
NEB2,0.785275168435153,1.24785159581231e-10,1.81668356854487e-09
NEBL,0.425163860415967,0.00437442853201919,0.00976651925725118
NECP1,-0.267346422552678,0.0251246399500906,0.0445761604633017
NECP2,-0.131663230432578,0.240465511317452,0.31178489082935
NECT2,-0.384028801886866,2.68146378729191e-06,1.36723727127608e-05
NED4L,0.458745257172034,0.00021838533851433,0.000684149927720897
NEDD1,-0.223214935196671,0.0208609206733275,0.0379987875154379
NEDD4,-0.120865485549883,0.0421269673542629,0.0699035871194608
NEDD8,0.508582802219764,0.00195556441315391,0.00482235059504492
NEK4,-0.0181470221038388,0.861795577678104,0.892565728505268
NEK6,0.0545331676688387,0.374861541970388,0.452322760392332
NEK7,-0.243797016999591,7.63053412633918e-05,0.000269460875601067
NEK9,0.136641583916031,0.0192747213241677,0.0355203605773294
NELFA,0.527386672537988,0.0343883881610755,0.0585741287087988
NELFB,0.0927852124271767,0.471559498173171,0.547042292877942
NELFD,0.0469422029124601,0.550417528994352,0.622183072622388
NELFE,0.440411152371781,0.00011375519911015,0.000383290443813938
NEMF,0.280332792363861,0.0282995702285567,0.0494848247661334
NEMO,0.296344630465565,0.00428547615315719,0.00959290223317693
NENF,-0.293770686801738,0.00144783011475345,0.0036711985427005
NEO1,0.100409874190715,0.203494298928577,0.270929420489894
NEP,-1.02288762227457,4.62888689843123e-12,1.04740443719341e-10
NEP1,0.0220780019760892,0.738620047422597,0.792324799932262
NEST,0.471255105457651,3.5814327765485e-08,2.83720074988175e-07
NET4,0.975477581938268,0.0627678352411506,0.0992655496455663
NETO1,1.50042017263095,0.112079116911769,0.162282316774481
NEUA,-0.33844038917308,2.23394383895743e-07,1.46698814139536e-06
NEUG,1.15010860139988,8.31797470239963e-08,6.06057533557276e-07
NEUL,-0.296097900245026,5.29586459264174e-05,0.000195049599984839
NEUR1,-0.0260167199861255,0.763260261571714,0.813104539318976
NEXN,0.91137098996096,6.54386141754707e-08,4.89267778079391e-07
NF1,0.0634518603333974,0.619568336891249,0.685290895563773
NF2IP,-0.378133143605618,0.00278729896906334,0.00660934199302174
NFAC1,1.00228918259463,0.00068667271258289,0.00189841829453922
NFAC2,0.439142247717026,0.00619615531417304,0.0132583290083636
NFASC,0.660188419630246,0.00030070039740409,0.000909527348635813
NFH,-0.3313119611589,0.25354508667988,0.326494307213277
NFIA,0.0261484867382784,0.669040017431602,0.72997125826241
NFIB,0.40080239943223,0.00019878355394772,0.000628612255024839
NFIC,-0.126075516870342,0.00142301174538682,0.0036189712021769
NFIX,0.178311809340379,0.113960199056891,0.164666085378834
NFKB1,0.17801471254075,0.00127979556906507,0.00329823066496529
NFKB2,-0.022389120367097,0.709405257389373,0.76717182424897
NFS1,-0.0704923738570067,0.210751936316161,0.27883435195739
NFU1,-0.571187496857738,1.76769507503101e-10,2.51651940939839e-09
NFX1,0.346669881494426,0.011173577115196,0.0221519324308459
NFXL1,-0.0603531887670775,0.476839746127677,0.551370520174008
NFYB,0.42625509196807,0.00045761825924371,0.00132246535143238
NFYC,0.335480969176296,1.75047948298895e-05,7.34858525067614e-05
NGAL,0.943244722993283,0.0208921911496643,0.038046765851029
NGAP,0.982157960996086,6.82230972460581e-05,0.0002443869165973
NGBR,-0.204475052668941,0.0502598199336788,0.0815744153572288
NGEF,-0.160828565103682,0.0404368229088622,0.0674471520892306
NGF,-0.457021617644623,0.0055984163376265,0.012100106571744
NGLY1,0.0313175540422375,0.658470291924624,0.720368179851184
NH2L1,-0.218458811076388,0.0137207038654054,0.0265402233706363
NHEJ1,-0.301564235540364,0.0182163343873763,0.0338528988759623
NHLC1,-0.901445025676929,1.37042462977331e-08,1.23386189537116e-07
NHLC2,-0.241056706410184,3.28092482359153e-05,0.000128440466457799
NHLC3,-0.014375290591515,0.841479769726938,0.875756393743331
NHP2,0.00626498607497815,0.941907495269665,0.956637047193344
NHRF1,-0.103172640027867,0.0206720700573934,0.03769928918999
NHRF2,-0.0138666937105604,0.780097252171837,0.82693095174583
NHRF3,-0.19050993311822,0.00496444346712213,0.0109070745422307
NHSL1,0.149652182983482,0.570374239988098,0.640239690972965
NHSL2,0.431245322638011,0.0180668458189007,0.0335993690861986
NIBAN,0.670147821074364,1.43405918338801e-08,1.28366596972412e-07
NIBL1,0.598757747923868,2.1599154488468e-10,3.00828657099312e-09
NICA,0.109265602538498,0.0892749661728221,0.133860404001068
NID1,0.520289476755836,6.104533266338e-09,5.90998477830163e-08
NID2,0.746033230619602,1.12248160819847e-10,1.64972725502084e-09
NIF3L,-0.273040781385245,3.88460844024232e-06,1.89826717700505e-05
NIN,-0.0518620823460528,0.409936746973852,0.486177672863548
NINJ1,-0.168440506251154,0.0170477310371984,0.0318962882354566
NIP7,0.100357390947869,0.242133970073903,0.31368463953832
NIPA,-0.515046299214684,0.00186495383060215,0.00462106093671361
NIPBL,0.176331709661708,0.0101001165752094,0.0203023759565154
NIPS1,-0.220974998737839,0.049890099746417,0.0811021319711526
NIPS2,0.20457521313253,0.00300519215349984,0.00706462494978935
NISCH,0.0548206992063571,0.464882054534079,0.540459534847816
NIT1,-0.679483252318481,1.20380371117489e-17,1.14673449820067e-15
NIT2,-0.866491820749793,2.96205755925216e-24,3.80920602119828e-21
NJMU,-0.107768202764464,0.339769050779961,0.416136189812409
NKRF,0.0405067254968979,0.925494930833137,0.943968127734103
NLE1,0.0853621063841214,0.620992807435975,0.686374516856608
NLRX1,0.0286356277896701,0.570008758175335,0.639922534276282
NLTP,-0.75041699128686,8.46275226400693e-13,2.2911788234764e-11
NMD3,0.00210912039916495,0.975801609821796,0.981397969419314
NMES1,0.906890595608518,1.45723284544287e-05,6.23060778462884e-05
NMI,-0.157332220303704,0.0522648019267268,0.0844025139528305
NMNA1,-0.155433203820759,0.00543896165161915,0.0118017514352906
NMNA3,-0.647618445199727,0.00317460274273887,0.00742729980684449
NMRL1,-0.713954421140939,2.68113558328563e-11,4.78880605570183e-10
NMT1,-0.487501784662266,1.78233708226773e-10,2.53269114673624e-09
NMT2,0.00133387609019485,0.981160489760061,0.985539916714087
NNMT,-0.894090558748739,1.62675870554206e-09,1.80605326215288e-08
NNRD,-0.371523178119393,1.4920344400647e-11,2.82094171305396e-10
NNRE,-0.13371870245903,0.00363407524715013,0.00834291121898554
NNTM,-0.20707696742228,0.0281232218604564,0.0492283983383125
NO40,-0.000268316324960664,0.999478610606629,0.999478610606629
NO66,-0.115075870424792,0.0698542282506922,0.108734158802167
NOA1,-0.402801839349637,5.75993691205057e-06,2.7083286540757e-05
NOB1,-0.325485431033166,0.00346105237003535,0.00799086776995594
NOC2L,0.117395835253904,0.00769870044463966,0.0160897000625243
NOC3L,-0.0483143178913457,0.536743713209812,0.608956696239804
NOC4L,-0.214628417004687,0.202841222776927,0.270174844630894
NOG1,-0.000415436351812556,0.996800459592537,0.997317472279048
NOG2,0.158786829687403,0.225120426341728,0.295011754356789
NOL10,0.143153058347973,0.10815159848115,0.157660633644541
NOL11,0.0572686458082759,0.458775149222747,0.534164637302356
NOL3,-0.0969270398677674,0.317612818877495,0.392426022491393
NOL6,-0.0069169841355705,0.943108156167428,0.957251056694011
NOL7,0.275123889143542,0.0139752940631702,0.0269583422478553
NOL8,1.19630298862504,4.80136320764292e-05,0.000178978864235481
NOL9,0.19698340496194,0.00802210661141864,0.016684251917441
NOLC1,0.388170797156095,2.3426305289535e-06,1.21232308258922e-05
NOM1,-0.176204032675607,0.0981676269513768,0.145093679813893
NOMO1,-0.0695756932983663,0.0504672167756131,0.0818593745302987
NOMO2,0.249016868338316,0.0680432057656357,0.106387310169736
NONO,0.305789625735842,2.52736759600834e-08,2.07018772513804e-07
NOP10,0.609749289703726,2.22393274339952e-05,9.06011882157904e-05
NOP14,-0.0622073866555409,0.628436124429986,0.69256642683264
NOP16,0.26468894928036,0.0897518576085206,0.134444832713521
NOP2,0.0467676288105211,0.161506868821634,0.222017993911942
NOP56,0.191346609261179,1.63720146510692e-05,6.91063813170952e-05
NOP58,0.0581793204654213,0.0746146444093819,0.114984341174913
NOP9,0.0513943771781556,0.395661370647831,0.472442453716909
NOS3,-0.0722581245666984,0.114835876477861,0.165776168924822
NOSIP,-0.0332601770557273,0.751614483423319,0.803471509295418
NOTC1,0.317718523129802,0.0151896506478815,0.0289450633518815
NOTC2,0.260849473655928,0.00030095627728794,0.000909944606408207
NOTC3,0.657199127067253,0.0766942825346756,0.117508555209999
NOVA2,-0.426302331385887,0.0158428964718577,0.0300353290360821
NP1L1,0.380246253126974,1.90619647894962e-08,1.63600040372715e-07
NP1L4,0.397166612191199,2.17141182590606e-08,1.82548869948672e-07
NPA1P,-0.193200228371349,0.025652529996096,0.0454330458828126
NPC1,0.314090901623904,0.00018308625045469,0.00058586346639037
NPC2,0.163649434518466,0.194495074729144,0.260251993455739
NPL,-0.0981634991217377,0.331552435292298,0.407820594725868
NPL4,0.0178520869921937,0.730944660136107,0.785948856969092
NPM,0.350789151136052,0.00843440236085401,0.0174196596938837
NPM3,0.0376492979459178,0.736858001194145,0.791204611357365
NPNT,0.484637250858361,8.22979888976267e-05,0.000288117641712381
NPS3A,0.442544394519159,0.0324604368866874,0.0557703698547495
NPTN,0.0658218149123047,0.183874661291876,0.247951220994078
NPY,0.297104529365136,0.274568055422108,0.349438040481507
NQO1,0.254144113237246,0.25473700806971,0.32781033259938
NQO2,0.201114397445849,0.0724378413834698,0.112077478266463
NR1H2,-0.294564877836228,0.00016820259425034,0.000543716471401602
NR1H4,0.283792605326786,0.018423908572739,0.0341892444798591
NR1I2,-0.463310658750533,0.0013048169754235,0.00335487097046575
NR2CA,0.480120328189614,0.327363813691238,0.403375788317086
NR2F6,0.461441597020174,9.65157233407184e-05,0.000332313842613558
NRAM2,0.0916307861998513,0.577316721029801,0.64713652379816
NRBF2,-0.364133113797352,0.00893122006418173,0.0182696961864332
NRBP,0.166814405953677,0.0811413200362065,0.123390006893752
NRBP2,-0.358387259151398,3.31026882891566e-05,0.00012939227094181
NRDC,-0.513310839648195,3.04848652741097e-13,9.26067797067049e-12
NRDE2,0.268041476669195,0.411964575704149,0.487907700097193
NRF1,0.191921384898188,0.161696127697761,0.222198988658223
NRIP2,0.532237153769741,0.00023069536244797,0.000717597216362018
NRK1,-0.357818843334398,0.00023969266202927,0.000742708241082147
NRM,0.276477608242533,0.085591242363136,0.128887983230671
NRP1,0.425418483330385,0.00072849257242653,0.00199615969073327
NRP2,0.312447939834957,0.0282909722928901,0.0494848247661334
NS1BP,0.204541409753469,0.123409585898501,0.176567469829934
NSA2,-0.105889907896674,0.616243962892802,0.682592365443707
NSDHL,-0.3497830777431,0.00055797783854309,0.00157647638308256
NSE3,0.0102284305710303,0.936006034903917,0.951572557035347
NSE4A,0.307302611766922,0.39209506732701,0.46927338909496
NSF,0.0294387503100945,0.276788968110727,0.351498301175505
NSF1C,-0.105659306647352,0.0243956581410262,0.0434727247612374
NSMA3,0.0223323000980564,0.779393135300859,0.826525210552698
NSRP1,0.383196097878909,0.0162766900279964,0.0307519442350686
NSUN2,0.118827479370137,0.124726642284337,0.177963929690228
NSUN4,-0.256658050483075,0.189802765601564,0.254831762551186
NSUN5,-0.0937535140887615,0.625970928138135,0.690689501145982
NSUN6,-0.157709913205645,0.0424770797531451,0.0704542449215966
NT5C,0.142893058326316,0.0696479844594042,0.10852258644765
NT5D1,-0.461195349592403,3.8515454890176e-13,1.12145377333056e-11
NT5D2,0.483847242180571,1.15649616123129e-05,5.06442927358719e-05
NTAN1,0.109757705595322,0.209461156675042,0.277554917551885
NTF2,-0.0805430617407183,0.356853006736862,0.432868699887066
NTH,0.114746806910521,0.338896575290721,0.41552931430847
NTM1A,0.319057162492806,0.03581475690598,0.0607355306124268
NTPCR,0.0166988392409997,0.66090800956027,0.722522839581616
NTRI,0.852029209319917,0.0101524143521242,0.0203887220103986
NU107,0.252470158739337,0.00151234730697298,0.00381722990533317
NU133,0.123476826163669,0.00205647911733225,0.00504349765753641
NU153,0.179160684431778,1.55519051460546e-05,6.6042102425403e-05
NU155,-0.154759468634556,0.0275567163291885,0.0483134794810312
NU160,-0.101960632186237,0.0308179397265206,0.0532805787429605
NU188,0.0387578372901508,0.486101138055037,0.561238423048431
NU1M,-0.299377138133006,0.00025520831755077,0.000784758543316478
NU205,0.0766220278242924,0.237688496075946,0.308651032602154
NU214,0.203033223732741,1.63256221216339e-06,8.7152713762867e-06
NU2M,-0.919565098620751,3.95941959761627e-06,1.92993566741675e-05
NU4M,-0.611637934153492,5.70845358554011e-06,2.68575779670899e-05
NU5M,-0.156611483841496,0.269863816036388,0.34429054307817
NUA4L,0.479167428980338,0.00214039332975189,0.00522304710068488
NUB1,0.113352450340449,0.204839531546668,0.272413275665993
NUBP1,-0.0430686794596782,0.397557350621852,0.474331557365835
NUBP2,-0.26930729232715,1.30309715044062e-08,1.18012882779341e-07
NUBPL,-0.169265699482734,0.00366645579138044,0.00840474536134625
NUCB1,-0.241548564990154,1.20351414297766e-05,5.25244068281427e-05
NUCB2,-0.2434046438755,0.00500979370161806,0.0109848161982623
NUCG,0.0543025454111274,0.495934375340748,0.569693261892096
NUCKS,0.508969118213181,0.00041207472203703,0.00120119703635728
NUCL,0.230521527236466,4.17675457430375e-05,0.000158601566414014
NUD10,0.0374778127584816,0.767209533776106,0.815847403888704
NUD12,0.00547041397579033,0.950789424551177,0.962534687022339
NUD14,-0.0396479859403729,0.842368462108218,0.876444856206447
NUD16,-0.193050057728748,4.1420612201665e-06,2.00628652698084e-05
NUD19,-0.0215124186518236,0.785775191450743,0.831578847515284
NUDC,-0.159788041435004,0.00148934650163237,0.00376780249396569
NUDC1,-0.167731721035329,0.21509549516405,0.283414761046074
NUDC2,-0.0429776595016294,0.530895091740792,0.603786060472844
NUDC3,0.0106309077072872,0.917900953604887,0.937958384057119
NUDT3,0.1895070519835,0.00296699253471431,0.00698392751612435
NUDT4,-0.019524012593764,0.91972916603346,0.939456740203991
NUDT5,-0.503073909937434,5.70396501967109e-16,3.35967893830398e-14
NUDT6,-0.271156714499463,0.00106278268148346,0.00279687284117544
NUDT7,-0.643399071574424,8.51234542237615e-06,3.83428238640131e-05
NUDT8,-0.186224162524158,0.0913362297158681,0.136420895951924
NUDT9,-0.211465807689766,0.00031322174193165,0.000943701273231008
NUFP2,-0.477948746269779,2.5513429511275e-06,1.30718208571712e-05
NUMA1,0.419885096780627,1.40167117391617e-09,1.59282691869472e-08
NUMB,-0.150805303739003,0.0176659791127419,0.0329571312461113
NUMBL,-0.23157617923956,0.0553151003187668,0.0888338560752944
NUP37,-0.185073637876762,0.0716627274961125,0.111056357774654
NUP43,0.398480622971117,0.0158672554416028,0.0300445995061122
NUP50,0.108284907697538,0.104922457424061,0.153387965419487
NUP53,-0.125167036607603,0.0350035877102908,0.0594775782366448
NUP54,0.110917762477253,0.0600625337000816,0.0953316044879339
NUP58,0.167862718446866,0.0127468203040197,0.0248495364997009
NUP62,-0.0839458500529379,0.292286333859016,0.36695108233911
NUP85,0.00736775321515287,0.860205907307978,0.892236695898422
NUP88,0.00130072438833244,0.972201358837351,0.978670017584997
NUP93,0.0958285746179957,0.0472237475794542,0.0772479195088125
NUP98,0.234465758580199,3.18889058335044e-07,2.01519080598952e-06
NUPL2,-0.158161204154763,0.054110576024251,0.0870734524719751
NUPR1,1.25140704292544,0.00012970549564192,0.000431568609044008
NVL,0.0397448301858923,0.686173044734569,0.745783799099461
NXF1,0.158126295566107,0.111214156408449,0.161294274227117
NXN,-0.0608179990565059,0.549853138385804,0.621727259054054
NXP20,-0.380317191023707,4.6963764278472e-12,1.05487402538624e-10
NXT1,0.159604645589438,0.207574093131338,0.275527559367178
OAF,0.243730004302143,0.232757324292346,0.30362730587316
OARD1,-0.128237962440802,0.030631971532718,0.0529946843826126
OAS1,-0.633265657123208,6.58742108180966e-08,4.91122530359709e-07
OAS2,-0.0748739410210209,0.441690482381316,0.517610452500851
OAS3,0.015007929133078,0.817298563997291,0.857310044739448
OAT,-0.750185425105917,5.58163926453857e-09,5.45854607923696e-08
OBSL1,0.580928862584218,3.48482529466762e-07,2.19501322233921e-06
OCAD1,-0.160521391772768,0.00673648167223086,0.0142916394234076
OCAD2,0.208469814272853,0.00376241759862515,0.00859249024563197
OCLN,0.0521459722406523,0.337827656567881,0.414548059490739
OCRL,0.428711636568777,9.61460656937715e-06,4.28327391970636e-05
OCTC,-0.774628104059523,2.53518696587036e-09,2.6614289290688e-08
ODB2,-0.706528784392978,2.48686488500579e-14,9.54659176751476e-13
ODBA,-0.445979841283666,2.52775001757274e-09,2.65723693945385e-08
ODBB,-0.884179019534173,4.03181940875684e-14,1.47438476578046e-12
ODO1,-0.280290026731586,1.40585959109919e-05,6.02980133681009e-05
ODO2,-0.176999276279593,0.00311909391641429,0.00730629285338575
ODP2,-0.204423717736109,0.0187013705995765,0.0346208674535346
ODPA,0.123652954584505,0.129088303746454,0.183366228223056
ODPAT,-0.184755083563138,0.0915933812571665,0.136699135354023
ODPB,-0.0660974590146102,0.286128507030153,0.360687397524042
ODPX,-0.133559580352737,0.0600702774780112,0.0953316044879339
ODR4,-0.236964000326901,3.74065362857597e-06,1.83256402527569e-05
OFUT1,-0.39027477002328,1.31836463499991e-07,9.16441578708046e-07
OFUT2,-0.104642612923481,0.30164638174767,0.376314224990303
OGA,-0.0694450841997981,0.188933107334796,0.253898971464159
OGDHL,-0.400449397853514,1.17367431091532e-06,6.46400498431307e-06
OGFD1,-0.291035326034969,0.0165983921893175,0.0312526095980414
OGFD2,0.162541341099359,0.240134509952928,0.311460393141165
OGFD3,0.978731597507972,0.0300370771378711,0.0520554579576632
OGFR,0.0173033757712576,0.754824614173384,0.806009787290594
OGT1,0.0638646061575722,0.283118205497493,0.357945284879347
OIT3,-0.719566355634171,3.27556028521781e-10,4.31243406839991e-09
OLA1,-0.333053852585062,1.40386868359602e-11,2.70130941711394e-10
OLFL1,0.755537957539139,3.07593642552786e-05,0.000121029706575079
OLFL3,0.715072755368421,0.0116354068031725,0.0229613296402248
OLFM4,0.309853710779522,0.212590366731402,0.280737167499486
OMA1,0.324428137755269,0.0197913670363013,0.036343272113301
OMD,0.858990727213979,0.0251244053299371,0.0445761604633017
OPA1,-0.143833540080328,0.0011034400816182,0.00288908845258433
OPA3,-0.101717301696874,0.195212881673132,0.261095960303326
OPLA,-0.342650315169396,1.28320358721025e-13,4.24944157893317e-12
OPTN,0.317639809037154,4.60074398051339e-05,0.000172494366149861
ORC3,-0.437883941313331,0.00320419325521844,0.00747963625958366
ORC4,0.189548799907875,0.123616680742466,0.176798203634637
ORML1,-0.512859965536817,0.028593519202675,0.0499270409974746
ORN,0.212962719201745,0.0187149815075272,0.0346248185505362
ORNT1,-0.668729122246369,1.36605121140926e-11,2.64835455960649e-10
OS9,-0.00915508680918835,0.832108972439658,0.868698800073657
OSB10,-0.348029543693233,5.59500975380805e-05,0.000204602347205606
OSB11,-0.237217380993448,0.00748787922587326,0.0157001293768582
OSBL1,0.199361395826129,0.00333803782490136,0.0077509178022687
OSBL2,0.0877153756433672,0.255267921456247,0.328404225600617
OSBL5,0.894089006159073,2.44828354553583e-08,2.02258627808934e-07
OSBL8,0.283900442777677,0.00024992234867553,0.000771360336952156
OSBL9,0.076453745132389,0.224838102166222,0.294691828828702
OSBP1,-0.533162627001987,3.49033945587099e-11,5.95828744280986e-10
OSCAR,0.555827932115945,0.069371681068061,0.108161123999503
OSGEP,-0.0628138736346527,0.161639677292392,0.222160981472764
OSGP2,-0.59453421807148,1.48510140304599e-05,6.33096266624467e-05
OSMR,0.497327247111587,0.0521738549237259,0.0842909264219994
OST48,-0.408335787547179,2.05129227497156e-08,1.73740627812081e-07
OSTA,0.743837206478588,0.0994694552772618,0.146694632438714
OSTB,0.881070192651989,0.11160001863198,0.161740372607881
OSTC,-0.743809638091652,4.80175608945306e-11,7.80007368130943e-10
OSTF1,0.103257254430598,0.117853522380459,0.169371908863405
OSTM1,0.400206727480374,0.00014607474748655,0.000479622447492008
OTC,-0.424135242190761,0.00010035491388058,0.000344332728735687
OTU1,0.0176924834335588,0.93820517814383,0.953403286521506
OTU6B,0.248387887493484,0.0146664697618362,0.0280949554822066
OTUB1,0.217939169228469,3.7537086935849e-05,0.000144601179629062
OTUD4,-0.203520675533315,0.315754975842656,0.39038061105623
OTUL,-0.0684410616721273,0.443746053939527,0.519487870155878
OVCA2,-0.315631147237092,4.43779456051708e-05,0.000167688652443437
OXA1L,-0.201335255121757,0.0116439959758001,0.0229724042314686
OXDA,-0.901688294517037,1.32125796169099e-11,2.58751939908824e-10
OXDD,-0.74074108775719,1.82054042628883e-11,3.40953639059335e-10
OXLA,0.406622652485039,0.00299306593826725,0.00704315241831964
OXLD1,0.00146935773597843,0.992958957063201,0.994191795514476
OXND1,-0.659643296764218,1.65325972058611e-08,1.44910875244644e-07
OXR1,0.248151037926787,0.0101143212425306,0.0203234642467099
OXSM,-0.444073330265462,7.51580969420761e-06,3.43147855624295e-05
OXSR1,-0.0256681176430881,0.713156499216784,0.77047263342995
P121A,0.962385403328785,9.66620351547284e-07,5.44014779908012e-06
P121B,-0.161589763301781,0.0288777437393393,0.050320838006491
P20D2,-0.145524863786335,0.389391706712887,0.466472039900114
P20L1,0.212315327460719,0.338600754145701,0.415418897359129
P2RX4,0.0422773139300207,0.741700430241719,0.794634895826868
P2Y12,0.342761805142512,0.173688988088085,0.236405756233492
P3C2A,-0.1052583481188,0.183555026430985,0.247569711227825
P3C2G,-0.373861989955518,8.36397497060953e-05,0.000292071571076018
P3H1,0.356309485220691,2.23179475029371e-05,9.08255711670162e-05
P3H3,0.583949373153055,5.25039750737342e-06,2.49305028719343e-05
P4HA1,0.145288771770898,0.021075341553959,0.0382809170033775
P4HA2,0.159259746596735,0.00898693992688031,0.0183404166079128
P4HTM,-0.0103158105945932,0.967957043227813,0.975033491585614
P4K2A,-0.0885012079126223,0.138456817993752,0.194525274515621
P4K2B,-0.277227803155194,0.0837788152747807,0.126552902339211
P4R3A,-0.0737983014188831,0.17632578921539,0.239487729200132
P4R3B,-0.318785369952247,0.0065396317072564,0.0139276285545654
P55G,0.371862145167433,0.00198546926906478,0.00488516609697189
P5CR1,0.119053328712642,0.163889724019172,0.224852971289461
P5CR2,0.0253931441805092,0.798270832601749,0.841916039414311
P5CR3,-0.0728082785219423,0.049604464185503,0.0806804480723738
P5CS,-0.407521350322061,2.2027164283951e-09,2.37376535775092e-08
P5I11,0.709876418622678,4.38449707037507e-05,0.000165918486488544
P66A,0.189843531183203,0.0196633876798939,0.0361675087814211
P66B,0.441344302729488,0.00043827618249765,0.00127180858373519
P85A,0.188554111818906,0.00172430210420874,0.00430712691358842
P85B,0.0532017193417262,0.607704404336273,0.67478013870466
PA1B2,0.550573682371289,2.74458931248631e-10,3.7283892843564e-09
PA1B3,0.141500803960847,0.00878194760283432,0.0180168858557484
PA24A,0.117651162798445,0.112942084028452,0.163378537750944
PA24C,0.777530392414114,1.37393977522702e-06,7.47097907375031e-06
PA2G4,-0.206365659763557,3.6397087866459e-06,1.78765073187522e-05
PA2GA,-1.07257918752851,0.0105440347679895,0.0210607745974131
PAAF1,0.281717238659238,0.149154619431755,0.207365233069445
PAB4L,1.92647315219239,0.0223920152066518,0.0403401329289109
PABP1,-0.280958688635753,2.68452874389439e-10,3.65968618160585e-09
PABP2,0.152684461655863,0.0697507825777973,0.10863888541992
PABP4,-0.394402190184346,6.23030090222961e-13,1.7398918283113e-11
PACE1,-0.596108873485417,4.13826426973752e-11,6.9240264082121e-10
PACN1,0.219889029623547,0.0728110407382186,0.112542065371814
PACN2,0.0935006823566474,0.00815172083246825,0.0169173421041756
PACN3,-0.402553015845929,1.07044733832747e-05,4.71436738729153e-05
PACS1,0.400359767604816,2.54527964331393e-09,2.6683937130177e-08
PACS2,1.03070120882574,5.62961780820682e-07,3.35948422336611e-06
PADI1,-0.0577566282227151,0.738280904075499,0.792181262111883
PADI4,0.709374459605492,0.00040188392447253,0.00117682594354081
PAF1,-0.13763991756074,0.126234912845493,0.179806872720772
PAFA2,-0.0666403238755061,0.586830378839857,0.655374613276644
PAG15,0.434041556932507,1.07928268355715e-06,5.98687648190293e-06
PAHX,-0.450392550053821,3.99977964117804e-06,1.94592053665383e-05
PAI1,0.221095061435985,0.399250784180328,0.475918283753346
PAIP1,-0.246161181320175,0.00892219803805981,0.018256080631575
PAIP2,0.488100547361598,0.00467042515564648,0.0103435707522871
PAIRB,0.0839186269006129,0.0393742708630848,0.0658456597268232
PAK1,0.0428432195206301,0.487356035168645,0.562266621914065
PAK2,0.157708619905521,0.0223489512527976,0.0402754588186735
PAK4,0.386322057601766,0.0001885910986748,0.000600588706020942
PAL4A,-0.676497607193201,5.09939044035624e-13,1.45191500508446e-11
PAL4C,-0.749989851381144,9.674306537887e-11,1.44760012515887e-09
PALD,0.162580009851216,0.0405807615560732,0.0676579853428394
PALLD,0.637611173555885,2.46587181676382e-09,2.6099680299245e-08
PALM,0.406264540610686,0.00340048391134369,0.00786750640477599
PALM2,0.0473261915949083,0.583583066972745,0.652436848469172
PALM3,-0.477583044234134,8.03623097926523e-10,9.65849816760288e-09
PALMD,0.509829592183092,5.78564946044035e-05,0.000210675182806785
PAMR1,0.816223676257288,0.00032936722045262,0.00098503778023737
PAN2,0.199005763900614,0.165196855563655,0.226324385214695
PANK1,0.155079532079078,0.149615555795469,0.207893684227956
PANK4,0.0324083971980418,0.399177399802407,0.475904328936244
PANX1,-0.449345845626255,0.0264479578869229,0.0466238160967551
PAPD1,0.150596068423725,0.0899946681045556,0.134703949387925
PAPOA,0.201425596245136,2.59577792060218e-05,0.00010415508286722
PAPS1,-0.525852391179512,7.9869858579804e-13,2.16998531268228e-11
PAPS2,-0.411509767758481,4.05249846609982e-11,6.79762568791874e-10
PAR10,0.225009568055146,0.0907034516800167,0.135633301000583
PAR12,-0.10799980583895,0.0699936394527648,0.108929189596114
PAR14,-0.0457980089902176,0.241888081907304,0.313418713685434
PAR3L,0.263682270867527,0.194629299668041,0.260360554132906
PAR6B,-0.703707602708134,0.0030960939566649,0.00725902794579956
PARD3,0.131838362323967,0.030362886478382,0.0525645124673986
PARK7,-0.482301039132521,9.42483699369583e-10,1.1151433754084e-08
PARL,-0.107150859208942,0.229971164252146,0.300348257171557
PARN,0.286125308736693,0.0631721081170284,0.0997617654995889
PARP1,-0.00604088346271202,0.87755488544042,0.905097953829467
PARP4,0.200936180810079,0.0190322922485746,0.0351491543776931
PARP9,-0.155354185788473,0.0587302370469002,0.0935319936127723
PARVA,0.615309880453311,1.56110391222948e-08,1.38294808114382e-07
PARVB,-0.110467482496974,0.340224786147823,0.416363909582332
PARVG,0.197620099767356,0.0837945539205587,0.126552902339211
PASD1,0.1284544247726,0.666171416537413,0.727349462289894
PATL1,0.289638552181244,0.124813717526191,0.178015276235137
PAWR,0.389105295797167,0.0014597863750587,0.00370029949735642
PAXB1,-0.264971125632969,0.0150154313665255,0.0286708904786218
PAXI,0.0998849558254139,0.155855134146086,0.215237457852326
PAXI1,0.0784827735720939,0.749810620214086,0.801765347224486
PAXX,-0.0556649050840182,0.37427679189196,0.451872903495285
PB1,-0.21219951330726,0.15176061072749,0.210230677266304
PBDC1,-0.0763223889033233,0.17605046967708,0.239178216751067
PBIP1,0.0575403836544731,0.300950788946827,0.375932699937464
PBLD,-1.03151659212051,9.38541978483806e-13,2.52327174424427e-11
PCAT1,0.48623554018231,0.00052452927140382,0.00149125565886215
PCAT2,0.400147693379259,0.00010419585894593,0.000355898737329259
PCBP1,-0.0371038481390169,0.458187033322289,0.533640928168269
PCBP2,-0.190991523518846,5.71335583867331e-05,0.000208337682661641
PCBP3,-0.227292550962407,0.0708675081196519,0.110045017639612
PCCA,-0.0917905391495056,0.377773206670785,0.455168342078666
PCCB,-0.26398146466035,0.0107622020464491,0.0214410407927708
PCDGK,-0.0311551976870835,0.861269607955851,0.892565728505268
PCDH1,-0.0613490275089236,0.273233978859051,0.348014754188913
PCF11,-0.198955490832236,0.0559740477510793,0.0897397356066011
PCGF5,-0.363916767522735,0.00335111138461387,0.00777191927973568
PCID2,0.113891156982763,0.268623252177153,0.342934648212924
PCIF1,0.0854776855387569,0.61001602729458,0.67685988878415
PCKGC,-0.614583588053325,1.81358850716344e-11,3.40478075943384e-10
PCKGM,-0.98787527823876,7.87621073199655e-21,2.43091368032342e-18
PCLI1,-0.747597933975988,0.0069941098911281,0.014792107373863
PCM1,-0.0879461479898784,0.0702528542235386,0.109178453814466
PCMD1,-1.27279480958709,8.6402622949997e-07,4.90929778116478e-06
PCNA,0.0497882707592487,0.24629359487999,0.318325188960469
PCNP,0.485270183204976,9.7867002541537e-05,0.000336665979318101
PCNT,0.377760116369232,0.00010599535264723,0.000361245645329517
PCOC1,0.918518284615612,1.86612614982442e-10,2.64202373798995e-09
PCP,-0.0175285864050338,0.823214856709934,0.861979350573192
PCSK6,0.0663303372349908,0.587940626457439,0.656329553493287
PCSK9,0.681944846573078,4.02725487105616e-05,0.000153681001904398
PCTL,-0.335494689485069,0.00035145051862219,0.00104411641975102
PCY1A,0.0527497482966169,0.449858886005242,0.524971440474357
PCY2,-0.698356294588506,1.96238119284316e-17,1.7404291131009e-15
PCYOX,-0.36517179658947,1.88840401029118e-08,1.62259747699407e-07
PCYXL,0.430188911649404,0.00032509219566298,0.00097527658698894
PDC10,0.277484923063622,0.00379908159823969,0.00865988585288551
PDC6I,-0.0226121182960218,0.468948417484627,0.544284896105804
PDCD2,0.0726587561884058,0.627935294648029,0.692559853273898
PDCD4,0.0439813621010855,0.488105585636606,0.562878896842333
PDCD5,0.11602400618602,0.0579357376371821,0.0925340823035597
PDCD6,0.158444320389126,0.0108999651651036,0.0216707372362637
PDCD7,0.15163155163396,0.372186489357657,0.449630648486564
PDCL3,-0.421362814725207,0.0002250098215881,0.000701768707911794
PDDC1,0.154340816961665,0.101531370595287,0.14925053448528
PDE12,-0.311143850136737,1.68888888021137e-13,5.40724755174727e-12
PDE1A,0.289239562742888,0.0847337450000122,0.127771267621672
PDE2A,-0.158885043766718,0.240645308012704,0.311964233526425
PDE3A,0.54330384125326,0.00138503195302211,0.00353169416705836
PDE3B,0.104666764353107,0.44449000502105,0.520043196170193
PDE4D,-0.0162138863025882,0.87965500678433,0.906802676332383
PDE6D,0.0614859015956115,0.54006202830007,0.61236129468969
PDE8A,0.412137655217959,0.0198415485573541,0.0364257408204959
PDGFD,0.167378482463551,0.275420553104118,0.35022165256285
PDIA1,-0.347178062032794,1.34174805669498e-05,5.77730357447459e-05
PDIA3,-0.238287943179069,1.69941769290915e-05,7.14199723229139e-05
PDIA4,-0.485515447143739,3.54464433850783e-11,6.02433385813357e-10
PDIA5,-0.395717623463775,2.51437466583405e-08,2.06173378550218e-07
PDIA6,-0.195210252256773,0.0161476993010965,0.0305381489723678
PDIP2,-0.474834724927368,4.64261990538039e-09,4.64021440283874e-08
PDIP3,0.303539962370479,1.58702332719558e-06,8.49200554274695e-06
PDK1,0.160521391772768,0.257012975031794,0.330298486899621
PDK2,0.213681979265233,0.0172051537598731,0.0321674258326098
PDK3,0.216159311327146,0.0121475714173341,0.0238015899076054
PDK4,0.30214354771993,0.160409018396794,0.22070541832198
PDLI1,0.593118521988435,0.00036689290935416,0.00108631837627655
PDLI2,0.0950467245070402,0.0709319280318734,0.110122888670812
PDLI3,0.767798848700116,1.25283628939821e-07,8.7483120443408e-07
PDLI4,0.303128429519129,0.00037940711678111,0.00111993317256429
PDLI5,0.102875778830675,0.0215623979701957,0.0390364477345291
PDLI7,0.972027206794066,2.86371280593786e-07,1.83524983476881e-06
PDP1,0.376813793282098,0.00163144628419,0.0040950681616168
PDPK1,-0.117680416194275,0.32065608530242,0.395805847735318
PDPR,0.219382294599709,0.00377755374150139,0.00862100108530752
PDRG1,0.118205546710958,0.0108477132998766,0.0215909685115395
PDS5A,-0.141219575454088,0.00019668528320574,0.000622742570872175
PDS5B,0.302543663932565,9.72111882146585e-10,1.14341696381754e-08
PDXD1,-0.339982226059669,6.66633384902521e-08,4.96500308678364e-07
PDXK,0.0966666685801791,0.0243411844899852,0.0433956976720716
PDZ11,0.0116201517865615,0.890386280716668,0.91566314034517
PDZD8,-0.0380343625280682,0.756344992629556,0.807186440266895
PEA15,0.187217923545565,0.15009086484501,0.208366519097535
PEAK1,0.539930027937779,0.0080153817863885,0.0166792572448149
PEAR1,0.309880479220904,0.0158641529804505,0.0300445995061122
PEBB,0.381190328134233,0.00026069705107663,0.00079949858748302
PEBP1,-1.32161586189569,1.01499591327681e-29,7.83170846684387e-26
PECA1,0.246898125066783,2.7722205722837e-06,1.3998988177841e-05
PECR,-0.502116702373567,9.31964897474488e-09,8.70586095510067e-08
PEDF,0.934268891601719,6.32389737817746e-14,2.19798162928006e-12
PEF1,0.104609068600483,0.08143026080714,0.12370858286826
PELO,0.0322814332968107,0.593246481333491,0.661200324999165
PELP1,0.206234360785249,0.0709543607174662,0.11013555568215
PEMT,-0.0324126291356578,0.803562483299675,0.846571289068855
PEPD,-0.0700677771653022,0.411321549273863,0.487445411487809
PEPL,-0.177240443319016,7.05201807873191e-05,0.000251331969956099
PEPL1,0.0130577124949179,0.860672003086009,0.892254361187075
PERE,0.655743822006023,0.00966071009438361,0.0195494463908376
PERF,-0.545713404576565,0.00357730137156759,0.00822971299433975
PERI,0.949357129739986,0.00044501777187693,0.00128798091815544
PERM,0.865398638129668,0.00118362087332546,0.00307813234195458
PESC,0.0746438078845033,0.295400795093658,0.370198560166098
PEX1,0.023185788943531,0.817311131299038,0.857310044739448
PEX12,0.0386805902969682,0.83200176537271,0.868698800073657
PEX13,-0.209192565180938,0.103002976551602,0.150953649966222
PEX14,-0.0527831294624116,0.351818410034153,0.428268731714429
PEX16,-0.0160954759736366,0.951542663565644,0.963025077659039
PEX19,-0.0146809339153395,0.839597603098255,0.874424017285515
PEX26,0.109450160856023,0.428826208273297,0.504470654526111
PEX3,-0.4483290443846,1.73295198058433e-10,2.47161875826039e-09
PEX5,-0.242401291955575,0.00379875536229824,0.00865988585288551
PEX6,-0.0785825106679013,0.273053411214217,0.34784218605397
PF4V,0.569160517488562,0.0269111129226154,0.0473537394095554
PFD1,0.190498555023191,0.00042267023653666,0.00122929647384729
PFD2,0.0394107602517061,0.548240072001526,0.62017598527544
PFD3,-0.00720985650732181,0.871245935725154,0.900419721411102
PFD4,0.118499270543864,0.0313177631445243,0.0540427035179929
PFD5,0.382137106702978,9.14494490896052e-05,0.000316423295594347
PFD6,0.262380235792176,0.00026934050856498,0.000823388020636841
PFKAL,-0.195236714442261,0.00150770490151501,0.00380800360723071
PFKAM,0.32701356598306,9.06360172273086e-06,4.05678357062635e-05
PFKAP,0.76865438147508,6.8201487161279e-11,1.07177734202939e-09
PG12A,-0.098835892948566,0.391888177760924,0.469098538567063
PG12B,-0.318861708347438,0.00029720135505129,0.00090035557737564
PGAM1,-0.162560675604843,0.00133064626256474,0.00341672764124776
PGAM2,0.338451799343019,0.304713496417326,0.379404443820572
PGAM5,-0.161894130161551,0.00153348276185181,0.00386551878159051
PGBM,0.559203000558151,3.86179267525426e-09,3.93593469228315e-08
PGDH,-0.66004416929855,1.54834757388248e-09,1.73145650435902e-08
PGES2,-0.0391819198160768,0.559122285093062,0.629900357976065
PGFRA,0.444272683363671,1.57962065127958e-06,8.45826019796894e-06
PGFRB,0.439889047619779,1.23668301005775e-07,8.65117507307851e-07
PGFS,-0.0470315766766433,0.712229275728625,0.769624738862457
PGGHG,-0.264561651670029,0.00228811872872804,0.00554669309169512
PGH1,0.20820883594851,0.0869826650362035,0.130830066943342
PGK1,-0.127017774634855,0.00277659609089728,0.00658756046316049
PGK2,-0.480602228604357,0.00710967190271677,0.0149926833564806
PGLT1,0.108128309425502,0.186123502318248,0.250589590627744
PGM1,-1.19518441965513,1.21351294224588e-26,3.0766065705216e-23
PGM2,0.0595809406688257,0.352244538368436,0.428626219531754
PGM2L,0.158529632196076,0.279388979231994,0.354217115306288
PGM5,0.299404101667326,0.00814384882193747,0.0169055521953375
PGP,-0.245627087507893,0.0786342676940836,0.120123145818165
PGPI,-0.964318038659637,5.53473295383712e-12,1.22017141348021e-10
PGRC1,-0.857927664173455,2.26254013361479e-12,5.48986153175211e-11
PGRC2,-0.767537852578021,4.50749273350655e-17,3.58554782801408e-15
PGRP1,0.482256630990944,1.29442733463265e-05,5.59854333745826e-05
PGRP2,0.310134172830659,0.0147789607580349,0.0282543263649646
PGS1,0.813783243048525,3.74908571980869e-07,2.34424192982527e-06
PGS2,1.02632769854215,1.03106866590315e-06,5.75251325098243e-06
PGTA,-0.0964831662852372,0.0426978016127998,0.0707443069023756
PGTB1,0.223910574056411,0.0050751497118465,0.0111123312078909
PGTB2,-0.348784232379082,0.00052476294970678,0.00149137050458104
PH4H,-0.63739137953297,1.03355643686071e-08,9.5737352542824e-08
PHAG1,0.313442068191586,0.233660723920993,0.304599788101771
PHAR2,0.815220449425695,6.0826806164294e-07,3.59647230930033e-06
PHAR4,-0.820522921189995,1.02264540586707e-09,1.19556544722277e-08
PHAX,0.0919056044669373,0.471078432437168,0.546592659351156
PHB,-0.13929921685122,0.110601812636156,0.160672879468542
PHB2,-0.0258126703004442,0.727523014093298,0.782815168978369
PHC2,0.0714551544265913,0.415586597519919,0.491593773794833
PHF10,0.563106377977349,0.453965755526554,0.529523774700361
PHF14,0.221455189591549,0.444447650580086,0.520043196170193
PHF2,0.077448106869335,0.604237329443315,0.67151018781285
PHF23,0.333766046934259,0.00738245394921454,0.0155128035599508
PHF3,0.280336356109329,0.274606071242075,0.349438040481507
PHF5A,0.178926210312476,0.231110716767627,0.30168335147674
PHF6,0.557114977199663,0.00013747340955008,0.00045350356053374
PHIP,0.414576123773179,3.40703821896077e-06,1.68301580649816e-05
PHKG1,-0.798208984713859,0.00015577483652556,0.000507369623736269
PHKG2,-0.464574175128183,0.00136754181849193,0.00349402406340521
PHLA1,-0.272707634758971,0.0454795683184984,0.0748709940570799
PHLB1,0.440103867156841,8.69764668304001e-07,4.93826650524921e-06
PHLB2,0.512450417384781,0.0004092891602974,0.00119533503438862
PHLB3,0.0496990676122041,0.638023612955899,0.701380566685812
PHLD,-0.117426423748453,0.153964045916826,0.213015344861795
PHLP,0.646117485807282,0.115003111124758,0.165943755159653
PHOCN,0.545627418005643,0.00128708175301649,0.00331258265719654
PHP14,0.514872645236086,0.0034221291090731,0.00791284033731137
PHRF1,0.420469466706502,0.0214895429131677,0.0389324520117403
PHS,-0.414688685588155,0.0169761816119409,0.031800975313847
PHS2,-0.274828189920755,0.00013057262970556,0.0004338925111146
PHX2B,-0.101230517560361,0.581530121030682,0.650302378822137
PHYD1,-0.470688870418537,2.78362089673999e-10,3.76814365600803e-09
PI3R4,-0.215905931283412,5.16583927202648e-06,2.45686832051793e-05
PI42A,0.55694043015749,5.09786470977887e-13,1.45191500508446e-11
PI42B,0.322066586963774,0.00648775388715163,0.0138285936445475
PI42C,0.139468185283285,0.0009222159439634,0.00246819917572723
PI4KA,-0.0555288658166805,0.207148403784684,0.275009821679735
PI51A,-0.315097814552276,0.0155931858873349,0.0296128531397185
PI51C,1.33696086691586,9.39884716227263e-11,1.41643563875187e-09
PIAS1,0.068343372871246,0.56099954552549,0.631277890225271
PIAS4,-1.09241584240248,3.46604861474842e-05,0.000134757399558713
PICAL,0.351225765549333,6.57747607492369e-08,4.91122530359709e-07
PIEZ1,0.837894814951016,0.00810653201449795,0.0168326159913526
PIGG,0.361784077411797,0.0257124799314408,0.0455040126493113
PIGN,-0.490015536088799,2.38970231622843e-08,1.98268205075468e-07
PIGO,0.0667656773358878,0.441307921282174,0.517261418899173
PIGQ,0.10073415137103,0.481479708318736,0.556152309788528
PIGR,0.672698692639857,8.47256680331556e-06,3.81859377654105e-05
PIGS,-0.205601457157431,0.0296005912689252,0.0514410275295106
PIGT,0.0356309472503414,0.806379915100046,0.8488441234532
PIGU,-0.0889516130234996,0.196575066426928,0.26278122185554
PIHD1,0.199495834531409,0.0466678971616176,0.0765008486294968
PIMT,-0.147377040661099,0.00437835892914047,0.00977246673336647
PIN1,0.114588243442644,0.0734775552686172,0.113481348369225
PIN4,-0.160371653330101,0.0267310848062687,0.0470584189744854
PININ,0.272985859280513,9.43210144254714e-07,5.32782538292048e-06
PIPNA,-0.194624179464548,0.00605309023720154,0.012995449156997
PIPNB,-0.0713700271192417,0.26022604773501,0.333982731923376
PIPSL,-0.2589168546658,0.0182956800740898,0.0339839834982371
PIR,-0.176909944922184,0.014404498593424,0.0276755754847758
PISD,-0.109886052704721,0.0414201258259739,0.0688491363363237
PITH1,0.0776900967349775,0.468482434834973,0.543988243033814
PITM1,0.182774916452374,0.120657531689533,0.172886446521158
PJA1,0.0541538717627078,0.771135840464778,0.819006764628524
PJA2,-0.167848591847229,0.608618630672135,0.675503647046345
PK1IP,0.0630334723270888,0.768056025947834,0.816522498789403
PK3C3,0.0419676528096053,0.56982192893419,0.639805879461032
PK3CA,-0.695078034553103,7.09500063203178e-06,3.26835969413476e-05
PK3CB,-0.191374405879708,0.0884909925351939,0.132839785681237
PK3CD,0.125148517232442,0.379513563233286,0.456552331448088
PK3CG,0.0904551103593114,0.412976335629023,0.48903090940969
PKCB1,0.167567315295942,0.14837135244543,0.206462282320818
PKHA1,0.144786458567752,0.0500774326851381,0.0813234001007498
PKHA2,0.140713225952589,0.285809288127552,0.360452614351772
PKHA4,0.986256554071797,2.21608303963642e-09,2.38483915395183e-08
PKHA5,0.266526307502155,4.63366877115716e-06,2.2226139247358e-05
PKHA6,-0.143106026639615,0.0286610012353967,0.0499996123744791
PKHA7,-0.424796350649766,8.28603798247255e-08,6.04301219969359e-07
PKHF1,-0.0864413911032103,0.381871648546185,0.458630358656244
PKHF2,0.0286441138151058,0.53068311961676,0.603767465491436
PKHG1,0.71259578044703,2.8623200630271e-06,1.43693309084692e-05
PKHG3,-0.0370265125322475,0.590967696277421,0.658850851679899
PKHM1,-0.332484531305905,0.00064031725062707,0.00178106990116744
PKHM2,0.485057862261548,0.0228067004692281,0.0409819517514122
PKHO2,0.414833704210953,0.00011222924131877,0.000379474507456455
PKN1,0.418369160295604,7.74390927503108e-08,5.67445431777206e-07
PKN2,0.294073119227095,0.00039451583577869,0.00115832731692099
PKP2,-0.146191191372891,0.0117912169637229,0.02319169770382
PKP4,-0.161526560436666,0.0986781622082487,0.14563900145349
PLAC9,0.551412656668827,0.00016163318630992,0.000524458227740682
PLAK,-0.0512161638901399,0.255512634465417,0.328534492173831
PLAP,-0.00393175232733603,0.894667790404703,0.918841564057326
PLBL1,0.233609553893868,0.251416705468287,0.323969822877973
PLBL2,0.468865833412506,2.49817978018537e-08,2.05500588314609e-07
PLCA,-0.224854031002427,0.00220521018244565,0.00536425024203992
PLCB,-0.542819662732575,1.13311624693669e-08,1.04084820968613e-07
PLCB1,0.0815018874288557,0.427263170292955,0.502785210001592
PLCB2,-0.0210063320673469,0.812701927833406,0.85363573035156
PLCB3,0.185654723105254,0.0123359073146944,0.0241338389554214
PLCC,-0.379943619482298,8.53322315378105e-06,3.84144398218055e-05
PLCD1,0.295593734466194,0.00023163783954464,0.000720111833169397
PLCE,-0.253386656427307,2.56564562548668e-05,0.000103053210027357
PLCE1,0.259743715562567,0.176653719211176,0.239722141652028
PLCG1,0.163679057892875,0.07781140803177,0.119031091271439
PLCG2,-0.189752461852411,0.028973652793751,0.0504651704190932
PLCL1,0.0521793673794162,0.623915249888414,0.68905062961039
PLCL2,0.468406064451289,0.0005324300382075,0.00151093423126483
PLCX3,-0.0282494608186328,0.754592244249495,0.805873184308527
PLD1,0.0988480174155449,0.180336735067499,0.243829515815538
PLD2,0.0545373352018364,0.891887771068536,0.916849386364222
PLD3,0.349849869258805,0.0217426857184596,0.0393080044525853
PLEC,0.390853650279903,6.6726499705122e-11,1.05504440927197e-09
PLEK,0.222098493807055,0.0195147174206124,0.0359197422751539
PLF4,0.494863070889283,0.213095827062755,0.281308366401406
PLGA,1.22660285678531,1.1314955046136e-09,1.30502530846017e-08
PLGB,0.583176300766828,9.62038084270675e-06,4.28337325922246e-05
PLIN1,-0.808903956826038,3.74392239941237e-05,0.00014436834199833
PLIN2,0.662535481252611,0.00756119259181996,0.0158409345746627
PLIN3,0.489229495621957,9.9532783712105e-09,9.23070864330051e-08
PLIN4,0.100701861475522,0.360728337761963,0.437225864620061
PLM,-0.863357291921849,6.26883309348844e-08,4.70986525310193e-07
PLMN,0.531246199566093,5.77480231359679e-10,7.1984450164318e-09
PLOD1,0.227832242414617,0.00075226207887225,0.00205612972036071
PLOD2,0.438079891944708,0.00029214413890065,0.000886078685439236
PLOD3,0.417577651080191,4.6444359225159e-07,2.83516357421936e-06
PLP2,0.897520804022019,4.57216820268464e-09,4.58166881193697e-08
PLPL4,-0.609124236120846,0.0001798244568688,0.000576693894097947
PLPL6,0.0190627888517731,0.671979662005058,0.732491836014291
PLPL7,-0.122403699857826,0.0985595281340384,0.145519578852323
PLPL8,-0.194337988607281,0.288874568653703,0.363374582378418
PLPP,-0.618452929238928,1.24365366267367e-11,2.47959474449355e-10
PLPP3,-0.313627810611705,0.0181162493332315,0.0336750132149396
PLPP6,-0.251808756534984,0.0399137044146881,0.0666466442899228
PLRG1,0.508953910878095,0.00015059001038518,0.000492352762767817
PLRKT,0.0489001748425554,0.585066137589207,0.65387750834854
PLS1,0.723220400431957,0.0118107123936836,0.0232241225355919
PLS4,-0.224966365000274,0.00147829487160437,0.00374352583829974
PLSI,-0.135339170042436,0.00095470956285468,0.00254809373468928
PLSL,0.242191511752891,0.0200531356420737,0.0367355162901806
PLST,-0.12069034339257,0.005687370264603,0.0122786091107098
PLTP,0.231944756841265,0.0632086524919279,0.09979905107995
PLVAP,0.895510478547694,3.27363924549224e-12,7.74828233687672e-11
PLXA1,0.00728306531148954,0.945592868090961,0.959142180910984
PLXA2,0.0198570269515266,0.92769755304536,0.945127204405025
PLXB1,0.0707217964368704,0.623949811960575,0.68905062961039
PLXB2,-0.0735405769361262,0.015574573649427,0.0295847883503148
PLXC1,0.562162791363743,1.74036960389634e-06,9.23568903965898e-06
PLXD1,-0.262546211420747,0.0249302919733008,0.0442822589470509
PM34,-0.878408325661718,3.31831636977515e-11,5.75373687846855e-10
PMF1,-0.129789437670553,0.139045890569899,0.195223814474461
PMGE,0.713067577918936,1.96713913812289e-05,8.14294291295935e-05
PMGT1,-0.0742080982001239,0.557455751413629,0.628389857985035
PML,0.590967945967874,3.15863801643772e-12,7.52223794284983e-11
PMM2,-0.420243078402297,1.5642731168483e-08,1.38316288402409e-07
PMVK,-0.0878429837386574,0.21745485376238,0.286230237398588
PNCB,-0.699121602675686,1.78125923167839e-20,5.10069173837584e-18
PNKD,-0.23753435018078,0.0029194273154098,0.00687979511328007
PNKP,0.0124070540023937,0.805471102172435,0.848234615035145
PNO1,-0.0847078898340738,0.311686999586363,0.386031603340028
PNPH,-0.594106118933232,1.18726782027614e-16,8.48236898263953e-15
PNPO,-0.182635097019398,0.0149283881903471,0.0285117433853263
PNPT1,-0.106773091455831,0.0166856700339655,0.0313924798698166
PO210,0.117931705024505,0.0306553165094172,0.0530113003555946
PO2F1,0.252020777441007,0.276215086674665,0.351000594331639
PODN,0.499862721084032,2.79194990058225e-08,2.26288712530385e-07
PODXL,0.519574109479749,3.65326089740606e-05,0.000141296045535765
POF1B,0.640073914294876,3.59905506094561e-06,1.76992956054892e-05
POGZ,0.239389486805668,0.0370186503666832,0.0624340778643339
POLK,-0.0370686961043985,0.67681460337496,0.736988636697882
POMP,-0.104590283438919,0.352942215247334,0.429087534052736
PON1,-0.725124253414191,1.21857665042433e-06,6.68268474390485e-06
PON2,-0.105125564714401,0.137903001670033,0.193959088750633
PON3,-0.915733512902524,1.54625459572555e-09,1.73145650435902e-08
POP1,0.0168157740846393,0.834546881437568,0.87041175054352
PORED,0.38009328141688,0.172004583072981,0.234485399821753
POSTN,0.495177336589662,0.00221331699000757,0.00537888311650344
POTEE,-0.148224781321201,0.230923921664302,0.301490521076439
POTEF,0.750389548347611,0.00017704900476812,0.000568975477214
POTEI,-0.253137310485107,0.0701987975419802,0.109139506627386
POTEJ,0.354252415018258,0.0105018210515158,0.0209818879423863
PP12C,0.258751666766797,0.00096740618906769,0.00257663312214232
PP13G,-0.0478370871466465,0.614440751565441,0.681259057572427
PP14A,0.74399399166156,5.20561632807106e-05,0.000192368465456879
PP14B,-0.243558193894103,0.0197740938476505,0.0363278352686836
PP16B,0.881428914201271,0.109996555172896,0.160017613068263
PP1A,-0.0106108581230921,0.827694126398165,0.865260517448617
PP1B,0.237053361873534,0.00091364621436016,0.00244866071205384
PP1G,0.399346121084008,0.00235342003120912,0.00568178628310687
PP1R7,-0.179964488440862,2.46199643430198e-05,9.92516430881613e-05
PP1R8,0.225668562834874,7.15753246433801e-05,0.000254622040086824
PP1RA,0.0885459833896275,0.210663139779058,0.278764669273746
PP1RB,-0.206998228301478,0.137363878361626,0.193306526616507
PP2AA,-0.149558540842661,0.00329526057676272,0.00766311953294188
PP2AB,0.265113993887734,0.00952569640985245,0.0193066124240666
PP2BA,0.211099438063769,0.00320472751091026,0.00747963625958366
PP4C,-0.033948002944131,0.567905623239643,0.638118507196314
PP4R1,-0.0654730496572486,0.515858575483656,0.589421704195452
PP4R2,0.0765481500352482,0.208217301395651,0.276096356344534
PP5D1,0.801564292359872,0.00072974056906546,0.00199882081324426
PP6R1,0.0952344612014191,0.40977522645376,0.486060822031854
PP6R2,-0.128862183258768,0.00042021095927138,0.00122352745725961
PP6R3,-0.276747961526987,0.00239934905306275,0.00578001164328198
PPA5,0.283499863036104,0.0146433048969542,0.0280575467059594
PPA6,-0.206503198258831,0.16146432275537,0.221999058157597
PPAC,0.0576554408891751,0.376516795531242,0.453938061612354
PPAL,-0.0300577544161522,0.713682724695568,0.770825294478024
PPBT,0.28804311352234,0.00426797717178685,0.00956483062954033
PPCE,-0.144328353033553,1.28493859311873e-06,7.02166160375646e-06
PPCEL,-0.0430098672201889,0.486295033763588,0.561327444678333
PPCS,-0.125710606645926,0.0101474175139671,0.0203846585622937
PPCT,-0.675952292146343,8.18751872543793e-14,2.79534931351677e-12
PPDPF,0.831129763975689,8.54554875595391e-12,1.78209335678217e-10
PPGB,0.470926216569238,0.00038400655130262,0.00113264317654855
PPHLN,0.363352769542837,0.00386348920727678,0.00877464029380062
PPIA,0.157396900762271,0.121429897861147,0.173960841421576
PPIB,-0.357069993586977,1.35888111493459e-08,1.22489797696674e-07
PPIC,0.457138272479626,0.00879896635341772,0.0180470027599604
PPID,-0.00341226332965822,0.960957951484653,0.969755630873082
PPIE,-1.32413373141791,3.40246789382599e-14,1.26828223520586e-12
PPIF,-0.195227893767696,0.175756825769157,0.238883154418675
PPIG,-0.0480199047113296,0.362845676813835,0.439447063615688
PPIH,0.215251160124164,0.00383372975277493,0.00872508982040324
PPIL1,0.0825213896225336,0.26125421008011,0.334784822597107
PPIL2,0.315966118476109,0.135691349026211,0.191266797421674
PPIL3,-0.121361606228209,0.113103757845678,0.163581742368744
PPIL4,0.0469324273210927,0.193607499232985,0.259308360368289
PPIP1,0.662283899907857,0.166433021549594,0.227753560337989
PPIP2,0.494894807666836,0.00430158980098192,0.00962614336364045
PPM1A,-0.108919157597968,0.00630266092588136,0.0134612515507522
PPM1B,0.000951864646194912,0.984331431387409,0.987787921002113
PPM1F,0.0599864916589723,0.0964514405910942,0.142871821002281
PPM1G,0.30479838402707,0.00109572310767991,0.00287083174833894
PPME1,-0.0123584215824585,0.783306072959505,0.829307033336381
PPN,0.295032951593689,8.1702034832834e-06,3.7017786304765e-05
PPOX,-0.124969925343681,0.0881186316766615,0.132383832168442
PPP5,-0.160685311730496,0.00025250778229467,0.000777784450373522
PPP6,0.0626453538583243,0.209006365594952,0.276999848321994
PPR18,0.562711826768747,1.57077502975282e-10,2.25280671553397e-09
PPR1A,-0.130598814126972,0.373842956453622,0.45149041352264
PPR21,0.102066824342158,0.0401256277483133,0.0669570379986993
PPR3B,-0.00607967294449478,0.946005921587784,0.959291991040873
PPR3D,0.313882006788565,0.0340504115787422,0.058113907485418
PPT1,0.430395545267399,4.10322367978705e-06,1.99247790517539e-05
PPTC7,-0.597181214174466,1.97551605428139e-05,8.16447877602314e-05
PPWD1,0.0579146326043203,0.471071196899777,0.546592659351156
PQBP1,0.232250604754281,0.183063341836213,0.247073070772821
PQLC1,-0.451299220710888,9.94747552240915e-08,7.13333839506589e-07
PR38A,0.105434032628564,0.0784130459215216,0.119880139158007
PR38B,0.00165526396710895,0.981832975048244,0.985665266129619
PR40A,0.230569482693418,0.00039069550958818,0.00114842154361234
PRAF1,0.17574302471112,0.080579698850543,0.122609535856989
PRAF2,-0.0130262588347052,0.905025046409904,0.927380246759471
PRAF3,0.20748809080361,0.0283105355642397,0.0494889198943529
PRAM,0.706549117931252,8.71027470512321e-06,3.90974285193314e-05
PRC2A,0.254600089521061,0.00118731304292564,0.00308669388113687
PRC2B,0.392294339473439,1.29583695463983e-05,5.60150024761957e-05
PRC2C,0.317327225399834,1.42765374373147e-06,7.7303693239523e-06
PRCC,0.571457416281204,8.55799568056506e-05,0.000298254266807769
PRDBP,0.460564345220459,0.00075472548458323,0.00206213237926494
PRDC1,0.124586208737554,0.423347828960435,0.499167458474743
PRDX1,-0.515001878093463,4.76010942596122e-12,1.0646088211802e-10
PRDX2,-0.255829418678512,0.00898718444719002,0.0183404166079128
PRDX3,-0.716681916131778,9.88094101994957e-12,2.02300783134468e-10
PRDX4,-0.261741412286462,0.00207488267842478,0.00507602877194851
PRDX5,-0.788871098585431,1.85402119020989e-18,2.16751931873629e-16
PRDX6,-1.09827468806279,1.13596086113507e-16,8.19165794814785e-15
PREB,0.262882914901087,0.00010349861637956,0.000353700416729401
PRELP,1.11114952838887,7.65928777171664e-08,5.62848232824434e-07
PREP,0.031302025094144,0.616917560027307,0.683240403785087
PREX1,0.13388175153508,0.15658509615203,0.216099195476491
PREY,-0.314328772796575,0.00478651487231147,0.0105763885322896
PRG2,0.199132695602549,0.378899730092663,0.456185543751858
PRG3,0.341206993961913,0.0260722223219056,0.0460772486110453
PRG4,0.262670079337813,0.036433899162011,0.0616322547413657
PRIO,0.122886043030255,0.288919526035717,0.363374582378418
PRKDC,-0.0275645736224448,0.385132563780699,0.461943550774425
PRKRA,0.0127131145488832,0.764208800184312,0.814002636971584
PROC,0.185456825160878,0.0817845157575414,0.124197859394841
PROD,-0.258461034846031,0.104302251710614,0.152567995108834
PROD2,-0.764518561526526,3.36139782948207e-12,7.90748343057428e-11
PROF1,0.221122290761011,0.00059357826641086,0.00166486728594191
PROF2,0.111246364787165,0.18437122134354,0.248447143535933
PROM1,-0.0882786667440983,0.55285170918407,0.624385800360697
PROP,0.497895384532561,3.62953543124643e-08,2.86647854529145e-07
PROS,0.302810346438728,0.00012549323973614,0.00041863633281628
PROSC,-0.650228732739899,4.63339797701889e-20,9.60616425255862e-18
PROX1,-0.246794781064241,4.05857658957985e-06,1.97328147228722e-05
PRP16,-0.128104637160086,0.0143179021557605,0.0275229030976203
PRP17,0.0574502721838997,0.389736782893149,0.466740496166931
PRP19,0.0689844208858878,0.0316632954373687,0.054570915254576
PRP31,0.190294998383113,5.61651666527441e-05,0.000205291532871896
PRP39,0.173265618493999,0.0776725832878682,0.118842286862818
PRP4,-0.136802990832425,0.0264435573563844,0.0466238160967551
PRP4B,0.0828674204235981,0.124691203611913,0.177963929690228
PRP6,0.223051788368442,8.99456794554405e-07,5.09560104756372e-06
PRP8,-0.0491107462365953,0.119862656634907,0.171843229021728
PRPF3,0.26626362824638,0.00020613098316928,0.00065078014162609
PRPK,0.180878573653298,0.0199998594236121,0.036672746034361
PRPS1,-0.729359600613695,1.44435461981899e-06,7.80436992053454e-06
PRPS2,-0.447742102134806,2.00106384553792e-09,2.17774451793661e-08
PRR13,0.158587796444894,0.664628957440061,0.725870776448338
PRR5,-0.462743390078952,0.064073105498071,0.100977957929558
PRRC1,-0.196374129498182,0.000181826453546,0.000582747117646953
PRS10,0.0332601770557274,0.667555547711369,0.728551429440017
PRS4,-0.124934204312819,0.0001451303497444,0.000476724469403061
PRS6A,-0.190111646389874,1.24409333471238e-05,5.41422683059262e-05
PRS6B,-0.164791426020117,0.00490433887310464,0.0108027058934843
PRS7,-0.173072411689318,2.87156843955898e-08,2.31525831553157e-07
PRS8,-0.298610224928304,3.54459595708219e-12,8.28790981965036e-11
PRSR2,0.404389806240808,3.46673714520536e-05,0.000134757399558713
PRTN3,0.694411324282987,0.0325960611429997,0.0559660008409848
PRUNE,-0.591799078117814,1.49894901201752e-05,6.38294181938586e-05
PSA,0.0494230604437733,0.154305143501604,0.213372488755981
PSA1,-0.204595244390827,0.00048433580240847,0.00139289416749301
PSA2,0.0446403183037193,0.613261307157035,0.680166903816598
PSA3,-0.226057154602752,0.00386956586287012,0.00878422188817471
PSA4,-0.443606651475615,2.31431594027956e-13,7.20050878838592e-12
PSA5,-0.367918962039162,1.95861829077622e-08,1.67546549131145e-07
PSA6,-0.342379517930718,2.73412091676837e-09,2.86247991774556e-08
PSA7,-0.384121663379327,8.36415574020175e-14,2.83060638997354e-12
PSA7L,-0.489196606164104,1.77482241669843e-16,1.22272587207545e-14
PSAL,-0.0316125723017214,0.55972242096596,0.630208405103363
PSB1,-0.281571257676356,0.00086879761431822,0.00234065725980425
PSB10,0.431502083813975,4.45359888348584e-05,0.000168121178987166
PSB2,-0.402276858822736,6.69094316098236e-11,1.05577336257955e-09
PSB3,-0.442812950915458,9.91368894336116e-10,1.16252315937652e-08
PSB4,-0.380693990125173,1.18887338612933e-09,1.36305305310162e-08
PSB5,-0.301640320105575,1.16757971278237e-09,1.3406317059269e-08
PSB6,-0.35481546860696,6.5322599335688e-07,3.83583848153857e-06
PSB7,-0.427919348417551,2.08813657169069e-07,1.38063939907158e-06
PSB8,-0.204650328917098,0.0440799701299783,0.0727843033432297
PSB9,-0.0380371728406494,0.643008351034954,0.705352919616961
PSD10,-0.384359317355711,0.00181933958126706,0.00451764400025309
PSD11,-0.146217264473263,0.00153493122533807,0.00386790637972193
PSD12,0.0151735403559959,0.833697401473851,0.870022256586833
PSD13,-0.526974219386671,3.70681356989217e-16,2.28814188042304e-14
PSD4,0.0740080113041056,0.517084880421057,0.590560529503978
PSDE,-0.0401686227254844,0.447087170766532,0.522606364131883
PSIP1,0.410215175397576,8.22976633082083e-06,3.72657728923788e-05
PSMD1,-0.205962971691014,2.20083767507301e-07,1.4477121484112e-06
PSMD2,-0.2723254363591,4.44913371421689e-07,2.72672881166779e-06
PSMD3,-0.198154656039943,2.28324342473692e-07,1.49681446603824e-06
PSMD4,0.236493842949517,2.71236409821188e-05,0.00010832609410871
PSMD5,-0.297365175270365,1.43422553131955e-07,9.8984652948673e-07
PSMD6,-0.174659523147801,0.00055329732689389,0.00156439801184069
PSMD7,-0.243282767148084,2.04658056529148e-07,1.35432381147419e-06
PSMD8,-0.347513725994497,7.09009318643e-05,0.000252572294674487
PSMD9,0.114600236246889,0.0821978650544338,0.124546261942018
PSME1,-0.568739411489487,4.80612578117752e-14,1.72484030360771e-12
PSME2,-0.481851730935214,1.51461268270679e-10,2.18036407831448e-09
PSME3,-0.00629515107602096,0.903855458605969,0.926304783982422
PSME4,-0.324703477176784,0.016800965580425,0.0315493430076805
PSMF1,-0.0114841888317509,0.873516468697806,0.902041364088901
PSMG1,-0.194489286001547,0.040935378992431,0.0681403725352347
PSMG2,-0.318836262664522,2.35989474406167e-07,1.54313117332033e-06
PSMG3,0.0226419434310594,0.83567206593834,0.871239786620758
PSMG4,-0.0100823078873711,0.947790908149536,0.960487870670058
PSN1,0.75623424368479,5.17396591006944e-05,0.000191473961448901
PSPC1,0.269683110733371,2.64319749802638e-07,1.70954835664472e-06
PTAR1,0.0520847458118025,0.674576227591342,0.735087170294495
PTBP1,-0.0316153951515649,0.434435980633648,0.509981443263233
PTBP2,-0.245203565086708,0.00115964338105927,0.0030229082190045
PTBP3,0.277471830101556,0.00036714176740115,0.00108663823447153
PTCA,0.593499108909522,0.0467875108140485,0.0766643519730725
PTCD1,-0.301396835371444,0.00366502902549319,0.00840397145934783
PTCD3,-0.252399914289641,0.00022380818213678,0.000698585733562862
PTEN,0.104189027652498,0.0718720894830743,0.11133608561562
PTER,0.0621548769298307,0.399863114036677,0.476427391585392
PTGIS,0.503946045002187,1.42486016662152e-09,1.61205587179643e-08
PTGR1,-0.736395328394107,1.17085527282427e-15,6.13297442008747e-14
PTGR2,-0.401182626479717,0.00029849603770511,0.000903922852014376
PTGR3,-0.46592641738952,2.02631973472e-06,1.06433513091215e-05
PTH,0.0159941774972023,0.901353840531931,0.924846573609625
PTH2,-0.148482520731016,0.073581296774976,0.113596095621392
PTK7,0.578626719194114,3.56890011498521e-06,1.75622661270573e-05
PTMA,0.184568487216292,0.147570980712161,0.205497352701142
PTMS,-0.496722077780665,1.55134458617292e-06,8.32997552325e-06
PTN,1.10582689842441,0.0284187750952642,0.0496443895483492
PTN1,-0.124355929776527,0.0468199429779911,0.076701205948658
PTN11,-0.191739502650266,0.00113121088558387,0.00295478104034026
PTN12,0.707750056371026,2.76311792380915e-05,0.000110011444273021
PTN18,-0.0249578986443919,0.874336741381047,0.902646815158705
PTN2,0.449289845080496,0.0592602229834586,0.0942787382557457
PTN23,0.200147747379373,4.38805283136678e-06,2.11613847792663e-05
PTN3,-0.27692181836982,0.00194856391546806,0.00480662377613541
PTN6,0.20011384010105,0.00411883344224888,0.00927097982508529
PTN9,0.279142008613106,0.170666948944976,0.232908768669868
PTOV1,0.694116197709875,0.00555028737283585,0.0120028075585206
PTPA,-0.205094683967478,0.00171685907641357,0.00428992378031318
PTPM1,-0.571564204987976,5.43918130317346e-07,3.25591333865682e-06
PTPRA,0.525696067300471,5.75082093001085e-07,3.42651230084662e-06
PTPRC,0.316760929238084,0.00255785709881409,0.00611792479059192
PTPRD,-0.444181493343527,0.00024931205075907,0.000769784627313719
PTPRE,0.481189391776401,5.36262933551542e-05,0.000197038323584938
PTPRF,-0.546066192370259,8.60790729625867e-11,1.32837225395864e-09
PTPRG,0.307611546408052,0.00135809340105661,0.00347454172030116
PTPRJ,-0.177286375327499,0.100479039478783,0.147957303171429
PTPRK,0.038846315127666,0.630047189271118,0.693897246990572
PTPRM,-0.156803025246994,0.0455394783935117,0.0749536295401741
PTPRS,0.157192500615892,0.295865005684361,0.37065990970296
PTPS,-0.198116929152455,0.0628234964467121,0.0993332169227112
PTRD1,0.00340362758295386,0.966020667055642,0.973337094150083
PTRF,0.738113234294281,1.54400150179339e-05,6.56392043407041e-05
PTSS1,-0.159931383926532,0.0152647864411031,0.0290607185244391
PTSS2,0.0523936344609435,0.713502391342275,0.77073840845541
PTTG,0.470521247199756,3.40314167359857e-06,1.68216791502156e-05
PTX3,0.525498634095039,0.00026710718570539,0.000817208185924976
PUF60,0.0587598007412604,0.199846936610228,0.266739139056308
PUM1,0.363748600340818,0.00453278842397694,0.0100717855759563
PUM2,-0.183595764498642,0.0954069990763996,0.141651030377814
PUM3,-0.187886805639674,0.00319943757915062,0.00747495252398944
PUR1,-0.0740929831020143,0.0584285983640665,0.0930961990360289
PUR2,-0.250744546779689,4.14527053441644e-09,4.19199311186858e-08
PUR4,-0.206418176009215,0.00057255018881985,0.00160998442308089
PUR6,-0.397197286083604,6.28460770503747e-13,1.74431773568594e-11
PUR8,-0.238251251338495,2.39949892326756e-09,2.55372878509414e-08
PUR9,-0.286300405290682,1.33639527160399e-08,1.20745034141644e-07
PURA,0.0102943241942402,0.823506187295809,0.862110877543547
PURA1,-0.269334823750083,0.0117626147662121,0.0231531468204318
PURA2,0.0842792919863365,0.160971510888213,0.221360929961406
PURB,0.322350454164954,2.98561818094858e-06,1.49591103144151e-05
PUS10,-0.000347647614998954,0.997032069054707,0.997419868381449
PUS7,-0.0824450881996462,0.191431585066583,0.256705962873437
PUSL1,0.151187307334761,0.281473637905468,0.356274703096882
PVR,0.127466881503044,0.150377954467037,0.208601468909398
PWP1,0.15086378023366,0.0275660487707361,0.0483188624068605
PWP2,-0.486532126357084,1.72569196180429e-08,1.50117690837451e-07
PX11A,-0.866160233028032,4.66416659787581e-06,2.23532356951613e-05
PX11B,-0.0351945561042365,0.780628965069251,0.827153679548797
PX11C,-1.05611457626923,1.8230956639612e-13,5.78889141692371e-12
PXDC1,0.0381299100848363,0.600320902012221,0.667446121026844
PXDC2,0.373778486451953,5.01418888141405e-05,0.00018600712215861
PXDN,0.504906106704843,2.0404299120362e-05,8.40125784486196e-05
PXK,-0.22523790556966,0.00209217608723661,0.00511347186858336
PXMP2,-1.08790814096612,3.30700182065103e-12,7.80331071808665e-11
PYC,-0.533754698182498,6.75899204517506e-10,8.26503686538364e-09
PYGB,-0.190283618592827,0.00319805236964234,0.00747495252398944
PYGL,-0.790302460115568,1.0254475179615e-13,3.41049700370299e-12
PYGM,-0.210408815146396,0.00683650540922223,0.0144799549101177
PYM1,0.317549514053859,7.78873460256243e-10,9.40498844966693e-09
PYR1,0.061032370004595,0.136136494678774,0.191824176943283
PYRD,0.00381232958748706,0.948569411435816,0.961024366943114
PYRD2,-0.142757160272883,0.0710907993719518,0.11032514238817
PYRG1,-0.292278779290882,0.00331388928931131,0.00770093609161664
PYRG2,0.0946265920367786,0.110270632800266,0.160325645880319
PZP,-0.354030066812901,0.0475094035693762,0.0776493450415816
QCR1,-0.359480688938786,8.24830986891541e-09,7.78995825563663e-08
QCR10,-0.749234756688893,6.2209421681755e-05,0.000224933410354462
QCR2,-0.19639679311034,0.00014693916266825,0.000481436339341069
QCR6,-0.0245679091980218,0.74001672993917,0.793161423560305
QCR6L,0.0412850426986672,0.827597240409265,0.865260517448617
QCR7,-0.248967094132345,0.00017621558818923,0.000566533116028374
QCR8,-0.213545123487353,0.00149113983177098,0.00377051463373257
QCR9,-0.350395406192703,0.071117949505172,0.110345083125258
QKI,0.240656260967921,0.00023943753436458,0.000742265976358819
QOR,-0.373297412152063,1.99674779845295e-05,8.23458365198448e-05
QORL1,0.184813469299334,0.0644791954772171,0.101534994347389
QORX,0.304264536011791,0.0001150229242422,0.000387210193166461
QPCTL,-0.441607771223902,6.05724106234666e-06,2.83087050497073e-05
QRIC1,0.421057910094582,0.0498911529919395,0.0811021319711526
QSOX1,0.472980543116184,4.12527940752321e-05,0.000156955896984463
QSOX2,0.104340685934813,0.325817298601513,0.401790998243451
QTRT2,-0.0408854187463089,0.526457842487796,0.599579145776507
R113A,0.00308694783547536,0.964057576377015,0.971866770227992
R13P3,0.161411756313632,0.028371546948397,0.04958433890234
R39L5,0.489673429933022,0.00885541241406946,0.0181531249168331
R3GEF,0.531539664798445,0.0013126933830197,0.00337287450662005
R3HCL,0.207368139854902,0.122197852299722,0.174931099878415
RA1L2,0.0193532061776892,0.78923410152945,0.834095374250272
RAB10,-0.146978391314277,0.0746720480393949,0.115003896740912
RAB12,-0.611281935703969,0.0003562470055189,0.00105641886801838
RAB13,0.348591631647093,5.53843291932676e-06,2.61373384743274e-05
RAB14,-0.44965011248526,6.08058349533985e-14,2.13904215271483e-12
RAB15,-0.208344950151502,0.0219086664691986,0.0395709902800413
RAB17,-0.418684347285519,4.25200345040141e-08,3.31059540565459e-07
RAB18,-0.219469034490708,1.2692843497753e-05,5.5114226465201e-05
RAB19,0.0860608790744856,0.671769789817432,0.732425561428756
RAB1A,0.0278037550640725,0.594850369232101,0.662700757868162
RAB1B,0.00542585900325763,0.93760078229753,0.952914599078996
RAB20,-0.436529663661902,0.00739445364188311,0.0155253345036109
RAB21,-0.406439797953567,3.07817539239627e-08,2.45617387049944e-07
RAB23,0.306971453639291,0.00017313788287172,0.000558499959965799
RAB24,0.132933442021305,0.192953837123645,0.258523031300437
RAB25,0.1583654671116,0.236206306408767,0.30703636459738
RAB2A,-0.259571391524082,0.00076993878054166,0.00209849792676067
RAB2B,-0.0550956757606899,0.619274687462647,0.685162530608228
RAB30,0.0917269108570929,0.598462762381366,0.665955966907214
RAB31,0.427476378021566,1.24922517427135e-06,6.83618542175726e-06
RAB32,-0.484029828313186,2.84944294137627e-05,0.000112982023307602
RAB34,0.553491249329168,0.49422375567708,0.568235806706057
RAB35,-0.0256383550038574,0.722726733177318,0.778636570938224
RAB37,0.00755290097711117,0.974742251778515,0.980588163588399
RAB3B,0.509859988237883,0.0162901673352598,0.0307698729887061
RAB3D,0.318147902340492,0.0277831515688464,0.0486810983637368
RAB43,-0.336834078004494,1.97688164106779e-05,8.16574879147702e-05
RAB4A,0.0929083147563982,0.432055701885297,0.50772796158193
RAB4B,0.07389562156159,0.391395407630891,0.46858137552831
RAB5A,-0.263238773155576,5.96680988020305e-06,2.80048084158435e-05
RAB5B,0.0399805976908813,0.515111716743002,0.588821316564388
RAB5C,0.167824191031135,0.00858871007943449,0.017662709747579
RAB6A,-0.291930013352435,4.12139027320055e-06,1.99878361709714e-05
RAB6C,-0.453590271830703,1.96963192149087e-07,1.31014481950203e-06
RAB7A,-0.231103033312611,2.28371648395744e-05,9.26941419790405e-05
RAB7L,-0.219959636268202,1.01057491053489e-06,5.65863280819101e-06
RAB8A,-0.261252780066313,3.74956523931909e-05,0.000144513713219711
RAB8B,0.832557902977558,5.9080599078327e-07,3.50666078837209e-06
RAB9A,-0.307601055373316,1.56750457472733e-06,8.40504885239477e-06
RABE1,-0.187254669437654,0.0102016688754882,0.02045636097798
RABE2,0.157684046982886,0.0836848617697903,0.126464084426455
RABEK,-0.0279693189901154,0.703827796659305,0.76254414614462
RABL3,0.0590187941430362,0.419661113630959,0.495729508998236
RABL6,0.267172606689136,0.00822400882620979,0.0170444405326443
RABX5,-0.254347324714342,0.0120884706621997,0.0236978251091293
RAC1,0.287590495523941,1.43441156019508e-06,7.75607540186772e-06
RAC2,0.55102474093316,1.02249517676417e-05,4.51865566088908e-05
RACK1,-0.58252228353725,5.57405756742268e-19,7.81989603458789e-17
RAD,0.529558114764761,4.71938736368296e-05,0.00017642826016559
RAD1,-0.410923926856166,0.0876963333160374,0.131852086489974
RAD21,0.215326964784896,0.0177849779702472,0.0331470748836781
RAD50,0.430770193961137,4.37445440603923e-11,7.24319532124435e-10
RAD9A,0.0361628843584733,0.717543870813104,0.77438573951452
RADI,0.0635195090440437,0.33993956780729,0.416212901491757
RAE1,-0.085314512276052,0.237285703293994,0.308179849624046
RAE1L,0.369354804821035,1.08321745946754e-06,6.00007603535645e-06
RAF1,-0.30790060268807,0.00012172075442644,0.000407460885533367
RAGP1,-0.105079959513634,0.00114989300502671,0.00299879601586515
RAI14,0.421512549941865,1.05702624153951e-12,2.79315564373933e-11
RAIN,0.112846896571443,0.0294228144651402,0.051189726361448
RALA,0.434861441704504,1.66978180166286e-05,7.03661189602983e-05
RALB,0.348207486352262,9.56342300308584e-08,6.90284114984194e-07
RALY,0.901172361369266,5.63914691337155e-12,1.23964836420441e-10
RALYL,-0.0114469756843883,0.930234321465535,0.946924541481275
RAM,0.102304720168187,0.559336199701059,0.630049360130419
RAMP2,0.445740473501251,0.0106347854311221,0.0212090990918941
RAMP3,-0.353290540766757,3.90058464886466e-05,0.000149438486348757
RAN,0.0517396027899888,0.168895488547378,0.230776977090768
RANB3,0.171789681461871,0.00133525703155745,0.00342400905799179
RANB9,-0.283972724908261,0.00409216890847895,0.00922980862257339
RANG,-0.0809004795222885,0.157115167426216,0.216714449742703
RAP1A,0.152631250364114,0.0381835382525431,0.0641463490434624
RAP1B,0.0450235216984977,0.622971071937618,0.688265290817678
RAP2A,-0.0263836533985473,0.73971320150191,0.792946243788377
RAP2B,0.55268889169233,9.06414576951766e-06,4.05678357062635e-05
RAP2C,-0.183429345443958,0.244302584630155,0.31617556910538
RAPH1,0.521915089584324,1.17677821491526e-06,6.47647696596729e-06
RARA,0.371293438066092,2.98941928165132e-05,0.000118046873987828
RARR2,-0.241773079909183,0.0583027181618083,0.0929470606067175
RASA1,-0.00518725089679655,0.942605770650356,0.957118848050815
RASA2,0.0390429131194515,0.637295510340205,0.700679988285127
RASA3,0.0243707471425659,0.807735013156146,0.849922727603003
RASF2,0.209579381486612,0.10062316538633,0.148112999641534
RASF4,-0.219756477993181,0.0430383494907827,0.0712626404873132
RASF5,-0.32088782534369,0.00139562704115781,0.00355636005600187
RASH,-0.0711722926995124,0.139711866105929,0.195967416628494
RASK,-0.184619264122559,0.00668001600277331,0.0141835452607041
RASL3,0.277769368087638,0.00114263336297162,0.00298158912028712
RASN,-0.0771144497611387,0.349686180029074,0.426252537931175
RAVR1,0.0730387046179531,0.431681389913053,0.507365362462927
RB11A,-0.00460781515872994,0.903259609377084,0.926008552951479
RB11B,-0.38723348665437,0.00546101503518283,0.0118396156255889
RB12B,0.0688001143663243,0.490883127030875,0.5651055281968
RB15B,0.610701006924921,0.00372854490253136,0.00852933663442988
RB22A,0.289738872400526,2.94929458608305e-05,0.000116761195619378
RB27A,-0.201170869955271,0.0855400433664079,0.128836028619013
RB27B,0.282852537637158,0.150055989934538,0.208355590846661
RB33A,-0.692017364497486,1.50891733958707e-08,1.34383938925995e-07
RB33B,-0.0434299020561175,0.68624481254616,0.745783799099461
RB3GP,-0.0652441697206219,0.34744887786311,0.423994234001543
RB6I2,0.168640752021755,0.0172389666592277,0.0322150319066604
RBAK,1.32740109588381,4.9495148923822e-09,4.92145063268313e-08
RBBP4,0.251911742009605,0.302675281066081,0.377292805929868
RBBP5,0.229644522032853,0.00222508690201856,0.00540238216991039
RBBP6,0.607251237097372,0.0757575248933051,0.116350529871963
RBBP7,0.201939930952941,0.00069938572451845,0.00192799580220949
RBBP9,-0.326994014238672,7.22501086997609e-05,0.000256904073146247
RBCC1,0.305515321927213,0.00763093402639071,0.0159610428158392
RBFA,-0.1431987821501,0.112454642494432,0.162734437638229
RBGP1,-0.0228464420344867,0.72767230306284,0.782866632798783
RBGPR,-0.0449466094736707,0.160215047498554,0.220546246805154
RBL2,0.803308056574789,0.00047815612616951,0.00137820420975866
RBL2A,-0.164956148379006,0.0902232942926976,0.135019964849196
RBM10,0.123455636333179,0.0270907165570944,0.047637185267671
RBM12,0.0877791811018981,0.0614997967736812,0.0973799367752358
RBM14,0.163850346347873,0.00156289957185028,0.00393196383971202
RBM15,-0.0126158687026916,0.866951063362314,0.897177792125427
RBM19,-0.268896652666913,0.00277532526764932,0.00658702238239992
RBM22,0.397985819398389,1.56493156784996e-08,1.38316288402409e-07
RBM23,-0.0251890062731661,0.813786832312863,0.854542623588194
RBM25,0.186194998482779,0.00045895745963526,0.00132534272400661
RBM26,-0.134972654195012,0.0755901911810478,0.116116646456891
RBM27,-0.170886477679758,0.0230928158849128,0.0414671089988334
RBM28,0.137070650303404,0.1938407470919,0.259530661905449
RBM3,0.576202847359981,3.53176701923438e-05,0.000137078039841109
RBM34,0.367193234137369,0.0273098859969995,0.0479897700644154
RBM39,0.107989096690058,0.017015243839692,0.0318586802880523
RBM4,0.0617955485760223,0.475763207910957,0.550373150261011
RBM40,0.221550466195503,0.0767167570185988,0.117519653991564
RBM42,0.0388027790920698,0.694603956082563,0.753700481666862
RBM45,0.0625306939055246,0.738804535841273,0.792412538024918
RBM46,-0.611550123069241,4.34234988549193e-09,4.37409552434148e-08
RBM47,-0.173248985813454,0.0100019277984296,0.020154250061242
RBM4B,-0.00566011652112404,0.944142913301827,0.958175288575154
RBM5,0.0734775096789682,0.12424015573957,0.177459652292951
RBM6,-0.000542351379703145,0.992613551790221,0.994141366655798
RBM7,-0.0512983118125902,0.55696408732728,0.627927366717898
RBM8A,-0.0865066116608956,0.109494043865941,0.159406800465962
RBMS1,0.621076139882248,6.79753000946932e-06,3.15013462781173e-05
RBMS3,0.547919628003632,0.00360746447543972,0.00828921855047435
RBMX,0.399290333449007,2.28560425385228e-07,1.49682998712103e-06
RBNS5,0.387076841283317,0.00337533145521763,0.00781634379005379
RBP1,0.0480631634936034,0.579305039468652,0.648472027352404
RBP10,-0.204939488179118,0.0287755868720528,0.0501648006968212
RBP2,0.0699207194047164,0.0481309926110898,0.0785476986044332
RBP56,0.0950615822579364,0.180845675539662,0.244336409116448
RBPMS,0.325222907632619,0.0240082176482978,0.0429012059690287
RBSK,-0.601505412092401,1.03792479036752e-10,1.54308818544813e-09
RBX1,-0.129074594286912,0.157007660052705,0.216604881989392
RBX2,-0.322568509324031,0.00706716826613336,0.0149071269386236
RC3H1,-0.177926719341957,0.121829047615247,0.17446787887885
RCC1,0.0479124498653795,0.286991565842569,0.36124419609156
RCC1L,-0.42210164485632,1.63696561506887e-06,8.72897490385031e-06
RCC2,0.507576475530857,1.0104576566104e-10,1.50515275644901e-09
RCCD1,-0.317557617680629,0.0141183437206608,0.0271867082976338
RCD1,-0.198460207474047,0.0211009828378299,0.0383184710700625
RCL1,0.0285875393693349,0.755118406068433,0.806211930430888
RCN1,-0.194723765610461,0.00850318402035805,0.01752419014452
RCN2,0.572499724360935,6.78698444834408e-07,3.96429765355208e-06
RCN3,0.910016508399509,0.00265594589990782,0.0063309479653039
RCOR1,-0.326555755614748,4.5570224042653e-05,0.000171354702101906
RCOR3,0.300000687461332,0.234627921138307,0.305447788004585
RD23A,-0.562337684748539,4.58279750304461e-10,5.83512632565878e-09
RD23B,-0.242170776006544,0.00409470454727394,0.00923282883891459
RDH1,0.0502397770711593,0.804617347695491,0.847451195033908
RDH10,-0.574404793453152,3.23698568823516e-13,9.71851422973638e-12
RDH11,-0.747899503090736,3.70037766174817e-17,3.10349065630966e-15
RDH13,0.237124357512802,0.100119421963435,0.147455899956073
RDH14,-0.09582047471658,0.124698258338553,0.177963929690228
RDH16,-1.71230567163666,3.33405680066354e-29,1.28627911369599e-25
RECK,0.315917442364689,0.00177992241327704,0.00443028430349859
RECQ1,0.214514031763713,7.09731477019919e-05,0.000252712878481112
RECQ5,-0.21376408650089,0.198687287347038,0.265374953984723
RED,0.243291298854144,1.97106068275009e-06,1.03884591721992e-05
RED1,0.205959219410259,0.313372330801674,0.387807683154084
REEP3,-0.247160707111265,0.0253296985131011,0.0449089967203787
REEP5,0.0420951683793803,0.569281607779329,0.639385281750408
REEP6,-0.569083696692235,7.20238274125538e-07,4.18475792406073e-06
REL,0.179197636115753,0.0847314891378969,0.127771267621672
RELN,-0.127507822528448,0.2747967150922,0.349543596051997
REN3A,0.732730267167224,8.80857192580653e-05,0.000306295362683746
RENBP,-0.372888595651475,4.66246938151723e-05,0.0001744695138108
RENR,0.236907687468219,0.0071545024029971,0.0150830985086136
RENT1,-0.120061248510777,4.47990782594824e-05,0.000168784027270589
RENT2,-0.0873460630902969,0.173359298052062,0.236123626437725
REPS1,-0.0978062887834947,0.188943480319751,0.253898971464159
REPS2,-0.078183520907556,0.35415478937035,0.430204400941691
REQU,-0.0507482492420438,0.608212641313701,0.6752473007736
RER1,-0.527735964171703,0.00072000245115785,0.00197635678162005
RET1,0.148465599858809,0.0797951014913854,0.121511545906361
RET4,0.761981344083398,0.0111487767020189,0.022108445395214
RET5,-0.585528887780495,5.35791050444961e-08,4.09323143092408e-07
RET7,-0.0215252106750623,0.811244121367312,0.852685656259471
RETN,0.991202365710449,0.0319467466240047,0.0550225662836652
RETST,-0.166523929751018,0.00674544465844737,0.0143067209963111
REXO4,-0.254383609466268,0.0109449366091879,0.0217433395665535
RFA1,-0.0833672475132615,0.0347614020358528,0.0591442068596781
RFA2,-0.186201338541925,0.00133426008307121,0.0034225900269207
RFA3,0.0935750492304241,0.0888960181838643,0.133369954560898
RFC1,-0.0509682994378699,0.742867876754586,0.795586429795448
RFC2,-0.159670515794399,0.124161503180807,0.177404338034378
RFC3,-0.215058523803062,0.0226801259437947,0.0408020172026859
RFC4,0.518555281180712,1.05446618783499e-06,5.86185958597607e-06
RFC5,-0.161210504571713,0.164168541494457,0.225115419614578
RFFL,0.34048365211022,0.00187531429276734,0.0046437500266344
RFIP1,0.836670687874566,2.92740496438904e-09,3.03192707452696e-08
RFIP5,0.58321963458643,0.00020657086810154,0.000651902175162161
RFTN1,0.362945612113963,3.72245812746839e-08,2.93086601138225e-07
RFX1,0.605651727420277,0.00022177040137451,0.000693347008511231
RFXK,-0.134562676696017,0.265892710053524,0.340011294460224
RGCC,0.0669213208701623,0.542290895052079,0.614346872151203
RGL2,-0.0223209357757007,0.786520106706221,0.832024834568851
RGN,-0.920820730852176,8.64568982552489e-12,1.78523063384522e-10
RGPA1,-0.247336950659232,0.0165551565404662,0.0312016580034776
RGPA2,0.251509451134883,0.136700324182761,0.192513177841611
RGPS2,-0.334766189324288,0.00721948498371697,0.0152076293023096
RGS10,0.639615595916938,7.85091975953279e-09,7.44197750178809e-08
RGS12,0.174639071898428,0.629248536899412,0.693215549788102
RGS14,0.00400800505014329,0.9727567202111,0.978973634165756
RGS19,0.307958873149287,0.00849181604510912,0.0175077170646206
RHBD2,0.174233821736629,0.140569016236625,0.196919122963289
RHBL4,-0.305776787146525,0.132920332182182,0.188013434118738
RHCE,0.373962187780388,0.523837631529493,0.597035622582211
RHDF1,0.682893261511467,0.0104809822199831,0.0209511033184947
RHDF2,0.380486762797877,0.00176172231586655,0.00438923131715412
RHEB,-0.32731140979391,0.00049883002941719,0.00142713107415018
RHG01,0.446715701410825,2.67821041096121e-10,3.65753478424366e-09
RHG04,0.255510401438777,0.00100728882702294,0.00266995554424906
RHG05,0.282578581739357,0.00356250017472293,0.00820055231150421
RHG06,0.753830421021862,7.36280166935985e-07,4.26511844450305e-06
RHG09,-0.00977855456179267,0.91745757452777,0.937753695198871
RHG10,0.460207842021559,0.0010858185569717,0.00284701466066519
RHG12,0.140392576883712,0.0335376056446288,0.0573783071294802
RHG15,0.289256091123401,0.107192237746482,0.156439437573644
RHG17,0.181290868223136,0.00206280213527701,0.00505448754391788
RHG18,0.576951617389702,0.00020778301580313,0.000654656492420152
RHG21,-0.0695179517866786,0.573616263707052,0.643504374929284
RHG25,0.104948501162343,0.117950652806133,0.169405547264846
RHG26,0.0396704431559716,0.87659008736577,0.904444097881211
RHG27,0.106817303431362,0.224560983691838,0.294378618784611
RHG29,0.139182630193861,0.374883884487942,0.452322760392332
RHG30,0.680732125017734,0.0522469524737433,0.0843913513266492
RHG35,-0.273490825082437,1.42239839880239e-05,6.09058049120935e-05
RHOA,-0.0787587415563782,0.0960919793492807,0.142479342296476
RHOB,0.121408025905041,0.0786293794312111,0.120123145818165
RHOC,0.452443619564565,0.00086117409386838,0.00232336339450644
RHOG,0.514031339106255,1.51844190389748e-05,6.46238153914669e-05
RHOJ,0.102213329801946,0.345075339644248,0.421501839042033
RHOQ,0.181864576000124,0.138050259497466,0.194130818713768
RHPN2,-0.388924614493084,4.81046832292682e-05,0.000179225367357331
RIC1,-0.404213209504922,0.00011190520583034,0.000378544747122711
RIC8A,0.0692553362327575,0.176066909168748,0.239178216751067
RICTR,0.0245906023817014,0.739033404748815,0.792437708593921
RIF1,0.119635060056305,0.38080876726297,0.457824937394995
RIFK,-0.0756188822427496,0.257398888079971,0.330684285785058
RILP,0.108933873167518,0.0367221877367471,0.0620018382005997
RIN2,1.23350954843269,9.76358390549857e-06,4.33712224610403e-05
RIN3,-0.0823115509985492,0.567547426189677,0.637808904817878
RING1,0.403985345975068,0.00055941772954793,0.00157881024184046
RING2,0.552143899355158,7.98720621230033e-08,5.83610635739672e-07
RINI,-0.0312879077235548,0.723484464166373,0.779230335777182
RINT1,-0.260660422590105,0.0141172322625689,0.0271867082976338
RIOK3,-0.150544079787929,0.089005690534796,0.133508535802194
RIPK1,-0.212710021993116,5.36277168042422e-07,3.21766300825453e-06
RIPK2,0.586219982614352,6.07088455432753e-08,4.57897802748692e-07
RIPK3,-0.0969202950905071,0.448417382492676,0.523764535772553
RIPL1,0.166706448176422,0.150174494605431,0.208445116095612
RIR1,0.17221482421799,0.0761524537261337,0.116840790008122
RIR2B,-0.41383884323654,3.92136035726919e-06,1.91380243622322e-05
RISC,0.224106972618071,0.109742350762007,0.159708030644973
RIT1,-0.0486351737853632,0.581140208333615,0.649960551891894
RL10,0.122892667500614,0.289219544239009,0.363692634183213
RL10A,-0.216425064143277,0.00017833840098396,0.00057288055869785
RL10L,0.336870630905853,0.0376108423840967,0.0632944950568572
RL11,-0.213131989127212,2.98058835112342e-05,0.000117758421491389
RL12,0.027976393948252,0.698666360464101,0.757859437014275
RL13,0.360490138118102,9.32693161896863e-07,5.27227870856864e-06
RL13A,0.413651485799556,4.7324717640921e-05,0.000176818276365321
RL14,0.0318934187982544,0.757384789801373,0.808072599295823
RL15,0.179936471112012,0.00054030925009585,0.00153160403149874
RL17,0.141355618414316,0.0366101005500728,0.0618396532058585
RL18,0.175671497809994,0.0644752746868624,0.101534994347389
RL18A,0.204347337991947,0.0582709404893535,0.092934802979713
RL19,0.66004416929855,2.43795473489678e-06,1.2540839156309e-05
RL1D1,0.437756133083165,1.33523100366318e-07,9.26496620887149e-07
RL21,0.276041601510377,0.00081127960724609,0.00219797522805858
RL22,0.183203188021482,0.0819479740570657,0.124274875751635
RL22L,0.671260758598672,0.105310520200283,0.153867823114066
RL23,-0.0132292658437797,0.760194360742142,0.810733889078973
RL23A,-0.164532722479629,0.00268814101063626,0.00639189400248671
RL24,0.123981317079559,0.0647305692721403,0.101889243676833
RL26,0.201582425038239,0.13936156135285,0.195547155373448
RL26L,0.0450179282204027,0.402969164454922,0.479383446467708
RL27,0.229482100715987,0.00561074793036255,0.0121233634922087
RL27A,-0.0630887120192842,0.276294591800412,0.351001386135783
RL28,0.445523313501427,0.00015797924031674,0.000513682182167706
RL29,0.534166213945465,9.25784738604089e-06,4.138676154733e-05
RL3,0.242070752338082,0.0196765351734976,0.0361739060215964
RL30,0.0988938200379208,0.189022632565603,0.253961106194705
RL31,0.124265925709678,0.079370594394723,0.121030624351723
RL32,0.0168742379524285,0.76055511536732,0.811006532638784
RL34,0.331751070201369,0.0653435080640351,0.10272830240874
RL35,0.365573847275153,0.00206617504010832,0.00506114495538914
RL35A,0.546357646613436,7.79983129094242e-07,4.48127313781919e-06
RL36,0.443363706635667,0.00034933966507267,0.00103913063057083
RL36A,0.568598366992035,1.32389452399379e-07,9.19457258968144e-07
RL36L,0.761011177825368,8.7845707673056e-05,0.000305598503338729
RL37,0.937945452639082,1.29740096594094e-05,5.60512085845481e-05
RL37A,-0.0142138733637697,0.835826702045138,0.871283279246188
RL38,-0.0939387156358526,0.245160018372044,0.31701939027295
RL3L,0.124958018431666,0.271219112979212,0.345733797414109
RL4,-0.0391103119783567,0.39696397726324,0.473851183255439
RL40,0.826055013911316,3.53770127839767e-05,0.000137239331644628
RL5,0.154539140792756,0.178742690109959,0.242173590322817
RL6,-0.0945387675396325,0.0887470060632322,0.133198190776872
RL7,-0.319926554694192,1.11795794268556e-09,1.29327788392231e-08
RL7A,0.113501814910191,0.00805136858101169,0.0167355124582176
RL7L,-0.101288348582429,0.170970783975568,0.233240906852101
RL8,0.487353598832977,5.9402380216463e-09,5.77265448048147e-08
RL9,0.10183426677832,0.277964585407727,0.352759003454938
RLA0,-0.484356775114448,8.25701082920495e-10,9.87768923382099e-09
RLA0L,-0.379881532938454,7.62470580910719e-10,9.23582888902215e-09
RLA1,-0.672976515906005,7.53147906147296e-15,3.35912673053904e-13
RLA2,-0.469985971887598,1.14328368844165e-11,2.28538262694709e-10
RLGPB,-0.00608685606741307,0.878995614454602,0.906244008702794
RM01,0.0104905547662266,0.843249844970214,0.877125344269368
RM02,-0.171081258797398,0.081158212857722,0.123390006893752
RM03,0.146746446563946,0.0631355571203229,0.0997387534421133
RM04,-0.437266096616777,2.7333832773499e-06,1.38659655228992e-05
RM09,-0.110519599241039,0.221899647429619,0.291424098448667
RM10,-0.141547888027567,0.144644945017637,0.202005501494314
RM11,-0.20017160757901,0.00038442069730592,0.00113343144838077
RM12,0.289358798957887,0.00420143707441408,0.00944038685677899
RM13,0.0594688057726203,0.411466388029927,0.487533107425237
RM14,0.408301001231581,5.66482148735663e-06,2.67011378109003e-05
RM15,-0.0193759815349411,0.77636982078412,0.823771938554767
RM16,0.0316676168774234,0.639007785661423,0.702138766675316
RM17,0.369091208502046,0.00026824347618953,0.000820359358810311
RM18,0.142124543171167,0.00011046414320223,0.000374490917815644
RM19,-0.209499531131614,0.0165257942661799,0.0311615416808026
RM20,0.126142935831321,0.0507564688205274,0.0822593811004389
RM21,-0.237107220954232,0.0386870337107731,0.064836914012234
RM22,0.390856951212255,0.00205504166953293,0.00504187647762038
RM23,0.236163171779071,0.00398810892215674,0.00902147418450935
RM24,0.266057289539877,0.0326200143172858,0.0559888720501425
RM27,0.109998347059717,0.100562108132325,0.148051369270944
RM28,-0.055067902730654,0.50613795276505,0.579946605811572
RM30,0.293490556640951,0.00630846223973503,0.01346875889369
RM32,0.231675704472213,0.0382851122957291,0.0642470479499447
RM33,0.104905573392024,0.339420512360225,0.415907364359456
RM37,-0.0506131385047224,0.431115787151482,0.506932248348192
RM38,-0.116841140046684,0.382174919478272,0.458858078688384
RM39,-0.0497046429704843,0.41129218559459,0.487445411487809
RM40,-0.0349875760912519,0.81130958635916,0.852685656259471
RM41,0.00626498607497815,0.932511316319565,0.948866849099534
RM43,-0.0214470354282843,0.682915424897766,0.742479275540533
RM44,-0.207456854537786,0.0162368624800015,0.0306917273139862
RM45,-0.151579600299889,0.0123582175527235,0.0241591098649137
RM46,-0.408773805927292,6.55316732512775e-07,3.84518928370234e-06
RM47,0.545795432965313,2.7426402325118e-06,1.38932404145583e-05
RM48,-0.00160194447495655,0.986727981148533,0.989603822280666
RM49,-0.627434077894566,4.86932487445395e-12,1.08275823433103e-10
RM50,-0.194316553526588,0.00100638416487894,0.00266847430110168
RM51,0.130403761658039,0.589446811427352,0.657630363934854
RM52,-0.0247934068605717,0.872878034959151,0.901744131442604
RM53,0.0995981889815283,0.341669841412676,0.417867252550358
RM54,-0.358216195176479,0.00012977255672051,0.00043160562398942
RM55,0.45968970680905,0.0395596932989779,0.0661414070411513
RMD1,-0.257945953982793,0.00800341140343707,0.0166678333033523
RMD2,-0.497586819663266,5.31171057638635e-08,4.06598797692431e-07
RMD3,-0.510537653936974,5.4507781635209e-15,2.54898207937741e-13
RMD5A,0.0471027924312805,0.690760133452964,0.750057020788499
RMND1,-0.428880973262452,1.89993182517897e-07,1.26815518711773e-06
RMP,-0.292208090305301,0.0961876825222983,0.142590616396168
RMXL1,0.314075815788008,0.0974376605138852,0.144138993198838
RN114,0.229734338091014,0.0143651552857447,0.0276068588256055
RN115,1.00855573051016,0.00040910256167991,0.00119524247100424
RN121,0.202598262661288,0.0396409894190174,0.0662342733558117
RN123,0.0454960922749764,0.49549993211633,0.569278957148541
RN126,-0.424096533771551,0.00267842133917844,0.00637467583377571
RN168,1.38164829219514,0.105297846251498,0.153867823114066
RN170,-0.10885761813533,0.267033696407061,0.341074656758299
RN181,-0.00406123569424323,0.960408326142818,0.969454558414179
RN185,-0.363481734846571,0.00051965313024215,0.00147957326677064
RN213,0.213092162696154,7.60263976852561e-07,4.38102826392409e-06
RN214,-0.032667933072974,0.711589818447496,0.769103101154346
RN5A,-0.0555621827417218,0.55657859971262,0.627676187574185
RNAS1,0.338153964344354,0.00489214473166744,0.010778923115233
RNAS2,-0.130331269221708,0.0784878085727829,0.119946906505762
RNAS4,0.249993794684848,0.00123960360062888,0.0032064302321329
RNAS6,0.766885155625928,0.00511334726895518,0.0111896164286041
RNBP6,-0.514211155226992,1.4128271944754e-07,9.76825683922239e-07
RNC,-0.21550465518113,0.111229501446668,0.161294274227117
RND3,0.185091403775573,0.290478111871,0.365037314527139
RNF11,-0.00914361821207604,0.856496456200743,0.888867068735028
RNF14,-0.281129664301541,2.91233057835373e-07,1.8602270482266e-06
RNF25,-0.321569107701331,0.00022941056855323,0.000714338961645167
RNF31,0.122908566105372,0.0554525250961058,0.0890101276558253
RNF41,0.579856916557454,3.80934564217158e-06,1.86266862959416e-05
RNF5,-0.0685979002771999,0.431280889061081,0.507021900603993
RNFT1,-0.32070994614174,0.17313649192583,0.235903438407152
RNH2A,0.128024108002423,0.494462874642942,0.568426034079997
RNH2B,0.339862541809255,0.00982645726018056,0.0198588120009306
RNH2C,0.135751553243945,0.422190651640838,0.4981550933054
RNPS1,-0.213821309992754,0.0597250686642539,0.0948422782081463
RNT2,0.347365181644696,0.00434116937558901,0.00970238323496101
RNZ1,0.348908842682155,0.0198650784739492,0.0364602629650314
RNZ2,0.130842592634617,0.0119381590691846,0.0234269672883592
RO52,0.174307976962897,3.140411725053e-05,0.000123440738005649
RO60,0.112209032501853,0.0007071071144249,0.0019451117628886
ROA0,0.545746018831835,1.15874962801889e-08,1.06312867179474e-07
ROA1,0.551745354073244,2.29327363841437e-08,1.91918648525003e-07
ROA2,0.0939846743815386,0.0819344437558803,0.124274875751635
ROA3,0.16335960855322,0.00094044591639285,0.00251350214440153
ROAA,0.136329216808806,0.0449430428703003,0.0740509329035313
ROBO1,0.0960823484955044,0.282204444457215,0.357024019254283
ROCK1,0.173064734063228,1.79695935062396e-05,7.51101752405985e-05
ROCK2,0.352837605608427,1.34024616271284e-09,1.52752428234746e-08
ROMO1,0.21832736805503,0.0669635578040592,0.105018457726854
ROP1L,-0.789222602255406,0.00204837303215516,0.00502711396822812
RP3A,0.2516063989542,0.504271029391233,0.578150856282727
RPA1,-0.255454807884187,0.00045808324620678,0.00132331348848054
RPA2,0.0200562295643776,0.922937956385122,0.942107325237148
RPA34,0.468187075341136,0.0261796327180851,0.0462141491770178
RPA49,0.0336520524899971,0.73395848581152,0.788639977234604
RPAB1,0.0255079590610465,0.732126783528384,0.78678137349652
RPAB3,0.0730153893651556,0.639188646366962,0.702138766675316
RPAB5,0.121573798273699,0.0481404959435413,0.0785476986044332
RPAC1,0.131690884249904,0.0525265136136641,0.0847719261750747
RPAC2,-0.0964683231675425,0.614649004889365,0.681314713651248
RPAP1,-0.0434565001450183,0.492675207320017,0.566706912447376
RPAP3,-0.024904015470437,0.776612403228475,0.823916032354037
RPB1,0.134006655700271,6.10706034631059e-05,0.000221334324246747
RPB11,-0.170540420046457,0.139268631920574,0.195452303364705
RPB2,0.120659824023228,0.0108632553288224,0.0216144605768937
RPB3,-0.0131377732630231,0.843946197948053,0.877731346996519
RPB4,0.078922657942007,0.395637943816853,0.472442453716909
RPB7,-0.0841363977372102,0.280816134517253,0.355617478078963
RPB9,0.0133793582917257,0.921661512842957,0.941302479562708
RPC1,-0.297599951086774,0.00014948133472616,0.000488935133000021
RPC10,0.829003580080337,0.043662729657101,0.0721571261585332
RPC2,-0.258585253992979,0.0164487581573029,0.0310390359358643
RPC3,-0.342337414634713,1.02020632315176e-05,4.5111243492487e-05
RPC6,-0.441238051819644,0.0499057701657637,0.0811021319711526
RPC8,0.0599325170460329,0.738272739688788,0.792181262111883
RPC9,-0.34638168174405,0.0328411608744884,0.0562991329276944
RPE,-0.190493498063263,0.0552566468647121,0.0887695788482445
RPEL1,-0.0663248257587607,0.326414245946817,0.402398517610743
RPF2,0.526955195644282,3.32000870631286e-05,0.000129641635515739
RPGF1,-0.650452094508748,0.0001829764405956,0.00058586346639037
RPGF2,-0.100147438881724,0.492747106740467,0.566706912447376
RPGF4,-0.325095082895964,0.0139867496576972,0.0269736966655315
RPGP1,-0.0798102148545304,0.448067931704576,0.523435603487132
RPIA,0.30395020923654,0.0640673607307548,0.100977957929558
RPN1,-0.308080068170269,2.92981575299314e-07,1.86830234298306e-06
RPN2,-0.319493080188439,5.412170195225e-08,4.12651237414586e-07
RPOM,-0.283555571611079,0.00986218787396215,0.0199205868155738
RPP29,0.153089322327383,0.197865895406438,0.264415179936972
RPP30,-0.104688231951139,0.0175430994743196,0.0327516466353375
RPR1A,-0.302954194165031,0.00609726940927569,0.0130684807672142
RPR1B,-0.170850594079031,1.80596616701386e-05,7.54457766360527e-05
RPRD2,-0.207366890313367,0.00013370845721317,0.000443283909241764
RPTOR,-0.147684420490993,0.0132515945530959,0.0257166256468028
RRAGA,0.118657404764922,0.530922862218107,0.603786060472844
RRAGC,0.0302922847601173,0.715426168173282,0.772492067397851
RRAS,0.443219405618662,0.00039551635062765,0.00116082318807263
RRAS2,-0.0596113955553425,0.389604151436166,0.466654087625187
RRBP1,0.0815305196481254,0.354541873198708,0.43053904526302
RREB1,-0.0623787208891,0.521229875569459,0.594502545438869
RRF2M,0.00559975932603087,0.950499346360987,0.962474141275771
RRFM,0.0601871487933012,0.596177411514099,0.663987428874536
RRN3,-0.353261177710544,0.00129002382575341,0.00331904762904745
RRP1,0.326077084923131,0.0003593052460137,0.00106466946169036
RRP12,-0.0611941644001623,0.166847139192168,0.228256355424869
RRP15,0.19841243003673,0.140197480314223,0.196498347948377
RRP36,0.482957706950356,0.12545691079617,0.178833460872575
RRP44,0.11325908963096,0.211050109206442,0.279180977650764
RRP5,0.0101310170930502,0.739547417094638,0.792878681437019
RRP8,0.123606607084742,0.384111881894619,0.460934258273543
RRS1,0.0690421837547996,0.327867593679033,0.403867553133368
RS10,0.405052396310914,0.0238805394588766,0.0427027213127907
RS10L,-0.196891526585024,0.0140389426078179,0.0270540662242565
RS11,0.576927438383646,0.00154841970076843,0.00390062239997689
RS12,-0.419800979777094,1.53921490030054e-07,1.05382273032112e-06
RS13,0.22882730816852,0.00243878493795701,0.00586037514209788
RS14,0.229693737003815,0.00010350642055145,0.000353700416729401
RS15,-0.460737322381246,3.8499031493436e-17,3.12693186319318e-15
RS15A,0.044948007914357,0.432796958963224,0.508366773536343
RS16,0.155703904922405,0.0157137484302616,0.0298197941190109
RS17,0.184845199686688,0.0003674745237147,0.00108697723491564
RS18,0.293449356441018,3.44278492124527e-06,1.69958595344392e-05
RS19,0.0978062887834946,0.209625837634113,0.27767776192014
RS2,-0.228188229678251,4.63151602492718e-05,0.000173479503147272
RS20,0.133158409548392,0.391082892186347,0.468279887664471
RS21,0.292959572514207,0.27796060112346,0.352759003454938
RS23,0.100809491650164,0.173751015739934,0.236448472213286
RS24,0.242214686646122,0.00886665642129397,0.0181713468649945
RS25,0.641460019704012,2.70895042447116e-08,2.19792444534379e-07
RS26,-0.205801614805283,0.277527284945457,0.352319929358201
RS26L,-0.0222598510092886,0.61507012738915,0.681611367723027
RS27,-0.1548618448283,0.242609606199152,0.314142594635452
RS27A,0.196634739545298,0.198190254425749,0.264802771108066
RS27L,-0.0794784690221321,0.190713906362719,0.255876978176794
RS28,-0.212475957508925,0.0190458885164899,0.0351658472824207
RS29,-0.300308846349442,1.55558868893954e-06,8.34695571895514e-06
RS3,-0.240800336458609,1.2107888100119e-06,6.64942808402265e-06
RS30,-0.114521614936928,0.407757649180088,0.484188676681065
RS3A,-0.0897842208336896,0.108505536407736,0.158086993754171
RS4X,-0.00364540895315893,0.95742546922077,0.967202791373064
RS4Y1,-0.267237340561426,0.00063752109641611,0.00177393176341389
RS5,-0.0387114895905722,0.442267405519125,0.518149909047308
RS6,0.175175821139421,0.00470369211309599,0.010408284584069
RS7,-0.122324177257375,0.0363543037008167,0.0615153086305925
RS8,0.025242878804258,0.655744950947511,0.717895579102014
RS9,0.324102040265871,0.00205700973668573,0.00504349765753641
RSF1,0.190212808991872,0.08495306032408,0.128051926833483
RSMB,0.237320189441559,0.0147462525998231,0.0282073023492312
RSMN,0.747747437655582,0.104736488453427,0.153174136638863
RSPRY,-0.284342373610625,0.016578859063362,0.0312310733722903
RSRC1,-0.036653837400238,0.706267867625972,0.764850928645895
RSRC2,-0.0123569911923487,0.934411909585086,0.950419269026807
RSSA,-0.0938224605082813,0.0800646639508967,0.121897976922873
RSU1,0.178295234735549,8.59148489938281e-05,0.000299246760351358
RT02,0.0446599005068994,0.534233148463961,0.606375841945855
RT05,-0.162217771923814,0.00335759860216753,0.00778462464372736
RT06,0.0695509472191948,0.661932207024431,0.723540006998231
RT07,-0.0155660772285149,0.849728132115521,0.882673972456026
RT09,0.10406151498997,0.0561736377617029,0.0900178170237382
RT10,-0.000118296143277168,0.999260814206663,0.999390336023151
RT11,0.353686883544307,5.51741413330747e-07,3.29762722328431e-06
RT12,-0.019666335827745,0.828364391265272,0.865495312269841
RT14,0.198155913585868,0.152984293693474,0.211773737018092
RT15,0.183771055414037,0.00449710307128108,0.010008551282955
RT16,0.055438628614112,0.665511467817272,0.726731741533834
RT17,0.136371219683204,0.191308725027464,0.256630410694004
RT18A,0.103332463067072,0.306925822568956,0.381141340549757
RT18B,0.406612857294072,0.0133025448628736,0.0258025229165241
RT18C,0.0016999355380075,0.987123641611452,0.989817546286415
RT21,-0.161740665067584,0.361826829209496,0.4383507323254
RT22,0.0640316035197666,0.132135085574104,0.187039867967306
RT23,-0.0188606010995927,0.78624218403861,0.831844877559566
RT24,-0.268459546197186,0.0146213296804882,0.0280363269917115
RT25,-0.390187807865568,2.00030179074634e-06,1.05210147357865e-05
RT26,0.19454727912938,0.00127911140516912,0.00329756886143833
RT27,-0.161841257476671,0.0454328049704858,0.074825938773163
RT28,-0.390380438501958,1.23334505563571e-07,8.63565376523152e-07
RT29,-0.246516323319889,3.41009456606404e-05,0.000132957502131128
RT30,-0.0476863498978822,0.761317454908453,0.811595120485441
RT31,-0.0915400711423087,0.210485280618893,0.278611593629805
RT33,0.118103194493904,0.399069993949914,0.475855420117452
RT34,0.309588327187328,0.00858831570789936,0.017662709747579
RT35,-0.248135246573047,0.00070903942701725,0.00194973208085
RT36,-0.156388849712474,0.00554796688644832,0.0120011529284652
RT4I1,-0.209665465199916,0.00071262155896738,0.00195818659152148
RT63,0.27561142203498,0.0113866843784308,0.0225165701342829
RTCA,-0.0604818566042431,0.269824448419119,0.34429054307817
RTCB,0.0590631092110137,0.111095564301342,0.161190931581263
RTEL1,-0.402400208215346,0.029709462775376,0.0516069821645208
RTF1,0.213589914080165,0.110366837787341,0.160435290197273
RTF2,-0.524767795938985,2.45275943087154e-05,9.8930955403057e-05
RTKN,0.0549456950464201,0.577826733725562,0.647568783939933
RTN1,-0.166552208765186,0.246957280065902,0.319129521518757
RTN2,0.347922994271336,0.0119165055939507,0.0233963758684284
RTN3,0.2861182097795,0.200685658796549,0.267719665158052
RTN4,-0.455805112999307,9.96861830784536e-07,5.58590115202141e-06
RTP3,-0.787328814104659,1.28299224539027e-11,2.53529454858104e-10
RU17,0.2006763466928,0.00098812673363314,0.00262734500319796
RU1C,-0.256421347099838,0.0839195218531428,0.126716835737544
RU2A,0.0724611983338872,0.17062737510622,0.232895953709463
RU2B,0.0450920400452238,0.535907607436168,0.608097514555511
RUFY1,-0.00368138486043888,0.945334157317446,0.959005831956536
RUFY2,-0.12565110166152,0.20351307946597,0.270929420489894
RUFY3,-0.211956646990626,0.00017473215697813,0.000562232411694433
RUS1,-0.0904889853939089,0.0673804854438288,0.105543610573403
RUSD2,0.374666715957073,0.00328522645559907,0.00764669904416363
RUVB1,0.256356126078041,6.45125053257549e-06,3.00047312292661e-05
RUVB2,0.220919296154911,3.95720901045216e-05,0.000151307357406585
RUXE,0.309052755504082,0.00098910251203004,0.00262768116507296
RUXF,0.623247896242841,5.31576159234585e-07,3.19442495689568e-06
RUXGL,0.391585172297031,3.42969827471198e-05,0.000133586834364854
RWDD1,-0.0944063451132328,0.126277816330889,0.179806872720772
RWDD4,0.0657528956570212,0.352002341968541,0.428399064768022
RXRA,-0.463804482306015,0.0001885985529664,0.000600588706020942
RXRB,0.0246969719221888,0.911933550460844,0.932848903003562
RYBP,1.00297105446352,0.0242793522990691,0.0433054744196988
RYDEN,-0.091619954851064,0.0452504086873328,0.0745414503483049
S100B,-0.108077444791142,0.403330073708024,0.479595445944077
S100P,0.0317424176782146,0.908858250067913,0.930443181308746
S10A4,0.8735352608928,5.67034690891137e-08,4.29787787319844e-07
S10A6,1.27258522285556,0.00250712724877539,0.00600403285274702
S10A8,1.1733052802661,0.201783490758666,0.268951704041089
S10A9,1.01733331085607,0.096583517606152,0.143040004193679
S10AA,1.14001425022269,2.44666046034448e-10,3.37717926869732e-09
S10AB,0.915107823557395,1.1806716876535e-08,1.07939132013441e-07
S10AC,0.458300102112782,0.21950748260735,0.288587448594022
S10AD,0.550024934140396,0.00022682327379109,0.000706567775765866
S10AE,0.812119481010013,3.04289794082281e-05,0.000119851967898871
S10AG,0.326943408493336,5.76953391947354e-05,0.000210187552987053
S11IP,0.306510737568085,0.135126435855532,0.190609795075189
S12A2,0.357988828763455,0.00121225131973793,0.00314622643225626
S12A4,0.000517834573933703,0.995504907784909,0.996493261079697
S12A5,-0.219566920389833,0.21031862750748,0.278452046988283
S12A7,-0.0897571076278023,0.310497710118184,0.384743910594493
S12A9,0.149838148657922,0.00237980916941094,0.00574010864369328
S13A5,-0.688972560041775,2.6246381589367e-10,3.59072837488574e-09
S14L2,-0.850345784810326,4.61103376463604e-15,2.19621830419331e-13
S14L4,-0.49168586225216,1.00002078896947e-07,7.16309732505617e-07
S15A1,0.211569221732143,0.503308946073968,0.577390994336416
S15A4,0.186860552613258,0.300658332548241,0.375689019261899
S17A5,-0.363387535237965,0.0302883558891614,0.0524472518044815
S20A2,-1.11349714750145,0.00061166511968089,0.00170938357966597
S22A1,-1.15656941897867,3.84865030655205e-12,8.91777350310979e-11
S22A7,-0.617993329587883,1.12943588536937e-07,7.97321801602018e-07
S22A9,-1.55424256331156,2.24044283446946e-18,2.50539955228498e-16
S22AI,-0.280042911586887,0.00706394231448506,0.0149043967455747
S23IP,0.0505239863469985,0.286577637693848,0.360967686979318
S2540,-0.0826658062682309,0.538671567814877,0.610964253602762
S2542,-0.605126383105651,5.88274440029978e-12,1.28952431229299e-10
S2546,-0.0867008970977875,0.222308801609089,0.29184796232521
S26A1,-0.757138486774859,4.0483011768574e-09,4.09930339640836e-08
S27A1,0.277233755523054,2.61693441037439e-05,0.000104894887846487
S27A2,-0.77862408002825,4.70291167357266e-12,1.05487402538624e-10
S27A3,-0.155614540318551,0.0305693839969228,0.0529101316555084
S27A4,-0.0124213573433304,0.898874488964996,0.922670687355848
S27A5,-0.862920277799679,3.84183261862313e-17,3.12693186319318e-15
S30BP,0.111111459886939,0.166303740420465,0.227638754849088
S35B2,0.306691542426814,0.0149161039565152,0.0284953350157146
S35D1,-0.374051246671923,0.00262498720085847,0.00626295647551761
S35E1,-0.0728219953911812,0.585996463681011,0.654727586701807
S35F6,1.06018576504656,9.00417198114965e-15,3.92520853144354e-13
S35U4,0.234616584409652,0.0391729151059242,0.0655231330928487
S38A2,-0.807205698453393,0.00068668811042755,0.00189841829453922
S38A3,-0.516150330275232,0.00019664476183858,0.000622742570872175
S38A4,-1.2691157548435,9.92047589239748e-17,7.39425522050613e-15
S38AA,-0.258082281333044,0.00014285800865998,0.000469884152834147
S39A5,-0.530085728591577,0.00587039280099072,0.0126419064617484
S39A7,0.111004595566534,0.380130404155393,0.457151838912564
S39AB,0.255988900848663,0.00455573606060515,0.0101157005593178
S39AE,-0.96992517275018,2.10370293656305e-20,5.59730064086914e-18
S3TC1,-0.54875817421584,0.00083886957516149,0.00226715153833487
S40A1,0.273113609647416,0.13842896561161,0.194525274515621
S43A3,-0.453590271830703,0.0566563718820473,0.0907160335011158
S46A3,-0.391804006798694,0.0180795444384815,0.0336148831053791
S47A1,0.00851557334164668,0.958577962423878,0.968113554720241
S4A4,0.158961284297499,0.140841164044689,0.197228751682182
S4A7,-0.0966761129196827,0.521680449571712,0.594840601284961
S5A1,-0.3974886555389,0.0530879868490964,0.0856243533711597
S5A2,-0.434673592594126,0.0140694903307179,0.0271061641427764
S61A1,-0.388983007877126,2.93237764517735e-10,3.93226036783642e-09
S6A12,0.15867180733129,0.308927550828791,0.38316749432486
SAA1,-1.95140129167431,1.12890300713167e-14,4.78605252913624e-13
SAA2,-1.31518246529327,1.91821279628549e-07,1.27814593576328e-06
SAA4,0.287929676915153,0.1356341882075,0.191256103108383
SAAL1,-0.447082961646641,2.76632190803166e-07,1.77849645078176e-06
SAC1,-0.0359363425310027,0.460356511363184,0.535844145674812
SAC2,1.00451074050897,4.08162963223313e-10,5.2489757070518e-09
SAE1,0.0681713694697232,0.183508620428725,0.247569711227825
SAE2,0.207935319961188,0.00626243922114882,0.0133853133048156
SAFB1,0.324234562270531,0.00496286195264685,0.0109067054476283
SAFB2,0.238800308376508,0.0248676952888519,0.0441914179753066
SAHH,-0.782338106007179,2.19456867732742e-18,2.49018998739094e-16
SAHH2,-0.0171094954218338,0.708382188731461,0.766387684836224
SAM50,-0.0410298570189271,0.545857854153791,0.617843509263701
SAM9L,-0.0215280533314902,0.867382648244515,0.89738864492554
SAMC,-0.240126232385497,0.132604929216466,0.187601693038917
SAMD9,0.0233036187808586,0.764408991330738,0.814103488903792
SAMH1,0.333515330502524,7.48360379017319e-05,0.000265054659675517
SAMP,0.350784625942551,0.306948197275297,0.381141340549757
SAP,0.424884475559176,0.00988938598131451,0.0199650712275831
SAP18,0.22843207336996,0.00658814677201343,0.0140154784926539
SAP3,0.288294769149949,0.0168640411097899,0.0316273766142731
SAP30,0.217176109955598,0.338698844386506,0.415418897359129
SAR1A,-0.802111306769128,8.36358681986073e-19,1.07555726503409e-16
SAR1B,-0.955555340345645,4.13973346390551e-18,4.37564156267054e-16
SARAF,-0.0937359389842347,0.723324336456703,0.779166631313684
SARDH,-0.772198163779754,4.10132836918477e-14,1.48784628227557e-12
SARG,0.324042113275582,0.0232052348495173,0.0416302236919032
SARM1,0.205557668970006,0.0105975320469318,0.0211457350075319
SARNP,0.391749026377802,1.58188129362604e-07,1.08015894350606e-06
SART3,0.49935557440506,1.64858233735388e-07,1.11779097671551e-06
SAS10,0.403593860003938,0.00593151800102534,0.0127557393801314
SASH1,0.486370453258684,6.01398201423671e-06,2.81576973433559e-05
SASH3,-0.147023994041387,0.134026664830545,0.189300703978123
SAT2,-0.931090730911144,9.10961858081582e-17,6.89115852642891e-15
SATT,-0.819812854442106,0.00019633551181155,0.000622351541657543
SBDS,-0.0350185545814128,0.486323738682563,0.561327444678333
SBP1,-0.670588385979914,8.82856674582838e-17,6.74467534760513e-15
SBSPO,0.702167254032817,0.0511522383133259,0.0828442844709611
SC11A,-0.0187053814163237,0.868078333351225,0.89798799036574
SC11C,-0.798411402677184,2.90026890365194e-08,2.33109113131025e-07
SC16A,-0.085984764624014,0.151969856324489,0.210444976920272
SC16B,-0.290918586773496,5.25975032031573e-06,2.49595531805389e-05
SC22A,-0.32501561856728,0.0044607265462444,0.00993619111744278
SC22B,0.0274683237472252,0.639259309991459,0.702138766675316
SC23A,-0.370354022922571,1.49528921803923e-11,2.82094171305396e-10
SC23B,-0.145065688014871,0.0768834535582273,0.117751633119349
SC24A,-0.469821392090594,1.6874057394003e-12,4.26885989679105e-11
SC24B,-0.29642568975757,7.11312133326225e-09,6.82647316013079e-08
SC24C,-0.276469270551824,3.54250804727379e-08,2.80924893039718e-07
SC24D,-0.441536596978902,1.96215533287511e-08,1.67663239739362e-07
SC31A,-0.221060405188111,8.29870477270931e-06,3.75558979625953e-05
SC5A6,-0.688010224702796,1.01122479326225e-12,2.68130945182526e-11
SC61B,-0.0769229723124919,0.418929517270266,0.494941074147508
SC61G,1.67502279535729,0.00580888574305993,0.0125129431584172
SCAF8,0.317647912156753,7.57713839227091e-07,4.37286460992987e-06
SCAFB,0.221023272570108,0.0385183100134542,0.0645962356148256
SCAM1,0.477079404727787,0.00123512023630867,0.00319804957830795
SCAM2,0.248293152332831,0.00072413951012055,0.00198629948812306
SCAM3,0.115376891138015,0.0914592806839876,0.136531225570155
SCAM4,0.527066330801923,9.64146041417278e-08,6.94617260091103e-07
SCAP,-0.166262965416349,0.342428098593115,0.418529258473701
SCD5,0.572304712799947,0.00136483054147256,0.00348825189069304
SCFD1,-0.00634398831195024,0.863230176603001,0.893931558538284
SCFD2,-0.0352748056714145,0.585906277878154,0.654721627821555
SCG1,-0.736595351114499,0.00020203122926039,0.00063835911751563
SCLY,-0.31454456344197,2.02743036283549e-08,1.72097389214947e-07
SCMC1,0.846394625629044,6.510262078732e-16,3.7487449402609e-14
SCMC2,-0.593915918071287,8.32891925197441e-07,4.74988477074904e-06
SCN7A,-0.168737014134335,0.26631247209693,0.340322463514394
SCO1,-0.119974958833188,0.11840782713223,0.169915342040596
SCO2,0.117639195329184,0.473797776167193,0.548592983329241
SCOC,-0.0709910123372788,0.578273542977312,0.64789053727918
SCOT1,0.52214214753034,4.11640492590111e-06,1.99762140932409e-05
SCPDL,-0.333205022899619,5.29535777939192e-05,0.000195049599984839
SCRB1,-0.279439202380316,0.00079568082083835,0.00216102541836984
SCRB2,-0.0977024790054995,0.0836865753086415,0.126464084426455
SCRIB,0.0270860917461119,0.436940567144651,0.512376974672516
SCRN1,1.01313634364541,4.89731971867177e-11,7.93859641791415e-10
SCRN2,-0.396407225460563,5.96331960756424e-07,3.5367389770919e-06
SCRN3,-0.702208930674727,1.68874876402525e-14,6.75149505866261e-13
SCYL1,-0.256449125528594,9.27187895244595e-06,4.14254881280098e-05
SCYL2,-0.0251649047526873,0.624074247720386,0.689089424071336
SDA1,-0.732963783833292,0.00059962576656771,0.0016787780895633
SDC1,0.118291942281402,0.487781328805331,0.562673154890407
SDC3,0.57318545119849,0.0983951770826541,0.145332539504165
SDC4,0.0232411559692914,0.768803481509865,0.816994062084251
SDCB1,0.196230585019508,0.063092082173282,0.0996966016893393
SDCB2,0.457798088011637,0.0223058312706706,0.0402224337659487
SDCG3,-0.116453924201617,0.294352192775677,0.369244272387762
SDCG8,0.539325595629142,4.25206610013174e-05,0.000161223302351924
SDE2,-0.112136954811299,0.497354300590326,0.570984345090754
SDF1,0.579552844484903,0.0133875269166017,0.0259477914314239
SDF2,0.315741267471328,2.0602279621191e-05,8.47373078662632e-05
SDF2L,-0.237474388378268,6.66567132077267e-05,0.000238997769103541
SDHA,-0.401754963283038,5.62689993534088e-05,0.000205476383819641
SDHB,-0.473738085105384,1.43198207502166e-06,7.7483686471719e-06
SDHF2,0.519110088183753,0.04415598692928,0.0728786299778234
SDHF3,-0.14622378267473,0.280923770626358,0.35569540763915
SDHL,-0.924142462573622,8.38344356585844e-07,4.77040195827166e-06
SDOS,-0.264754995501481,0.00435019074824514,0.00971802889793268
SDPR,0.10932846200803,0.17468693442933,0.237603532027928
SDSL,-0.184970845167391,0.00158139340430368,0.00397719410287066
SE1L1,-0.0239252602690648,0.627864840191238,0.692559853273898
SEC13,-0.382838761423606,4.89512563970291e-07,2.96241485772138e-06
SEC20,-0.27357556561538,0.0026867518577234,0.00639056021399314
SEC62,-0.190461891662108,0.00331451642823469,0.00770093609161664
SEC63,-0.436375082244539,3.38634053145178e-11,5.83236686175936e-10
SEGN,0.126419188471178,0.381698063873425,0.458630358656244
SEH1,0.211386061679429,0.0283867829318648,0.0495997321336659
SELB,-0.249132192216678,7.65656856629032e-07,4.40552446364624e-06
SELH,0.229411958584968,0.00393299779844451,0.0089124848789421
SELK,-0.179291922331102,0.146646626079864,0.204357118806616
SELM,0.460639828713833,4.29825386327302e-08,3.33991206535897e-07
SELO,-0.315101293447718,2.76948482847701e-06,1.39943319820096e-05
SELS,-0.0543233862869603,0.752961639779384,0.804688644395807
SELT,0.0828469878395422,0.748366035229163,0.80077552736489
SELW,-1.05578982780621,2.43136666932342e-13,7.5041700881998e-12
SEM1,0.877863586317316,0.0380199773964409,0.0639133214795072
SEN34,0.15485536553771,0.389007381886911,0.466083999788727
SENP3,-0.215499685117912,0.0492117446770738,0.0801261493834778
SENP8,-0.570000417272763,7.17191347585912e-08,5.30203222629583e-07
SEP10,0.0983036631671409,0.11604169348361,0.167204053579745
SEP11,0.409652702133377,3.43197497079648e-08,2.72720070799852e-07
SEP14,0.656823085105914,9.46440242499515e-07,5.34216013981438e-06
SEP15,-0.297794786002991,3.26711991751042e-07,2.06125079995997e-06
SEPP1,0.0818440734330927,0.329832771557867,0.406028982983488
SEPR,1.061876405259,9.05221923747422e-06,4.05615119839437e-05
SEPT1,0.223833983723499,0.014209885775534,0.0273493336602695
SEPT2,0.309152899235011,1.29751448223928e-08,1.17645378906678e-07
SEPT4,0.320470814214952,0.000190612741457,0.000606002436375036
SEPT5,0.309466094639894,0.00069994589743206,0.00192816227939514
SEPT6,0.266649834178907,2.14317623676439e-06,1.11961732179242e-05
SEPT7,0.65566140233175,8.63967757494389e-10,1.02876160753499e-08
SEPT8,0.213586181583876,0.0077095228491691,0.0161079551324638
SEPT9,0.2641412495807,9.48374007399331e-09,8.84843269781528e-08
SERA,-0.955416221404077,2.25592569333488e-22,1.16044817665146e-19
SERB,-0.395225162142249,2.96489181056706e-05,0.000117258355767993
SERC,-1.23080677726359,1.59492305366594e-26,3.0766065705216e-23
SERF2,0.5892495851406,0.00053727504736334,0.00152412289171159
SERPH,0.770568597573669,5.3523695305022e-10,6.72620249142589e-09
SESD1,0.0848806535912965,0.433161995047327,0.508640686925152
SET,-0.0546665227538774,0.354112593009225,0.430204400941691
SET1A,0.224277410077033,0.0493537881775833,0.0803235244839133
SETD3,-0.0330515092973503,0.513019564724541,0.586960106971317
SETD7,0.0242047697045494,0.63287239611151,0.696511682840738
SETD9,-0.531180311410508,0.00143172002978177,0.00363632381494277
SETLP,0.0965236467391457,0.274746636649115,0.349537518282699
SETMR,0.368282247966836,0.0045926747802532,0.0101947867101363
SF01,0.214177039917329,0.0223327810882145,0.0402616212328652
SF3A1,-0.125838864599125,0.00057865647415926,0.00162656224211761
SF3A2,0.218698105828888,0.00911208461211665,0.0185756525408433
SF3A3,-0.0572589399385092,0.315058529397205,0.389644432253379
SF3B1,-0.0426177243418901,0.340128292689325,0.41633563681595
SF3B2,0.145656588946971,0.00739024738655238,0.0155207264111699
SF3B3,0.102835476221365,0.00369687087208553,0.00846189725571402
SF3B4,0.0731072767071183,0.422925496712232,0.498898200983272
SF3B5,0.0172805676706796,0.877927773552239,0.905264025221045
SF3B6,0.292016034406696,1.13801383386649e-07,8.01178352382649e-07
SFPQ,0.459470439726989,2.20185681616249e-06,1.14716591448412e-05
SFR15,0.565028759020964,0.00028928235261728,0.000879126676957437
SFR19,0.286167901746312,0.0211968287495924,0.0384653646829386
SFRP1,1.88628987297779,0.0790017583055603,0.120517510297687
SFRP3,0.734456008723128,0.0231166571281852,0.0415002620756345
SFSWA,0.40055650962749,0.0648972470273359,0.102109942508753
SFT2B,0.547149709464046,0.00360339903183074,0.0082838771438657
SFXN1,-0.509627948804553,1.24919928237161e-12,3.25635866985789e-11
SFXN2,-0.0679553041398676,0.427012046894912,0.502566344393097
SFXN3,0.299951469680082,2.46417808032089e-07,1.60452304369249e-06
SFXN4,0.475165837665319,0.0962563336334485,0.142637578320662
SFXN5,-0.407702980296348,5.26267344684666e-05,0.00019428998026622
SGCB,0.834121398205638,8.16819870317915e-07,4.67204011814161e-06
SGCD,0.500346232163439,5.000399458924e-07,3.01902051839261e-06
SGCE,0.475398297753406,3.49857647892701e-06,1.72381967505752e-05
SGF29,-0.143204007635215,0.0934448229873462,0.139219975703874
SGK3,-0.337035107502152,7.91980669434087e-05,0.000278528844364331
SGMR1,-0.396421474489919,5.46781229925404e-06,2.58198529382155e-05
SGPL1,0.108169802930614,0.0162038869764873,0.0306369007377055
SGT1,-0.263086101479884,2.39181246398983e-05,9.66242145138509e-05
SGTA,-0.213140701012452,6.70157515980389e-06,3.11127279982231e-05
SGTB,0.462378001203698,0.0001982136960915,0.000627067191079136
SH21A,-0.0314276636068136,0.869210343606822,0.89855667353567
SH24A,-0.116043974255834,0.168851612577026,0.230757889239166
SH2B1,-0.250442594923486,0.0609223331534453,0.0965646513171701
SH319,0.507259824396168,1.0626698850724e-06,5.90321154299398e-06
SH3B4,0.407783455728863,0.00016451362477708,0.000532555826029819
SH3G1,0.498128297078807,0.00049907798356082,0.00142731123838224
SH3K1,0.532377808108302,7.06566668078026e-09,6.79784091133422e-08
SH3L1,0.281007371270587,0.00630320138062049,0.0134612515507522
SH3L2,-0.660738812107113,5.13614014992026e-08,3.94332909420744e-07
SH3L3,0.470854392249177,0.00116619189301584,0.00303690065693899
SHAN2,-0.48290815754147,0.0136337079878872,0.0263851745258434
SHAN3,0.107971694153559,0.177509490638035,0.240798739409824
SHB,0.163315807565258,0.590736058316945,0.658782978172214
SHBG,0.486343677621067,0.0639540475170127,0.100872737252917
SHC1,-0.36789436707024,3.03906543427101e-07,1.93158392840487e-06
SHIP1,0.565119447732681,3.46627984439943e-09,3.55190109952005e-08
SHIP2,0.135358872558157,0.0409407422334562,0.0681403725352347
SHKB1,-0.102280529164053,0.448917851525259,0.524190396847594
SHLB1,0.326196767486026,2.3445552897645e-11,4.27673489735766e-10
SHLB2,0.464402703041094,3.17191869734672e-07,2.00775427963308e-06
SHOC2,-0.0392436962712169,0.657615181114178,0.719534704690442
SHOT1,0.0728370837967137,0.162609138257793,0.223254823985255
SHPK,-0.43297116252114,2.9960972774358e-10,3.98584251598183e-09
SHPS1,0.442635688072675,2.73317154509289e-05,0.000108987863782619
SHRM1,0.126119141263669,0.283927492541651,0.358733344105351
SHRM2,0.227930794394455,0.399074704974084,0.475855420117452
SHRM3,0.342197440791208,0.0135481366250772,0.026232728280827
SHRPN,0.0759282484416005,0.615830952335554,0.68233079095651
SI1L1,-0.175065931599922,0.0835939186434174,0.126373565096514
SIAE,0.469703674769862,4.89144790358081e-05,0.00018206662819117
SIAS,0.00330863095736193,0.972461382908264,0.978804073900361
SIAT1,-0.71792357222311,1.39615445688301e-12,3.56712840705606e-11
SIDT2,0.181404101353303,0.00650172249107935,0.0138545403869562
SIG14,1.031829209973,9.68651783336916e-06,4.31033284903555e-05
SIGIR,0.346090019451641,0.0274729939134918,0.0481995500310375
SIGL7,0.524648460725432,0.0038239352335579,0.00870882062046421
SIGL9,0.0433921039283201,0.864604124202639,0.895114104702477
SIK2,0.122945662168475,0.0347851733673788,0.059171604431811
SIL1,-0.143815258778614,0.247195884414707,0.3193843677401
SIM12,-0.11851388871995,0.420126931953874,0.496203797176809
SIN1,-0.0774918594554797,0.126003447906357,0.179567038416653
SIN3A,0.0698107598829025,0.407154506897025,0.483621332391848
SIN3B,-0.264613292620725,0.0103729092638888,0.0207781328868551
SIPA1,0.275169192541113,0.00109001147683764,0.00285683714513561
SIR1,0.510297620432772,0.00179556790813776,0.00446778522386035
SIR2,-0.104218555293556,0.0731558880195282,0.113029802154321
SIR3,-0.357958435488276,7.79930021336593e-05,0.000274666364428715
SIR5,-0.254134435786241,0.013555778680142,0.0262409403652724
SK2L2,-0.0640357437046676,0.120441774129693,0.172609347916923
SKAP2,0.254450129141368,0.0313660126635279,0.0540948041376355
SKIV2,0.0694299602771635,0.0628665759456964,0.09938096701434
SKP1,-0.381700890609003,0.00043335187179213,0.00125893939862503
SKT,-0.0571951568841299,0.236553109868279,0.307435370682776
SL9A9,0.331318841182304,0.00339013495600744,0.00784769726248383
SLAF5,1.12903039953774,0.00014657588150259,0.000480450085672891
SLAI2,0.449934248235258,3.70729215911567e-06,1.81968615138273e-05
SLFN5,0.328336718175536,1.86432608652655e-05,7.75479249791852e-05
SLIRP,-0.369190621245155,1.3035629228103e-07,9.08608086034713e-07
SLIT2,0.526998249018504,0.00025500014169969,0.000784521967047372
SLIT3,0.852837833989048,0.00037653572464125,0.00111198100859772
SLK,0.272939293249526,1.6391225841362e-07,1.11628154097043e-06
SLMAP,0.523938262203794,3.30600150316153e-06,1.63729830541684e-05
SLPI,0.98029516319535,0.00105024242477488,0.00277143315648529
SLTM,0.468603126233631,2.25064800329879e-12,5.47823343642065e-11
SLU7,0.271159105490071,0.00309927825003089,0.00726208046682003
SMAD1,0.258100376915487,0.00303143073614458,0.00711823480221898
SMAD2,0.243276673041435,7.97770099577214e-05,0.000280437088306961
SMAD3,0.0948724721900517,0.368077725959344,0.445294407886845
SMAD4,0.0994204457054888,0.296485055495432,0.371255872801485
SMAD5,0.670181366755784,0.00044379958275122,0.00128493717842717
SMAG2,-0.0799398889888975,0.352869527257118,0.429087534052736
SMAP,0.476288356567328,0.00215844910354702,0.00525713171810884
SMAP1,0.258094345079891,0.0154812393835082,0.0294364817849062
SMAP2,0.205352472328833,0.00356046419058545,0.0081983114576417
SMC1A,0.234175098488222,5.128002883141e-07,3.08640173528206e-06
SMC3,0.239081481624496,2.49185844237472e-06,1.27755347118693e-05
SMC4,-0.354140680863463,0.177606163826919,0.240845195094641
SMC5,0.0886572376494745,0.387280911274219,0.464159601023901
SMC6,0.10762226034506,0.431323451991266,0.507021900603993
SMCA1,0.524173027515641,3.81309928356879e-05,0.00014652327725108
SMCA2,0.438288592694511,9.7138962273707e-07,5.46300461300236e-06
SMCA4,0.150059195549336,0.0950815391136885,0.141279002757083
SMCA5,0.37950452155417,3.54134592958801e-08,2.80924893039718e-07
SMCE1,0.19359640193468,0.0490895571626913,0.0799609506158594
SMCO4,0.20346304200375,0.0247937872904995,0.0440803831183166
SMCR8,-0.125510924664421,0.443858559551059,0.519540753260918
SMD1,0.227343078590863,0.00659827184272144,0.0140292823197682
SMD2,-0.0642358384776924,0.180456767178381,0.243939105737279
SMD3,0.51821383289613,3.05182369009122e-10,4.05298994711598e-09
SMG1,-0.32190385740708,0.0147263033136931,0.0281885776155931
SMG8,0.464803121323956,0.00655996671280898,0.0139593775940524
SMHD1,0.143245810834784,0.00181010043312849,0.0045010425207926
SMI20,-0.223231001689408,0.00853290562337968,0.017580747607476
SMLR1,-0.226804436904556,0.102539854866941,0.150417779496828
SMN,0.22890609593165,0.00778348751870899,0.0162492937484736
SMOC1,0.709854367852069,0.00034451054096197,0.00102634877763033
SMOC2,0.972842612981483,0.00163979795536223,0.00411469301579674
SMRC1,0.199431757832565,1.33804524527836e-05,5.76457683560459e-05
SMRC2,0.196554169485663,0.00013733553926859,0.000453242523950573
SMRCD,-0.164985744934613,0.0205188244465277,0.037481829883856
SMRD1,0.261467028359125,0.0589406105636577,0.0938282960819441
SMRD2,0.0952344612014191,0.466797858920439,0.542115033026807
SMTN,0.71454446806252,0.00044813547501566,0.00129603198096733
SMU1,-0.0237450401947418,0.640528334324486,0.703232303307873
SMUG1,-0.474171232816069,5.72107964278432e-05,0.00020852078660238
SMYD2,0.146605697862446,0.160808154303351,0.22117570741616
SMYD3,-0.133572731605341,0.0158625130607137,0.0300445995061122
SMYD5,-0.0175442643174539,0.901102511265846,0.924711660716487
SN,0.148224781321201,0.29512235704946,0.369909698991818
SNAA,-0.166514931766627,0.00678444214108009,0.0143815262529049
SNAG,0.246741282437297,0.00018579314365011,0.0005928783690671
SNAPN,0.231957041139761,0.0444008787547749,0.0732514818199365
SND1,-0.432436736405188,1.64120631741112e-17,1.48982917001696e-15
SNF5,-0.149429772973822,0.180211591410052,0.243778513204762
SNF8,0.113273760999703,0.0822301616864665,0.124546261942018
SNG2,-0.0395413093921691,0.627292268579132,0.692048490757304
SNIP1,0.419192603147705,0.0513626195302987,0.0831544213797282
SNP23,0.336860350495953,1.46862763062886e-05,6.27112938457791e-05
SNP29,-0.148185725878335,0.014709333574563,0.0281630813551683
SNR27,0.29808112210177,0.00228069988668129,0.0055304463625496
SNR40,-0.247308996222791,0.00096802456080503,0.00257739044553886
SNRPA,0.0567264035887319,0.513453451910025,0.58736943438662
SNTA1,-0.0253194310459556,0.84497903176578,0.878450311116243
SNTB1,-0.0588332100098047,0.513888478969029,0.587655125487094
SNTB2,0.510343199486228,6.59017438410882e-10,8.08422663716751e-09
SNUT1,0.256885056018927,0.00011232779685662,0.000379641384382689
SNUT2,-0.0618770963222337,0.234086078559346,0.304948198913374
SNW1,0.499410685494631,8.61177806549826e-10,1.02702441349899e-08
SNX1,-0.0924415525358529,0.0326238943412961,0.0559888720501425
SNX12,0.0996426213791283,0.0138840400396705,0.0268225470571101
SNX14,-0.211975330466577,0.0107743899192284,0.0214542432559397
SNX15,0.231600754009426,0.0296837408649265,0.0515739122976296
SNX17,-0.188679434716303,0.00054892050388843,0.00155430114055161
SNX18,0.0640081422475665,0.17888840402659,0.242243405663245
SNX2,0.192923851823389,4.91677795266909e-05,0.000182921208692356
SNX20,-0.602148981165305,0.00849292184718443,0.0175077170646206
SNX24,-0.216312063086914,0.0957395462402046,0.142062757459504
SNX25,-0.238431032441458,0.0713427348402575,0.110671600729278
SNX27,0.0767136857483959,0.145867379329654,0.203352264789439
SNX29,0.223932809197944,0.115728660007827,0.166815307420212
SNX3,0.326474070653993,6.28633066525134e-06,2.92729797302832e-05
SNX30,0.074046386284177,0.22619617277117,0.296169976090675
SNX32,0.179252424801692,0.164422545227306,0.22538361324816
SNX33,0.0144652764264159,0.871918478466063,0.900873457397448
SNX4,-0.146394549060505,0.00021556118580523,0.000677227243352262
SNX5,-0.0832065590527786,0.0359774764067764,0.0609445022952111
SNX6,0.443398718677146,0.00062795027960908,0.00174856165913521
SNX7,-0.131419590563975,0.0789461832451245,0.120504203742706
SNX8,0.0346763461672467,0.550208240769143,0.622037624289334
SNX9,0.213092162696154,0.0014273644310516,0.00362764952239596
SO1B1,-0.674268098583406,4.4589825517021e-10,5.68686105271627e-09
SO1B3,-1.48876640468501,1.74721530162699e-19,2.86840707816039e-17
SO2A1,0.949418392166948,0.00023035090732873,0.000716977652661751
SO2B1,-0.11105268549029,0.120212646135073,0.172312981158875
SO3A1,0.750426424676664,0.00416431943478256,0.00936789759731261
SOAT1,0.355536172415178,0.00047664924536094,0.00137437428146675
SODC,-0.652885690478726,2.12028213081702e-12,5.19368156234417e-11
SODE,0.461218404326392,2.18378654926501e-05,8.9153952455708e-05
SODM,0.591576021681705,0.0111078252077393,0.022038565004607
SON,0.0608691743707747,0.271910982274098,0.346501261639462
SORC2,-0.386739223712242,0.0170415116926575,0.0318923852099309
SORCN,0.211072018907682,0.00796150552240706,0.0165850368819905
SORL,0.259384583477395,0.00050515611732643,0.00144362392640398
SORT,0.716959297391878,2.6493312022655e-05,0.00010597324809062
SOS1,0.214389689692839,0.158109262280569,0.217890885471847
SOSSC,0.229511633224634,0.0343747870052795,0.0585643693738436
SOX,-0.585219277585971,1.88296573799402e-10,2.66098235061572e-09
SOX4,0.725871134963721,0.0137749458652108,0.0266317921062307
SP1,-0.101234552358057,0.491789711206965,0.56585884456799
SP100,0.383024631678036,5.42223555639056e-07,3.24828956157683e-06
SP110,0.215391582006653,0.204918840899902,0.272471786383533
SP130,-0.38254552453822,0.0099291745411043,0.0200296760154669
SP16H,0.256633898855787,2.78329694594365e-05,0.000110700614612893
SP3,0.604892097523687,0.00268410801410808,0.00638624034439036
SP30L,-0.321878465324322,0.0634641982965238,0.100141053999177
SP4,0.408842268246447,0.0580101097995572,0.0926145266321919
SPA11,0.57552629844662,0.00013215299377885,0.000438577419353809
SPA5L,-0.0758447534816276,0.165997005112626,0.227299537080572
SPAG1,-0.306153727245282,0.278424287547103,0.353226208930195
SPAG7,0.666130303598128,0.0348478434035919,0.0592390305578575
SPAST,0.293311621517179,0.0047146356647173,0.0104275561086997
SPAT5,0.133505658963643,0.207987812386815,0.275934312306854
SPB1,0.190418905845296,0.00082729221192892,0.00223978480955914
SPB10,0.469498427796157,0.018650816893944,0.0345355659116083
SPB6,0.365258039741108,7.15882684564537e-06,3.290936650801e-05
SPB7,-0.269352778742857,0.0517750978832199,0.083716817951996
SPB8,0.481203861090895,0.00010041153295182,0.000344332728735687
SPB9,0.546169937070284,4.25623463246417e-08,3.31059540565459e-07
SPC24,0.031383903119468,0.825034521348478,0.863491725858702
SPCS,-0.694728674012304,1.06434962427803e-15,5.6638080696064e-14
SPCS1,-0.254194918790031,0.0552331553387692,0.0887503179079432
SPCS2,-0.166879947805845,0.00628171727928233,0.0134227999243817
SPCS3,-0.412106213123159,5.4214699302486e-05,0.00019910548301665
SPD2B,0.272547601501126,0.00149681675418114,0.00378298004430451
SPE39,-0.130059719720409,0.155876997729238,0.215237457852326
SPEB,-0.743177143548223,5.43585196603047e-12,1.20525959108882e-10
SPEE,0.343302068164667,2.29534477392922e-06,1.19184927830672e-05
SPF27,-0.0417882711715202,0.497096645459694,0.57077346969747
SPF30,0.106111089576989,0.314451730340737,0.389018687078584
SPF45,0.532612201536912,0.00018713315601549,0.000596660922237818
SPG20,-0.281175966724215,0.062182991190646,0.0983607954134942
SPG21,0.0457924185140899,0.297036524238809,0.371825733456627
SPG7,-0.0997597547774079,0.301936017486599,0.376537243676026
SPHM,-0.28498903102718,0.356132725288745,0.432062910114459
SPICE,-0.551405765674911,0.00463755291774483,0.0102796203140819
SPIN1,1.20344925973165,2.33213074521863e-08,1.94327438770053e-07
SPIT1,0.539134983173809,3.49249480120889e-06,1.72192267642989e-05
SPIT2,0.503774102102087,0.0129829996152728,0.0252589069670814
SPN1,0.653044420317113,6.3493323603008e-05,0.000228611518861787
SPN90,0.0572506205695951,0.511968285490079,0.58593107250689
SPNS2,1.3574427779125,0.0651369632830108,0.102445334017878
SPON1,0.43830562815762,0.00098814867797829,0.00262734500319796
SPP24,0.193090441286841,0.151828869242695,0.2102874807174
SPRC,0.400403490372994,3.60891014902643e-07,2.26577304392904e-06
SPRE,-0.700691834813146,1.06548280720541e-16,7.82977651466375e-15
SPRL1,-0.155284231787619,0.100768103354905,0.148243534087549
SPRY4,-0.79553922333523,8.65313967156704e-12,1.78523063384522e-10
SPRY7,-0.00647325536878002,0.947573061484133,0.960420496324876
SPS1,-0.162902209150242,0.0648645037225828,0.102079239388833
SPS2,-0.427448486714132,1.063413047177e-09,1.23760106666934e-08
SPS2L,0.110439418854951,0.0446126421718328,0.073553663888432
SPSY,-0.249834861668707,0.00168525308139434,0.00421641140597884
SPT20,-0.0192621011530387,0.787645250530787,0.832872516526731
SPT4H,0.245656291368305,0.0835573176932544,0.126342987129365
SPT5H,0.233321175762912,0.076208648052617,0.116903763096221
SPT6H,0.0601027378134016,0.306555517482855,0.381083030916338
SPTA1,0.61421323601706,0.00069969926128446,0.00192816227939514
SPTB1,0.304686257287879,0.00605722968495821,0.013000718845379
SPTB2,0.123434446191455,0.00213889141683784,0.00522103327185092
SPTC1,0.221848628932861,0.00069616656856222,0.00192049383018452
SPTC2,0.308480871491505,0.00065946398536508,0.00183234573679401
SPTC3,-0.708257878883802,1.05596903200754e-07,7.50263080199832e-07
SPTCS,-0.193556032537025,0.109186295229741,0.159018771988049
SPTN1,-0.20452137774768,5.46299057570877e-05,0.000200439540095905
SPTN2,-0.502958874947218,6.75129923737089e-15,3.06429558326787e-13
SPYA,-0.906381138137897,3.75668763227396e-13,1.10215215857893e-11
SQRD,0.00394470118699606,0.95681120000549,0.967060017007211
SQSTM,0.965491006889879,0.00336549203835569,0.00780058172663037
SR140,0.16855731966173,0.00057047895191254,0.00160591594051702
SRA1,0.0405137392382821,0.649635943815281,0.711611434196296
SRBD1,0.0350326354934095,0.677471305089834,0.737599631730374
SRBS1,0.203945338597742,0.00056534041438711,0.00159435915110049
SRBS2,0.0733829036235956,0.170710451208475,0.232926939261643
SRC,0.0989746446479294,0.186685083188411,0.251193409381347
SRC8,0.408882474760883,8.76261029457181e-09,8.23535944371694e-08
SRCH,1.00409720123384,0.0702490442604195,0.109178453814466
SRCN1,0.173126153927946,0.0471345771284828,0.0771184048183574
SRCRL,-0.393562274873261,0.202451109325316,0.269748361173224
SREC,0.366690937462425,0.0364947056343287,0.0616870761705949
SREC2,0.526877095546689,0.0854309495169455,0.128696838436695
SREK1,-0.02300689633703,0.789607630891427,0.834362847854892
SRG2B,-0.0173703724814637,0.873640527128533,0.902048749809148
SRP09,0.0451647498338328,0.477019396228411,0.55149560403033
SRP14,0.638592882256376,2.12949793806225e-14,8.21560304504416e-13
SRP19,0.00436044168471354,0.937192143888746,0.952624763831585
SRP54,-0.0755189400462522,0.146877716436325,0.204642192131218
SRP68,-0.120695651043074,0.0021597187933717,0.00525856428199938
SRP72,-0.0946063253196517,0.0244657627672286,0.043577522048
SRPK1,-0.00773515502292929,0.925059497471386,0.94364874173575
SRPRA,-0.731786266345307,1.24440279359532e-17,1.17095267748555e-15
SRPRB,-0.616017922540423,1.82319419324538e-05,7.60539941808115e-05
SRPX,0.543142466467213,0.162748016997462,0.223377455918992
SRPX2,0.374577695052092,0.0209666498452906,0.03815534674676
SRR,-0.0554205804962833,0.737125329551032,0.791291712300936
SRRM1,0.19880591809463,0.0408964027768845,0.0680959524873631
SRRM2,0.255627624304496,1.19396036265701e-10,1.74812109264924e-09
SRRT,0.103670853421278,0.00914326516318823,0.0186244545932314
SRS10,0.178907093894442,0.00021656840767255,0.000679561542741519
SRS11,0.115728446434519,0.0230225371316644,0.0413505345688833
SRSF1,0.0625417458640875,0.250722439212199,0.3232911666045
SRSF2,0.0551637174247858,0.487108126879523,0.562148714777505
SRSF3,-0.00567304987726921,0.927615844384996,0.945127204405025
SRSF4,0.138547132791958,0.0155169444546864,0.0294898382789065
SRSF5,0.590965072560857,0.0208155364079271,0.0379340290324907
SRSF6,0.341667010158571,5.37583058190327e-06,2.544779679139e-05
SRSF7,0.216289710181054,0.00378751246988208,0.00863861845037249
SRSF9,0.0631757102457221,0.263701678495304,0.337489160933781
SRXN1,0.142781988757609,0.0359091561119917,0.0608572647474209
SSA27,-0.14451631136313,0.0400129576301316,0.0667834698408167
SSBP,0.0525814398214247,0.374550206244566,0.452132257725762
SSBP3,1.01640788704006,1.68080093296809e-10,2.40433509099597e-09
SSBP4,0.65703902385889,0.00104327969950401,0.00275527352216592
SSDH,-0.49622507666084,3.06370811832871e-05,0.000120610060413389
SSF1,0.0505727421158508,0.633122315245811,0.696687362298442
SSFA2,-0.109103760237322,0.0746582629067968,0.115003896740912
SSH1,0.227536546075542,0.0418824573437825,0.0695277626645064
SSH3,0.305029617908056,5.63583474490401e-05,0.000205705302231217
SSNA1,0.816360500359181,7.85856182688019e-07,4.50830208596339e-06
SSRA,-0.39895118572159,1.0199363766026e-06,5.69864524392879e-06
SSRB,-0.26736560095136,0.0246455957588564,0.0438573378402528
SSRD,-0.341021351830914,0.00022100946711694,0.000691248094152537
SSRG,0.252517390153183,0.0721840989208914,0.111752108200963
SSRP1,0.19872169804882,0.0191299710325124,0.0352704555524171
SSU72,0.143847903797736,0.231693150178176,0.302341340567361
SSXT,0.420678574814643,3.58506755884136e-07,2.25263691237947e-06
ST14,0.69376214449766,7.99962401789992e-07,4.58241268909546e-06
ST17B,0.842574217226159,2.6337706549366e-05,0.000105460167999433
ST1A1,-0.883537145366532,1.44962682095463e-12,3.69152493415377e-11
ST1A2,-0.515336012521706,0.00041032652301315,0.00119791125674214
ST1A3,-0.136132312032349,0.11718938405906,0.168700240186512
ST1B1,-0.557615947193674,5.60995371651427e-13,1.59141187046412e-11
ST1C2,0.49176999470197,0.00896891170718357,0.0183225106520065
ST1E1,-1.26885414538535,1.60844964716668e-08,1.41717391493405e-07
ST2A1,-0.947491863471262,1.28974331565788e-09,1.47431991460981e-08
ST38L,0.202183235189333,0.00966530948853061,0.019553625593472
ST5,0.655371064418194,0.00013298937760462,0.0004411633867572
ST7,0.0294896373786855,0.883024831112328,0.90977154101876
STA5A,0.189789143246513,0.00061657141718354,0.00171873737535701
STA5B,-0.164420731933379,0.0703863850418325,0.109363944217233
STAB1,0.130550053481974,0.00374826976995204,0.00856430250072548
STAB2,-0.309589491257044,0.00015860428236531,0.00051549732212752
STABP,-0.323727455730623,0.00019548179604744,0.000620204579893934
STAG1,0.0576776195421816,0.397190395396839,0.47404811923929
STAG2,0.139503548264736,0.0432072757190312,0.0714656676201596
STALP,-0.00290986476654798,0.979850473919175,0.98482822153971
STAM1,0.354026680534708,0.00028766755007074,0.000874563757425465
STAM2,0.0326284414950619,0.655989005761921,0.718060883594692
STAP2,-0.069528950348032,0.352697278376432,0.428974180320389
STAR5,-1.28171605188153,1.47277247348421e-15,7.52576980490342e-14
STAR7,0.750988886244775,7.48186671363588e-06,3.41800376331643e-05
STAT1,0.0978022443865305,0.102437220314314,0.150295796148554
STAT2,0.0852397183623798,0.136769699020416,0.192553588100589
STAT3,-0.568481630082534,1.29264790959981e-15,6.64938084698142e-14
STAT6,0.165603273664632,6.51997325133758e-05,0.000234427370024794
STAU1,-0.0724104325718394,0.162756357850774,0.223377455918992
STAU2,0.165510661204226,0.00615496807639887,0.0131769534285649
STBD1,-0.316694904788237,0.0145812212371231,0.0279733224927006
STEA3,-0.734551389219608,2.76723248547939e-12,6.67248933061218e-11
STEA4,-0.0148437268250987,0.849212201683098,0.88225681273553
STIM1,0.0781944536041447,0.113450783654901,0.164022156020464
STIM2,0.0582139618795933,0.782371911170377,0.82854538383072
STING,0.347664522551967,5.28309412657868e-05,0.000194858290060617
STIP1,-0.00398786321316818,0.9272083331574,0.945127204405025
STK10,0.473639388179517,1.77374240186754e-08,1.53642275588905e-07
STK24,0.348732119424269,1.09660071417066e-11,2.20348206003667e-10
STK25,-0.0794129299576748,0.297474514140308,0.372192857322299
STK26,0.132043753092952,0.503679299151486,0.577729964657777
STK3,0.206165580360704,0.0051478087687518,0.0112586429874402
STK38,0.19573058616576,0.194173870752697,0.259931572992333
STK39,0.0498774683911229,0.691056917590401,0.750273698624952
STK4,0.233598510686495,0.0004979857871613,0.00142577303663695
STMD1,-0.41793296609246,0.279884478771401,0.354670494038451
STML1,-0.114700172405481,0.0820762069755303,0.124420434778623
STML2,-0.118895237885346,0.105020788971469,0.153502634533786
STML3,-0.146039958097849,0.155488966971228,0.214816986418979
STMN1,0.856517260570509,6.32459085132257e-13,1.74912340533351e-11
STMN2,1.15130487651976,3.23614074340474e-11,5.63658283885124e-10
STOM,-0.172280121192507,0.0575205058715494,0.0919089300693467
STON1,0.535721539811079,0.00035058110642614,0.00104201996039449
STPAP,-0.295833499604394,0.0202392542834284,0.0370325079561142
STRAA,0.171320854757831,0.0350973516035259,0.0596237703594905
STRAP,-0.0367790107286575,0.39247519141033,0.469509856887148
STRBP,-0.291426746333439,8.36545064901502e-05,0.000292071571076018
STRN,0.146592664880669,0.0632952840630869,0.0998949502619715
STRN3,-0.0207830857740255,0.755966935022448,0.807006207890593
STRN4,0.150796207182358,0.0670666557988805,0.105137406774515
STRP1,-0.0955423505138198,0.186328739364187,0.250778397511611
STT3A,-0.346815094200542,0.00012874389731512,0.000428553887697785
STT3B,-0.471110445214677,1.94795744478008e-06,1.02737113082181e-05
STX10,0.228765752234601,0.00765716589565606,0.0160072316583262
STX11,0.33918072214342,0.0339091795304148,0.0579112946561931
STX12,-0.0743355363455119,0.0863243743962524,0.12986525109017
STX16,0.0486309891677627,0.72728405614947,0.782667193479681
STX17,-0.246995383248398,0.0146396824017628,0.0280575467059594
STX18,0.197996196482324,0.00530394588061784,0.011543359674757
STX3,0.526052781633633,3.02970348056568e-05,0.000119393217855183
STX4,0.0804884863482994,0.039638822134282,0.0662342733558117
STX5,-0.340793537433272,5.18154913959024e-10,6.53281587599319e-09
STX6,0.304970061209581,0.0226166302487028,0.0407162666819857
STX7,0.400904021644995,6.71415907369787e-07,3.93168500664298e-06
STX8,0.333584024269314,0.0156452468438989,0.0296971032343232
STXB1,0.639438710899104,1.9556234971688e-12,4.82450080508069e-11
STXB2,0.260845861447335,8.3767720276737e-07,4.77012346609079e-06
STXB3,-0.00509668447659394,0.911036312402142,0.932425545363434
STXB4,0.04127522869943,0.811390940818786,0.852685656259471
STXB5,0.0854314549880289,0.526666825640266,0.599728634392015
STXB6,0.187329425432657,0.380587792498313,0.457630576112978
SUCA,-0.250093270564378,0.00755748961796553,0.0158374768854487
SUCB1,0.0254796105573515,0.731851456802316,0.786595046759531
SUCB2,-0.371835387506378,0.00116310456650267,0.00303090673256825
SUCHY,-0.512007367746376,1.0205865801435e-07,7.29180528323505e-07
SUGP1,-0.0531794717730097,0.556482725838599,0.627659803036198
SUGP2,-0.125653746379611,0.251398578592957,0.323969822877973
SUH,-0.0544748209427605,0.55843204024797,0.629306502490629
SUMF1,0.0672201644751043,0.393348448071429,0.470152442016426
SUMF2,0.112685455545964,0.149561169526715,0.20785554468086
SUMO1,0.100957470030698,0.332572863390078,0.408815073111015
SUMO2,0.54541588899851,4.47531830625917e-08,3.47050814583877e-07
SUMO3,-0.545097548580598,0.00055906742241949,0.00157839891379026
SUN1,0.249029008128058,0.00119513421592841,0.00310493454885643
SUN2,0.0358251692440154,0.363718312334857,0.440365683034012
SUOX,-0.459398042798371,6.43632490037218e-14,2.22702614041577e-12
SUPT3,0.0887576304709817,0.26394176281066,0.337684404219375
SURF1,0.861458372308296,0.00366889023766069,0.00840533167274046
SURF4,-0.502563817714494,3.38582842856577e-11,5.83236686175936e-10
SURF6,0.285647234259244,0.129214376263213,0.183511527194359
SUSD2,0.64303512040429,2.83592934313332e-08,2.29612075672788e-07
SUV3,-0.12993579179813,0.00050857868509676,0.00145179176256256
SVEP1,0.765347183815832,6.43095967018522e-11,1.02311927453916e-09
SVIL,0.229282740468519,0.0128158929859144,0.0249715733028575
SVIP,-0.132575526642005,0.0950270158985514,0.141249943107922
SWAHB,-0.262519752817299,0.435362198535227,0.510835572368889
SWAHC,-0.494612223404368,0.00058502311569963,0.00164326114333394
SWP70,0.427684473064465,2.77487811926398e-09,2.89728816890945e-08
SYAC,-0.362713379974958,6.33186921315223e-09,6.11473127017304e-08
SYAM,0.0220069609713395,0.71812197711377,0.77482546498057
SYAP1,-0.373918769577343,1.55883884675281e-09,1.74066578025249e-08
SYBU,-0.321237744434803,4.09173054128255e-05,0.00015575625484231
SYCC,-0.293747148545358,2.32872036359212e-06,1.20674320520328e-05
SYCM,-0.100762404436771,0.253197229836119,0.326155229618613
SYDC,-0.211236526028021,1.67091666749193e-06,8.89158138370188e-06
SYDE1,0.276421625680517,0.0382170236134744,0.0641746581505046
SYDM,0.0566487256113655,0.497569535800655,0.571146465075551
SYEM,-0.116175756585597,0.0968021917187291,0.143336348359569
SYEP,-0.0630307102869575,0.0478577176902894,0.0781358759412343
SYF1,0.1200944354741,0.22578528998146,0.29573235401408
SYF2,0.0440919086736287,0.625282174857681,0.69022564537938
SYFA,-0.103400953235673,0.0725280212196105,0.112172020791845
SYFB,-0.122614413552476,0.00524016505495331,0.0114314711801017
SYFM,0.032566381117012,0.670195513094904,0.731122377921713
SYHC,-0.170505809717224,4.98734215713818e-05,0.000185278440464507
SYHM,0.141066511788136,0.0109152407414852,0.0216899298380891
SYIC,-0.206638223298677,1.09861340315653e-06,6.0722786667305e-06
SYIM,-0.311003142569024,4.50969710679783e-08,3.49365691526627e-07
SYJ2B,-0.493867615050621,4.8643654663628e-08,3.75710149534088e-07
SYK,-0.20691073534901,8.34645963599553e-05,0.000291672475323105
SYLC,-0.0708152035630116,0.07445575755202,0.114762410162083
SYLM,-0.0771171849691541,0.307881177197397,0.382238320716833
SYMC,-0.0758652854771945,0.0372227146224739,0.0627371048551788
SYMM,-0.0697544023795485,0.379193107298744,0.456309110405039
SYMPK,-0.00213361017815085,0.986735870743476,0.989603822280666
SYNC,0.466480950859962,3.29332631382261e-08,2.62513490056356e-07
SYNE1,0.0632599416249554,0.333048434174258,0.409269265502242
SYNE2,-0.161824492562221,0.00034130546188485,0.00101758614524865
SYNE3,0.0886613077645955,0.206865490358695,0.274681487456151
SYNEM,0.720455343250896,0.00410375903967477,0.00924427173643422
SYNJ1,-0.287863501441733,0.00193566359286466,0.00477907853526319
SYNJ2,0.601312380470785,3.68251485035601e-05,0.000142284850202038
SYNM,-0.275688887642405,0.00070369998721832,0.00193642977937823
SYNP2,0.806799996053553,1.44137566830437e-08,1.2887201224376e-07
SYNPO,0.359434583637437,1.77273079389605e-06,9.40095588020751e-06
SYNRG,-0.0747465504279695,0.154832496991516,0.214024999424317
SYPL1,0.278610473516185,0.0166889518436998,0.0313924798698166
SYPM,-0.327228617685139,1.49753786091415e-05,6.38045396731838e-05
SYQ,-0.140130769697491,0.00013860930580079,0.000456860061323749
SYRC,-0.256712390166249,2.17264471572697e-07,1.43160773924418e-06
SYRM,-0.363692540257154,1.17158671259184e-07,8.21814824941694e-07
SYS1,-0.336001106250162,0.162119794357706,0.222701857444198
SYSC,-0.506709579249958,2.74958934265013e-16,1.78284297209146e-14
SYSM,-0.0624961559893133,0.126556154102528,0.180167395766625
SYTC,-0.383099858068817,7.45734513281423e-12,1.58952693493908e-10
SYTC2,0.130246909800995,0.134916902565242,0.190349025451345
SYTL4,0.568050594504921,1.09926512901074e-05,4.83025611358022e-05
SYTM,0.0445759749074989,0.58855172481295,0.656821681900018
SYUA,0.786076061520619,0.00017325983424801,0.000558659791499225
SYUB,1.13829482166344,1.07732688102373e-10,1.58941763173597e-09
SYUG,0.325356478139231,2.40769427668762e-05,9.72149086285802e-05
SYVC,-0.0158372221482344,0.645174218648457,0.707132205597831
SYVM,-0.218208314983515,0.00060142252779253,0.0016819776094408
SYVN1,-0.239896574291557,0.00574161918347403,0.0123818707712928
SYWC,0.112648094718063,0.0962183653906066,0.142608702910857
SYWM,-0.0767643003152076,0.205486924982092,0.273180067739804
SYYC,-0.286765254515331,6.20699532069702e-08,4.6725049653169e-07
SYYM,-0.212499614687197,0.00018879212961034,0.000600709308071498
SZRD1,0.0632668456183022,0.403027529449977,0.479383446467708
SZT2,-0.00255995382590323,0.981787191263376,0.985665266129619
T106B,0.0385317026055765,0.734479860866701,0.789090310003824
T10B,0.327744840921175,0.0100066008274518,0.020154250061242
T11L1,-0.396801761962187,4.33360046113701e-06,2.09118581351677e-05
T120A,-1.22652147701377,1.80575366173236e-10,2.56124912756009e-09
T126A,-0.234471890018948,0.00528300479206414,0.011508657531216
T132E,0.0156873852025714,0.858173356613292,0.890367839132468
T161A,0.0819013237231321,0.590711937422004,0.658782978172214
T176B,0.10498337903522,0.142268017059529,0.199093910150831
T179B,0.698518100871016,0.00170533042368688,0.00426387866142838
T185A,0.123660899720679,0.291593506229249,0.366200438487123
T22D1,0.306530568884752,0.00213606741581833,0.00521578993052349
T22D2,-0.0219430210759728,0.887356972238801,0.913399999705788
T22D4,0.0270237924892354,0.780206979116314,0.826933660832621
T23O,-0.220287849860518,0.132082775424797,0.187000127555547
T2AG,-0.0932667397398412,0.447616311100199,0.523145631088933
T2EA,0.610758637954474,0.0787534481872075,0.120281394737231
T2EB,0.168258207087196,0.213359318623106,0.281597481047012
T2FA,0.0234384724471911,0.840910218366046,0.875380518094897
T2FB,0.312314330658416,1.67796337791095e-05,7.06723003491315e-05
T2H2L,-0.464506216068285,1.09045821328414e-05,4.79428807618258e-05
T3HPD,-0.22614102734511,0.00501417986564259,0.0109913101827552
T4S1,-0.201942439453375,0.432180572797374,0.507797365570967
T4S4,0.10101127658791,0.56000566091949,0.630343352247233
T4S5,2.51108188577172,0.0253868283202575,0.0449999465470036
TAB1,-0.0813396274519388,0.212548714869239,0.280737167499486
TAB2,0.82603792442264,9.87096652735976e-08,7.0916552816674e-07
TACC1,0.755602046992565,2.5153232298479e-11,4.53463412184729e-10
TACD2,0.887182882482049,3.81569976302333e-09,3.8944364248e-08
TACO1,0.133318891256826,0.455235913970954,0.530762969758733
TADA3,0.214627173735602,0.249383509839112,0.321725992629759
TADBP,0.140454094678736,0.00378630824998937,0.00863842532729686
TAF13,-1.1529712497007,3.13396127778081e-07,1.98862213974973e-06
TAF1L,-0.102088330662424,0.0844353874903969,0.127420975919402
TAF3,0.779165569102393,0.115581651985577,0.166640403628205
TAF4,-0.0513832394925828,0.605805311541182,0.672865090521342
TAF5,0.0716954060222924,0.476633217016587,0.551228254979475
TAF6,0.422982146256452,0.0264718464532216,0.0466533057812066
TAF6L,0.732811003969833,6.48005192407797e-05,0.000233100609073126
TAF8,-0.285275552075666,0.00898487809616108,0.0183404166079128
TAF9B,-0.0625210233723301,0.608350377438528,0.67530305169266
TAGL,0.683772797238145,2.14112924330717e-05,8.76443142777619e-05
TAGL2,0.521302055609183,8.89986044841701e-07,5.04936200146953e-06
TAGL3,0.897540165163106,8.32027965837368e-05,0.000290889342292756
TALDO,-0.0110017747648931,0.780765693299858,0.827184963545476
TAM41,0.293504682152934,2.01418921942144e-06,1.05868419734713e-05
TANC1,0.609000327986389,3.02538736340505e-09,3.12920762681412e-08
TANK,0.0154733054242736,0.768817247899656,0.816994062084251
TAOK1,0.143625903099455,0.293293554555395,0.36815569659174
TAOK3,-0.00730603201392957,0.917040479265088,0.937459106023665
TAP1,0.486454896245432,1.54250171353889e-05,6.56115943862518e-05
TAP2,0.409821032763615,1.68342745763027e-08,1.47104487690545e-07
TAPT1,-0.206544457250674,0.0381271278697471,0.0640655310633642
TARA,0.544000614658632,3.35991110870178e-11,5.81279688671366e-10
TARB1,-0.729040204550507,1.24285527800062e-05,5.41189126695981e-05
TARSH,0.632756787534059,1.07197799605574e-08,9.9097459901038e-08
TASOR,-0.0502732163626965,0.475494669161292,0.550144979344509
TATD1,-0.241973161587728,0.00018613508730902,0.000593723990771558
TATD3,0.120666458723658,0.31262946214705,0.386950421868245
TAU,0.222987513339921,0.189359100488875,0.254368875238886
TAXB1,1.04133341071959,0.0210230210661025,0.0382308815804966
TB10A,0.0526802017203928,0.707204176426244,0.765757427070572
TB10B,0.140285241683681,0.168196294431742,0.229943764676705
TB10C,0.372121891667081,0.0151003965872332,0.028804613119182
TB182,0.205607712504286,1.06846395401589e-05,4.70831974253947e-05
TB22A,0.20362591342937,0.00722873658357245,0.0152229616481564
TBA1A,-0.0509836181385891,0.215740787512208,0.284167961154694
TBA1B,-0.317587716467263,0.00399049859426765,0.00902423421845521
TBA1C,-0.163716408237125,0.00027783787275005,0.000847015814357719
TBA4A,-0.290203795034476,0.00423386979386216,0.00949942987189312
TBA4B,-0.526170998947227,0.00024717039628453,0.000763783250993766
TBA8,0.111625633745941,0.45279192819047,0.528234429682139
TBAL3,-0.0201672019473105,0.861665100019942,0.892565728505268
TBB1,0.240609860713028,0.0003877341332391,0.0011413855551404
TBB2A,-0.14187743347558,0.00166788268070962,0.00417799667764307
TBB2B,0.589309997277153,0.0998629297225593,0.147190518765858
TBB3,-0.0114169182107602,0.811465885680831,0.852685656259471
TBB4A,-0.121112240688607,0.0581479830867825,0.0927578741983903
TBB4B,0.547868312881956,0.038722571289414,0.0648823800367249
TBB5,0.0874193900159566,0.192404420015581,0.257876064762936
TBB6,0.231261585208499,0.00023513703987021,0.000729813917795069
TBB8,-0.489487446304561,2.33541541957965e-05,9.45935190418718e-05
TBC13,-0.130755627731222,0.0142826376412926,0.0274619566509379
TBC15,-0.519630466327248,6.9246835406623e-15,3.12461159062867e-13
TBC17,-0.310506486334672,4.24760253704469e-06,2.05354017392461e-05
TBC20,0.58366541586695,6.20224355772098e-08,4.6725049653169e-07
TBC23,-0.102723966468797,0.0566370211877609,0.0907038720391787
TBC24,-0.353070303276689,0.0003375900757055,0.00100689796062761
TBC8B,-0.231968096918977,0.00956946013429119,0.0193800405239346
TBC9B,0.0431498924205431,0.547934797787157,0.619921539549223
TBCA,0.0126587720899206,0.89140629445663,0.91658994776484
TBCB,0.0981244124886303,0.213387826812063,0.281597481047012
TBCC,-0.103097423059034,0.524154717295817,0.597308787277289
TBCD,0.0629022695806361,0.180344096262218,0.243829515815538
TBCD1,-0.0126830834430149,0.902157680108876,0.925179247703361
TBCD4,0.145129616126113,0.0668761796203567,0.104902744856815
TBCD5,0.196384202258651,0.00051242380793108,0.00146168654417605
TBCD9,0.32088205038939,0.194514417607471,0.260251993455739
TBCE,0.259684669783571,0.147772554755174,0.205703235159827
TBCEL,0.171279857201446,0.0540239956837703,0.0869704049021431
TBCK,0.288427077506204,0.00436107524474618,0.00973952433819436
TBD2A,-0.17109279106528,0.153496033004499,0.212405916546398
TBD2B,0.355988261280969,9.61884465277915e-07,5.42536588748859e-06
TBE,-0.434653311965952,0.00029014755100172,0.000881061984860005
TBG1,0.018570084584396,0.583908585479475,0.652678349349504
TBK1,0.156507937357455,0.00704519483392678,0.0148770452486533
TBL1R,-0.238770965401655,8.52448480648054e-05,0.000297220627052887
TBL1X,0.0282933164832294,0.823041430713737,0.861914723043865
TBL2,-0.0124370908545742,0.883124525950041,0.90977154101876
TBL3,-0.193572432741061,0.0738809406584519,0.113990269570209
TBP,-0.38816087588108,0.00044200613340655,0.00128070571737324
TBPL2,0.0996547390682531,0.579107705516281,0.648439276703472
TBRG4,-0.102085642389923,0.15614733624313,0.215572167910537
TCAF1,-0.105108127601982,0.147580124568537,0.205497352701142
TCAL3,0.78447383049751,2.1603563128135e-08,1.82178243821519e-07
TCAL4,0.21185076938967,0.286565653790601,0.360967686979318
TCEA1,0.269053499685688,0.00484408133724797,0.0106882847006592
TCEA3,-0.216345591796345,0.0196177757931652,0.036092216981417
TCF25,0.430404109752688,0.00214704632235102,0.0052359701084894
TCO1,0.381346506337203,0.0506995692556148,0.0821844278101521
TCOF,0.409309463999687,4.18385796409912e-07,2.57642841588099e-06
TCP4,0.358956576013747,2.60982482913557e-06,1.33537190859483e-05
TCPA,-0.139990683342061,0.00354865726692232,0.00817600461975892
TCPB,0.0284941866832704,0.522288245110331,0.595445641145289
TCPD,-0.156426389270214,0.00101594235292297,0.00268735385504067
TCPE,-0.124025004842585,3.24306555212217e-05,0.000127216541942932
TCPG,-0.0563240973758187,0.149815817601203,0.20805954798612
TCPH,-0.167848591847229,2.23129806682964e-05,9.08255711670162e-05
TCPQ,-0.176067405785935,3.79908118265148e-05,0.000146130161542068
TCPR1,0.496275193588909,0.193151814810907,0.258742951923777
TCPR2,0.106659205885046,0.370921174205627,0.44866401946553
TCPW,-0.39531072428149,5.70776466543568e-06,2.68575779670899e-05
TCPZ,-0.0669199435673908,0.0752735530367814,0.11569934964777
TCRG1,0.0322532175790951,0.537919417588626,0.610200856529526
TCTP,-0.643317790951136,6.39686839966157e-12,1.39430046812962e-10
TCTP8,0.118004823182555,0.23810217785897,0.309136194575099
TDIF1,0.393792888556684,1.28183091847816e-05,5.55340110442307e-05
TDIF2,0.200786813292056,0.0067267187036599,0.0142787789594057
TDRD7,0.0686515516754577,0.379114671222246,0.456285884128974
TDRKH,-0.0358758315511823,0.756959714915477,0.80773076480263
TE2IP,0.0990662403990114,0.332487707299897,0.408775517770237
TEBP,-0.462365436043541,1.2556852189784e-12,3.26224483152772e-11
TECR,-0.77380648432652,1.01862472581821e-11,2.06834431168771e-10
TECT3,-0.24705859755066,0.0448151726974476,0.0738560172006633
TEFM,-0.371007884872552,0.00147375854998981,0.00373326361514162
TELO2,-0.712905634983687,0.00506432114262033,0.011091768928884
TENA,0.530368442201825,0.00036153176766464,0.00107085570798478
TENS1,0.562968687956614,7.19051074692457e-09,6.88362046194417e-08
TENS3,0.237091308253298,7.71060884040239e-05,0.000271954102986191
TENX,0.634179683054232,1.6428427014866e-07,1.11712484386922e-06
TENXA,0.833691626139085,3.55133614810043e-10,4.61314978430015e-09
TEP1,0.104300424228423,0.0972144426405782,0.143863950789164
TERA,-0.136149378176642,0.00011506907373389,0.000387210193166461
TERF2,0.0679910878952232,0.504929776201689,0.578820108924711
TES,0.585360629613181,2.76824032839411e-07,1.77849645078176e-06
TETN,0.505787295800687,0.00018514079670158,0.000591285756353225
TEX10,-0.401751687191772,0.0471009927017018,0.0770798005697415
TEX2,-0.296026223081156,0.00203058430007354,0.00498980524183676
TF2AA,-0.356573173522875,0.0954016432905043,0.141651030377814
TF2B,0.13229650159726,0.0363114115193631,0.061466277287312
TF2H1,-0.217128948336036,0.00765278684435228,0.0160024128159952
TF2H4,0.169369617263562,0.392799166942291,0.469733457062525
TF3B,0.578547502572703,9.98390568207072e-06,4.42226270050848e-05
TF3C1,0.183271801322907,0.0262620659534232,0.046327869432239
TF3C2,-0.113179061356762,0.286181587090659,0.360695381573264
TF3C3,-0.124422105655395,0.0652283105561529,0.102568095425163
TF3C4,-0.559297972452699,1.1750420628699e-05,5.1339889904327e-05
TF3C5,-0.0832256247211601,0.285019328844048,0.359877129988656
TF65,-0.0893381438321356,0.134743782229182,0.190187515050614
TFAM,0.28520925474443,0.00360006694228531,0.00827961744461206
TFB1M,-0.00808094390088036,0.928273918859719,0.945178352853206
TFB2M,-0.391547780167342,1.79113466961226e-05,7.49716842020754e-05
TFCP2,-0.183583061430763,0.0378024017552955,0.0635752685143549
TFE3,0.965367620337962,0.0256547149962953,0.0454330458828126
TFEB,0.780759427519502,2.22375398641867e-06,1.15623219401661e-05
TFG,-0.138760743563451,0.0118163286254717,0.023229246286405
TFIP8,0.618800586297786,0.00281973302550157,0.00668214374225126
TFP11,-0.219403360481285,0.035951730043756,0.0609142619713705
TFPI1,0.716499306952346,2.41136019090568e-10,3.33441850054269e-09
TFR1,0.0616199979554957,0.559099413911529,0.629900357976065
TFR2,-0.18302020326272,0.0329030626803415,0.0563676802045993
TGBR3,-0.26570692600482,0.00125958798226522,0.00325049527463493
TGFA1,0.105910016723443,0.025883884940398,0.0457863494268938
TGFB1,0.473072009627166,1.27178111004148e-06,6.95468677893697e-06
TGFB2,0.888851160886297,0.00025080072584112,0.000773452598157507
TGFB3,0.579418646267305,0.00304294399178385,0.00714092330918619
TGFI1,0.653556273885078,1.10043627975387e-05,4.83265016196976e-05
TGFR2,0.474909465477569,0.00023977270976356,0.000742708241082147
TGM2,-0.041643908812881,0.518977607205295,0.592459123715943
TGON2,-0.239404152078989,0.00491579820620909,0.0108217686045961
TGT,-0.133325467995236,0.0463993746633893,0.07617395210696
THA11,0.0549248631584578,0.553168428842508,0.624566185132844
THADA,-0.525160830371951,6.00650713214442e-05,0.000217997220280463
THAS,-0.0120322559319422,0.867062570746411,0.897177792125427
THBG,0.486900714467893,8.08348786388759e-05,0.000283897097668442
THEM4,0.290144802999835,0.102254212262881,0.150112918915599
THEM6,-0.500541018891894,3.96498595077811e-10,5.10748440671184e-09
THG1,0.0232085038778159,0.825310159590662,0.863491725858702
THIC,-0.959184799259899,2.23731018517383e-13,6.98910339627582e-12
THIK,-0.56232596071536,1.21154094855847e-08,1.10243824132295e-07
THIL,-0.437568660528696,3.97417784346536e-05,0.000151880912531841
THIM,-0.741741368994076,3.40247057719294e-08,2.70933570419203e-07
THIO,-0.2516463880318,0.00032904252855503,0.000984448294040563
THIOM,-0.769619423228308,3.1172550424619e-13,9.39560152642032e-12
THMS2,-0.072994816770361,0.338850632229522,0.41552931430847
THNS1,-0.557272835831884,1.2847332406625e-11,2.53529454858104e-10
THNS2,-0.521235711723405,0.00166655856555401,0.00417640983819901
THOC1,-0.319627182215654,0.0130729851262342,0.0254275657257432
THOC2,0.236760774011496,0.0153185772523903,0.0291402222438559
THOC3,-0.131049442628254,0.149113744773431,0.20734576584462
THOC4,0.173662187157355,0.00221597602610537,0.00538364956468169
THOC5,0.193979854883423,0.0270991943535214,0.0476412357329166
THOC6,-0.13681742471766,0.038086980884952,0.0640120114372228
THOP1,-0.52372152184919,6.26542348067689e-10,7.73504121230446e-09
THRB,0.370514726362316,1.69613929317462e-05,7.13210397064598e-05
THSD4,0.748651862253855,2.02598191554427e-05,8.34622341715942e-05
THTM,-0.645141808265393,1.7393559590121e-14,6.91797452563782e-13
THTPA,0.216274808051404,0.058910668362994,0.0937999828908093
THTR,-0.277095654263971,0.0207487928273119,0.037821328952407
THUM1,0.0600543030540214,0.18128255974584,0.244755246019055
THUM3,-0.0022041960387412,0.936033658359031,0.951572557035347
THY1,0.54527254564068,0.00059677568444148,0.00167201204834802
THYN1,0.495388173572822,5.5610273327377e-08,4.22747654181321e-07
TI17A,0.0527177572879417,0.671595207069686,0.732425561428756
TI17B,-0.43683344784031,1.57050369165222e-06,8.41528228110315e-06
TI23B,-0.333629818296771,3.2581022990694e-05,0.000127611763145277
TIA1,0.316784094995629,5.78696206723229e-08,4.37766659909454e-07
TIAR,-0.232633744374924,0.00244493164139161,0.00587148849828125
TIDC1,0.106326876595534,0.146256818872145,0.203850725147665
TIE1,0.346332886323789,0.1736314293909,0.236389783388817
TIF1A,0.0461347952111414,0.63335853720019,0.696847921436855
TIF1B,0.408923766771553,1.61899821697555e-09,1.80002741241835e-08
TIGAR,0.120143550778841,0.0725149344140034,0.112172020791845
TIM10,0.254476736152649,0.010186318892482,0.0204308907133847
TIM13,-0.47209572105895,3.88512765593088e-07,2.41755201557764e-06
TIM14,-0.231898075553014,0.0112914093151667,0.0223453486216533
TIM16,-0.398684187555608,6.13763269990032e-07,3.62618483249854e-06
TIM21,-0.135238026225722,0.129864623466504,0.18429932585388
TIM22,-0.165141438554722,0.0325947971362125,0.0559660008409848
TIM29,-0.54933895166415,0.00073453978565516,0.00201125230167325
TIM44,-0.157280473848895,0.00381363426896357,0.00868792501308618
TIM50,-0.107707953096262,0.0700718557724353,0.109023370015804
TIM8A,-0.363580413554274,0.0116834534633465,0.0230208189282895
TIM8B,-0.303513076024173,0.00129882500492225,0.00334057791266003
TIM9,0.0483017612098184,0.644939440437326,0.707069156353283
TIMP1,0.112250408808367,0.339014274097843,0.415570096337898
TIMP2,1.07389699222094,1.07454328103747e-08,9.91767458909703e-08
TIMP3,0.163341573013345,0.231297969456318,0.3018767138574
TINAL,0.286545268207536,7.50480032946593e-05,0.00026550682871233
TIP,0.0278985675004312,0.660043273033394,0.721884322427451
TIPRL,-0.465609893145045,7.24165413118068e-08,5.34704337571197e-07
TISB,0.610851220690147,0.0205928347173026,0.0375814363005456
TISD,0.755919888606344,4.23264292387266e-09,4.26915984321588e-08
TJAP1,0.590702610585929,7.15876312096171e-07,4.16568749934695e-06
TKFC,-1.33955302649695,7.2846444691026e-16,4.13296446497027e-14
TKT,0.142563744815715,0.0693739505797748,0.108161123999503
TKTL1,1.62678253901625,0.0291357322995152,0.0507016938256787
TKTL2,-0.156019874493349,0.237009337928802,0.307903714484416
TLDC1,-0.577094748805731,8.09905480814233e-05,0.000284185115505349
TLE1,0.173989593958188,0.0414537169983551,0.0688752972349931
TLE3,-0.462136102645398,0.0273319040680343,0.048006594989518
TLK1,0.0750656905964394,0.26975428240252,0.344264644892134
TLN1,0.37420486033972,4.07451555519019e-13,1.17309559790476e-11
TLN2,0.181486794091553,0.00269753582826472,0.00641225707051466
TLR2,0.109755031575789,0.214544217479912,0.28290656600744
TLR3,0.0748766804801167,0.406681735671431,0.483134145102504
TLR7,-0.224535498040448,0.408465106026586,0.484859057876026
TLR8,-0.497300674057743,0.00214471018418872,0.00523192658273796
TM101,-0.112772182309488,0.352506432410967,0.428809653552423
TM102,-0.0427255742594886,0.860632069810278,0.892254361187075
TM109,-0.0575140439606116,0.619924195751272,0.685510532758713
TM119,0.691584189390787,6.70076311507429e-07,3.92880609391438e-06
TM134,0.464936917804134,2.79740751927842e-06,1.40801020344111e-05
TM135,-0.484257770655289,2.89729016890845e-09,3.00477028807763e-08
TM141,-0.228592150353151,0.0238293290664025,0.0426210252842749
TM143,-0.456713645599289,1.42709382324488e-08,1.27891474334001e-07
TM147,-0.618251813666117,0.00049952655090718,0.00142806478947751
TM14C,-0.427260742730134,0.00025779658900878,0.000791862452544485
TM160,0.616306877098221,0.0127041053043528,0.0247787857756285
TM165,0.126769384917144,0.331726666842106,0.407969869517643
TM177,-0.108833536761457,0.660665561819603,0.722459260348339
TM186,-0.0536771791007106,0.740400976369336,0.793352858445465
TM192,0.208143896207542,0.00500537672183389,0.0109812966838899
TM199,0.359916929588909,0.102181276144463,0.150034391385476
TM1L1,-0.0852777957484196,0.237033186111642,0.307903714484416
TM1L2,0.24570131282827,0.015989476596959,0.0302685970123002
TM201,0.798641162424104,1.61318419268256e-07,1.09958738787444e-06
TM205,-0.967676228799459,3.50432753921728e-10,4.56746474537171e-09
TM209,-0.073344510990917,0.434302248655001,0.509902031439742
TM214,-0.418915296773226,9.60635749439268e-09,8.95201140419492e-08
TM222,-0.307564919003053,0.00015480771750514,0.000504645690016756
TM223,-0.107089244270079,0.423557064750427,0.499261581364848
TM230,0.110307111474828,0.324141561267698,0.399852324019434
TM231,0.260446054469425,0.0500891520388392,0.0813234001007498
TM245,0.168322399561212,0.0909625567657426,0.135941717606909
TM258,-0.0368015126472567,0.827921880108282,0.865311341758615
TM260,-0.84330292421999,0.00410452183894905,0.00924427173643422
TM263,-0.019902561402334,0.821667821640951,0.860697490627503
TM38A,0.314090901623904,0.176427808476044,0.239534203742738
TM41A,-0.542707753781377,4.65851521184932e-07,2.84151014819204e-06
TM55A,0.256321098756793,0.148575458965442,0.206709022967427
TM55B,0.456121692195866,0.00089289490440416,0.00240222352942207
TM7S3,0.502590294003801,1.69418341468943e-05,7.12776402821355e-05
TM87A,-0.36321033359306,0.00015743769719624,0.000512353130141792
TM9S1,0.0264941401591542,0.707944953721869,0.766037802872576
TM9S2,-0.24645794981709,0.0212498767538622,0.0385344416058286
TM9S3,0.143516196025366,0.0248141308110831,0.0441063886980689
TM9S4,0.19299831464288,0.00187742526219557,0.00464599529284831
TMA16,0.0152577663572543,0.894567836083459,0.918841564057326
TMA7,0.698842547799807,2.72815276994877e-06,1.38580821414909e-05
TMCC3,0.414075983367285,0.00278996082258889,0.00661362141539044
TMCO1,-0.103527181498278,0.30120682070883,0.376075945020506
TMED1,-0.136280649460815,0.0210497838507219,0.0382525040490274
TMED2,-0.319864142391894,0.00167999071870683,0.00420597287006551
TMED3,0.68456831960565,0.00468467577770693,0.0103721544622056
TMED4,-0.281242449655441,3.38723493750021e-05,0.000132199821839917
TMED5,-0.783533763668455,5.63096778164835e-10,7.03050928854348e-09
TMED7,-0.574130579736847,1.32858174040972e-11,2.59527511620289e-10
TMED8,0.0337507093871348,0.830117136677477,0.867206042052994
TMED9,-0.131652695505594,0.0567137190345644,0.0907890157823027
TMEDA,-0.110663912707406,0.145051449762857,0.202463275392584
TMEM2,0.0654799430679477,0.23552010400579,0.306505839519088
TMF1,0.0849337028767388,0.0179124887140321,0.0333525007040231
TMLH,-0.11096451940552,0.108074188687235,0.157577558562114
TMM11,-0.133116313030084,0.11790920519879,0.169405547264846
TMM26,1.07450132611549,5.01159606867207e-06,2.38847901580443e-05
TMM33,-0.489630275647148,2.42882656240751e-08,2.00866299630615e-07
TMM43,0.38292284855252,5.60663728891887e-08,4.25795406705689e-07
TMM56,-0.901317582768853,5.72580405317017e-13,1.61832615656634e-11
TMM59,-0.287389549073183,0.0215671820492869,0.0390364477345291
TMM62,-0.258379020227009,0.00724024074007544,0.0152388700355761
TMM68,-0.0364048649035845,0.669045715193334,0.72997125826241
TMM70,-0.0687836081561269,0.463539784807294,0.538980256114087
TMM82,-0.834141629140029,0.00063173547808584,0.00175846715328656
TMM97,-1.15841523566548,0.00137635101884043,0.0035143561271526
TMM9B,0.661856293286237,0.00730326781424095,0.0153589573329744
TMOD1,0.0796737031727006,0.310246429631034,0.38461784238963
TMOD2,0.437964880669901,5.12230186799636e-08,3.93662163480676e-07
TMOD3,0.110637189080506,0.00760266552257841,0.0159105416794725
TMPSD,0.0170838328347972,0.951151513251823,0.962755486849149
TMTC3,-0.130957220180161,0.0388098937297344,0.0649863585109876
TMUB1,0.285434179752204,0.0300761785580905,0.0521032316466606
TMX1,-0.0610890692511043,0.47180506646545,0.547057860008975
TMX2,-0.513103616804134,1.45985992014519e-06,7.86795888602598e-06
TMX3,0.641735601557158,6.19894909326902e-10,7.66523897494611e-09
TMX4,0.091013269497588,0.113769628453786,0.164452314190598
TNAP2,0.351160168709859,1.99654559826499e-06,1.05084214435284e-05
TNAP3,1.01630161780841,0.0324340760428897,0.0557499066043522
TNG2,0.329671285779189,2.54947852953027e-07,1.65170246296016e-06
TNIK,0.721691132886892,3.13097563158867e-07,1.98836279615952e-06
TNIP1,0.0248784911592872,0.807577215901979,0.849872585638253
TNIP2,0.219200123851671,0.20332064094395,0.270766666469368
TNK1,0.147314514714197,0.327780173269005,0.403824336091912
TNNC2,0.291951224499778,0.239286852472706,0.310517550231988
TNPO1,-0.0158058290292562,0.690630461690049,0.750021765292107
TNPO2,0.149970780856933,0.209509962369641,0.277571921298789
TNPO3,-0.380688449674827,1.92889493390844e-10,2.72090554114032e-09
TNR16,0.738968395293219,4.10524511093533e-07,2.53408570207816e-06
TNR3,0.0453143526794991,0.753832326106387,0.805396043787992
TNR5,0.353335713532468,5.31357273781343e-05,0.000195515151382777
TNR6,0.189299559527959,0.0412921206546777,0.0686955590710421
TNR6B,0.443376438385425,3.95005365520714e-05,0.000151108646522451
TNS2,0.204717929779466,0.00107340186138092,0.0028200097931274
TOE1,0.421302485353822,0.0515927494332132,0.0834888896055872
TOIP1,0.298043573064191,1.09492773347238e-06,6.05624544191605e-06
TOIP2,-0.158348661757613,0.00871651129591733,0.0179016771784131
TOLIP,0.162680543755758,0.00092989687556214,0.00248703095037694
TOM1,-0.0690421837547996,0.0999871650768648,0.147345486198069
TOM20,0.118265359580007,0.184697237371122,0.248799560676602
TOM22,-0.0282975605090545,0.645932614467159,0.707755758765777
TOM34,-0.0962227148697298,0.265358658132691,0.339384618954391
TOM40,0.259619596125905,0.00035471593137071,0.00105228301670757
TOM6,-0.264987934397288,0.00240684697676247,0.0057962644421658
TOM7,-0.160533008760908,0.244698104866107,0.316581250359973
TOM70,-0.258299413343708,2.30783439482603e-06,1.1967238031235e-05
TOP1,0.0452556319167355,0.509130046959222,0.583115250458269
TOP1M,0.287566856217689,0.188003540593263,0.252812011017361
TOP2A,0.0836872093632128,0.0801891152104084,0.122063368112746
TOP2B,0.320806973879803,1.31009006727225e-07,9.11510816868592e-07
TOP3A,-0.411918630526143,0.00039360821339496,0.0011563025220512
TOR1A,-0.347849311877268,0.00020702746990327,0.00065307602525496
TOR1B,-0.553294634323833,0.0001225279280962,0.000409807322579228
TOR4A,-0.00309126666319074,0.965419748781475,0.972985734273493
TOX,0.352302032469861,0.0602864289281919,0.0956352972059886
TOX4,-0.281146285855018,0.275849415899617,0.350593657236278
TP4A1,-0.675325466962078,2.86625022661273e-07,1.83535159738953e-06
TP4A2,0.629504904021835,0.0459302052294337,0.075467943686182
TP53B,0.537220513124135,0.0002503360608084,0.00077232828676434
TP8L1,-0.210250448860505,0.0698419430235325,0.108734158802167
TP8L2,0.413000419077857,0.00418563479441227,0.00940761959617975
TP8L3,0.0400072594479973,0.70384129197019,0.76254414614462
TPA,0.967969800272788,9.3689430743275e-08,6.78786523582263e-07
TPC,0.125213334005475,0.15109820622457,0.209425240288857
TPC1,0.667968401031889,0.00097025948884461,0.00258244988476199
TPC10,-0.0929691856533303,0.184048265390098,0.248055269126637
TPC11,0.0494551245933023,0.529679549434624,0.602714555882253
TPC12,-0.0886884415719639,0.217353177735379,0.286145217438353
TPC13,0.412700244454999,0.00019011527200575,0.000604670007747884
TPC2A,0.0483185034275684,0.749810348759099,0.801765347224486
TPC2L,-0.738044903307685,2.0153550558433e-08,1.71260788666155e-07
TPC6B,0.0105392501905921,0.882204183880356,0.909309041253116
TPD52,-0.078878948726809,0.124776341260803,0.177994869507923
TPD53,-0.448209560185682,6.05447078639949e-06,2.83087050497073e-05
TPD54,0.542000446882796,6.71263492052106e-06,3.11453343636443e-05
TPGS1,-0.0218677104536547,0.790106093042818,0.834593146486796
TPIS,-0.35802597523027,1.41772068267149e-09,1.60633374265686e-08
TPK1,-0.314075815788008,1.26623811693704e-05,5.50749341053337e-05
TPM1,1.10310884017282,2.47626313767618e-08,2.04132974041767e-07
TPM2,0.77840540882415,9.03234401508377e-05,0.000312807748745002
TPM3,0.456948046682277,4.67274606854428e-07,2.84569129162491e-06
TPM4,0.848545827726855,1.15985162431545e-09,1.33374294086707e-08
TPMT,-0.633148456271858,2.37204902367225e-11,4.31668166666393e-10
TPP1,-0.0547262507220888,0.350371567043454,0.426818284071249
TPP2,-0.457791785469158,3.03118950880751e-17,2.59873980555097e-15
TPPC1,0.391963438171508,3.60527423863282e-05,0.000139580010162021
TPPC3,-0.09413470597761,0.285242859683645,0.360080279143171
TPPC4,-0.0540399245773008,0.340478435838618,0.416608247848204
TPPC5,-0.0283654632243797,0.762196871608295,0.812195975877587
TPPC8,0.191783712250461,0.0136974117075223,0.0265018126216755
TPPC9,-0.0457323195275119,0.618232203127794,0.68420534700718
TPPP,-0.160216735136544,0.275168650486907,0.349959008926483
TPPP3,0.876497694131654,3.91379310665024e-07,2.42951147312255e-06
TPR,0.248568838651399,4.63643409310013e-09,4.64004221301694e-08
TPRGL,0.0309462252255321,0.833714951426003,0.870022256586833
TPRKB,-0.027581558227987,0.79084735524234,0.834999752743554
TPRN,0.0647697486875002,0.743001012585018,0.795586429795448
TPSN,0.179874066924005,0.0492584741147922,0.0801853135590162
TPSNR,-0.152679270396722,0.223651672488731,0.293384832498236
TPST1,-0.725369475621808,2.59320196375898e-13,7.97032626725413e-12
TPST2,-0.28632051637207,0.0193226948498245,0.0356002658694474
TR10A,-0.392391067045943,0.00532790744964672,0.0115803194032321
TR10C,0.90571980645504,0.00104340451422613,0.00275527352216592
TR112,-0.128104637160086,0.0338902957179577,0.0579046770947214
TR150,0.302498042250368,2.68942988469679e-06,1.36892938660642e-05
TR61B,0.221533143644605,0.314341281036189,0.388944407388588
TRA2A,0.246419032836364,0.0030105879016585,0.00707359812703928
TRA2B,0.187605608905315,0.00421608955581724,0.00947055225987942
TRABD,-0.322465831370752,0.0116511051140727,0.02298055395199
TRAD1,0.609625435243656,3.51264913320422e-05,0.000136404633677925
TRADD,0.208648351192043,0.00067240942487907,0.00186428714422095
TRAF1,0.0155974755648811,0.92737239141501,0.945127204405025
TRAF2,0.0603296675992623,0.26229244995024,0.335964233701204
TRAF4,-0.694629732569279,5.68178387098162e-07,3.38799415367034e-06
TRAF6,-0.116171763358521,0.0765237521062745,0.117340475209065
TRAF7,-0.246381331010162,0.0706189161090484,0.109681070188691
TRAM1,0.163194703795137,0.229542317270157,0.299838923320896
TRAM2,0.270957052802822,0.128602214128622,0.182743035767302
TRAP1,-0.0778582352832281,0.41065451345147,0.486892867207361
TRBM,0.108337103344431,0.380915961668455,0.457882467710515
TRBP2,0.0618218102178226,0.812399960111669,0.853540799419283
TREX1,0.123094036883099,0.615093306564987,0.681611367723027
TRFE,0.901950824383301,1.75495326890829e-08,1.52319678547766e-07
TRFL,0.823575737407188,0.00569652570998909,0.0122949349309862
TRI13,-0.351863482796501,0.0128123583847729,0.0249709919921464
TRI14,0.182858801608303,0.00430713898024074,0.00963300996276451
TRI15,-0.116279576610229,0.31531395820439,0.389897836779659
TRI18,0.484394931269245,0.00304519234189102,0.00714402678930712
TRI22,0.138151279537655,0.346658887872351,0.423231009307446
TRI23,-0.867166631461777,4.86350493473253e-06,2.32220322254927e-05
TRI25,-0.0146266655297279,0.701540781822526,0.760372056825763
TRI26,0.0380947830421804,0.441739869066628,0.517610452500851
TRI27,-0.326610976630004,0.121614977074971,0.17419364453508
TRI32,0.0949575747882219,0.183962147581253,0.247982517599048
TRI33,0.0394991980569414,0.569276479352228,0.639385281750408
TRI38,1.00124090525973,1.14447382934363e-07,8.04991801933952e-07
TRI47,0.36354228849004,0.00021410292801868,0.00067291983404975
TRI54,-0.537894394278149,0.0110896115170716,0.0220080870539415
TRI56,0.0187680409131897,0.703218611839298,0.762083540583149
TRI65,0.358145287714409,0.00384406192496937,0.00873918144168051
TRIA1,0.223763566442741,0.0742569755408519,0.114512285728385
TRIM2,-0.0747013446102817,0.392436307961663,0.469509856887148
TRIM3,-0.0371333751862092,0.718542758365612,0.775031066792404
TRIM4,0.138034600072847,0.266105539099678,0.340227065400682
TRIM5,0.0468193049457284,0.629849232850309,0.693778255627835
TRIO,0.0750766469453047,0.377383934741654,0.45477033272944
TRIP4,0.128629946597679,0.0444610326922299,0.0733350423799158
TRIP6,0.15857874882687,0.0033410893205311,0.00775566943357941
TRIPB,0.0252017657386508,0.420455695181118,0.496516091830044
TRIPC,0.179047275078141,0.0134026413189979,0.0259705626362099
TRIQK,0.797448834233223,0.00049830932932233,0.0014261701724967
TRM1,0.145595292596112,0.0243820562960727,0.0434585230724179
TRM11,-0.313215662279692,0.00039032188995798,0.00114776055751363
TRM1L,-0.649231915602434,6.21555153725037e-08,4.67438554204911e-07
TRM2A,-0.490757001259415,0.00957397693616088,0.0193841002465015
TRM5,-0.239394375246672,0.0984861304621387,0.145439039740835
TRM6,-0.0893652649128643,0.198607541522718,0.265314368142191
TRM61,0.224733046145126,0.00691963991368372,0.0146520147019713
TRM7,0.0883533032788789,0.381160021571178,0.458104474523864
TRMB,-0.0132235477274675,0.842800691386798,0.876776342826012
TRNT1,-0.121567167744662,0.013908234220941,0.0268625620147136
TRPM4,0.382476909568123,0.0127039725625959,0.0247787857756285
TRPT1,-0.165452775397294,0.0819987159273834,0.124327390861798
TRPV2,0.349292801297606,0.0679035316910287,0.106255247330605
TRPV4,0.188978140348915,0.0723905756163224,0.112026811362925
TRRAP,-0.308388836391739,0.00021815257507015,0.000683698322193858
TRUA,-0.0440639230003384,0.495260674056542,0.569088810278522
TRUB1,0.224777490741064,0.139055220885386,0.195223814474461
TRXR1,0.23045266533092,0.00494368706272011,0.0108676607908685
TRXR2,-0.637114038871952,2.53809103009126e-10,3.49089311732338e-09
TRXR3,-0.114921339822116,0.371702181629449,0.449397372838112
TRY1,-0.180405053058384,0.528171733943094,0.601176146792287
TRYB1,0.203907762836731,0.0235024722112342,0.0420851881136883
TS101,-0.00810533251840795,0.930777014673457,0.947351991191188
TSAP1,-0.277882416434779,0.233825077501683,0.304659624789427
TSC1,0.113725832773886,0.308152248529062,0.382451785370797
TSC2,0.0878592733214056,0.465683092876764,0.541146196481493
TSN,0.237645701202611,0.00033510344933873,0.00100025462866446
TSN11,0.432037925553034,0.00789629749926198,0.0164669814876501
TSN14,0.123222527654342,0.128882561468641,0.183107686299399
TSN15,-0.882717382920117,3.03394340777344e-06,1.51716833016072e-05
TSN31,0.596058289694866,6.59556562478335e-09,6.35348119361153e-08
TSN33,-0.0731004196448673,0.700810125853939,0.759686840557599
TSN4,0.16161684939639,0.096297679325136,0.142671446557748
TSN6,0.0420335139067971,0.738385619431995,0.792183459334993
TSN8,-0.0691535770427654,0.645180239425704,0.707132205597831
TSN9,-0.388358186202774,3.20159133024703e-06,1.59377281962491e-05
TSNAX,0.12299733009544,0.0212258304456856,0.0384998842780701
TSP1,0.588043690099566,1.9790886177288e-07,1.31530127255775e-06
TSP2,0.825632600072681,0.00067042350559088,0.00185944923405436
TSPO,-0.0121924868696519,0.90201806904314,0.925165688070565
TSR1,0.0146080995607416,0.772790301280651,0.820518602795167
TSR2,0.815582806261533,3.2567322511963e-05,0.000127611763145277
TSR3,0.331934470438814,0.014639507217641,0.0280575467059594
TSSC1,-0.0997301357359696,0.297373226647647,0.372126470453007
TSSC4,-0.0808868392474503,0.57863892826356,0.648196569465974
TSTD1,0.0578079122433716,0.492101933161382,0.566133668745076
TSYL5,1.02543283430839,8.32067623591589e-06,3.7611211386249e-05
TT21B,0.257313612708772,0.0339310160802994,0.0579357645664063
TT39B,-0.0762252323314058,0.488024976173984,0.562870062206048
TT39C,-0.210567164050146,0.0282110241556977,0.0493596966860235
TTC1,-0.11685843592416,0.133991196132998,0.1892852561996
TTC14,-0.495214184109566,6.88269382359781e-06,3.18577477761732e-05
TTC17,0.0347031061292101,0.798430391386047,0.841969236016774
TTC19,-0.442493437465519,0.00020054893173184,0.000633935091045833
TTC27,-0.848136360335412,7.752558745268e-08,5.67540258809183e-07
TTC28,0.240547584341166,0.564830489132107,0.63484807780675
TTC3,0.739194854557205,0.0257110658999172,0.0455040126493113
TTC36,-0.699435252798132,7.28240563768145e-10,8.84898297643308e-09
TTC37,-0.0516129368577342,0.0831896258478769,0.125885693869821
TTC38,-0.945522307489646,7.6969874845804e-20,1.52281937002621e-17
TTC4,0.0822284246622597,0.280170308773509,0.354974401066732
TTC5,-0.114973295923472,0.297891566697806,0.372593828601114
TTC7A,-0.780930723399101,1.64743411535635e-08,1.44779061891681e-07
TTC7B,0.272344548684017,0.113355006410558,0.163914398325312
TTC9C,0.146931484148217,0.104078037302389,0.152270154346226
TTHY,0.567061547717177,0.00014617934059437,0.000479761715026014
TTI1,-0.212565603713179,0.634842670999853,0.698281689156788
TTI2,-0.421391901199318,0.0262195839414428,0.0462740873037906
TTL12,-0.325493490206343,7.71071620665073e-08,5.6555024952963e-07
TTPA,-0.874412982871552,6.0877804780121e-13,1.71435453169129e-11
TTPAL,-0.3812302050274,2.42590409092397e-05,9.78989328743167e-05
TTYH3,0.51602725348468,4.92339329002833e-05,0.000183079048799319
TUT7,-0.133389918445109,0.0765961640466316,0.117386862744018
TV23B,-0.348029543693233,0.188315313648987,0.253187133667117
TWF1,0.18252323171572,0.00090299197787605,0.00242516049470644
TWF2,0.431455014352487,1.09948216075568e-08,1.01357280195828e-07
TX1B3,0.526531602091211,0.00082620192373827,0.00223761812690926
TX264,-0.125557211028104,0.063144609974692,0.0997387534421133
TXD12,-0.0256922107584778,0.671749810679269,0.732425561428756
TXD17,-0.212106108023833,0.00016577060604358,0.000536079629602793
TXLNA,-0.225077455956126,0.00246764350392105,0.00591682326794743
TXLNG,-0.563090754238803,2.53835979392767e-08,2.07478645868071e-07
TXN4A,0.0595435633385039,0.648712964918071,0.710701297360192
TXND5,-0.0315335302635479,0.548816127446359,0.62073662259984
TXND9,0.106199552755277,0.424002788609883,0.499614739068195
TXNIP,0.211797204819952,0.0142697442829908,0.027444004707766
TXNL1,-0.148123234970532,0.00287033063013771,0.00678537718815642
TXTP,-0.496411216475492,4.78689530507309e-07,2.906033373245e-06
TY3H,0.352754006020119,0.555299265609444,0.626691404628122
TYB10,1.41752580449212,4.43738145389803e-09,4.45238430406726e-08
TYB4,0.864952736459872,0.00024122938547855,0.000746920521008223
TYDP1,1.01941939606378,0.011911830963349,0.0233931503469587
TYDP2,-0.0454681338273193,0.379872410691588,0.456912785798331
TYK2,0.632704681066069,0.00758579034873035,0.0158795329166585
TYOBP,0.779485826449886,0.00133125914299784,0.00341716418741561
TYPH,0.00592307197602038,0.928070882110936,0.945178352853206
TYW1B,-0.28280628899262,0.0343750685451189,0.0585643693738436
TYW3,-0.455389563112469,0.0003286790407461,0.000983742233668312
TYY1,0.431775912043189,5.09661830175068e-05,0.000188883318041826
U119B,0.314651286670349,0.0222734335401406,0.0401734018690334
U2AF1,-0.249235368925918,8.13746216525773e-05,0.000285402991214221
U2AF2,-0.0129218849580888,0.726818079552282,0.7822748363545
U3IP2,0.0939481778502374,0.0795950447458237,0.12123082614662
U520,-0.129103616967813,0.00068634420487627,0.00189841829453922
U5S1,-0.0598273299469488,0.150711324641409,0.208927161504332
UACA,0.521878917762164,4.77325041658052e-13,1.36915985926897e-11
UAP1,-0.81913514613241,6.92776633654841e-16,3.959603337245e-14
UAP1L,0.151158725532697,0.0793040755700997,0.120954782980607
UB2D1,-0.104391682483311,0.312465560744626,0.386809604797936
UB2D2,0.11368183201016,0.396046463720503,0.472829106307814
UB2D3,1.13111070142447,0.0201406334091682,0.0368870466140854
UB2E1,0.631149926232695,0.0184695551677278,0.034241010974096
UB2G1,-0.377055986693095,7.25764110675516e-05,0.00025782669788086
UB2G2,-0.139375189602594,0.0338668315654575,0.0578902242709504
UB2J1,-0.291564661316391,0.049463099188441,0.0804844524120647
UB2J2,0.341318595524887,0.0506818524528517,0.0821802588504234
UB2L3,-0.174747715839916,0.0370166376607526,0.0624340778643339
UB2L6,-0.00211632331849111,0.978556317474661,0.98378378444749
UB2Q1,-0.0236726620178432,0.806320236303492,0.8488441234532
UB2R2,-0.363989633881058,0.0794877101801283,0.121115160298158
UB2V1,0.0706764643283345,0.165685921445355,0.226913839167973
UB2V2,0.392966901531213,0.0833663875451045,0.126128440450593
UBA1,-0.179953026872096,2.87967237717908e-07,1.8408908088081e-06
UBA3,-0.0581710064022476,0.30121168224815,0.376075945020506
UBA5,-0.410574478840377,3.00633840012607e-08,2.40631816342041e-07
UBA6,-0.330727039216705,8.15604952504607e-10,9.78725943005528e-09
UBA7,0.0274173653311696,0.527362207032805,0.600343285551066
UBAC1,-0.244426784252621,0.0167158699955218,0.0314319514228444
UBAC2,0.0111635517613761,0.840762522037551,0.875364137099142
UBAP1,0.195401777118657,0.150474010753741,0.208673160851162
UBAP2,-0.0474546304515781,0.640714115165375,0.703336194709921
UBC12,-0.00912354794775167,0.892694318785187,0.917215015420269
UBC9,0.227433038036978,8.9759044713078e-05,0.000311272264721847
UBCP1,-0.0614706940050144,0.476645271801848,0.551228254979475
UBD,0.753260507478705,0.00051043265681745,0.00145654525887701
UBE2A,-0.0527427937898578,0.779543057870399,0.82657059702185
UBE2B,-0.0539384762174078,0.580830797951708,0.649708674542676
UBE2F,0.505318818203155,0.00442689723059869,0.00987223671424841
UBE2H,-0.484244363279115,7.33813115623034e-06,3.36262219135064e-05
UBE2K,-0.441839328799437,3.81382372659824e-12,8.86369393808193e-11
UBE2N,-0.21705820301586,8.19869215580335e-05,0.000287289321862755
UBE2O,-0.0825377394024323,0.190027095851381,0.255088564994651
UBE2Z,0.273864362154658,0.00182095392602891,0.00451929253561887
UBE3A,-0.348694732883997,4.04745622584453e-11,6.79762568791874e-10
UBE3C,0.0367030641621676,0.51607456355195,0.589581186314309
UBE4A,-0.165315126484206,0.00105918844030304,0.00279026903563614
UBE4B,0.295902836015295,7.64272997579863e-08,5.62166868381909e-07
UBF1,0.685594846774514,4.12622391543175e-15,2.00238639820575e-13
UBFD1,-0.144680754816314,0.0223998397221936,0.0403448093595812
UBIA1,-0.21686456650331,0.0185303974890648,0.0343208226177686
UBIP1,0.0846276224672273,0.182641400883529,0.24654671959715
UBL4A,0.0593220481732963,0.400198655089145,0.476753562246077
UBL5,-0.0559771916098964,0.461756314741793,0.537149362965125
UBP10,-0.108802765532094,0.0116817339346373,0.0230208189282895
UBP11,0.101149819236687,0.226423112030102,0.296416172680699
UBP13,-0.338071792143873,1.49919410363613e-06,8.06679337772412e-06
UBP14,-0.0768244882995366,0.150540775206682,0.208728233871475
UBP15,-0.231030511521586,5.52698028473355e-05,0.000202402372458491
UBP16,-0.294508416466375,1.08032430871718e-06,5.98834940090644e-06
UBP19,-0.472448259273707,8.59881834709588e-07,4.88935021121531e-06
UBP24,-0.130836004567882,5.91020073328757e-05,0.000214906262290513
UBP25,-0.346984112458437,0.0980433589628106,0.144979409305682
UBP2L,0.132191195101601,0.0069953861854881,0.014792107373863
UBP3,0.148114121486984,0.117964749281236,0.169405547264846
UBP33,-0.00892282994644189,0.926562193835835,0.944806909956033
UBP34,-0.361456209526728,0.00703550142419658,0.0148647122095019
UBP38,-0.296745183480041,0.00372971427842671,0.00852948292007721
UBP4,0.177320823374208,0.0535298246396149,0.0862648552462967
UBP40,-0.0573338120999848,0.613349056085522,0.680166903816598
UBP47,-0.4674485241521,1.1263313978583e-09,1.30101393201716e-08
UBP48,0.0654730496572486,0.460539321800838,0.535976079489482
UBP5,-0.0172164179545401,0.513931672730289,0.587655125487094
UBP7,0.00884396880501313,0.826981174078313,0.864866730711339
UBP8,0.0876990844357684,0.00578846912636904,0.0124724456238658
UBQL1,-0.143790448070039,0.00083813868680078,0.0022659699044691
UBQL2,-0.324021368737422,0.0199491389489598,0.0365964398808734
UBQL4,-0.371700476739764,9.42493322114023e-06,4.2084944869397e-05
UBR1,-0.0195482085341068,0.770729420647981,0.818687804201517
UBR2,-0.0047386758300926,0.903576563126525,0.926141971451151
UBR3,-0.494438140330466,1.38894257193389e-08,1.24907702622866e-07
UBR4,-0.180571821319688,4.8357351721483e-07,2.92877021886156e-06
UBR5,-0.27553514414189,0.00292007892638572,0.00687979511328007
UBR7,0.0662173477636361,0.551213756659413,0.622809393232396
UBS3B,0.355960080329987,0.00922791749450274,0.0187671616730583
UBTD2,-0.349107064166795,0.00921214983820056,0.0187400337863315
UBXN1,0.0371179087130484,0.397441332340738,0.474274253068533
UBXN4,-0.0782600480439343,0.0856784647247308,0.128943833394972
UBXN6,0.0510240030244669,0.347589858949993,0.424099201716974
UBXN7,0.0770337587916893,0.414488675216689,0.490520646928217
UCHL1,0.613030865968032,2.4156426049086e-08,1.99990325530845e-07
UCHL3,-0.386188494810992,2.18983523110472e-09,2.36649420773166e-08
UCHL5,-0.530539242306008,7.33400947811959e-08,5.41005899934711e-07
UCK1,-0.311615876104971,0.00725165124541478,0.0152587240277121
UCK2,0.137409089711202,0.340954648736147,0.417124793031253
UCKL1,-0.492245968840956,0.00051505574226231,0.0014686511852535
UCRI,-0.358673070797262,2.91634911789046e-07,1.86125308466855e-06
UCRIL,-0.121907937471665,0.00997895753774504,0.0201195809671389
UD11,-0.655072422518411,6.93562436946906e-06,3.20450764280379e-05
UD110,-0.74678226468254,2.23464864807582e-08,1.8741901052775e-07
UD13,-0.657468060465629,0.00030595118705398,0.000922876997384093
UD14,-0.909494328945808,5.86230839140153e-09,5.71130953889573e-08
UD16,-0.548501729464765,0.00027182474227783,0.000829995928538083
UD17,-0.428323587671835,0.00440274945754825,0.00982122428865056
UD18,-0.55228557781612,0.235668745563401,0.30664756168081
UD19,-0.961547765386861,4.03898234013812e-11,6.79762568791874e-10
UD2A1,-0.819386156051455,8.79580232231655e-09,8.25649765437889e-08
UD2A3,-0.422425706030491,6.31360507653132e-05,0.000227537490754394
UD2B4,-1.03554438337321,6.15052153350505e-11,9.84460107371063e-10
UD2B7,-1.18247555920617,1.36249207544713e-17,1.26662516315061e-15
UD3A1,0.218807201143905,0.260145335412316,0.333934687746037
UDB10,-0.770925433865818,5.48082068339813e-11,8.82881260816283e-10
UDB11,-0.946786995042007,0.0465259463269846,0.0763167946128855
UDB15,-0.606704684734031,2.14888063438376e-11,3.96668970691509e-10
UDB17,-1.3542710365361,3.26484544664448e-06,1.61922402593563e-05
UEVLD,-0.178705718903537,0.0440207069832443,0.0727175712016084
UFC1,-0.179063841045351,0.00956461013727033,0.0193753037067939
UFD1,-0.106383163553537,0.0205310762176962,0.0374952677291964
UFL1,-0.000470241938057987,0.991844879648247,0.993647765692791
UFM1,-0.321890007235524,0.00010106474906756,0.00034612321518211
UFO,-0.251673046801085,0.0823616340010028,0.124681649588334
UFSP2,-0.095709771505923,0.104840254330047,0.153296835779921
UGDH,-1.15361209926325,1.89529074202726e-14,7.42338241902657e-13
UGGG1,-0.237061930498142,2.0758584624883e-06,1.08887314048672e-05
UGGG2,0.32798047163859,0.0517001702454788,0.0836131866724197
UGPA,-0.719752957077606,4.19207416143374e-15,2.02162776435142e-13
UH1BL,-0.0852029999311719,0.628366618554662,0.69256642683264
UHRF2,-0.104293713834784,0.278712112236149,0.353475124591408
UIF,0.2671066710555,0.00946220971218001,0.0191880184334247
UIMC1,0.0252924964611237,0.710344894946864,0.767972706937089
UK114,-0.955628986119287,5.70491797665403e-15,2.65175584987124e-13
ULA1,-0.192484569190632,0.00191718780883808,0.00473679831347891
ULK3,-0.310800778701461,0.00198287790123572,0.00488034637509882
UMAD1,-0.277921683787714,0.309690240806371,0.384051735464796
UMPS,-0.138513056983134,1.61316009176174e-05,6.82035247563484e-05
UN13B,-0.026161237720797,0.768503685722767,0.816885857423456
UN13D,0.246191590735574,0.160718049957311,0.221091187996187
UN45A,-0.140607223329821,5.53551850293684e-05,0.000202618884101806
UN5CL,-0.0334518992006082,0.892047117851816,0.9168823180158
UN93B,-0.162541341099359,0.340147726087059,0.41633563681595
UNG,0.488722709186636,0.0440589861301184,0.0727652262371561
UNK,0.148482520731016,0.110710210142212,0.160782981640751
UPAR,-0.0606229629739918,0.577357157831329,0.64713652379816
UPP,-0.135257730122778,0.617404865442007,0.683681966382108
UPP1,0.111952739906853,0.316373305891073,0.390962492373527
UQCC1,-0.172282681797954,0.193726181679089,0.259422287024618
UQCC2,-0.471575595908156,0.00181616514605184,0.00451321425666216
UQCC3,0.202412706222487,0.128058095332655,0.182070437366273
URB2,-0.0233433664347432,0.8346976639878,0.87041175054352
URFB1,0.231735907761635,0.266402219084042,0.340380778680654
URGCP,-0.183215894434609,0.0646018279457309,0.101707346343452
URM1,0.149293188431423,0.424050923555937,0.499614739068195
URP2,0.271596590070349,0.031331536986968,0.054047426646869
US6NL,0.37672379362609,1.84230344783902e-05,7.67560118980879e-05
USE1,-0.52224360877667,1.07282565209587e-07,7.60838486357696e-07
USMG5,-0.637047246532959,5.98365785732708e-10,7.44675871405415e-09
USO1,-0.173380762562032,7.92236425081974e-06,3.59793776099618e-05
USP9X,-0.261633109075347,3.992214762135e-08,3.12798160231297e-07
UT14A,0.223511518534601,0.224285204505073,0.29406705827717
UTP11,0.551121237333972,0.00439301476748453,0.00980234295717485
UTP15,-0.421811973760843,0.00038913675296843,0.00114471185127884
UTP18,0.00755864161319451,0.905737773804868,0.927987340682295
UTP20,-0.377652409014834,0.00012786355459052,0.000425991013480333
UTP4,0.443930160780134,0.00060019919099632,0.00167977401440972
UTP6,0.111807220201467,0.612923787603456,0.679890733920107
UTRO,0.059618317030801,0.0365527042024387,0.061769747180468
UVRAG,0.0873840849243859,0.210511351848336,0.278611593629805
UXS1,-0.00152988797625458,0.991438621744665,0.993458348577902
UXT,0.0182638396314728,0.836393312567752,0.871756152880288
VA0D1,0.149194319171206,0.0572325147515086,0.0915245769580602
VA0D2,-0.154377113557171,0.110613573838374,0.160672879468542
VAC14,0.00316180568579883,0.944789870015661,0.95857970243798
VAMP1,1.67866689410896,0.00086360333906448,0.00232910288857795
VAMP2,-0.0377814119755533,0.764651237903476,0.814249096282531
VAMP3,0.207238181738378,0.0008665814464423,0.00233550207500831
VAMP5,-0.129070636603371,0.110169420441467,0.16020867850101
VAMP7,-0.242268353390687,7.4982169035124e-05,0.000265395603795879
VAMP8,0.365069866217542,1.8702517482834e-05,7.77524918629026e-05
VANG1,-0.169373465926514,0.0152815642632627,0.0290783106918212
VAPA,0.0661567156185127,0.156661313772398,0.216165718359768
VAPB,-0.221005943687961,8.22928265218912e-07,4.70001072866701e-06
VAS1,0.0803411224756556,0.442623767555276,0.518409986408092
VASN,0.351831829724048,0.0003863055032795,0.00113768445164299
VASP,0.551602638252205,1.42579607605365e-11,2.7298864820918e-10
VAT1,0.101028763286932,0.107531393944042,0.15681576935782
VATA,-0.00543879445961655,0.874539984298676,0.902735855364359
VATB1,0.032447894799708,0.547897467796848,0.619921539549223
VATB2,0.291889947001012,0.0440055950346201,0.0727081737231539
VATC1,-0.198494153639083,0.00941892864686698,0.0191203508127402
VATD,-0.0355127123642992,0.718189700044199,0.77482546498057
VATE1,0.0974260659021919,0.0441256858862782,0.0728442003206082
VATF,-0.188619939344568,0.0252010889444786,0.0446912439199257
VATG1,0.401670874585474,0.00094946270168644,0.00253584430813865
VATH,0.114792107557725,0.0262921147746676,0.0463702760231623
VATL,-0.348694732883997,0.099502856349499,0.146715849339334
VAV,-0.169569734124206,0.00259731651531916,0.00619885376808
VAV2,-0.331819848022602,1.0406059992367e-09,1.21472252497888e-08
VAV3,0.523542887266105,0.0429979495849716,0.0712201213146348
VCAM1,0.201465746039727,0.0132139120772513,0.0256564030166258
VCIP1,-0.0195738273227597,0.686596982205231,0.746061444119922
VDAC1,-0.141736208929506,0.0914631810487469,0.136531225570155
VDAC2,-0.0911460037205847,0.22851787648468,0.29870302133759
VDAC3,-0.106070877248149,0.145616870797313,0.203142248250238
VEZA,-0.0833155023356681,0.722731353169979,0.778636570938224
VEZF1,0.711466713250146,2.34802315798706e-06,1.21429937580618e-05
VGLL4,-0.510057546985498,0.00290395992121498,0.00684599900766721
VIGLN,-0.235964732690966,2.82304706308053e-09,2.93962633451139e-08
VILI,-0.194915355062441,0.0754317346672756,0.115919391494264
VIME,1.22223886919293,1.3397967901831e-11,2.6105737457204e-10
VINC,0.609748344290105,3.95209655784061e-09,4.01241803161818e-08
VINEX,0.364664313636639,8.18506237922507e-07,4.67821787541486e-06
VIP1,-0.00360655396562867,0.970229246707937,0.976939693018197
VIP2,0.146399762983288,0.102954229949402,0.150910873535256
VIR,-0.135708219150872,0.0780776932357976,0.119391098098972
VISL1,-0.445951246336569,4.08910156184022e-05,0.000155733009137014
VISTA,0.812935177668538,3.7198844489757e-06,1.82470619251726e-05
VKGC,-0.32932225822845,5.97806071471927e-06,2.80405571275221e-05
VKOR1,-0.0369491727796836,0.722116199239826,0.77819114432046
VKORL,-0.302678181007324,1.41736499114213e-05,6.07239770774718e-05
VMA21,0.32953007756573,0.0750289213569948,0.115438316488648
VMA5A,0.503956218496155,6.74234012521325e-07,3.94419229766076e-06
VMP1,0.204434986536378,0.355734175192356,0.431647255194876
VNN1,0.00839079214968573,0.956911731161112,0.967060017007211
VNN2,0.389379579646676,0.0039163234399089,0.00887932242179899
VP13A,-0.224223069885274,2.87586015936373e-07,1.83997819151331e-06
VP13C,0.0263567386752136,0.386927271173961,0.463807802451186
VP13D,-0.170163507306465,0.168440505832138,0.230236836669757
VP26A,0.0659238093683764,0.35492213912196,0.430865202244343
VP26B,0.0495373728487537,0.471809657297288,0.547057860008975
VP33A,0.301090079762287,2.49900324605455e-09,2.63419522493947e-08
VP33B,-0.184526594923201,0.00919704733630395,0.0187241206456257
VP37A,-0.185437795081709,0.00023676199005046,0.00073426668618543
VP37B,-0.160057926721954,0.382262795465129,0.458858078688384
VP37C,-0.222241961008044,0.00522660572924258,0.0114051158955983
VPP1,-0.0588096640475553,0.15508018952505,0.214290605726233
VPP2,-0.372969922605309,0.00024693916573032,0.000763374440214403
VPP3,-0.076849109933055,0.373912790108661,0.451504082703979
VPRBP,0.0034482450511944,0.960610299254708,0.969531598305994
VPS11,0.395766970008765,6.7657892505628e-07,3.95491135282898e-06
VPS16,0.56013873950113,3.97976134841366e-07,2.46056398752883e-06
VPS18,0.329751642006453,1.00075413639328e-07,7.16309732505617e-07
VPS25,0.00233095381244313,0.973081417144334,0.979172693620981
VPS28,-0.1290534865159,0.117259041534296,0.168769029001796
VPS29,0.0528373722095502,0.465787393015244,0.541185894369165
VPS35,-0.184507552569656,0.00092208393368844,0.00246819917572723
VPS36,-0.116811869627804,0.0226365322930387,0.0407330884265594
VPS39,-0.66186905949835,3.28630278929387e-10,4.31243406839991e-09
VPS41,0.202534323610494,2.26685326296747e-06,1.17784779643481e-05
VPS45,0.261385184452367,0.00014816213133279,0.000485031398117865
VPS4A,0.223078980787722,1.06251037794299e-05,4.68476004354749e-05
VPS4B,0.187953930089792,0.013814006469599,0.0267006197192951
VPS50,0.0525355341020254,0.285517710959412,0.360232885487352
VPS51,0.04597829023144,0.473620721143396,0.548470281306085
VPS52,-0.237611440265107,0.00071435375343641,0.00196224761890899
VPS53,0.143092962004077,0.0014066491895897,0.00357853779982662
VPS54,-0.117625898024684,0.425421904432076,0.500924067541263
VPS72,1.47453831976111,1.4672039489126e-08,1.30877984622077e-07
VPS8,0.254670226929037,0.0126440112948671,0.0246865362224683
VRK1,0.947835193725856,7.77528458816516e-12,1.65272991411246e-10
VRK2,0.0654675349049743,0.399578994436072,0.476162397076252
VSIG4,0.0200960667865309,0.808907666949464,0.850924547809416
VTA1,-0.327742541895335,2.7440770336686e-06,1.38932404145583e-05
VTDB,0.615743032571455,2.70677613703592e-07,1.74627798272317e-06
VTI1B,0.0756681662564833,0.111052709027378,0.161159056395571
VTNC,0.446202227082837,0.00011025353259455,0.000373941212087713
VWA1,0.579414784263307,2.88301081474525e-11,5.09792415603131e-10
VWA8,-0.276528824428354,4.69353330706898e-06,2.24660688569133e-05
VWA9,0.102717248738571,0.0352596448593838,0.0598862909388082
VWF,0.571875788668011,5.34762343156799e-07,3.21107100373374e-06
WAC,0.307838833429472,0.026100989483144,0.0461069676858835
WAC2A,0.229932405798852,0.0005064598867872,0.00144627849239454
WAC2C,0.532750824834421,2.86175655403772e-05,0.000113411985469723
WAPL,-0.132929494909446,0.118062211994172,0.169513961248052
WASC3,0.231275104331372,0.00384065457773156,0.0087365833495804
WASC4,-0.00949336941597557,0.828367402943595,0.865495312269841
WASC5,-0.0520318663502968,0.297715167568689,0.372433565654994
WASF2,0.875261071240391,5.10901730278726e-06,2.43190484320213e-05
WASF3,-0.369606070031838,0.00038021573873725,0.00112189087575397
WASH1,0.175932043023789,0.00065845164817526,0.00183019197309809
WASH2,0.805088523777379,1.45516877082613e-06,7.85730037487363e-06
WASL,0.0911175617008433,0.0880403192590002,0.13229193834517
WASP,0.318999338580747,0.00181970419294798,0.00451764400025309
WBP11,0.235295718373707,0.00024668881541668,0.000763212068867323
WBP2,-0.268774515698566,0.00034557691278386,0.00102833453877372
WDFY1,0.168526512647558,0.029048503273706,0.050561301885837
WDFY2,0.12749857788233,0.528338395960146,0.601277147968803
WDFY3,-0.0631121882480079,0.472933432930613,0.547998042500914
WDFY4,-0.295708920731322,0.264831173532448,0.338766136435074
WDR1,0.181598739785446,0.00061577463223586,0.00171713663257387
WDR11,-0.0969850436505742,0.0719844301282079,0.111487728396076
WDR12,-0.19659193726137,0.276306689915597,0.351001386135783
WDR13,0.16543090682133,0.0389026162476208,0.0651133594287727
WDR18,0.0651890124992117,0.329464727434575,0.405645991483834
WDR24,0.0111449411719341,0.890051930228336,0.9154543085634
WDR26,0.030247077057719,0.608912113577757,0.67573218299525
WDR3,0.0162452705435707,0.800544673064163,0.843852827508618
WDR33,0.0840574596071373,0.336828722378229,0.413453773762395
WDR35,-0.387529080880065,2.04822114134096e-05,8.42883964084632e-05
WDR36,-0.151979577324227,0.027849883482373,0.048772061041759
WDR37,0.0111248987302,0.865319333819945,0.895734368091588
WDR4,-0.239596009005461,0.0447799994881921,0.0738138167167037
WDR43,0.0754395289815556,0.305870406920217,0.380476553247847
WDR44,0.176789976968948,0.00034996813509663,0.00104059889418327
WDR46,0.122261881491893,0.276777305006609,0.351498301175505
WDR48,0.0149665233567093,0.931872675083231,0.948342068180191
WDR5,-5.91492841243777e-05,0.999061869983041,0.999320895616949
WDR55,0.133321521955787,0.520409630181187,0.593742526464297
WDR59,-0.00576358012400007,0.947599953152058,0.960420496324876
WDR5B,0.772232797438457,0.0659598596625375,0.103612841440582
WDR6,-0.471873130447621,0.111211838644123,0.161294274227117
WDR61,0.0210760005892742,0.743469874448915,0.795978014603556
WDR7,0.215157952212928,0.0255905423868039,0.0453402124125325
WDR70,0.222845356472192,0.0715350747846516,0.110925369179737
WDR74,-0.6806736223174,3.99639785691914e-06,1.94550194725477e-05
WDR75,-0.300565399922402,1.16218080550996e-05,5.08643624237938e-05
WDR81,0.147687025124974,0.069054611276298,0.10775032974882
WDR82,0.26902596289358,0.00043275892457649,0.00125769034351495
WDR87,0.0279806389064802,0.923231853628626,0.942282669655883
WDR89,-0.0409415129968353,0.48872878501112,0.563306413707766
WDR91,0.348018209022386,0.00895915505423252,0.0183167009873293
WDR92,0.0676043010297317,0.189524545402137,0.254502504755115
WDTC1,0.584538286016517,0.039926639224897,0.0666538183165957
WFS1,0.16034454384706,0.0494763037788572,0.0804889647812908
WIPF1,0.532243139340102,7.19338877683299e-07,4.18268182381638e-06
WIPF2,0.518108058184321,1.37534604728191e-06,7.47335922593466e-06
WIPI1,-0.303700101096457,0.284685888353463,0.359573795144102
WIPI2,0.257974909541753,0.0295561087125601,0.0513752950723392
WIPI3,-0.315119847415066,2.54482093104158e-05,0.000102269991166233
WIPI4,0.0345538073695089,0.758338857354733,0.808978656622303
WISP2,-0.0860975756783418,0.42434918918676,0.499813516068545
WIZ,0.211744884017917,0.156215805577884,0.215628113745788
WLS,-0.0130462748796383,0.924933595115054,0.943645064115795
WNK1,0.109935516771516,0.00825719086837201,0.017099432297466
WNT11,0.0391861319311414,0.841005155603612,0.875380518094897
WNT2B,-1.24552426087765,0.00022630612866573,0.0007055265005191
WNT4,0.0907653759539698,0.426540334787048,0.502087753351161
WRB,-0.154892945018075,0.319544453225368,0.394559929762672
WRIP1,-0.239683985814922,0.0082175228242903,0.0170355739151596
WWC3,0.878084960542992,7.38047354096029e-05,0.000261708335671184
WWP2,0.303191570023293,0.110119861587191,0.160166795854244
WWTR1,0.185893179435467,0.421948077143392,0.497973594866689
XAF1,-0.212901727376159,0.290360046397563,0.364948382147515
XDH,-0.778037798306182,9.35050070062439e-15,4.05328446101224e-13
XIAP,0.0412331679465207,0.632453263601134,0.696149697852546
XPC,-0.503961305216237,7.65860697728545e-05,0.00027032850611498
XPF,0.0653075979183802,0.571956002053546,0.641735133320512
XPO1,-0.195304757833414,0.00845043826981764,0.0174481085603192
XPO2,-0.164221187002793,0.00040341672811827,0.00117963044619574
XPO4,-0.279859924060927,8.37668033370679e-07,4.77012346609079e-06
XPO5,-0.350389748154606,1.3153886905678e-08,1.18986390813847e-07
XPO6,0.0738407941196121,0.655016020907418,0.717301109469435
XPO7,-0.305946013924177,3.54793047130463e-14,1.3098483979228e-12
XPOT,-0.510895098170143,3.42601979764188e-12,8.03500570170357e-11
XPP1,-0.107146840923575,0.00329225147515565,0.0076584300217971
XPP2,0.213251461824218,0.0726763004892941,0.112356308269965
XPP3,-0.590137293082589,6.46352015957866e-10,7.95415016767288e-09
XRCC1,0.187027843644673,0.00454129187811266,0.0100865308380879
XRCC4,-0.0173147796863298,0.837747091604299,0.872931338125425
XRCC5,0.109414053477705,0.00355792877071925,0.00819491892384171
XRCC6,0.246859219958219,2.97871573211242e-06,1.49342239044701e-05
XRN1,0.25026794331681,0.00203641018322694,0.00500252816739225
XRN2,0.12144383434954,0.0102294878692824,0.0205068143412271
XRP2,-0.157035946743306,0.00723253125318815,0.0152267970394542
XYLB,-0.315678673842875,1.31046587842273e-05,5.65839659648001e-05
XYLK,-0.0196165242929225,0.821096517159312,0.86034501988067
YAF2,1.32520333160557,0.00416934016771477,0.00937645838941625
YAP1,0.232175684153368,0.00426177594236529,0.00955431546919893
YB039,1.01504076735212,0.0117907454010278,0.02319169770382
YBOX1,0.0186398708505715,0.737189620835124,0.791291712300936
YBOX3,0.491211756003092,0.00123051806177424,0.00318827312446274
YES,-0.38922757335253,5.54238087876859e-09,5.43392768241149e-08
YIF1A,-0.653834139816133,5.32757205260447e-06,2.52658549218784e-05
YIF1B,-0.0576984117197243,0.620043499030328,0.685521656185415
YIPF2,-0.242696396180148,0.232963868790392,0.303845370450755
YIPF3,0.488701117981259,0.078849993677805,0.120381193355351
YIPF4,-0.102288592877168,0.350206762668242,0.426713961116108
YIPF5,-0.236573437654034,0.0586892205406581,0.0934859673186866
YIPF6,-0.382777905839196,0.00806273701040923,0.0167506943382654
YJ005,0.355368153164283,0.00015656378240605,0.000509724111833368
YKT6,0.0554747241724375,0.534163137312467,0.606375841945855
YLPM1,0.449233842360901,0.00380549177773824,0.00867193578175672
YMEL1,-0.222447242706402,0.0660606590611299,0.103750060109033
YPEL5,-0.0462563543284351,0.72361448699661,0.779261602465575
YRDC,0.115814990468701,0.18688223465663,0.251347973263127
YTDC1,0.504151535669681,1.95405980068e-07,1.30090814685478e-06
YTDC2,-0.393644641134889,0.000234515008824,0.000728176180316291
YTHD1,0.191259425483493,0.0209945479306044,0.0381881027422309
YTHD2,-0.119226013180405,0.257345340030362,0.330670548488638
YTHD3,0.19213481468232,0.24852632399104,0.320727398547393
Z3H7A,0.112262421062187,0.0374195763636338,0.0630276034101284
Z3H7B,-0.194053002093766,0.00782105105524427,0.0163232972524384
Z512B,0.444627845356152,0.0059118614298817,0.0127170122088004
ZA2G,0.151770512257911,0.141179868721917,0.19766718690951
ZAP70,0.118192254625513,0.295951801872084,0.370708458318993
ZBED1,0.0864875893028068,0.556164023731744,0.627392047823704
ZBT14,0.0346749377344465,0.81509819161756,0.855570350499401
ZBT16,-0.357644334146187,0.0569990259216908,0.0911889869400303
ZBT20,-0.107768202764464,0.152936110093586,0.211745025207628
ZBT40,-0.491417015928515,0.00011168037974248,0.000377949916707446
ZBT7A,0.134761109841527,0.117420799226485,0.168857716597903
ZBT7B,-0.156167475905224,0.059419047879938,0.0945119302085347
ZC11A,0.307609215073592,0.00613828296007327,0.0131490814325168
ZC12A,-0.12893211083911,0.10697475341159,0.15615156967912
ZC21A,0.631200225964373,0.0174747951918748,0.0326320231608194
ZC3H3,0.941106310946431,0.125441178441319,0.178833460872575
ZC3H4,0.617490327834709,2.38644964368128e-08,1.98211468790579e-07
ZC3HA,0.362181461184095,0.0595889563773412,0.0946650993221257
ZC3HD,-1.07461914858528,1.94673161284039e-08,1.66714551883201e-07
ZC3HE,-0.289626749343866,0.00022213419072061,0.000693922030607379
ZC3HF,-0.113295100906085,0.091131870194555,0.136168379245001
ZCCHL,0.513904039988857,0.00127735623534932,0.00329414462297973
ZCCHV,-0.080800902550293,0.115585723200901,0.166640403628205
ZCH18,0.658465603242666,0.00383099497027509,0.00872232434070304
ZCH24,0.0787273221221484,0.532591068563633,0.605135132533794
ZCHC2,0.00549197233949245,0.952205711809978,0.963443387401756
ZCHC3,0.952144176915746,0.103508419762592,0.15155046810022
ZCHC8,-0.042481849982095,0.515221933241558,0.588821316564388
ZCHC9,0.376794904930917,0.056534518780845,0.0905585108808387
ZDHC3,-0.025899111537848,0.809704841757056,0.851647022764101
ZDHC5,0.304185084409809,0.00136407448275788,0.00348747472132532
ZEB1,0.290031531531016,0.138833373000547,0.19498331016968
ZER1,-0.509581333761715,5.47975576346213e-05,0.000200863636441206
ZFAN1,0.0826358341909509,0.301541170113761,0.376304652854242
ZFAN6,0.152002949175539,0.211660690489157,0.279844737459619
ZFP28,0.806314982510622,3.99980770458493e-09,4.05552118903776e-08
ZFPL1,0.0135165720092902,0.847990780967299,0.88110649958843
ZFR,0.057497408116713,0.350230626716992,0.426713961116108
ZFX,0.736374545222369,0.00013627421045234,0.000450124917744116
ZFY16,-0.309818794674762,0.00022194360580111,0.000693607477667624
ZFY21,0.211541811503166,0.0200241955969032,0.0366912118797685
ZFY26,-0.0917837703156149,0.304347874990162,0.379071542118497
ZFYV1,0.225316889594187,0.308052962123241,0.38239006688271
ZGPAT,0.0865025354624196,0.354223983516396,0.43022072356564
ZKSC1,0.381777293310065,0.00077512149988137,0.00211038725938061
ZMAT2,0.378663653105068,0.027417581885089,0.0481351676508184
ZMIZ1,0.451353033067677,0.123233921049866,0.176348838060231
ZMYM3,-0.00738641259338227,0.963065387924805,0.971247226928218
ZN185,1.01737821231868,0.00211826846361292,0.00517560464383701
ZN207,-0.0131606469521799,0.911308968038247,0.932556974190038
ZN316,-0.0140752972657021,0.959904203478983,0.96919927166237
ZN318,0.716434334650288,1.90824308366308e-08,1.63600040372715e-07
ZN326,0.375286371791817,0.00010791974491289,0.000367155534280361
ZN330,0.294497829713525,0.0167990674960036,0.0315493430076805
ZN362,0.524820942058754,0.00322088776236378,0.00751280833567078
ZN363,0.0688345016976932,0.59351182152181,0.661400522077164
ZN384,0.244867579565314,0.0050272490849951,0.0110137007211307
ZN404,0.264091994461994,0.106394683123795,0.155363621306435
ZN451,-0.0898723352339061,0.675164768150238,0.735503508548247
ZN512,0.837316794656987,3.00104470162475e-11,5.28677189902661e-10
ZN574,1.41568512397134,0.0202705949816115,0.0370810599521371
ZN579,0.950444524564848,0.00638228657207224,0.0136113109978191
ZN598,-0.23515722061058,0.00821116098655185,0.0170269600032878
ZN622,0.128950581709536,0.189494878936872,0.254502504755115
ZN638,0.473403527126404,2.15997589453282e-12,5.2741689880428e-11
ZN703,0.296817999354136,0.222327931900931,0.29184796232521
ZN706,0.735511779456971,0.00239518637627446,0.00577178578367699
ZN787,0.439791198416037,1.29431044476656e-05,5.59854333745826e-05
ZN800,0.718267361502503,0.00745567794827215,0.0156368608450307
ZN806,0.170810864765689,0.489004266848086,0.563494164127812
ZN830,0.537156885662017,3.19667005183188e-06,1.59235029825273e-05
ZNF22,0.316740079738247,0.00039652753210241,0.00116324741546124
ZNF24,0.0988318514369295,0.477195436704673,0.551616477844683
ZNFX1,0.0819803799127474,0.36318714759486,0.439791593038597
ZNHI1,0.435730992432025,0.0721787610531273,0.111752108200963
ZNHI2,0.0443983162833768,0.678602842787476,0.738727361025418
ZNRF2,0.226731698702814,0.0375258513270685,0.0631790244031553
ZNT1,-0.599521565932968,0.00014648872092772,0.000480368453326939
ZNT5,-0.135174971946666,0.228871779437688,0.29906429299597
ZNT7,-0.337459918605928,0.020437169997758,0.0373503561588585
ZNT9,0.054295598385613,0.420649841959396,0.49666934668075
ZO1,0.216346833585434,7.02210142260525e-05,0.000250497154770329
ZO2,-0.124796603928773,0.0216396117999785,0.0391491781122237
ZO3,0.429880512140058,5.79814196649787e-05,0.000210930992048551
ZPI,-0.368761645361114,5.9600766731044e-05,0.000216413889927876
ZPR1,-0.11726416432965,0.136791449381081,0.192553588100589
ZRAB2,0.147989130760739,0.0144312019426822,0.0277130796888342
ZSC25,0.611058093291542,8.50507668404599e-05,0.00029667799138381
ZSWM8,-0.0491999857663789,0.402688702547536,0.479128146315619
ZW10,0.164035778590775,0.0572567334496726,0.0915320215458816
ZY11B,-0.571998074153461,2.39280319635223e-06,1.23332461343045e-05
ZYX,0.693499892909914,2.01384818456542e-13,6.31660674475885e-12
ZZEF1,-0.0934506515755393,0.0414035816207119,0.0688491363363237
ZZZ3,0.50723647877327,0.175647582128193,0.23877673426729
