Genesymbol_phosphosite,Gene,Log2change,p-value,adj_pvalue
2A5A_S1,2A5A,-0.411426245726465,0.524743545108944,0.658625482181853
2A5D_S3,2A5D,-0.31034012061215,0.307933323364699,0.464077665787064
2A5E_S1,2A5E,0.0565835283663675,0.869397211276767,0.919911522094665
3BP1_S11,3BP1,-0.36737106564853,0.13568879857131,0.273122790693376
3BP1_S2,3BP1,-0.0426443374084937,0.759971318493883,0.843462488524895
3BP1_S5,3BP1,-0.028569152196771,0.937004751628551,0.960401104411744
3BP2_S1,3BP2,-0.111031312388744,0.578823248863203,0.70175223373714
3BP5L_S4,3BP5L,-0.22650852980868,0.189606514630865,0.33726482029164
3BP5L_S7,3BP5L,-0.238786859587116,0.0636,0.172633495934959
3HAO_S3,3HAO,-1.11769504266975,0.000182,0.00588036129032258
41_S14,41,-0.594548549550354,0.00444,0.0331150295857988
41_S3,41,-0.250961573533219,0.410906680544252,0.565024891863156
41_T4,41,-0.790772037862,0.437230287618128,0.585467722029836
4EBP1_T1,4EBP1,-0.84799690655495,0.103747296541641,0.232260375985936
4EBP1_T7,4EBP1,-0.22650852980868,0.0912,0.213325361980383
4EBP2_T26,4EBP2,-0.27500704749987,0.23729713215437,0.391301955162689
4ET_S1,4ET,0.432959407276106,0.156220172376772,0.296344933054119
4ET_S19,4ET,0.0976107966264223,0.663378968064075,0.769562629618922
4ET_S3,4ET,1.22032995487956,0.000101,0.00418023140495868
4ET_T2,4ET,0.985500430304885,0.010685635185886,0.0592620830685682
6PGL_S6,6PGL,-0.214124805352847,0.639116463488074,0.751160584169978
6PGL_S7,6PGL,-1.59931779369823,0.0312,0.111527194860814
6PGL_S9,6PGL,-0.432959407276106,0.0943,0.218333055940823
A16L1_S1,A16L1,-0.238786859587116,0.0342,0.117632967032967
A16L1_S3,A16L1,-0.0426443374084937,0.859305071690945,0.911158119633337
A16L2_S3,A16L2,-0.0565835283663676,0.906489595715158,0.941455805753113
AACT_T12,AACT,-0.028569152196771,0.900335293945705,0.938177101972553
AAK1_S1,AAK1,0.464668267003444,0.0791,0.194968153051922
AAK1_S12,AAK1,0.505890929729957,0.00133,0.0173003636363636
AAK1_S13,AAK1,0.31034012061215,0.489374651893844,0.631158448798447
AAK1_T18,AAK1,-0.0565835283663676,0.875050457215953,0.923162563669158
AAK1_T3,AAK1,-0.356143810225275,0.0764,0.19213230333726
AAK1_T4,AAK1,0.0565835283663675,0.770312238617225,0.849718874668516
AAK1_T5,AAK1,0.0285691521967709,0.803678955371051,0.871362677743716
AAK1_T5_S9,AAK1,0.31034012061215,0.116145539910328,0.249852604755551
AAKB1_S1,AAKB1,0.0565835283663675,0.652485759813578,0.760980131613041
AAKB1_S10,AAKB1,-0.250961573533219,0.138830289728878,0.277937236261132
AAKB2_S1,AAKB2,-0.782408564927373,0.0013,0.0172599477806788
AAKB2_S2,AAKB2,-0.594548549550354,0.565321928118341,0.691870043014822
AAKB2_S4,AAKB2,-0.622930350920177,0.015196323406157,0.0718128301886792
AAKB2_S5,AAKB2,-1.0071955014042,2.93e-05,0.00231908923076923
AAKB2_S7,AAKB2,-0.31034012061215,0.641393476997506,0.753129784948068
AAKG2_S11,AAKG2,-0.111031312388744,0.727619784860827,0.818831415634582
AAKG2_S2,AAKG2,-1.25096157353322,0.295231860467507,0.451732709202956
AAKG2_S3,AAKG2,-0.37851162325373,0.335292344745671,0.493032253036342
AAKG2_S5,AAKG2,-1.13093086982645,0.0167,0.0765174748398902
AAPK1_S1,AAPK1,0.807354922057604,0.033,0.114528066528067
AAPK1_S11,AAPK1,-0.0426443374084937,0.887296384682561,0.93078766118355
AAPK1_S3,AAPK1,-0.495695162624069,0.377186384796541,0.534054117913791
AAPK2_S2,AAPK2,-0.0426443374084937,0.760486303453638,0.843711875874129
AAPK2_S3,AAPK2,1.39506279951758,0.0339,0.117245303867403
AB1IP_S2,AB1IP,-0.22650852980868,0.637411394114304,0.750212987479303
AB1IP_S3,AB1IP,-0.641546029087524,0.021835754082991,0.0897075114418531
AB1IP_T5,AB1IP,-1.0496307677246,0.00225,0.022536
ABCA6_T3,ABCA6,0.0840642647884745,0.871458904256183,0.920925552334873
ABCBB_S2,ABCBB,-2.93168305705981,0.0179,0.0796828444444444
ABCBB_S3,ABCBB,-1.41142624572647,0.0152,0.0718128301886792
ABCBB_S6,ABCBB,-1.62760683812965,0.0323,0.11288094905792
ABCF1_S13,ABCF1,-0.36737106564853,0.172245616857655,0.316436555107533
ABCF1_S5,ABCF1,-1.23266075679027,0.0362,0.121670872483221
ABCF1_S6,ABCF1,-0.641546029087524,9.21e-05,0.00400219159663866
ABCF1_S7,ABCF1,-0.321928094887362,0.133123390267859,0.270495973278456
ABCF1_T4,ABCF1,-0.6959938131099,0.0081,0.0491694545454545
ABH15_S4,ABH15,-0.389566811762726,0.0605,0.167765227021041
ABI1_S10,ABI1,0.367371065648529,0.0999,0.226584782608696
ABI1_S3,ABI1,0.632268215499513,0.0163,0.0750816648846412
ABL1_S3,ABL1,0.978195629681652,0.000156,0.00531254054054054
ABL2_S3,ABL2,-0.298658315564515,0.146386387809985,0.286464314396302
ABLM1_S12,ABLM1,-0.0143552929770701,0.962105049441402,0.976930674696379
ABLM1_S13,ABLM1,-0.0565835283663676,0.852216251157781,0.906306162704947
ABLM1_S14,ABLM1,-0.6959938131099,0.0567,0.160154314720812
ABLM1_S17,ABLM1,-0.214124805352847,0.268232023109337,0.423981011104797
ABLM1_S2,ABLM1,1.04264433740849,0.023,0.0927407407407407
ABLM1_S2_S17,ABLM1,-0.27500704749987,0.269076367782123,0.424554016966878
ABLM1_S3,ABLM1,0.495695162624069,0.0564,0.159667156585642
ABLM1_S6,ABLM1,-0.0565835283663676,0.764487390224878,0.846018425775599
ABLM1_S8,ABLM1,-0.298658315564515,0.0523,0.151924825986079
ABLM1_T1,ABLM1,0.475084882948783,0.0408,0.131230828516378
ABLM1_T2,ABLM1,0.286881147788162,0.367025521158698,0.523664903123293
ABLM1_T9,ABLM1,0.831877241191673,0.0257,0.0993098765432099
ABLM2_S15,ABLM2,0.070389327891398,0.395804967457129,0.551708252686238
ABLM2_S2,ABLM2,1.24488705912353,0.00151,0.0185345098039216
ABLM2_S3,ABLM2,2.32192809488736,0.0224,0.0908333603238866
ABLM3_S1,ABLM3,-0.584962500721156,0.156153765256834,0.296331207429414
ABLM3_S15,ABLM3,-0.632268215499513,0.00373,0.0302752674230146
ABLM3_S2,ABLM3,-1.4594316186373,0.0158,0.0736059534883721
ABLM3_S3,ABLM3,-1.03562390973072,0.000757,0.0127552751677852
ABLM3_S4,ABLM3,-0.659924558402378,0.0224,0.0908333603238866
ABLM3_S7,ABLM3,-0.782408564927373,0.143745001541878,0.283396095558484
ABLM3_T2,ABLM3,0.189033824390017,0.162197366100872,0.303998656224988
ABLM3_T2_S8,ABLM3,0.422233000683048,0.229590070897915,0.383646004356609
ABLM3_T3,ABLM3,-0.286881147788162,0.590632926565009,0.711715518825208
ABLM3_Y17,ABLM3,0.0285691521967709,0.955775569431071,0.972691225859221
ABR_S3,ABR,0,0.979395998150087,0.987129321014188
ACACA_S11,ACACA,-0.545968369105293,0.0346,0.118601505817933
ACACB_S3,ACACB,-1.11769504266975,0.000994,0.0147713709198813
ACACB_S6,ACACB,-1.04264433740849,0.02113371904513,0.0880513019783786
ACACB_S7,ACACB,-0.956056652412403,0.154135431196989,0.294061043594103
ACACB_T8,ACACB,-0.594548549550354,0.000831,0.0130930156739812
ACAP2_S7,ACAP2,0.613531652917927,0.15915370558308,0.299527154287886
ACAP2_T5,ACAP2,0.505890929729957,0.0842,0.202630273906776
ACBD4_S6,ACBD4,-0.176322772640463,0.420282516711566,0.57163901240943
ACBD5_S2,ACBD5,-0.807354922057604,0.00242,0.0233964478764479
ACBD5_S5,ACBD5,-1.63691458035588,0.153888300745408,0.293906175117157
ACINU_S1,ACINU,0.214124805352847,0.460544009754612,0.606788845264693
ACINU_S11,ACINU,0.250961573533219,0.096421073431419,0.221300062211066
ACINU_S12,ACINU,-0.137503523749935,0.417574242202629,0.570123174741212
ACINU_S3,ACINU,0.333423733725192,0.089,0.210241509433962
ACINU_S3_S5,ACINU,0.454175893185802,0.207852278602628,0.358629707347039
ACINU_S6,ACINU,-1.08406426478847,0.00247,0.0237423416506718
ACINU_S7,ACINU,-0.871843648509318,0.0772,0.192826733167082
ACINU_S8,ACINU,0.070389327891398,0.855181480973259,0.908378782208022
ACINU_T1,ACINU,0.070389327891398,0.191581107812303,0.339624137318235
ACINU_T10,ACINU,0.111031312388744,0.801942238071746,0.870233310566263
ACINU_T2,ACINU,-0.176322772640463,0.745415375064798,0.833267901411721
ACKR3_S8,ACKR3,-0.0143552929770701,0.954041423268005,0.971731731555896
ACL6A_S3,ACL6A,0.411426245726465,0.0642,0.173873866090713
ACLY_S12,ACLY,-0.27500704749987,0.482664063445342,0.624306884974995
ACLY_S3,ACLY,0.765534746362977,0.0342,0.117632967032967
ACLY_T1,ACLY,1.13093086982645,0.013,0.0658281092012133
ACSA_S1,ACSA,-0.748461233004036,0.0274,0.102326025354213
ACSA_S3,ACSA,-1.07724299893246,0.00562,0.0387138376891334
ACSL3_S4,ACSL3,0.0565835283663675,0.79924432308094,0.868811714779541
ACSL3_T7,ACSL3,0.55581615506164,0.0259,0.0994435215454939
ACSL4_T7,ACSL4,0.55581615506164,0.0259,0.0994435215454939
ACTA_S19,ACTA,-0.16349873228288,0.734366283133444,0.823858948461534
ACTA_S5,ACTA,0.0565835283663675,0.752920839500143,0.838289809741377
ACTA_T14,ACTA,-0.250961573533219,0.4326451682488,0.581037007935101
ACTBM_S11,ACTBM,0.475084882948783,0.0507,0.149620271066588
ACTBM_S17,ACTBM,-0.422233000683048,0.209944869000633,0.360563753071046
ACTBM_S5,ACTBM,0.0565835283663675,0.752920839500143,0.838289809741377
ACTB_S11,ACTB,0.475084882948783,0.0507,0.149620271066588
ACTB_S14,ACTB,0.0143552929770701,0.984786027100099,0.990124156538305
ACTB_S19,ACTB,-0.189033824390017,0.342807778474027,0.500811363651671
ACTB_S3,ACTB,0.0976107966264223,0.562167911264008,0.688851700418437
ACTB_S5,ACTB,0.0565835283663675,0.752920839500143,0.838289809741377
ACTB_T14,ACTB,0.622930350920177,0.0314,0.111842958748222
ACTB_Y5,ACTB,-0.485426827170242,0.527415615564784,0.661256879804176
ACTC_S19,ACTC,-0.16349873228288,0.734366283133444,0.823858948461534
ACTC_S5,ACTC,0.0565835283663675,0.752920839500143,0.838289809741377
ACTC_T14,ACTC,-0.250961573533219,0.4326451682488,0.581037007935101
ACTG_S11,ACTG,0.475084882948783,0.0507,0.149620271066588
ACTG_S14,ACTG,0.0143552929770701,0.984786027100099,0.990124156538305
ACTG_S19,ACTG,-0.189033824390017,0.342807778474027,0.500811363651671
ACTG_S3,ACTG,0.0976107966264223,0.562167911264008,0.688851700418437
ACTG_S5,ACTG,0.0565835283663675,0.752920839500143,0.838289809741377
ACTG_T14,ACTG,0.622930350920177,0.0314,0.111842958748222
ACTG_Y5,ACTG,-0.485426827170242,0.527415615564784,0.661256879804176
ACTH_S19,ACTH,-0.16349873228288,0.734366283133444,0.823858948461534
ACTH_S5,ACTH,0.0565835283663675,0.752920839500143,0.838289809741377
ACTH_T14,ACTH,-0.250961573533219,0.4326451682488,0.581037007935101
ACTN4_S1,ACTN4,-0.111031312388744,0.831159466807171,0.890743978123328
ACTS_S19,ACTS,-0.16349873228288,0.734366283133444,0.823858948461534
ACTS_S5,ACTS,0.0565835283663675,0.752920839500143,0.838289809741377
ACTS_T14,ACTS,-0.250961573533219,0.4326451682488,0.581037007935101
ADA17_S1,ADA17,-0.356143810225275,0.287895573980726,0.443488475698393
ADAM9_S3,ADAM9,0.0426443374084937,0.802661740997755,0.870825389713336
ADAM9_T6,ADAM9,-0.238786859587116,0.069,0.181869473684211
ADAS_S4,ADAS,0.176322772640463,0.542049400733265,0.672643077305868
ADCY6_S6,ADCY6,0.0143552929770701,0.927151406030094,0.954992645289739
ADCY9_S6,ADCY9,0.0976107966264223,0.591939706041414,0.712775678734167
ADDA_S15,ADDA,1.13093086982645,0.0129,0.0655870050761421
ADDA_S17,ADDA,1.18903382439002,0.0161,0.0745872340425532
ADDA_S2,ADDA,0.238786859587116,0.465028690275962,0.611089918893209
ADDA_S20,ADDA,0.505890929729957,0.154654949902593,0.29482755580974
ADDA_S4,ADDA,1.64154602908752,1e-05,0.00168450909090909
ADDA_S5,ADDA,1.62293035092018,0.090141052506264,0.211540014503922
ADDA_S6,ADDA,0.298658315564515,0.0573,0.161303204047218
ADDA_S9,ADDA,0.575312330687437,0.00543,0.0379773333333333
ADDA_T23,ADDA,1.18269229751619,4.61e-05,0.00281547317073171
ADDG_S12,ADDG,0.454175893185802,0.0316,0.112236028368794
ADDG_S14,ADDG,0.575312330687437,0.509069167287581,0.646076631975724
ADDG_S18,ADDG,0.176322772640463,0.441856390471606,0.590084480928481
ADH1A_S3,ADH1A,-2.33342373372519,0.020085610376266,0.0853781170483461
ADH1A_S4,ADH1A,-1.66902676550963,0.000485,0.0102918644067797
ADH1A_T10,ADH1A,-1.24488705912353,0.170869059033914,0.314715795381332
ADH1A_T6,ADH1A,-1.68257329734758,0.0766,0.19213230333726
ADH1A_T7,ADH1A,-1.35049724708413,0.0878,0.20809389493611
ADH1B_S3,ADH1B,-2.33342373372519,0.020085610376266,0.0853781170483461
ADH1B_S4,ADH1B,-0.978195629681652,0.0989,0.225337215650591
ADH1B_S7,ADH1B,-0.678071905112638,0.00314,0.0273005555555556
ADH1B_T6,ADH1B,-1.33342373372519,0.0022,0.0223934959349594
ADH1G_S4,ADH1G,-1.66902676550963,0.000485,0.0102918644067797
ADH4_S13,ADH4,-2.77399632511117,2.59e-05,0.00226223448275862
ADH4_T6,ADH4,-1.33342373372519,0.0022,0.0223934959349594
ADH7_S24,ADH7,-0.823749360308273,0.0425,0.135308328035601
ADH7_T19,ADH7,-0.7311832415722,0.0378,0.1252
ADRM1_T7,ADRM1,0.815575428862573,0.138173557271044,0.277010878628258
ADT1_T4,ADT1,-1.22032995487956,0.0355,0.12020554428668
ADT2_T4,ADT2,-1.22032995487956,0.0355,0.12020554428668
ADT3_T4,ADT3,-1.22032995487956,0.0355,0.12020554428668
ADT4_T4,ADT4,-1.22032995487956,0.0355,0.12020554428668
ADX_S1,ADX,-0.454175893185802,0.140744509134354,0.280182173506127
ADX_S11,ADX,0.678071905112638,0.148362414580944,0.289329817843212
ADX_S2,ADX,-0.748461233004036,0.118304853857469,0.25265275399497
ADX_S3,ADX,-0.641546029087524,0.013449001015331,0.0672716417910448
AF1L1_S1,AF1L1,0.659924558402378,0.142223245422783,0.281300953032108
AF1L1_S4,AF1L1,0.622930350920177,0.134342902031118,0.271355215164299
AF1L2_S3,AF1L2,-0.22650852980868,0.513752631541806,0.650372390991245
AF1L2_Y23,AF1L2,0.0840642647884745,0.863639537778988,0.914979226824026
AFAD_S1,AFAD,-0.879705766282288,0.00974,0.0556825570776256
AFAD_S10,AFAD,0.6959938131099,0.0772,0.192826733167082
AFAD_S11,AFAD,-0.263034405833794,0.176012866144918,0.321119283662568
AFAD_S16,AFAD,-0.443606651475615,0.123055159015921,0.257741629590854
AFAD_S1_S11,AFAD,0,0.970039419671133,0.981405538123845
AFAD_S2,AFAD,-0.27500704749987,0.369685415956091,0.526554719661265
AFAD_S2_S11,AFAD,0.137503523749935,0.571211229601581,0.696456781083337
AFAD_S3,AFAD,-0.650764559116902,0.0394,0.128544104234528
AFAD_S4,AFAD,0.176322772640463,0.451375296093588,0.598646049480055
AFAD_S5,AFAD,-0.321928094887362,0.523464115917297,0.657498344651554
AFAD_S6,AFAD,-0.0426443374084937,0.723185878453591,0.815809482156626
AFAD_S8,AFAD,-0.137503523749935,0.768189948914708,0.848125058237403
AFAD_T1,AFAD,-0.659924558402378,0.16288458456647,0.304944298881825
AFAD_T11,AFAD,-0.298658315564515,0.0671,0.178647953216374
AFAD_T15,AFAD,-0.189033824390017,0.514579141529825,0.651089525210046
AFAP1_S3,AFAP1,1.89141918684608,8.43e-05,0.00388234862385321
AFAP1_S4,AFAP1,1.11769504266975,0.00174,0.0198947945205479
AFAP1_T3,AFAP1,1.29278174922785,0.000793,0.0130305242718447
AFF4_S3,AFF4,1.06350294230616,0.000915,0.0140132110091743
AFF4_T7,AFF4,-0.111031312388744,0.50541932859477,0.642772504536079
AFTIN_S8,AFTIN,0.948600847493356,0.137784373799404,0.276562783161289
AGAP1_S6,AGAP1,0.669026765509631,0.00712,0.0455971355498721
AGAP3_S6,AGAP3,0.704871964456353,0.0201,0.0853781170483461
AGFG1_S18,AGFG1,-0.36737106564853,0.135578268675965,0.273010040019796
AGFG1_S2,AGFG1,0.0426443374084937,0.847153748813365,0.903158529271168
AGFG1_S4,AGFG1,0.903038270112912,0.203757161687636,0.354434131897076
AGFG1_S6,AGFG1,1.11103131238874,0.00422,0.0321181762917933
AGFG1_T16,AGFG1,-0.36737106564853,0.170218669059027,0.313864173287042
AGM1_S10,AGM1,-0.20163386116965,0.406747320538775,0.56177057491088
AGRA2_S1,AGRA2,0.344828496997441,0.0116,0.0618008510638298
AGRA2_S4,AGRA2,0.189033824390017,0.0317,0.112335024162796
AGRA2_Y3,AGRA2,0.400537929583729,0.0609,0.168594361525705
AGT2_S3,AGT2,0.263034405833794,0.673422110429837,0.777431518910241
AHNK2_S3,AHNK2,-0.807354922057604,0.14133206393596,0.28056304893638
AHNK_S1,AHNK,1.33913738491959,0.00149,0.0185024630541872
AHNK_S10,AHNK,0.16349873228288,0.458894871624391,0.605870624664486
AHNK_S12,AHNK,0.422233000683048,0.195249452965462,0.344177845987692
AHNK_S13,AHNK,1.4905701304462,0.00239,0.0232410097087379
AHNK_S14,AHNK,1.56071495447448,0.000833,0.0130930156739812
AHNK_S16,AHNK,2.48542682717024,0.00011,0.00437206349206349
AHNK_S2,AHNK,1.04264433740849,0.000124,0.00449994202898551
AHNK_S3,AHNK,1.13750352374994,0.0012,0.0165553719008264
AHNK_S4,AHNK,0.584962500721156,0.00573,0.0392555950752394
AHNK_S5,AHNK,1.09085343045111,1.75e-05,0.00192699130434783
AHNK_S5_S16,AHNK,0.925999418556223,0.00374,0.0302903225806452
AHNK_S6,AHNK,1.18903382439002,0.00212,0.021935867768595
AHNK_S7,AHNK,0.422233000683048,0.0595,0.165818586533111
AHNK_S8,AHNK,0.464668267003444,0.053,0.153335644136337
AHNK_S9,AHNK,0.422233000683048,0.0034,0.0284735785953177
AHNK_T3,AHNK,0.111031312388744,0.777271697580278,0.855887568487694
AHNK_T5,AHNK,2.58976348698498,0.0389,0.127244415414762
AHNK_T7,AHNK,1.09761079662642,0.00194,0.0213527912087912
AIF1_S2,AIF1,-1.18269229751619,0.0679,0.179726849894292
AIFM1_S3,AIFM1,-0.20163386116965,0.467408938013576,0.612450016109887
AINX_S4,AINX,1.68257329734758,0.000755,0.0127552751677852
AJUBA_S15,AJUBA,-0.992768430768924,0.000359,0.00868537198067633
AJUBA_S16,AJUBA,-0.765534746362977,0.11278795119174,0.244164445550902
AJUBA_S8,AJUBA,0.0285691521967709,0.904616697615199,0.940969592960247
AK17A_S7,AK17A,0.176322772640463,0.502793674988988,0.640873180031777
AK1C1_S12,AK1C1,-1.4905701304462,0.00484,0.0349982708933718
AK1C1_S5,AK1C1,-0.22650852980868,0.300124851041133,0.456291819676379
AK1C1_T11,AK1C1,-2.29572302453997,0.043877822329482,0.137681788362184
AK1C2_S12,AK1C2,-1.4905701304462,0.00484,0.0349982708933718
AK1C2_S5,AK1C2,-0.22650852980868,0.300124851041133,0.456291819676379
AK1C3_S5,AK1C3,-0.22650852980868,0.300124851041133,0.456291819676379
AK1C4_S5,AK1C4,-0.22650852980868,0.300124851041133,0.456291819676379
AKA11_S3,AKA11,-0.286881147788162,0.120808440637298,0.255277920131472
AKA11_S5,AKA11,0.321928094887362,0.0434,0.136868513853904
AKA12_S1,AKA12,0.505890929729957,0.534527994088923,0.666231009058568
AKA12_S3,AKA12,0.575312330687437,0.346266998960712,0.503661089397399
AKA12_S4,AKA12,0.604071323668861,0.136915382101348,0.275039002632792
AKA12_S7,AKA12,-1.54596836910529,0.190161608387023,0.337825234055414
AKA12_S8,AKA12,-0.622930350920177,0.0896,0.210962294311236
AKAP1_S3,AKAP1,0.454175893185802,0.15064271653559,0.291264112948787
AKAP1_S4,AKAP1,0.389566811762726,0.25875864367111,0.414676252001574
AKAP1_T3,AKAP1,-0.75702324650746,0.103943235437923,0.232491167071513
AKAP1_T5,AKAP1,-0.584962500721156,0.00206,0.0218107399577167
AKAP2_S1,AKAP2,-0.189033824390017,0.281807167572649,0.437202693681483
AKAP2_S12,AKAP2,-0.344828496997441,0.0909,0.212822440392707
AKAP2_S3,AKAP2,-0.070389327891398,0.78835424183613,0.86055379446358
AKAP2_S36,AKAP2,-0.0840642647884746,0.741726555744073,0.829699931017717
AKAP2_S4,AKAP2,0.189033824390017,0.527500246569026,0.661256879804176
AKAP2_S5,AKAP2,0.855989697308481,0.0236,0.0940245027844073
AKAP2_S6,AKAP2,-0.321928094887362,0.10825381367068,0.238772132818906
AKAP2_T1,AKAP2,-0.344828496997441,0.381120085779469,0.53810244984031
AKAP2_T8,AKAP2,-0.137503523749935,0.268443159052467,0.424089381872162
AKIB1_S7,AKIB1,0.432959407276106,0.0197,0.0841788395904437
AKP13_S1,AKP13,-0.622930350920177,0.00719,0.0457583756345178
AKP13_S13,AKP13,0.0565835283663675,0.898863584701106,0.936928798473938
AKP13_S3,AKP13,0.84799690655495,8.06e-06,0.00149498074074074
AKP13_S5,AKP13,1.08406426478847,1.59e-05,0.00192699130434783
AKP13_S7,AKP13,-0.933572638261024,0.198050579095681,0.347647143396835
AKP13_T3,AKP13,0.464668267003444,0.195994064394909,0.345004665901478
AKP8L_S5,AKP8L,0.22650852980868,0.378027645574767,0.534942766046463
AKT1_S5,AKT1,-0.0840642647884746,0.559110531521316,0.685776522620316
AKT1_T3,AKT1,-0.526068811667588,0.0085,0.0504958481613286
AKTS1_S1,AKTS1,-0.321928094887362,0.228672197764395,0.382622908922182
AKTS1_T3,AKTS1,0.37851162325373,0.084656214227228,0.202904156712852
AL1A1_T1,AL1A1,-0.189033824390017,0.480365907658854,0.622427397134246
AL1A1_T8,AL1A1,-0.286881147788162,0.664248813489468,0.769858379531418
AL1L1_S11,AL1L1,-1.02147972741045,0.0185,0.0813415276558384
AL4A1_T10,AL4A1,-0.16349873228288,0.63975535611272,0.751558720012316
AL7A1_S3,AL7A1,-0.545968369105293,0.0967,0.221635514874142
AL9A1_T4,AL9A1,-0.443606651475615,0.0566,0.159962076749436
ALBU_S16,ALBU,0.238786859587116,0.497773893564094,0.636774019981024
ALBU_S18,ALBU,1.09085343045111,0.00132,0.0172599477806788
ALBU_S7,ALBU,1.48542682717024,4.02e-05,0.00261456623376623
ALBU_T1,ALBU,0.565597175854225,0.209817704795823,0.36046966880432
ALDOA_S3,ALDOA,0.189033824390017,0.514357506315335,0.650973563716754
ALDOA_S8,ALDOA,-0.37851162325373,0.0847,0.202904156712852
ALDOA_T9,ALDOA,0.0565835283663675,0.763746548486862,0.845829879438789
ALDOB_S13,ALDOB,-0.782408564927373,0.0667,0.178151253333333
ALDOB_S17,ALDOB,-1.22650852980868,0.00644,0.0426607407407407
ALDOB_S8,ALDOB,-1.01435529297707,5e-04,0.0103021714285714
ALDOB_T22,ALDOB,-1.35049724708413,0.0521,0.151607669959326
ALG3_S1,ALG3,0.0976107966264223,0.684666490104201,0.785535572152497
ALG3_S3,ALG3,-0.516015147003665,0.0373,0.12411853820598
ALKB5_S2,ALKB5,-0.545968369105293,0.322782304705385,0.479468325987955
ALKB5_S3,ALKB5,0.27500704749987,0.117171275459033,0.251435306252955
ALS2_S11,ALS2,-0.411426245726465,0.192172087253263,0.340430779258699
ALS2_S3,ALS2,-0.400537929583729,0.153782663770877,0.293865731006813
AMOL2_S10,AMOL2,0.37851162325373,0.20696716443502,0.357657542957412
AMOL2_S3,AMOL2,1.78240856492737,0.00446,0.0331150295857988
AMPD2_S1,AMPD2,-0.333423733725192,0.079,0.194968153051922
AMPD2_S3,AMPD2,-0.189033824390017,0.476532016997237,0.619046308445681
AMPD2_S4,AMPD2,-0.238786859587116,0.532039980609403,0.665384853169313
AMPD3_S3,AMPD3,-0.250961573533219,0.193845357394919,0.342546771289257
AMPL_S1,AMPL,-1.17632277264046,0.0296,0.107651997095134
AMRP_S7,AMRP,-0.704871964456353,0.011,0.0603373493975904
AN13D_S4_T8,AN13D,0.0565835283663675,0.624818673529436,0.739563204215414
AN32A_T3,AN32A,0.641546029087524,0.0368,0.12302696929239
ANCHR_S2,ANCHR,-0.823749360308273,0.00163,0.0189838139534884
ANK1_S4,ANK1,0.722466024471091,0.00106,0.0152982132564841
ANK1_S5,ANK1,0.321928094887362,0.422412049261337,0.5732898489704
ANK1_T3,ANK1,0.176322772640463,0.595221130641806,0.715179323957333
ANK2_S3,ANK2,0.669026765509631,0.00451,0.0333620088626292
ANK3_S11,ANK3,1.16349873228288,0.00245,0.0236408477842004
ANK3_S2,ANK3,1.98550043030488,0.004277973252681,0.0324116339628237
ANK3_S3,ANK3,2.21723071622067,0.000408,0.00932997260273973
ANKH1_S4,ANKH1,0.389566811762726,0.0492,0.147629478729778
ANO6_S3,ANO6,0.37851162325373,0.355696099346836,0.512868284215175
ANR27_S3,ANR27,-0.150559676575381,0.374535568155532,0.531749907704658
ANR28_S3,ANR28,-0.475084882948783,0.0903,0.211813770491803
ANR28_T1,ANR28,-0.298658315564515,0.3584632347143,0.515265177798282
ANS1A_S3,ANS1A,1.30451104180995,3.39e-05,0.00244676571428571
ANS1A_S5,ANS1A,0.526068811667588,0.0142,0.069109426627794
ANT3_S7,ANT3,0.855989697308481,0.00231,0.0228626086956522
ANXA2_S16,ANXA2,0.214124805352847,0.485126831453087,0.626563368291001
ANXA2_S2,ANXA2,0.31034012061215,0.092080703147186,0.214608755221798
ANXA2_T9,ANXA2,1.06350294230616,0.00396,0.0308955076923077
ANXA2_Y14,ANXA2,-0.20163386116965,0.21452175226801,0.366538701930465
ANXA4_S3,ANXA4,0.704871964456353,0.120164285345883,0.254131225089604
AOXA_S21,AOXA,-1.06350294230616,0.0101,0.0568962879640045
AP2A1_S1,AP2A1,-0.748461233004036,0.144203508478664,0.283573159873636
AP2A1_S4,AP2A1,-0.0840642647884746,0.863186479981148,0.914692740530171
AP3B1_S5,AP3B1,-0.0976107966264223,0.664658767638261,0.769977124296186
AP3D1_S4,AP3D1,0.422233000683048,0.467539797007635,0.612461235525565
AP4B1_S3,AP4B1,0.545968369105292,0.12858811645828,0.264424430199676
APBA1_S3,APBA1,-1.25096157353322,0.000391,0.00924373831775701
APC1_S7,APC1,-0.356143810225275,0.403951776494697,0.559764940975496
APC1_S9,APC1,-0.505890929729957,0.0841,0.202584319384319
APC_S12,APC,0.176322772640463,0.353687338022254,0.511013848785277
APC_S8,APC,-0.0143552929770701,0.963405168243327,0.977656146415923
API5_S9,API5,0.526068811667588,0.136034958823818,0.27370955154266
APJ_S3,APJ,0.454175893185802,0.104292254108398,0.232855821923699
APOB_S3,APOB,-0.516015147003665,0.0487,0.14683299217339
APOL3_S2,APOL3,0.831877241191673,0.00672,0.0438852083333333
AR6P4_S1,AR6P4,-0.565597175854225,0.000764,0.0127963612040134
AR6P4_S10,AR6P4,0.505890929729957,0.012378851161118,0.0639538619979403
AR6P4_S11,AR6P4,0.22650852980868,0.199628105273669,0.349558584339348
AR6P4_S3,AR6P4,0.807354922057604,0.0211,0.0879840133222315
AR6P6_T5,AR6P6,1.72246602447109,2.11e-05,0.00215049411764706
ARAF_S6,ARAF,0.31034012061215,0.428643864235698,0.579079706526133
ARAP1_S4,ARAP1,-0.214124805352847,0.285954345611289,0.441448632189068
ARC1B_S3,ARC1B,0.214124805352847,0.404803822731437,0.560790468669166
ARFG1_S3,ARFG1,-0.400537929583729,0.0264,0.100617351598174
ARFG1_S7,ARFG1,1.05658352836637,0.0115,0.0614642475987193
ARFG2_S1,ARFG2,-1.09761079662642,0.124966714148623,0.260329993534236
ARFG2_S3,ARFG2,1.62760683812965,0.00136,0.0174637948717949
ARFG2_S7,ARFG2,-0.400537929583729,0.278729954093824,0.434042167320233
ARFP1_S3,ARFP1,-0.6959938131099,0.0751,0.190430784810127
ARFP1_S5,ARFP1,0.604071323668861,0.0364,0.122015528781794
ARG28_S1,ARG28,-0.464668267003444,0.08,0.196199804113614
ARG35_S3,ARG35,-0.286881147788162,0.0924,0.215127475592748
ARGI1_S10,ARGI1,-0.75702324650746,0.0309,0.110850429799427
ARGI1_S14,ARGI1,-0.53605290024021,0.048581859662908,0.14683299217339
ARGI1_S6,ARGI1,-1.23878685958712,0.00251,0.0238974904942966
ARGI1_S8,ARGI1,-0.6959938131099,0.0254,0.0986071317829457
ARGL1_S1,ARGL1,1.02856915219677,0.171068497239908,0.314751570456652
ARGL1_S3,ARGL1,-0.0840642647884746,0.565782463227961,0.692264494465094
ARH40_T4,ARH40,0.495695162624069,0.258595247532278,0.414547054942909
ARHG1_S4,ARHG1,-0.464668267003444,0.015078868975687,0.0716784834123223
ARHG2_S1,ARHG2,-0.111031312388744,0.419894054823773,0.571421039825395
ARHG2_S3,ARHG2,1.27500704749987,0.069,0.181869473684211
ARHG2_S5,ARHG2,0.189033824390017,0.539907261503235,0.67086581221109
ARHG2_T14,ARHG2,-0.0143552929770701,0.913319557439128,0.945926276553466
ARHG5_S10,ARHG5,-0.22650852980868,0.421248854122921,0.57253160091361
ARHG5_S11,ARHG5,0.20163386116965,0.225210987217357,0.378729558087483
ARHG5_S13,ARHG5,-0.0143552929770701,0.878589945355475,0.925337212689846
ARHG5_S2,ARHG5,0.669026765509631,0.146675622984436,0.286710195123363
ARHG5_S3,ARHG5,-0.286881147788162,0.0924,0.215127475592748
ARHG6_S1,ARHG6,1.71808758396052,0.000395,0.00924373831775701
ARHG6_S2,ARHG6,-0.55581615506164,0.0274,0.102326025354213
ARHG6_S3,ARHG6,1.02856915219677,1.02e-06,0.000473483636363636
ARHG7_S1,ARHG7,1.71808758396052,0.000395,0.00924373831775701
ARHG7_S2,ARHG7,-0.55581615506164,0.0274,0.102326025354213
ARHG7_S3,ARHG7,0.344828496997441,0.0651,0.174810080428954
ARHGA_T1,ARHGA,1.21412480535285,0.0435,0.137011320754717
ARHGB_S3,ARHGB,0.20163386116965,0.329479221351947,0.486735085702227
ARHGB_S4,ARHGB,0.22650852980868,0.174530904919879,0.319463001403053
ARHGB_T11,ARHGB,-0.028569152196771,0.910720767334853,0.944461837001535
ARHGB_T6,ARHGB,0.070389327891398,0.685500093180552,0.785759777214055
ARHGC_S3,ARHGC,-0.238786859587116,0.141022555363296,0.280365604310991
ARHGC_T1,ARHGC,0.20163386116965,0.71223544557758,0.807350636363178
ARHGC_T6,ARHGC,1.11769504266975,0.00106,0.0152982132564841
ARHGF_S12,ARHGF,0.263034405833794,0.248827232092475,0.403266167857841
ARHGG_S1,ARHGG,-0.454175893185802,0.198898022857492,0.348890122056154
ARHGG_S16,ARHGG,-0.16349873228288,0.59570816318296,0.715421218518049
ARHGG_S2,ARHGG,-0.432959407276106,0.21533934164787,0.367559448865894
ARHGG_S3,ARHGG,0.31034012061215,0.086612807946396,0.206256273036401
ARHGH_S1,ARHGH,1.42223300068305,0.00405,0.0311079754601227
ARHGH_S10,ARHGH,-0.111031312388744,0.594365690804787,0.714665877443067
ARHGH_S12,ARHGH,-0.0840642647884746,0.724098280385053,0.816179200578066
ARHGH_S15,ARHGH,0.344828496997441,0.0584,0.16357225950783
ARHGH_S2,ARHGH,0.389566811762726,0.517481162083741,0.652817511592139
ARHGH_S22,ARHGH,0.238786859587116,0.383225179605659,0.53970520232428
ARHGH_S3,ARHGH,0.75702324650746,0.01650498093221,0.0757625522534442
ARHGH_S4,ARHGH,-0.344828496997441,0.390476460232113,0.54730089920023
ARHGH_T17,ARHGH,0.526068811667588,0.133893026313012,0.27103325617444
ARHGI_S1,ARHGI,-0.070389327891398,0.632427962096619,0.746101115236718
ARHGQ_S3,ARHGQ,-0.632268215499513,0.075,0.190369994931576
ARI1A_S3,ARI1A,0.594548549550354,0.0874,0.207538738738739
ARI1A_S7,ARI1A,0.31034012061215,0.565027121182018,0.691678274964445
ARK72_S4,ARK72,-1.14404636961671,0.0293,0.106715927272727
ARK72_S5,ARK72,-0.150559676575381,0.809301006317607,0.87499556123458
ARM10_S1,ARM10,-0.0426443374084937,0.812463747492503,0.877089555387466
ARM10_S4,ARM10,0.321928094887362,0.712903935059298,0.807925527670732
ARMC1_S3,ARMC1,-0.0143552929770701,0.933000151535252,0.957668256067926
ARP19_S29,ARP19,0.6959938131099,0.035,0.119400544959128
ARRB1_S15,ARRB1,0.176322772640463,0.412802947159599,0.566693012240951
ARRB1_T13,ARRB1,0.0565835283663675,0.819247944395676,0.882321226996461
ARVC_S1,ARVC,0.150559676575381,0.649958775675864,0.759270713455733
ARVC_S2,ARVC,-0.176322772640463,0.491965134494179,0.631935944558301
ASAP1_S3,ASAP1,0.37851162325373,0.118630203293761,0.252817400080324
ASAP1_S7,ASAP1,0.250961573533219,0.208176904583257,0.358629707347039
ASAP2_S3,ASAP2,-0.0426443374084937,0.599231062126385,0.718102215632672
ASHWN_S9,ASHWN,0.150559676575381,0.506196259287251,0.643245589066367
ASPC1_S4,ASPC1,-0.321928094887362,0.0932,0.216286190917516
ASPD_S10,ASPD,-0.807354922057604,0.0704,0.183722355393434
ASPD_S21,ASPD,-0.389566811762726,0.0364,0.122015528781794
ASPP1_S2,ASPP1,0.454175893185802,0.432911873200378,0.581083532829669
ASPP1_S3,ASPP1,0.321928094887362,0.0256,0.0990763523956723
ASPP2_S3,ASPP2,0.765534746362977,0.00047,0.0101455172413793
ASPP2_S4,ASPP2,0.189033824390017,0.208245844441931,0.358629707347039
ASSY_S13,ASSY,-0.985500430304885,0.00569,0.0390885048010974
ASSY_T10,ASSY,-0.150559676575381,0.784097584650798,0.857958611951755
ASSY_T9,ASSY,-0.782408564927373,0.0139,0.0681794319294809
ASSY_Y1,ASSY,-0.815575428862572,0.072,0.186440537745605
AT11B_S3,AT11B,0.389566811762726,0.217692419283862,0.370235459777722
AT11C_S3,AT11C,-2.11769504266975,0.000308,0.00820459574468085
AT131_S2,AT131,0.333423733725192,0.09894746212061,0.22534283324239
AT133_S5,AT133,-0.176322772640463,0.44523502993933,0.593804801580869
AT2A2_T5,AT2A2,-0.613531652917927,0.0768,0.1923072
AT2A3_T5,AT2A3,-0.613531652917927,0.0768,0.1923072
AT2B1_S2,AT2B1,0.432959407276106,0.0551,0.157426879271071
AT2B1_S3,AT2B1,-0.594548549550354,0.239325172842606,0.393009985443768
AT2B2_S2,AT2B2,-0.0565835283663676,0.756418640311987,0.841435928627817
AT2B4_T7,AT2B4,-0.622930350920177,0.0761,0.191608245349422
AT8B1_S1,AT8B1,-0.6959938131099,0.0043,0.0324313253012048
AT8B2_S5,AT8B2,-0.443606651475615,0.0313,0.11180485021398
ATAD1_S10,ATAD1,-0.137503523749935,0.423846743367737,0.57438141781698
ATF2_S6,ATF2,-0.464668267003444,0.0266,0.101071927162367
ATG2A_S3,ATG2A,0.575312330687437,0.357319977597963,0.514064477969146
ATG2B_S3,ATG2B,-0.22650852980868,0.118485596938949,0.252817400080324
ATIF1_S2,ATIF1,-0.20163386116965,0.567455745736304,0.693633969891972
ATL4_S3,ATL4,0.0143552929770701,0.966444255582932,0.979351038437743
ATLA1_S4,ATLA1,1.92219784839637,0.001,0.0148165680473373
ATM_T3,ATM,-0.344828496997441,0.0514,0.150709133489461
ATN1_S10,ATN1,-0.0143552929770701,0.954074465667001,0.971731731555896
ATN1_S4,ATN1,0.687060688339892,0.00493,0.0354224390243902
ATRX_S4,ATRX,0.669026765509631,0.00766,0.0473012083847102
ATTY_S15,ATTY,-1.26903314645524,0.187673304375926,0.334830035024808
ATTY_S2,ATTY,-1.11103131238874,0.0124,0.0639538619979403
ATX1_S3,ATX1,0,0.975316157775282,0.984320883773156
ATX2L_S1,ATX2L,-0.422233000683048,0.0568,0.160346335963923
ATX2L_S11,ATX2L,0.575312330687437,0.0613,0.169327302813017
ATX2L_S3,ATX2L,0.31034012061215,0.354799640783846,0.512056657361816
ATX2L_S5,ATX2L,-0.150559676575381,0.402664557003408,0.558909119033555
ATX2L_S6,ATX2L,-0.0976107966264223,0.517481515257974,0.652817511592139
ATX2L_S7,ATX2L,-0.111031312388744,0.497491578777871,0.63670785242003
ATX2L_T33,ATX2L,-0.782408564927373,0.0158,0.0736059534883721
ATX2L_T6,ATX2L,-0.20163386116965,0.358231241168645,0.515079545154342
ATX2_S1,ATX2,-0.443606651475615,0.224743362124271,0.378197163144607
ATX2_S2,ATX2,-0.495695162624069,0.181546258677317,0.327279936449245
ATX2_S34,ATX2,-0.214124805352847,0.276157481352138,0.431870038635956
ATX2_S9,ATX2,-0.432959407276106,0.00304,0.0267093333333333
ATX2_T3,ATX2,0.887525270741587,0.0208,0.0871685355648535
AXA2L_S16,AXA2L,0.214124805352847,0.485126831453087,0.626563368291001
AXA2L_S2,AXA2L,0.31034012061215,0.092080703147186,0.214608755221798
AXA2L_T9,AXA2L,1.06350294230616,0.00396,0.0308955076923077
AXA2L_Y14,AXA2L,-0.20163386116965,0.21452175226801,0.366538701930465
B2L12_S5,B2L12,-0.516015147003665,0.0301,0.10891676300578
B2L13_S2,B2L13,-0.641546029087524,0.164707689856494,0.306524009959614
B2L13_S6,B2L13,-0.545968369105293,0.295875904768768,0.452027617779741
B3A2_S6,B3A2,-0.070389327891398,0.765972191424505,0.846799694239898
B3AT_S10,B3AT,0.807354922057604,1.02e-05,0.00168450909090909
B4GT1_S24,B4GT1,-1.20789285164133,0.28539509972206,0.440857081865539
B4GT1_S25,B4GT1,-0.22650852980868,0.193365851833366,0.34218239787332
BABA1_S3,BABA1,-0.704871964456353,0.0129,0.0655870050761421
BAD_S1,BAD,-0.659924558402378,0.15327739324859,0.293865731006813
BAD_S3,BAD,-0.6959938131099,0.000824,0.0130746835443038
BAG3_S2,BAG3,0.0565835283663675,0.841479221796792,0.898918076526948
BAG3_S3,BAG3,0.545968369105292,0.00925,0.0536157407407407
BAG3_S7,BAG3,1.58496250072116,0.042817985966484,0.135949494949495
BAG6_S11,BAG6,0.687060688339892,0.143962689666878,0.283573159873636
BAG6_S26,BAG6,-0.545968369105293,0.320719538968619,0.477882609686059
BAG6_S4,BAG6,-0.238786859587116,0.517083219529394,0.652773572826621
BAIP2_S2,BAIP2,0.070389327891398,0.834825753448078,0.893144066068783
BAZ1B_S8,BAZ1B,0.678071905112638,0.0356,0.120381363943282
BAZ2A_S10,BAZ2A,0,0.969634791674936,0.981392691331463
BCAP_S1,BCAP,-0.443606651475615,0.0848,0.202904156712852
BCAP_S3,BCAP,-0.238786859587116,0.380246221201712,0.537323102646212
BCAR1_S3,BCAR1,0.613531652917927,0.12729443723648,0.263208316135546
BCAR3_S3,BCAR3,-0.238786859587116,0.0795,0.195452135493373
BCKD_S1,BCKD,-0.739848102699327,6.95e-05,0.00356692244897959
BCKD_S3,BCKD,0.0426443374084937,0.883858311173367,0.928744570693904
BCKD_T2,BCKD,0.189033824390017,0.615970273876302,0.732031118076061
BCKD_T5,BCKD,0.55581615506164,0.0557,0.158401817149347
BCL10_S3,BCL10,0.37851162325373,0.052,0.151492728330425
BCL3_S3,BCL3,-0.189033824390017,0.447588530454753,0.595709469259279
BCL7C_S17,BCL7C,-0.176322772640463,0.273697126338052,0.42967874880908
BCL7C_T9_S17,BCL7C,-0.111031312388744,0.701191451930441,0.798446291784368
BCL9L_S3,BCL9L,0.53605290024021,0.180140113901772,0.325800538252103
BCL9L_S5,BCL9L,0.389566811762726,0.0209,0.0873682804674457
BCLF1_S1,BCLF1,0.27500704749987,0.585687252965371,0.707628893329452
BCLF1_S10,BCLF1,0.422233000683048,0.0316,0.112236028368794
BCLF1_S13,BCLF1,0.411426245726465,0.245853200106043,0.400270749717511
BCLF1_S15,BCLF1,-0.238786859587116,0.308649493804726,0.464458132504227
BCLF1_S18,BCLF1,-0.53605290024021,0.0192,0.0832498701298701
BCLF1_S3,BCLF1,0.632268215499513,0.0693,0.18237225433526
BCLF1_S4,BCLF1,0.748461233004036,0.0556,0.158297214326322
BCLF1_S5,BCLF1,1.0071955014042,0.00157,0.0189838139534884
BCLF1_S6,BCLF1,0.584962500721156,0.00323,0.0277935395189003
BCLF1_S7,BCLF1,0.367371065648529,0.529852114939526,0.663209045642876
BCLF1_S8,BCLF1,-0.55581615506164,0.0753,0.190648331648129
BCLF1_S9,BCLF1,0.641546029087524,0.153170482543516,0.293865731006813
BCLF1_T2,BCLF1,-0.263034405833794,0.40826354895814,0.563246240546106
BCLF1_Y1_S7,BCLF1,-0.575312330687437,0.160628435690641,0.301735636136058
BCLF1_Y7,BCLF1,-0.070389327891398,0.842612866929385,0.899776398886205
BCR_S2,BCR,0.367371065648529,0.206900102378378,0.357657542957412
BCR_S3,BCR,0.422233000683048,0.392458002775031,0.548849393436849
BD1L1_S2,BD1L1,0.333423733725192,0.190146988637509,0.337825234055414
BDH_T13,BDH,-0.454175893185802,0.194438182774928,0.343110084332924
BET1L_S3,BET1L,-0.214124805352847,0.53351665082939,0.665923583027581
BHMT1_S3,BHMT1,-0.722466024471091,0.0994,0.225962414888788
BI2L1_S16,BI2L1,0.124328135002202,0.389492131352082,0.546189842002465
BI2L1_S3,BI2L1,-0.839959587489532,0.035346008871022,0.12020554428668
BI2L1_T10,BI2L1,0.22650852980868,0.22991486540217,0.383804548644689
BICC1_S1,BICC1,1.90303827011291,0.000813,0.0130746835443038
BICC1_S3,BICC1,0.594548549550354,0.141645732774976,0.280755028909457
BICD2_S4,BICD2,0.53605290024021,0.279773425813451,0.434990784375586
BIG1_S3,BIG1,-0.443606651475615,0.311609949405411,0.468069174151859
BIG2_S21,BIG2,-0.855989697308481,0.00178,0.0202136961451247
BIN1_S20,BIN1,-0.263034405833794,0.130907359792904,0.267507601561049
BIN1_S3,BIN1,-0.150559676575381,0.252498518568531,0.40738163047397
BIN1_S4,BIN1,-0.0143552929770701,0.949336995803372,0.969865294774233
BIN1_S6,BIN1,0.189033824390017,0.418899555553318,0.57104195382255
BIN2_S1,BIN2,-0.575312330687437,0.0643,0.173873866090713
BIN2_S17,BIN2,-0.070389327891398,0.674149893487523,0.777906231753736
BIN2_S2,BIN2,-0.526068811667588,0.00953,0.0549097588978186
BIN2_S23,BIN2,0.790772037862,0.00161,0.0189838139534884
BIN2_S3,BIN2,-0.16349873228288,0.13996106299107,0.279452474905697
BIN2_S4_S23,BIN2,0.632268215499513,0.0832,0.201093436293436
BIN2_S6,BIN2,0.27500704749987,0.277079490790361,0.432672701269819
BIN2_S9_S23,BIN2,0.839959587489532,0.0135,0.0672716417910448
BIN2_S9_T12,BIN2,-0.333423733725192,0.601972750177688,0.720697951922032
BIN2_T7,BIN2,1.07724299893246,0.000326,0.00837234871794872
BLNK_S21,BLNK,0.111031312388744,0.740335023489058,0.828328373019035
BMP2K_S1,BMP2K,-0.27500704749987,0.541782287138336,0.6725943713408
BMP2K_S3,BMP2K,-0.321928094887362,0.00222,0.0224148387096774
BMS1_S4,BMS1,-0.0840642647884746,0.549890819483835,0.678288971422425
BNI3L_S2,BNI3L,-0.22650852980868,0.430290642621564,0.579981857429299
BNI3L_S6,BNI3L,0.0426443374084937,0.759589320311699,0.843277170499
BNIP2_S3,BNIP2,-0.807354922057604,0.0889,0.210104388862671
BNIP3_S8,BNIP3,-0.298658315564515,0.513199241263194,0.649836106256909
BOK_S1,BOK,-0.604071323668861,0.074470536060563,0.189774160732452
BOK_S2,BOK,-0.613531652917927,0.0252,0.0981349922239502
BOK_S3,BOK,-0.687060688339892,0.0214,0.088717880794702
BORC7_S1,BORC7,0.16349873228288,0.57842896145963,0.70175223373714
BORG2_S4,BORG2,0.526068811667588,0.018,0.0797734513274336
BORG4_S24,BORG4,-0.505890929729957,0.25998885514677,0.416051215485558
BORG4_S27,BORG4,-0.028569152196771,0.71407750620085,0.808383530487791
BORG5_S1,BORG5,1.63691458035588,0.000817,0.0130746835443038
BORG5_S2,BORG5,1.89141918684608,0.000108,0.0043618064516129
BORG5_S24,BORG5,0.0285691521967709,0.872509507269332,0.921258193633737
BORG5_S3,BORG5,1.23266075679027,0.00378,0.030321769550392
BORG5_S4,BORG5,0.411426245726465,0.303166760755956,0.459033280038917
BORG5_S5,BORG5,0.250961573533219,0.432638751075226,0.581037007935101
BORG5_S6,BORG5,0.632268215499513,0.0472,0.144044850700792
BRAF_S1,BRAF,0.214124805352847,0.449346232474308,0.597220258023178
BRAF_S3,BRAF,-0.0840642647884746,0.466851021741087,0.612266509210291
BRAP_S9,BRAP,-0.20163386116965,0.435637108489553,0.583958950566296
BRD3_S3,BRD3,0.321928094887362,0.00744,0.0465162546816479
BRD4_S2,BRD4,-0.594548549550354,0.00166,0.0192883526682135
BRE1A_S11,BRE1A,-0.298658315564515,0.329582895610664,0.486744659751756
BRE1A_S13,BRE1A,0.0143552929770701,0.927957089896052,0.955233115354456
BUD13_S5,BUD13,0.443606651475615,0.238742518735589,0.392651078432785
BUP1_S4,BUP1,-1.85996954822103,0.0217,0.0892229885057471
C102A_S1,C102A,1.26303440583379,0.039896445276036,0.129082170542636
C163A_S4,C163A,0.575312330687437,0.0727,0.186965333333333
C170B_S2,C170B,0.748461233004036,0.019,0.0828128807658834
C170B_S3,C170B,1.09085343045111,0.00108,0.0155420689655172
C170B_S5,C170B,0,0.986631439491925,0.991183600596903
C170B_S8,C170B,-0.31034012061215,0.256434912688921,0.411821595157789
C170L_S9,C170L,-0.0565835283663676,0.902486587896741,0.939636763448416
C2C2L_S7,C2C2L,-0.137503523749935,0.690435158822087,0.789609334409914
C2CD2_S5,C2CD2,-0.189033824390017,0.149692936749567,0.291017945357854
C2CD5_S14,C2CD5,-0.344828496997441,0.0574,0.161403256597417
C2CD5_S3,C2CD5,0.855989697308481,0.00638,0.0424316600265604
C2CD5_T3,C2CD5,-0.411426245726465,0.0685,0.180932489451477
C2D1A_T4,C2D1A,0,0.974674274703202,0.98421515872532
C3AR_S6,C3AR,0.526068811667588,0.00472,0.0344573760932945
C5AR1_T4,C5AR1,-1.07724299893246,0.0841,0.202584319384319
CA174_S5,CA174,-0.070389327891398,0.778461150187543,0.856024744307434
CA198_S1,CA198,1.13093086982645,0.0721,0.186577595066804
CA226_S2,CA226,-1.01435529297707,0.032,0.112776917663617
CA226_S3,CA226,0.189033824390017,0.305575257706884,0.46181880422974
CAAP1_S1,CAAP1,-0.0976107966264223,0.540647345825986,0.671351824422648
CABIN_T9,CABIN,0.669026765509631,0.043368232996613,0.13685451219095
CABL1_S2,CABL1,-0.16349873228288,0.210465057714984,0.361085648864899
CABL1_S7,CABL1,-0.505890929729957,0.168728502522092,0.311771119512553
CABL1_T3,CABL1,-0.189033824390017,0.390975435636416,0.547693701165642
CADH2_T5_T8_Y10,CADH2,-1.1243281350022,0.180435539133948,0.326086892679436
CALD1_S2,CALD1,1.75274859140713,0.0782,0.194451638530288
CALD1_S3,CALD1,1.39506279951758,7.63e-05,0.00378327128712871
CALD1_S7,CALD1,1.38956681176273,0.00109,0.0156410315186246
CALM_S11,CALM,0.400537929583729,0.547200012643332,0.676737613186196
CALM_T25,CALM,-0.948600847493355,0.010498720115472,0.0584266666666667
CALRL_S6,CALRL,0.22650852980868,0.208084373390386,0.358629707347039
CALU_S7,CALU,-0.970853654340484,0.0317,0.112335024162796
CALU_Y10,CALU,-0.84799690655495,0.00737,0.046368040201005
CALX_S10,CALX,0.0840642647884745,0.680891602924267,0.782806507677853
CALX_S11,CALX,-0.565597175854225,0.0949,0.219316658975542
CALX_S13,CALX,-0.20163386116965,0.357877990771334,0.514719407749236
CALX_S3,CALX,-1.23878685958712,0.019,0.0828128807658834
CALX_S30,CALX,1.20789285164133,0.272975911895968,0.428815359716125
CALX_S3_T11,CALX,-1.37295209791183,0.043,0.135949494949495
CALX_T11,CALX,-1.23266075679027,0.00233,0.0229697637795276
CAMP1_S1,CAMP1,1.02147972741045,0.0625,0.171131765992346
CAMP1_S16,CAMP1,0.0840642647884745,0.440341726252132,0.588689632960672
CAMP1_S3,CAMP1,0.0565835283663675,0.822570181721967,0.884377730799401
CAMP1_S7,CAMP1,-0.22650852980868,0.163021714425547,0.304973009280216
CAMP2_S3,CAMP2,0.526068811667588,0.0269,0.101365838976674
CAMP3_S15,CAMP3,-0.0426443374084937,0.821323673940071,0.883628159607148
CAMP3_S3,CAMP3,-0.475084882948783,0.384579692886908,0.540852317320313
CAMP3_S5,CAMP3,-0.6959938131099,0.183627132058905,0.330016145478959
CAMP3_S9,CAMP3,-0.659924558402378,0.0269,0.101365838976674
CAMP3_T3,CAMP3,-0.238786859587116,0.322801053808253,0.479468325987955
CAP1_S14,CAP1,0.594548549550354,0.294355569254224,0.450805104227876
CAP1_S16,CAP1,-0.137503523749935,0.615868299622715,0.732031118076061
CAP1_T13,CAP1,0.176322772640463,0.583211197738312,0.705077512702438
CAP2_S5,CAP2,1.19534759832222,0.0461,0.141985731857319
CAPR1_S11,CAPR1,-0.454175893185802,0.00968,0.0554600228571429
CAPS2_S1,CAPS2,-1.24488705912353,0.125906322983028,0.261525867067194
CAPZB_S3,CAPZB,-0.0143552929770701,0.911600295481024,0.944804279753512
CARF_S3,CARF,1.52105073690096,0.0414,0.132649520153551
CARL1_S1,CARL1,-0.137503523749935,0.688160893954182,0.78736800478011
CARL1_S2,CARL1,-0.321928094887362,0.519942247963766,0.654732405783892
CARL1_S3,CARL1,1.1243281350022,0.00454,0.0334850073637702
CASC3_S3,CASC3,-0.20163386116965,0.43234714101968,0.581037007935101
CASC3_S9,CASC3,-0.070389327891398,0.676155611872805,0.779329644248333
CASC4_S5,CASC4,-0.443606651475615,0.0562,0.159371234428086
CASC4_S7,CASC4,-0.823749360308273,0.0174,0.0785037837837838
CASS4_S3,CASS4,-0.111031312388744,0.615198511455979,0.73176770939373
CATA_S9,CATA,-0.27500704749987,0.130287800195474,0.266972710056847
CATA_Y15_Y16,CATA,-0.189033824390017,0.698109226948697,0.796203827956975
CATA_Y2,CATA,-1.29278174922785,0.0078,0.0479882063882064
CAV1_S4,CAV1,1.37851162325373,0.095721944232009,0.220582252873563
CAV1_S7,CAV1,0.815575428862573,0.023,0.0927407407407407
CBP_S1,CBP,-0.176322772640463,0.485186250445787,0.626563368291001
CBX3_S1,CBX3,0.422233000683048,0.282589850765617,0.437738933694466
CBX3_S2,CBX3,-0.0840642647884746,0.837354947434682,0.895467345025174
CBX3_S3,CBX3,-0.485426827170242,0.0468,0.143348256880734
CBX3_S4,CBX3,-0.516015147003665,0.0112,0.0605719222462203
CBX8_S7,CBX8,-0.070389327891398,0.757909138290277,0.842906720976617
CBY1_S4,CBY1,0.505890929729957,0.011787173787553,0.0622046315789474
CC120_S1,CC120,-0.0565835283663676,0.449822657973807,0.597694845086979
CC186_S1,CC186,-0.36737106564853,0.176565339898517,0.321683637760182
CC88B_S6,CC88B,0.137503523749935,0.46158227457136,0.607833030216445
CCAR2_S4,CCAR2,0.0143552929770701,0.957382047659446,0.973714316547219
CCD86_S16,CCD86,-0.214124805352847,0.276016123319021,0.431830286029883
CCD86_S17,CCD86,-0.37851162325373,0.195408516935421,0.34433703476868
CCD86_S20,CCD86,-0.356143810225275,0.0116,0.0618008510638298
CCD86_S3,CCD86,-0.298658315564515,0.455639905249532,0.60270592854983
CCD86_S7,CCD86,-1.1243281350022,0.000573,0.0110368615384615
CCD86_S8,CCD86,0,0.967422060631075,0.979549065839148
CCD92_S3,CCD92,0.53605290024021,0.00505,0.0359238636363636
CCD97_S11,CCD97,0.575312330687437,0.0274,0.102326025354213
CCDC6_S10,CCDC6,-0.389566811762726,0.306223735686008,0.462097304769291
CCDC6_S14,CCDC6,-0.0143552929770701,0.96486777748334,0.978347404259276
CCDC6_S15,CCDC6,-0.333423733725192,0.0716,0.1855966873706
CCDC6_S3,CCDC6,0.0143552929770701,0.947855757841157,0.968747272503779
CCDC6_S4,CCDC6,1.0496307677246,0.108758419965203,0.239201654451356
CCDC6_S4_S14,CCDC6,-0.992768430768924,0.0236,0.0940245027844073
CCDC6_T3,CCDC6,-1.11103131238874,0.00199,0.0216180477223427
CCDC9_S1,CCDC9,0.475084882948783,0.324564394232588,0.481320250612023
CCDC9_S5,CCDC9,0.713695814843359,0.00208,0.0218511899791232
CCM2_S3,CCM2,0.887525270741587,0.0016,0.0189838139534884
CCNK_S3,CCNK,1.48542682717024,0.0151,0.0716784834123223
CCNK_S3_S7,CCNK,0.214124805352847,0.533749453329215,0.665923583027581
CCNK_S5,CCNK,-0.0976107966264223,0.580334483920956,0.702857338688307
CCNL1_S4,CCNL1,-0.53605290024021,0.339167760071816,0.497088715961269
CCNL1_S5,CCNL1,-0.0426443374084937,0.720674068427848,0.813418015480429
CCNL1_S6,CCNL1,0.807354922057604,0.296146138778323,0.452033800917181
CCNL2_S3,CCNL2,0.111031312388744,0.590390571896476,0.711594701337558
CCNY_S1,CCNY,-0.137503523749935,0.353681609180148,0.511013848785277
CCNY_S3,CCNY,-0.0426443374084937,0.737438050579051,0.826194576577156
CCNY_S9,CCNY,1.83592407425437,0.0728,0.186965333333333
CCYL1_S1,CCYL1,-0.669026765509631,0.000713,0.0122704604810997
CCYL1_S4,CCYL1,-0.176322772640463,0.48116192160954,0.623133928994201
CCYL1_S9,CCYL1,1.83592407425437,0.0728,0.186965333333333
CD11A_S3,CD11A,-0.422233000683048,0.131029581994659,0.267507601561049
CD11A_T3,CD11A,-0.422233000683048,0.134129564839745,0.271216289644163
CD11B_S3,CD11B,-0.422233000683048,0.131029581994659,0.267507601561049
CD2AP_S1,CD2AP,0.16349873228288,0.158538243815436,0.298818037270494
CD2AP_S26,CD2AP,0.137503523749935,0.633278964081722,0.746226129910886
CD2AP_S6,CD2AP,0.475084882948783,0.0382,0.126191029023747
CD2B2_S7,CD2B2,1.16992500144231,0.0766,0.19213230333726
CD2B2_S8,CD2B2,0.16349873228288,0.649041306699554,0.758907042715705
CD44_S1,CD44,-1.55581615506164,0.0219,0.0898977049180328
CD44_S12,CD44,-0.594548549550354,0.117823290058286,0.251946642447436
CD44_S16,CD44,0.0426443374084937,0.871429209332264,0.920925552334873
CD97_S6,CD97,-0.0426443374084937,0.875028851619314,0.923162563669158
CD97_T7,CD97,-0.189033824390017,0.466316091250473,0.612139183481617
CD97_T8,CD97,-0.879705766282288,0.151589197623001,0.291871857630138
CDC27_S24,CDC27,-0.432959407276106,0.11944425888171,0.253357411469548
CDK12_T3,CDK12,-0.400537929583729,0.0122,0.0635110187110187
CDK12_Y10,CDK12,-1.19534759832222,0.203372281528879,0.35401056166028
CDK13_S5,CDK13,-0.298658315564515,0.44293306401516,0.590892057695237
CDK14_S3,CDK14,0.956056652412403,6.46e-07,0.000462166857142857
CDK16_S3,CDK16,0.992768430768924,0.000737,0.0125115118644068
CDK17_S3,CDK17,0.790772037862,0.000527,0.0104730793650794
CDK18_S16,CDK18,-0.31034012061215,0.015225547398317,0.0718657317349402
CDK18_S3,CDK18,0.613531652917927,0.0014,0.0178857142857143
CDK7_S4_T10,CDK7,-0.176322772640463,0.416204162245373,0.568881892871456
CDK9_S4,CDK9,-0.286881147788162,0.777627048688991,0.855973301891231
CDN1B_S2,CDN1B,1.32192809488736,0.00203,0.0216764179104478
CDN1B_S9,CDN1B,0.137503523749935,0.596502642309292,0.715517421002379
CDR2_S3,CDR2,-0.344828496997441,0.217166115016142,0.369921055782598
CDS2_S16,CDS2,0.0565835283663675,0.875542671908221,0.923487300108755
CDS2_T24,CDS2,-0.411426245726465,0.115398231219226,0.248565308363821
CDV3_S1,CDV3,1.64154602908752,0.00647,0.0427463852242744
CE170_S1,CE170,0.895302621333307,0.00601,0.0407281190798376
CE170_S3,CE170,0.22650852980868,0.305939165640015,0.461906343540909
CE170_S5,CE170,1.15055967657538,0.0225,0.0911650485436893
CE170_S8,CE170,0.070389327891398,0.700590566684749,0.798125013184082
CE170_S9,CE170,-0.0565835283663676,0.902486587896741,0.939636763448416
CE170_T1,CE170,-0.0143552929770701,0.969958627085929,0.981405538123845
CEBPB_S10,CEBPB,-0.669026765509631,0.35005149685118,0.507428142651505
CEBPB_S11,CEBPB,-0.871843648509318,0.122872825370717,0.257575181857074
CEBPB_S13,CEBPB,-0.584962500721156,0.118643486158971,0.252817400080324
CEBPB_S15,CEBPB,-0.124328135002202,0.744290794480815,0.832196539129253
CEBPB_S17,CEBPB,-0.31034012061215,0.498911312911169,0.637535747027304
CENPA_S3,CENPA,0.799087306074004,0.0201,0.0853781170483461
CENPA_S3_S5,CENPA,1.33342373372519,0.0309,0.110850429799427
CENPB_S7,CENPB,-0.150559676575381,0.752667449073517,0.838289809741377
CENPV_T29,CENPV,-0.475084882948783,0.0644,0.17393376344086
CEP68_S26,CEP68,0.189033824390017,0.381296135077858,0.538199279726582
CETN2_S3,CETN2,-0.124328135002202,0.532642080267544,0.665591301328195
CFTR_S3,CFTR,-0.0976107966264223,0.742147636157874,0.829985565403893
CG043_S3,CG043,1.36176835941915,0.0281,0.104163434492968
CGNL1_S2,CGNL1,-0.773996325111173,0.062313520611675,0.170901484788208
CGNL1_S3,CGNL1,-0.495695162624069,0.027,0.101513513513514
CGNL1_S4,CGNL1,-0.0143552929770701,0.931042302156771,0.956443045989971
CGNL1_S5,CGNL1,0.704871964456353,0.421490274695265,0.572659602733013
CHAP1_S3,CHAP1,0.250961573533219,0.0646,0.17393376344086
CHAP1_S6,CHAP1,-0.55581615506164,0.000608,0.0113143703703704
CHAP1_S7,CHAP1,-0.594548549550354,0.0548,0.157001372997712
CHAP1_T2,CHAP1,-0.333423733725192,0.0305,0.109966882649388
CHD3_S10,CHD3,0.250961573533219,0.231563897800766,0.385465865217679
CHD4_S2,CHD4,-0.286881147788162,0.296003928643704,0.452033800917181
CHD4_S6_S22,CHD4,0.0143552929770701,0.937624185815591,0.960839353911291
CHD4_S9,CHD4,-0.879705766282288,0.0805,0.19684765625
CHD8_S2,CHD8,-0.137503523749935,0.33496618633677,0.492950532228782
CHD8_S3,CHD8,-0.0426443374084937,0.747734725663839,0.835487618501675
CHD8_S7,CHD8,0.0426443374084937,0.790601439571071,0.862036143995629
CHIP_S7,CHIP,-0.321928094887362,0.0798,0.195901176470588
CHM2B_S1,CHM2B,-2.72465027173297,0.00583,0.0397233197278912
CHM2B_S4,CHM2B,-0.918386234446348,0.00231,0.0228626086956522
CHM4A_S6,CHM4A,1.36737106564853,0.032,0.112776917663617
CHMP7_S2,CHMP7,-0.27500704749987,0.148183911026904,0.289206947163965
CHSP1_S2,CHSP1,0.298658315564515,0.78154838218198,0.857958611951755
CHSP1_S3,CHSP1,-0.263034405833794,0.17566601861661,0.320720168148736
CHSP1_S3_S5,CHSP1,-0.632268215499513,0.00767,0.0473046305418719
CHSP1_S6,CHSP1,-0.831877241191673,0.013,0.0658281092012133
CHSTD_S3,CHSTD,0.0143552929770701,0.973596507313849,0.983811805614963
CI078_S12,CI078,-0.028569152196771,0.877857694449988,0.924955046035249
CI129_S7,CI129,1.38404980679516,0.00186,0.0207458351893096
CI129_S8,CI129,-0.31034012061215,0.150157374105564,0.291264112948787
CI172_S11,CI172,-0.124328135002202,0.528412040013252,0.662068425415653
CIC_S2,CIC,-0.111031312388744,0.220191824182322,0.373420364718135
CIC_S24,CIC,-0.333423733725192,0.130674037358967,0.267326625446776
CIC_S5,CIC,-0.137503523749935,0.27900307565719,0.434197452731885
CING_S11,CING,-0.55581615506164,0.0652,0.174984780278671
CING_S3,CING,-0.678071905112638,0.00562,0.0387138376891334
CING_S6,CING,-0.111031312388744,0.574194774835879,0.699154903124619
CING_S7,CING,-0.6959938131099,0.000799,0.0130305242718447
CING_S9,CING,-0.16349873228288,0.291755042269015,0.447918225531339
CIP4_S25,CIP4,-0.0426443374084937,0.76713971157937,0.847152298917196
CIP4_S3,CIP4,0.925999418556223,0.000113,0.004421125
CIP4_S6,CIP4,0.992768430768924,0.0149,0.0713376673040153
CIR1_S14,CIR1,0.0143552929770701,0.967001431732014,0.979549065839148
CIRBP_S1,CIRBP,0.963474123974886,0.0495,0.148086021505376
CK052_T1,CK052,-1.0703893278914,0.108549622176829,0.239057391319947
CK084_S3,CK084,0.0426443374084937,0.849827269702601,0.904940456447082
CK096_S1,CK096,2.99819550315325,2e-04,0.00618271604938272
CK096_S2,CK096,1.08406426478847,0.000353,0.00867239024390244
CK096_S5,CK096,1.46466826700344,0.00103,0.0151268035190616
CK096_S6,CK096,1.6915341649192,0.000859,0.0134014704049844
CKAP4_S6,CKAP4,-0.37851162325373,0.101304851562417,0.229001731041032
CL043_S13,CL043,-0.263034405833794,0.140619194871908,0.280182173506127
CL16A_S3,CL16A,0.0143552929770701,0.921393485086117,0.95121388854077
CLAP1_S1,CLAP1,0.37851162325373,0.236459258504017,0.390821111085187
CLAP1_S2,CLAP1,0.713695814843359,0.0608,0.168410619469027
CLAP1_S3,CLAP1,0.16349873228288,0.23147924356702,0.385465865217679
CLAP1_S5,CLAP1,0.22650852980868,0.281990143122097,0.43724626097619
CLAP1_S6,CLAP1,0.584962500721156,0.24243568205313,0.396460841589056
CLAP1_S9,CLAP1,0.495695162624069,0.0505,0.149620271066588
CLAP1_T6,CLAP1,0.422233000683048,0.0801,0.196348898678414
CLAP2_S3,CLAP2,0.75702324650746,0.00217,0.0223149075975359
CLASR_S7,CLASR,0.659924558402378,7.5e-06,0.00148891692307692
CLD12_S1,CLD12,-1.36737106564853,0.00299,0.0265441696113074
CLD12_S4,CLD12,-0.36737106564853,0.295169677002667,0.451732709202956
CLD23_S3,CLD23,-0.250961573533219,0.14422378415949,0.283573159873636
CLD2_S2,CLD2,-0.632268215499513,0.0365,0.12226889632107
CLIC6_S3,CLIC6,-0.263034405833794,0.0784,0.194852208436725
CLIP1_S3,CLIP1,-1.24488705912353,0.00496,0.0354852571428571
CLIP1_S5,CLIP1,-0.400537929583729,0.26862254997638,0.424168369036203
CLIP1_T5,CLIP1,-1.20789285164133,0.428486946949232,0.579023915359351
CLIP2_S3,CLIP2,-1.24488705912353,0.00496,0.0354852571428571
CLIP2_T5,CLIP2,-1.20789285164133,0.428486946949232,0.579023915359351
CLK3_Y1,CLK3,-0.356143810225275,0.0212,0.0882540315876974
CLMN_S4,CLMN,1.17632277264046,0.000888,0.0136833969230769
CLN6_S3,CLN6,0.669026765509631,0.143791828836683,0.283396095558484
CN37_S6,CN37,1.06350294230616,0.000391,0.00924373831775701
CNBP_S8,CNBP,0.124328135002202,0.582948068355549,0.704999740720741
CNDH2_S4,CNDH2,0.298658315564515,0.411342140411353,0.565158145179714
CNKR3_S3,CNKR3,-0.286881147788162,0.143785834150919,0.283396095558484
CNKR3_S4,CNKR3,0.27500704749987,0.40031341793586,0.556571237374455
CNNM3_S19,CNNM3,-0.070389327891398,0.728578342884129,0.819568809785202
CNNM4_S1,CNNM4,-0.176322772640463,0.610604705033993,0.728073419716723
CNOT2_S5,CNOT2,0.584962500721156,0.127458111200174,0.263437978081086
CNPY2_S4,CNPY2,-0.16349873228288,0.406476498112696,0.56177057491088
CO052_S4,CO052,0.286881147788162,0.300082541401136,0.456291819676379
CO1A1_S14,CO1A1,0.070389327891398,0.767083268314447,0.847152298917196
CO1A1_S26,CO1A1,0.454175893185802,0.191360602719508,0.339353363462924
CO1A1_S29,CO1A1,0.516015147003665,0.0776,0.19353625498008
CO1A1_S6,CO1A1,0,0.996475297529016,0.997271840532636
CO1A2_S24,CO1A2,0.565597175854225,0.0704,0.183722355393434
CO1A2_Y28,CO1A2,1.0703893278914,0.177027085506474,0.32214812653213
CO5A2_S20,CO5A2,1.19534759832222,0.205499047912186,0.356350149565176
CO5A2_T15,CO5A2,0.650764559116902,0.0217,0.0892229885057471
CO6A1_S3,CO6A1,0.298658315564515,0.329037694845001,0.486226254288511
CO6A3_S3,CO6A3,-0.111031312388744,0.697391996171637,0.795566996999444
COASY_S22,COASY,-1.08406426478847,0.00332,0.0280854054054054
COASY_S25,COASY,0.516015147003665,0.327985732887921,0.485244475717196
COASY_S26,COASY,0.422233000683048,0.498285322568462,0.637235162263243
COASY_S3,COASY,-1.28095631383106,0.0193,0.0833227586206897
COASY_S32,COASY,-1.43829285157915,0.00698,0.0449303856041131
COBL1_S3,COBL1,-1.7311832415722,1.65e-05,0.00192699130434783
COBL1_T3,COBL1,-1.4905701304462,0.0239,0.0944681925808998
COBL_S3,COBL,-0.75702324650746,0.0692,0.182300683850605
COF1_S3,COF1,-0.250961573533219,0.649804098961668,0.759270713455733
COF1_S4,COF1,-0.321928094887362,0.249633836347346,0.403929404111642
COG3_S16,COG3,-0.263034405833794,0.486195701576447,0.627527807844282
COG3_S3,COG3,-0.565597175854225,0.160068405534576,0.301022371354546
COG3_T13,COG3,-0.0143552929770701,0.883865140560532,0.928744570693904
COG5_S2,COG5,0.400537929583729,0.134652027262664,0.271472364143084
COIL_S2,COIL,0.150559676575381,0.817569277782094,0.881271404032012
COPA_S3,COPA,-0.214124805352847,0.0382,0.126191029023747
COPA_S4,COPA,-1.26303440583379,0.141374926869897,0.28056304893638
COPB2_S13,COPB2,-1.76977173924945,0.00114,0.0159919327731092
COPB2_T15,COPB2,-0.31034012061215,0.336262261124792,0.494131867286666
COPE_S3,COPE,-0.53605290024021,0.0211,0.0879840133222315
COPE_S9,COPE,-0.545968369105293,0.081651516921456,0.198425606207565
COQ3_S1,COQ3,-0.871843648509318,0.136114095566925,0.273758791405285
CORO7_S1,CORO7,1.60880924267552,0.000443,0.00966761739130435
CORO7_S3,CORO7,-0.124328135002202,0.382165367616656,0.539272997124621
CORO7_S4,CORO7,-0.321928094887362,0.290029624167951,0.445815947769521
CP054_S5,CP054,0.298658315564515,0.184865596274014,0.331118349835573
CP131_S3,CP131,-0.485426827170242,0.226475474256971,0.379708461693643
CP131_S7,CP131,0.0285691521967709,0.832907505323272,0.892044650696952
CP135_S3,CP135,0.422233000683048,0.0107,0.0592761061946903
CP250_S3,CP250,0.432959407276106,0.015,0.0714068441064639
CP2A6_S3,CP2A6,-0.622930350920177,0.466902116348662,0.612266509210291
CP2AD_S3,CP2AD,-0.622930350920177,0.466902116348662,0.612266509210291
CP2B6_S3,CP2B6,-2.49569516262407,0.0148,0.0711309021113244
CP2C9_S3,CP2C9,-1.53605290024021,0.0341,0.117612121212121
CP2CJ_S3,CP2CJ,-1.53605290024021,0.0341,0.117612121212121
CP2D6_S3,CP2D6,-0.831877241191673,0.544597033766752,0.674598427693259
CP2D7_S3,CP2D7,-0.831877241191673,0.544597033766752,0.674598427693259
CP3A4_S4,CP3A4,-1.31034012061215,0.157337814295893,0.29722662164988
CP3A5_S4,CP3A5,-1.31034012061215,0.157337814295893,0.29722662164988
CP3A7_S4,CP3A7,-1.31034012061215,0.157337814295893,0.29722662164988
CP8B1_S11,CP8B1,0.823749360308273,0.163432902441638,0.305513988588176
CP8B1_S13,CP8B1,0.855989697308481,0.059,0.16470011148272
CPEB4_S4,CPEB4,-0.650764559116902,0.00354,0.0294490365448505
CPNE3_S2,CPNE3,-0.37851162325373,0.0794,0.195302161100196
CPSF4_S3,CPSF4,0.0426443374084937,0.825912598242848,0.886448840977322
CPSF6_S5,CPSF6,-0.137503523749935,0.685816939629268,0.785943074064845
CPSF6_T7,CPSF6,0.0285691521967709,0.887965131083693,0.931094188610903
CPSF7_S4,CPSF7,-0.250961573533219,0.329010956561871,0.486226254288511
CPSF7_T11,CPSF7,0.454175893185802,0.0173,0.0782641373080397
CPSM_S3,CPSM,0.150559676575381,0.807106221795376,0.873188152679033
CPSM_S3_T4,CPSM,-0.584962500721156,0.0857,0.204179638439581
CPSM_S4,CPSM,-1.30451104180995,0.000167,0.00553864900662252
CPZIP_S1,CPZIP,0.16349873228288,0.200827437443604,0.351044958714684
CPZIP_S10,CPZIP,-0.150559676575381,0.491896686916226,0.631935944558301
CPZIP_S11,CPZIP,0.298658315564515,0.507247338062775,0.644207023607408
CPZIP_S2,CPZIP,-0.150559676575381,0.4221957251618,0.573151583521359
CPZIP_S20,CPZIP,-0.238786859587116,0.452172139719602,0.599544102651778
CPZIP_S3,CPZIP,1.03562390973072,0.020847788733009,0.0872957575041046
CPZIP_S4,CPZIP,0.263034405833794,0.189644116202328,0.33726482029164
CPZIP_S5,CPZIP,0.37851162325373,0.0178,0.0795914285714286
CPZIP_S6,CPZIP,0.6959938131099,0.00307,0.0268316928446771
CR025_S3,CR025,0.879705766282288,0.0135,0.0672716417910448
CRBG3_S6,CRBG3,0.263034405833794,0.120142332394675,0.254131225089604
CRCM_T7,CRCM,0.150559676575381,0.277159350174437,0.432672701269819
CREB1_S15,CREB1,-0.575312330687437,0.0557,0.158401817149347
CRIP2_S3,CRIP2,0.985500430304885,0.00229,0.0227998409542744
CRKL_S27,CRKL,0.250961573533219,0.23550091872374,0.389751685713315
CRKL_Y14,CRKL,0.613531652917927,0.0157,0.073276421248835
CRK_S3,CRK,-0.782408564927373,0.067416673997842,0.179205256571758
CROCC_S3,CROCC,0.879705766282288,0.0152,0.0718128301886792
CROCC_S3_S12,CROCC,1.06350294230616,0.00204,0.0216907006369427
CRTC1_S6_T17,CRTC1,-0.124328135002202,0.638799355811779,0.751140449379054
CRTC1_S7,CRTC1,-0.286881147788162,0.248185880168779,0.402889752961182
CRTC2_S3,CRTC2,0.575312330687437,0.00133,0.0173003636363636
CRTC2_S5,CRTC2,-0.176322772640463,0.25627122378846,0.411819706277335
CRTC2_S7,CRTC2,0.604071323668861,0.206034118597405,0.356852564641001
CRTC3_S1,CRTC3,0.84799690655495,0.00326,0.0280035677530017
CRTC3_S15,CRTC3,-0.389566811762726,0.472130215989232,0.615950381632855
CRTC3_S4,CRTC3,0.16349873228288,0.515658682976223,0.651303577388379
CRTC3_S5,CRTC3,-0.0143552929770701,0.90106954601005,0.938746887126759
CRTC3_S8,CRTC3,0.443606651475615,0.0442,0.138259587757651
CRYAB_S3,CRYAB,0,0.991671409409869,0.994849843414388
CSK2B_S18,CSK2B,-0.356143810225275,0.110038639314625,0.240519117431963
CSKI2_S1,CSKI2,0.0426443374084937,0.891378612796396,0.933219734837309
CSKI2_S14,CSKI2,0.910732661902913,0.00404,0.0310788325652842
CSKI2_S3,CSKI2,0.400537929583729,0.150174907796004,0.291264112948787
CSKI2_S7,CSKI2,0.367371065648529,0.162095695691274,0.303921843512505
CSKI2_Y3,CSKI2,-0.613531652917927,0.265740521307965,0.421548473459071
CSN1_S7,CSN1,0.344828496997441,0.0433,0.136725346784363
CSPG2_S10,CSPG2,1.81147103052984,0.0105,0.0584266666666667
CSPG2_S12,CSPG2,1.09761079662642,0.0615,0.169594722374931
CSPG2_S16,CSPG2,0.604071323668861,0.0998,0.226460534662438
CSPG2_S9,CSPG2,2.03210084316702,0.00201,0.0216474838709677
CSTF2_S25,CSTF2,-0.443606651475615,0.0708,0.184094704049844
CSTFT_S10,CSTFT,0.0143552929770701,0.934359666725486,0.958432449460795
CT2NL_S14,CT2NL,0.0143552929770701,0.974107011932921,0.984129093354865
CTBL1_S11,CTBL1,-0.238786859587116,0.262481499986326,0.418164123011198
CTBP2_S42,CTBP2,0.20163386116965,0.409466106803387,0.563982717212661
CTGE4_S3,CTGE4,-0.765534746362977,0.00162,0.0189838139534884
CTGE5_S3,CTGE5,-0.765534746362977,0.00162,0.0189838139534884
CTGE5_S4,CTGE5,-0.070389327891398,0.845479328642361,0.901652571942279
CTGE5_S5,CTGE5,-0.0426443374084937,0.89654646587104,0.935950438182015
CTGE5_S8,CTGE5,0.0840642647884745,0.685125644863622,0.785535572152497
CTGE5_S9,CTGE5,0.687060688339892,0.00615,0.0414084295302013
CTGE6_S3,CTGE6,-0.765534746362977,0.00162,0.0189838139534884
CTGE8_S3,CTGE8,-0.765534746362977,0.00162,0.0189838139534884
CTGE9_S3,CTGE9,-0.765534746362977,0.00162,0.0189838139534884
CTGEF_S3,CTGEF,-0.765534746362977,0.00162,0.0189838139534884
CTIP_S3,CTIP,0.613531652917927,0.0036,0.0296526315789474
CTL3_S7,CTL3,-0.028569152196771,0.895149558904526,0.935950438182015
CTNA1_S2,CTNA1,0.367371065648529,0.0725,0.186577595066804
CTNA1_S4,CTNA1,0.687060688339892,0.003,0.0265441696113074
CTNA1_S8,CTNA1,-0.189033824390017,0.593725231225575,0.714495254367855
CTNA1_T3,CTNA1,1.11103131238874,0.0385,0.126597504924491
CTNA1_T5,CTNA1,-0.214124805352847,0.276386476403402,0.431870038635956
CTNA2_S2,CTNA2,0.367371065648529,0.0725,0.186577595066804
CTNA2_S4,CTNA2,0.687060688339892,0.003,0.0265441696113074
CTNA2_T3,CTNA2,1.11103131238874,0.0385,0.126597504924491
CTNA2_T5,CTNA2,-0.214124805352847,0.276386476403402,0.431870038635956
CTNB1_S1,CTNB1,-0.545968369105293,0.0515,0.150913984786425
CTNB1_S2,CTNB1,-1.08406426478847,0.000315,0.00831170680628272
CTNB1_S3,CTNB1,-0.622930350920177,0.000653,0.0117212329749104
CTNB1_S4,CTNB1,-0.604071323668861,0.180852498879135,0.326617134650814
CTNB1_S6,CTNB1,0.356143810225275,0.024,0.0946393700787402
CTNB1_T2,CTNB1,-0.286881147788162,0.120420626247927,0.254565848986753
CTND1_S1,CTND1,-0.622930350920177,0.173043261524101,0.317668861331634
CTND1_S15,CTND1,0.55581615506164,0.027,0.101513513513514
CTND1_S2,CTND1,-0.298658315564515,0.12980125096754,0.266451278450978
CTND1_S3,CTND1,0.55581615506164,0.0159,0.0740029739776952
CTND1_S4,CTND1,1.27500704749987,0.000109,0.004366976
CTND1_S5,CTND1,-0.27500704749987,0.552311666158701,0.680437103105234
CTND1_S6,CTND1,-0.565597175854225,0.00185,0.0207458351893096
CTND1_T3,CTND1,2.39506279951758,7.5e-05,0.00378327128712871
CTND1_Y7,CTND1,-0.028569152196771,0.853265952047641,0.906866699459802
CTR2_S3,CTR2,-1.20163386116965,0.00481,0.0349108405797101
CTR9_S5,CTR9,0.31034012061215,0.254431907989438,0.409868646657808
CTSL2_S3,CTSL2,3.16349873228288,0.154730485413455,0.294859311625031
CUL4A_S3,CUL4A,-0.422233000683048,0.146547433598866,0.286571474995362
CUL4B_S12,CUL4B,-0.422233000683048,0.0804,0.196795307917889
CUX1_S3,CUX1,-0.137503523749935,0.45088402905752,0.598358473525837
CWC25_S3,CWC25,0.20163386116965,0.409476247933696,0.563982717212661
CX023_S6,CX023,0.773996325111173,0.0203,0.0859360946745562
CXB1_S1,CXB1,-1.71808758396052,0.0015,0.0185024630541872
CXB1_S3,CXB1,-1.0496307677246,0.00281,0.025539891107078
CXB1_S8,CXB1,-1.44360665147561,0.189568579021642,0.33726482029164
CXXC1_S7,CXXC1,0.22650852980868,0.11483244260883,0.247791465248171
CY24A_T8,CY24A,0.0840642647884745,0.622291750550435,0.737058222611765
CYBR1_S14,CYBR1,2.01435529297707,0.0526,0.152530862767805
CYBR1_S7,CYBR1,2.81147103052984,0.0279,0.103652225519288
CYLD_S13,CYLD,-0.111031312388744,0.483765455440398,0.625373619216705
CYLD_S3,CYLD,0.855989697308481,0.000798,0.0130305242718447
CYTSA_S2,CYTSA,-0.16349873228288,0.492011835009138,0.631935944558301
CYTSA_S3,CYTSA,0.978195629681652,4.34e-05,0.00274814
CYTSB_S2,CYTSB,1.37295209791183,7.73e-06,0.00148891692307692
CYTSB_S3,CYTSB,1.31034012061215,6.98e-05,0.00356692244897959
CYTSB_S4,CYTSB,0.475084882948783,0.0529,0.153134797687861
DAAM2_S4,DAAM2,0.956056652412403,0.0193,0.0833227586206897
DAB2P_S3,DAB2P,0.678071905112638,0.0181,0.0801457117595049
DAB2P_Y4,DAB2P,0.84799690655495,0.00328,0.0280584040747029
DAB2_S20,DAB2,-0.545968369105293,0.212079800652361,0.363358071045851
DAB2_S3,DAB2,1.53605290024021,0.00364,0.0299328735632184
DAB2_S9,DAB2,-0.37851162325373,0.097792469079093,0.223747099132024
DACT3_S1,DACT3,0.389566811762726,0.210444591671915,0.361085648864899
DAP1_S11,DAP1,-1.18269229751619,0.00269,0.0248565567765568
DAP1_S4,DAP1,-0.650764559116902,0.0834,0.201382449373192
DAPK2_S3,DAPK2,-0.27500704749987,0.0798,0.195901176470588
DBNL_S3,DBNL,0.659924558402378,0.00345,0.0288440734557596
DBNL_S9,DBNL,0.584962500721156,0.0737,0.188503370786517
DBNL_T3,DBNL,0.422233000683048,0.0162,0.0749119113573407
DC1I2_S10,DC1I2,0.0285691521967709,0.933609043625456,0.957900858528229
DC1L2_S4,DC1L2,0.948600847493356,0.00891,0.0520061538461538
DC1L2_S7,DC1L2,0.176322772640463,0.602814437939692,0.721533151338905
DCA10_S3,DCA10,-0.0565835283663676,0.925915180517624,0.953915495583678
DCAF5_S13,DCAF5,-0.356143810225275,0.147888005440731,0.288741961499876
DCAF6_S5,DCAF6,-0.0426443374084937,0.823140317284126,0.884596286482368
DCAF8_S5,DCAF8,-0.27500704749987,0.429982305064741,0.579981857429299
DCDC2_S10,DCDC2,1.89917563048051,0.000501,0.0103021714285714
DCDC2_S2,DCDC2,0.584962500721156,0.0157,0.073276421248835
DCDC2_S4,DCDC2,1.03562390973072,0.00759,0.0471012639405205
DCK_S4,DCK,0.659924558402378,0.167211762753531,0.309688057644114
DCLK1_S3,DCLK1,0.6959938131099,0.0314,0.111842958748222
DCLK1_S7,DCLK1,1.93734439215023,0.000111,0.00437707086614173
DCP1A_S5,DCP1A,-0.27500704749987,0.0775,0.193383158943697
DCP1A_S6,DCP1A,0.704871964456353,3.18e-05,0.00241294545454545
DCP1B_S1,DCP1B,0.505890929729957,0.0343,0.117815089163237
DCP1B_S25,DCP1B,0.189033824390017,0.332268364345895,0.489843970751911
DCP1B_S3_S11,DCP1B,0.356143810225275,0.212373733783353,0.36373722940733
DCTN2_T4,DCTN2,-0.0143552929770701,0.91330533484409,0.945926276553466
DCXR_S12,DCXR,-0.678071905112638,0.161804388933274,0.303602989800613
DDA1_S3,DDA1,-0.263034405833794,0.506057711857477,0.643245589066367
DDB2_S3,DDB2,0.516015147003665,0.0849,0.203046418338109
DDI2_S13,DDI2,-0.333423733725192,0.12549028282574,0.2610948634779
DDX10_S3,DDX10,-0.879705766282288,0.0346,0.118601505817933
DDX17_S29,DDX17,0.333423733725192,0.414727284021594,0.56731883047805
DDX21_S5,DDX21,-1.04264433740849,3.95e-06,0.00117131555555556
DDX21_S8,DDX21,-0.344828496997441,0.136785177252411,0.274887707736787
DDX23_S3,DDX23,0.910732661902913,0.0791,0.194968153051922
DDX3X_S2,DDX3X,-0.070389327891398,0.898635987465678,0.936928798473938
DDX3X_S3,DDX3X,-0.443606651475615,0.53470387352906,0.666284398764253
DDX42_S4,DDX42,-1.0071955014042,0.135413467855214,0.272787870884518
DDX51_S8,DDX51,-0.150559676575381,0.471197352487957,0.615481570490268
DDX54_S6,DDX54,-0.250961573533219,0.504915660186073,0.642596601324486
DEFI6_S3,DEFI6,0.773996325111173,0.105188376551637,0.234148143715459
DEK_S3,DEK,-0.0426443374084937,0.905337773102276,0.941235534086817
DEMA_S1,DEMA,0.150559676575381,0.405919844591992,0.5614047450198
DEMA_S10,DEMA,0.0565835283663675,0.796764234323321,0.866868408753246
DEMA_S3,DEMA,0.823749360308273,0.0125,0.0643371017471737
DEMA_S4,DEMA,0.545968369105292,0.207569508553113,0.358574715016899
DEMA_S6,DEMA,0.150559676575381,0.610387458511762,0.728073419716723
DEMA_S7,DEMA,-0.356143810225275,0.133573686837597,0.270496168088429
DEMA_T2,DEMA,-1.0703893278914,0.107464455482186,0.237878676741865
DEN1A_S1,DEN1A,-0.0840642647884746,0.610120855472725,0.728073419716723
DEN1A_S3,DEN1A,-0.189033824390017,0.150239449978878,0.291264112948787
DEN1A_S5,DEN1A,-0.028569152196771,0.890501761883442,0.932782435371738
DEN1A_T2,DEN1A,-0.356143810225275,0.049,0.147382582582583
DEN1C_S3,DEN1C,0.344828496997441,0.0756,0.190925264750378
DEN4C_S1,DEN4C,0.910732661902913,0.000185,0.00593897435897436
DEN4C_S2,DEN4C,0.250961573533219,0.582690045210383,0.704857909761739
DEN4C_S3,DEN4C,0.887525270741587,0.00201,0.0216474838709677
DEN4C_T2,DEN4C,0.584962500721156,0.025,0.0976599063962559
DEN5B_S3,DEN5B,0.422233000683048,0.0115,0.0614642475987193
DEN5B_Y1,DEN5B,0.0426443374084937,0.727759311299825,0.818831415634582
DERL1_S4,DERL1,0.613531652917927,0.0855,0.204091515729266
DESM_S12,DESM,0.111031312388744,0.671018730534258,0.77555084295305
DESM_S15,DESM,-0.622930350920177,0.0121,0.0630559833506764
DESP_S1,DESP,-1.58976348698498,2.45e-05,0.00223083636363636
DESP_S2,DESP,0.22650852980868,0.500515171057391,0.638619102332589
DESP_S3,DESP,-0.495695162624069,0.031632442883061,0.112271632854975
DESP_S5,DESP,-0.124328135002202,0.818903187265016,0.882139634722134
DESP_S9,DESP,-0.400537929583729,0.184640267287019,0.33083307999048
DESP_Y6,DESP,-0.16349873228288,0.472161154285785,0.615950381632855
DHB11_S1,DHB11,-0.20163386116965,0.289286023468639,0.444946070494762
DHB13_S1,DHB13,-0.37851162325373,0.0306,0.110089655172414
DHB4_S3,DHB4,-0.505890929729957,0.022,0.0901603927986907
DHB4_T5,DHB4,-0.321928094887362,0.206540710243802,0.357167084565249
DHCR7_S1,DHCR7,0.298658315564515,0.478249332111007,0.620645932939084
DHCR7_S2,DHCR7,-1.0703893278914,0.11685639193237,0.251121803469401
DHCR7_S3,DHCR7,0.189033824390017,0.609221669576393,0.727637042985589
DHX16_S8,DHX16,-0.176322772640463,0.405665759773454,0.561379674339737
DHX9_S11,DHX9,-0.475084882948783,0.00192,0.0212259602649007
DHX9_T22,DHX9,-0.565597175854225,0.0967,0.221635514874142
DIAP1_S3,DIAP1,-0.333423733725192,0.0735,0.188280306905371
DIDO1_S3,DIDO1,0.238786859587116,0.152282347239982,0.292643896768162
DIP2B_S6,DIP2B,-0.0976107966264223,0.64204775985558,0.75354468745178
DIP2B_Y1,DIP2B,-0.16349873228288,0.538094443247784,0.669343510130378
DJC12_S3,DJC12,-0.389566811762726,0.016,0.074330241187384
DJC17_S7,DJC17,0.516015147003665,0.0576,0.16178395961862
DJC30_S3,DJC30,-0.464668267003444,0.199308271920165,0.349381570964173
DJC30_T1,DJC30,-0.0840642647884746,0.917662051425792,0.948926606140897
DKC1_S14,DKC1,0.669026765509631,0.000235,0.00700523809523809
DLGP4_S3,DLGP4,-0.250961573533219,0.010379735611864,0.0580153079734541
DMAP1_T12,DMAP1,-0.516015147003665,0.0765,0.19213230333726
DMD_S3,DMD,0.887525270741587,0.0128,0.065410612244898
DMWD_S3,DMWD,0.575312330687437,0.000695,0.0121448362369338
DMXL1_S13,DMXL1,-0.575312330687437,0.0115,0.0614642475987193
DMXL1_S3,DMXL1,0.0143552929770701,0.888094836938199,0.931094188610903
DMXL2_S3,DMXL2,0.0426443374084937,0.91362727629575,0.945926276553466
DNJB6_S7,DNJB6,-0.250961573533219,0.569572980454967,0.695248702215635
DNJB9_S4,DNJB9,-0.641546029087524,0.53276384602766,0.665591301328195
DNJB9_S5,DNJB9,-0.831877241191673,0.199457250676232,0.349381570964173
DNJB9_S9,DNJB9,-1.03562390973072,0.0175,0.0786714542190305
DNJB9_T10,DNJB9,-0.298658315564515,0.646336895455179,0.756805043825003
DNJC1_S16,DNJC1,-1.0496307677246,0.0458,0.141322489217498
DNJC5_S3,DNJC5,-1.30451104180995,0.00714,0.0456085714285714
DNJC9_S3,DNJC9,-0.389566811762726,0.0566,0.159962076749436
DNM1L_S1,DNM1L,-0.0565835283663676,0.823303372862284,0.884596286482368
DNM3A_S9,DNM3A,0.344828496997441,0.0892,0.21031713747646
DOC10_S4,DOC10,0.7311832415722,0.014230972475371,0.0691929224821922
DOC10_S5,DOC10,0.687060688339892,0.138937121325116,0.277937236261132
DOC11_S1,DOC11,-0.20163386116965,0.168206394929648,0.310955195942295
DOC11_S3,DOC11,0.545968369105292,0.0098,0.0559616875712657
DOC11_S6,DOC11,0.367371065648529,0.0765,0.19213230333726
DOCK2_S1,DOCK2,0.286881147788162,0.193984597407622,0.342668639505124
DOCK2_S2,DOCK2,1.36176835941915,0.0135,0.0672716417910448
DOCK2_S3,DOCK2,0.422233000683048,0.397659159879625,0.553780142738251
DOCK2_S8,DOCK2,0.411426245726465,0.0715,0.185433454168824
DOCK4_S2,DOCK4,0.0840642647884745,0.505438922296941,0.642772504536079
DOCK4_S8,DOCK4,0.367371065648529,0.124742123733182,0.259970268687381
DOCK4_T4,DOCK4,-0.485426827170242,0.00068,0.0119664842105263
DOCK5_S3,DOCK5,-0.344828496997441,0.240661219110952,0.394640270238261
DOCK5_S4,DOCK5,0.0976107966264223,0.81309778471953,0.877395756491145
DOCK5_T1,DOCK5,-0.124328135002202,0.467298993978199,0.612450016109887
DOCK6_S1,DOCK6,0.400537929583729,0.430918414404676,0.580430182716142
DOCK6_S2,DOCK6,0.584962500721156,0.048414023059098,0.146760120845921
DOCK6_S3,DOCK6,0.739848102699327,0.0979,0.223873607305936
DOCK6_S5,DOCK6,-0.16349873228288,0.635204901997579,0.748143496990563
DOCK6_S6,DOCK6,0.0285691521967709,0.917055559640953,0.948691229638895
DOCK7_S1,DOCK7,0.16349873228288,0.237717365949034,0.391592732116798
DOCK7_S10,DOCK7,0.0143552929770701,0.957280279690223,0.973714316547219
DOCK7_S3,DOCK7,1.10433665981474,0.0191,0.0830319444444444
DOCK7_S5,DOCK7,0.124328135002202,0.318917937278396,0.476331950459352
DOCK7_S7,DOCK7,0.863938450423972,0.00131,0.0172599477806788
DOCK8_S3,DOCK8,0.575312330687437,0.133347182855748,0.270495973278456
DOCK8_S5,DOCK8,0.941106310946431,0.0286,0.105548120854827
DOCK9_S3,DOCK9,1.18903382439002,0.0901,0.211540014503922
DOK1_S3,DOK1,0.978195629681652,0.0239,0.0944681925808998
DOK3_S3,DOK3,-0.150559676575381,0.466884832427596,0.612266509210291
DOXA2_S3,DOXA2,-0.070389327891398,0.696665872105845,0.795282126169608
DP13A_S12,DP13A,-0.516015147003665,0.0619,0.17014006586169
DP13A_T1,DP13A,-0.111031312388744,0.78949627563482,0.861206131208708
DPOE4_S8,DPOE4,0.669026765509631,0.197524565653757,0.347088780629479
DPYL2_S10,DPYL2,-0.0143552929770701,0.89597707729168,0.935950438182015
DPYL2_S11,DPYL2,-0.31034012061215,0.677061155636445,0.780014324229886
DPYL2_S2,DPYL2,0.970853654340484,0.102646694931278,0.230652131862816
DPYL2_T1,DPYL2,2.02147972741045,0.164008053080236,0.306215623562152
DPYL2_T10,DPYL2,0.27500704749987,0.232449840429533,0.386233842359357
DPYL2_T13,DPYL2,0.344828496997441,0.368802425035414,0.525451648528408
DPYL2_T3_T10,DPYL2,-0.250961573533219,0.439965267950707,0.588354848099563
DPYL3_S2,DPYL3,1.79493566280354,2.37e-05,0.00219795555555556
DPYL3_S8,DPYL3,0.526068811667588,0.000584,0.0111204258555133
DPYL3_T13,DPYL3,1.43829285157915,0.0216,0.0891044481054366
DPYL3_T3,DPYL3,2.03913839390696,0.000258,0.00742565517241379
DPYS_S1,DPYS,0.454175893185802,0.332728757411082,0.490378345236815
DPYS_T1,DPYS,-0.464668267003444,0.317284855943754,0.47476471355886
DREB_S2,DREB,0.871843648509318,0.00151,0.0185345098039216
DSG2_S13,DSG2,-0.37851162325373,0.00321,0.0277166896551724
DSG2_S2,DSG2,0.31034012061215,0.355038854226925,0.512254273111046
DSG2_S3,DSG2,0.613531652917927,0.476645879665844,0.619046308445681
DSRAD_S8,DSRAD,0.124328135002202,0.648996881245333,0.758907042715705
DSRAD_T6,DSRAD,-0.799087306074004,0.012,0.0627962382445141
DTD1_S3,DTD1,0.773996325111173,0.00982,0.0560120273348519
DTNB_S4,DTNB,-0.565597175854225,0.0985,0.224634520829835
DTX3L_S4,DTX3L,-0.895302621333307,0.0117,0.0620694915254237
DYHC1_S3,DYHC1,-0.298658315564515,0.25560500196232,0.411013309822024
DYN2_S31,DYN2,-0.111031312388744,0.49951456807766,0.637829922726395
DYN2_S8,DYN2,0.903038270112912,0.365952575828545,0.523034023306334
DYN2_T25,DYN2,-1.03562390973072,0.0958,0.220582252873563
DYR1A_Y4,DYR1A,0.124328135002202,0.611811514309172,0.728810605488721
DYR1B_Y4,DYR1B,0.124328135002202,0.611811514309172,0.728810605488721
DYSF_S4,DYSF,-0.422233000683048,0.165053613160367,0.306817251779417
DYST_S3,DYST,0.333423733725192,0.231846752465847,0.385615588292581
E41L1_S4,E41L1,2.63226821549951,0.00673,0.0438852083333333
E41L2_S1,E41L2,0.495695162624069,0.050077466424062,0.148902551928783
E41L2_S11,E41L2,-0.0426443374084937,0.849610275011016,0.90490179865061
E41L2_S29,E41L2,1.04264433740849,0.025,0.0976599063962559
E41L2_S3,E41L2,1.0703893278914,0.000157,0.00531254054054054
E41L2_S30,E41L2,0.53605290024021,0.183914639743539,0.330241848632357
E41L2_S33,E41L2,0.604071323668861,0.330400252791636,0.487520467289485
E41L2_S34,E41L2,0.659924558402378,0.0378,0.1252
E41L2_S8,E41L2,1.0496307677246,0.00126,0.0170083018867925
E41L3_S3,E41L3,0.739848102699327,0.0105,0.0584266666666667
E41L5_S4,E41L5,-0.214124805352847,0.3713702943759,0.528208586831726
ECH1_S3,ECH1,-0.53605290024021,0.0648,0.174203017617058
ECH1_S4,ECH1,-0.799087306074004,0.00114,0.0159919327731092
ECHD1_S1,ECHD1,-0.941106310946431,0.00771,0.0474928413284133
ECHD2_T5,ECHD2,-0.333423733725192,0.05,0.148870392390012
ECHM_S2,ECHM,-1.02147972741045,0.0672,0.17881912858661
EDC3_S3,EDC3,1.01435529297707,0.00329,0.0280584040747029
EDC3_S7,EDC3,-0.298658315564515,0.144223453644225,0.283573159873636
EDC4_S10,EDC4,0.613531652917927,0.0663,0.177271970101442
EDC4_S28,EDC4,-0.321928094887362,0.193506375023943,0.342301173946025
EDC4_S3,EDC4,-0.16349873228288,0.215148304882604,0.367483871368377
EDC4_S6,EDC4,0.124328135002202,0.715958308647095,0.809372282100373
EDC4_T1,EDC4,-0.263034405833794,0.150088266489644,0.291264112948787
EEA1_S2,EEA1,0.0285691521967709,0.822940404176291,0.884585864802504
EEPD1_S3,EEPD1,-0.475084882948783,0.0438,0.137523761755486
EF1A1_Y7,EF1A1,-0.84799690655495,0.015,0.0714068441064639
EF1A2_Y7,EF1A2,-0.84799690655495,0.015,0.0714068441064639
EF1A3_Y7,EF1A3,-0.84799690655495,0.015,0.0714068441064639
EF1B_S2,EF1B,2.10433665981474,0.0377,0.1252
EF1D_S10,EF1D,0.6959938131099,0.123177240613877,0.257889473659823
EF1D_S19,EF1D,-1.25701061820602,0.000446,0.00966912554112554
EF1D_S2,EF1D,0.55581615506164,0.705563789489204,0.801966286373566
EF1D_S26,EF1D,0.150559676575381,0.833126091649433,0.892087976690263
EF1D_S3,EF1D,0.176322772640463,0.37151229015543,0.528260519335149
EF1D_T6,EF1D,-0.443606651475615,0.0625,0.171131765992346
EF2_T2,EF2,-0.20163386116965,0.558153548009316,0.685106119713396
EF2_T4,EF2,-0.815575428862572,0.574493394482026,0.699154903124619
EF2_T7,EF2,-0.20163386116965,0.673198592420289,0.777420254912421
EFR3A_S16,EFR3A,-0.238786859587116,0.249772395262879,0.403929404111642
EGFR_S11,EGFR,-0.400537929583729,0.100650588965298,0.227874389483821
EGFR_S12,EGFR,1.0703893278914,0.0168,0.0766251366120219
EGFR_S6,EGFR,-1.0703893278914,0.00656,0.0431134908136483
EGFR_T7,EGFR,-0.286881147788162,0.205412651950236,0.356323713531965
EH1L1_S4,EH1L1,0.604071323668861,0.0117,0.0620694915254237
EHBP1_S13,EHBP1,-0.687060688339892,0.128390504419258,0.264424430199676
EHBP1_S3,EHBP1,-0.411426245726465,0.20577681930458,0.356708311207109
EHBP1_T4,EHBP1,-0.400537929583729,0.265653076494293,0.421543284880678
EHBP1_T4_S13,EHBP1,-0.622930350920177,0.107478906872814,0.237878676741865
EHD2_S12,EHD2,0.422233000683048,0.418457621596415,0.570706908756766
EHD2_S18,EHD2,0.632268215499513,0.105113007493617,0.234148143715459
EI24_S3,EI24,-1.26303440583379,0.228281588051581,0.382224738536382
EI2BD_S3,EI2BD,-0.176322772640463,0.375993785935463,0.532684926285544
EI2BE_S3,EI2BE,0.321928094887362,0.531113484719335,0.664621771982616
EIF2A_S4,EIF2A,-0.53605290024021,0.0068,0.0442264935064935
EIF3B_S14,EIF3B,-0.176322772640463,0.548393874989727,0.677109597127355
EIF3B_S18,EIF3B,-0.286881147788162,0.611583701757048,0.728810605488721
EIF3B_S3,EIF3B,-0.948600847493355,0.136681670197178,0.274789965615202
EIF3C_S1,EIF3C,-0.748461233004036,0.107984968595721,0.238645482546217
EIF3C_S3,EIF3C,-0.422233000683048,0.220338893319107,0.373420364718135
EIF3C_S4,EIF3C,-1.1243281350022,0.000444,0.00966761739130435
EIF3C_S6,EIF3C,-0.333423733725192,0.121687196205293,0.256269755507194
EIF3C_S9,EIF3C,-0.263034405833794,0.610322577187249,0.728073419716723
EIF3G_S10,EIF3G,-0.475084882948783,0.0458,0.141322489217498
EIFCL_S1,EIFCL,-0.748461233004036,0.107984968595721,0.238645482546217
EIFCL_S3,EIFCL,-0.422233000683048,0.220338893319107,0.373420364718135
EIFCL_S4,EIFCL,-1.1243281350022,0.000444,0.00966761739130435
EIFCL_S6,EIFCL,-0.333423733725192,0.121687196205293,0.256269755507194
EIFCL_S9,EIFCL,-0.263034405833794,0.610322577187249,0.728073419716723
ELF1_S8,ELF1,0.594548549550354,0.00219,0.0223934959349594
ELF1_S9,ELF1,0.189033824390017,0.588750402260379,0.710301617566846
ELF2_S2,ELF2,2.3305584000308,0.0401,0.129561806451613
ELF4_T2,ELF4,-1.10433665981474,0.111022061426276,0.241846554697244
ELF4_T4,ELF4,0.298658315564515,0.445804950584964,0.594406600779952
ELYS_S10,ELYS,0.238786859587116,0.431849800380366,0.581037007935101
ELYS_S11,ELYS,-0.189033824390017,0.119653008114618,0.25358538495049
ELYS_S14,ELYS,-0.22650852980868,0.134431367576403,0.271355215164299
ELYS_S2,ELYS,0.367371065648529,0.231618380933686,0.385465865217679
EM55_S3,EM55,-0.37851162325373,0.0272,0.102035655430712
EMAL3_S3,EMAL3,0.941106310946431,0.0118,0.0622046315789474
EMAL3_S4,EMAL3,0.214124805352847,0.312866120721997,0.469674320316475
EMAL4_S1,EMAL4,-0.669026765509631,0.374381131883835,0.531735878750495
EMAL4_S2,EMAL4,0.7311832415722,0.000272,0.00763789944134078
EMAL4_S3,EMAL4,1.07724299893246,0.082181139560259,0.199349927360775
EMAL4_S4,EMAL4,0.189033824390017,0.0978,0.223747099132024
EMAL4_S9,EMAL4,-0.298658315564515,0.295801362904197,0.452027617779741
EMAL4_T14,EMAL4,-0.0426443374084937,0.842772227931766,0.899776398886205
EMAL4_T16,EMAL4,-0.27500704749987,0.110015052860513,0.240519117431963
EMAL4_T6,EMAL4,-0.176322772640463,0.481898867910676,0.62392697272406
EMD_S2,EMD,-0.0976107966264223,0.858757137977243,0.910968063939357
EMD_S3,EMD,-0.214124805352847,0.082,0.199057682985943
EMSA1_S22,EMSA1,0.16349873228288,0.370140037714024,0.526757973535616
EMSA1_S3,EMSA1,0.575312330687437,0.00225,0.022536
EMSY_S6,EMSY,-0.0840642647884746,0.725079512936871,0.817101305307797
ENAH_S3,ENAH,1.03562390973072,0.0153,0.0720812793979304
ENL_S1,ENL,0.722466024471091,0.139954596755954,0.279452474905697
ENOA_S7,ENOA,0.632268215499513,0.204113551891131,0.354843811599353
ENPL_T26,ENPL,0.713695814843359,0.174508085578053,0.319463001403053
EP15R_S1,EP15R,0.650764559116902,0.150373074485824,0.291264112948787
EP15R_S10,EP15R,-0.16349873228288,0.68688329856178,0.786265499245119
EP15R_S13,EP15R,-0.485426827170242,0.010232455171486,0.0575776803357325
EP15R_S6,EP15R,-0.22650852980868,0.341524018610265,0.499664704995678
EP300_T4,EP300,-0.464668267003444,0.175841313448057,0.320923213464967
EP400_S19,EP400,0.263034405833794,0.319237446594553,0.476524927733389
EP400_S3,EP400,0.704871964456353,0.111274493739755,0.242077612792656
EPHB4_S7,EPHB4,-0.545968369105293,0.00783,0.0479958873929009
EPIPL_S5,EPIPL,-0.53605290024021,0.00546,0.0379773333333333
EPN1_S24,EPN1,-0.286881147788162,0.0533,0.153936793540946
EPN1_S7,EPN1,-0.613531652917927,0.200512965914959,0.350617644309398
EPN1_S8,EPN1,-0.263034405833794,0.32165463061407,0.478738444054436
EPN1_S9,EPN1,-0.321928094887362,0.0846,0.202904156712852
EPN1_T1,EPN1,-0.0976107966264223,0.670887217007684,0.77555084295305
EPN4_S16,EPN4,-0.344828496997441,0.112631011561611,0.244074472479683
EPN4_T11,EPN4,0.27500704749987,0.434994337835005,0.583565937283071
EPN4_T9,EPN4,0.238786859587116,0.457937081973713,0.604945636118268
EPS15_S1,EPS15,-0.879705766282288,0.14336904638617,0.283008350138723
EPS15_S15,EPS15,0.0565835283663675,0.921169071045582,0.951178290267273
EPS15_S2,EPS15,-0.641546029087524,0.130567226924392,0.267309216401216
EPS15_S5,EPS15,-0.028569152196771,0.931034328669404,0.956443045989971
EPS15_S6,EPS15,-0.650764559116902,0.0602,0.167211092623405
EPS15_T3,EPS15,0.443606651475615,0.0129,0.0655870050761421
EPS8_S3,EPS8,1.11103131238874,0.00042,0.00943985840707965
ERBB3_S3,ERBB3,-0.31034012061215,0.076,0.191452716297787
ERBIN_S3,ERBIN,0.238786859587116,0.229784855042888,0.383715423159314
ERBIN_T5,ERBIN,-0.823749360308273,0.18538415105035,0.331928433485932
ERCC5_S6,ERCC5,0.176322772640463,0.596444478391598,0.715517421002379
ERMP1_S3,ERMP1,1.13750352374994,0.0131,0.0661338709677419
ERRFI_S1,ERRFI,-0.55581615506164,0.242483937257843,0.396460841589056
ERRFI_S3,ERRFI,0.443606651475615,0.366837614790335,0.52361224595961
ES8L2_S18,ES8L2,0.22650852980868,0.532042173262048,0.665384853169313
ES8L2_S19,ES8L2,0.263034405833794,0.439595415896372,0.58816292888299
ES8L2_S3,ES8L2,0.713695814843359,0.019483142839336,0.083681233933162
ES8L2_S6,ES8L2,-2.10433665981474,8.76e-05,0.00391697142857143
EST1A_S3,EST1A,0.632268215499513,0.0635,0.172633495934959
ESYT1_S3,ESYT1,-0.526068811667588,0.028,0.10386962962963
ESYT2_S3,ESYT2,-0.344828496997441,0.726858614754492,0.818185646817374
ESYT2_S4,ESYT2,-0.55581615506164,0.054026679211593,0.155497476719344
ETFD_S3,ETFD,-0.823749360308273,0.00121,0.0165565027322404
ETS1_S4,ETS1,-0.0840642647884746,0.683333428883982,0.78473890680262
ETV6_S7,ETV6,0.0143552929770701,0.978020749435647,0.986491019773156
ETV6_T4,ETV6,-0.176322772640463,0.395682850702197,0.551708252686238
EVA1A_T4,EVA1A,-3.5837597536395,9.56e-07,0.000473483636363636
EVA1A_T8,EVA1A,-1.26903314645524,0.128092481158069,0.264203931482541
EVA1B_T4,EVA1B,-3.5837597536395,9.56e-07,0.000473483636363636
EVI2B_S3,EVI2B,0.0976107966264223,0.797929732152289,0.867872570269368
EVI2B_S4,EVI2B,0.333423733725192,0.319868897899561,0.477183032672327
EVI2B_T2,EVI2B,0.516015147003665,0.238247708844393,0.39209481626445
EVL_S3,EVL,0.739848102699327,0.0118,0.0622046315789474
EVL_S7,EVL,0.84799690655495,0.00147,0.0183585037406484
EVL_S8,EVL,0.20163386116965,0.721650155003898,0.81433618212247
EX3L4_S2,EX3L4,-0.622930350920177,0.0192,0.0832498701298701
EXOC1_T2,EXOC1,1.11103131238874,0.000336,0.00854156345177665
EXOC1_T5,EXOC1,0.992768430768924,0.0123,0.0637664596273292
EXOC2_S3,EXOC2,0.963474123974886,0.00144,0.0181193969849246
EXOC4_S3,EXOC4,-0.0143552929770701,0.952449609586025,0.970865258311426
EXOC7_S10,EXOC7,-0.189033824390017,0.121616452091673,0.256269755507194
EXOC7_Y9,EXOC7,0.070389327891398,0.582178080869516,0.704408753079134
EXOC8_S3,EXOC8,-0.454175893185802,0.172882397232818,0.317489932285278
EXOC8_S4,EXOC8,-0.454175893185802,0.277728446500505,0.433290984446894
F102A_S3,F102A,0.584962500721156,0.00587,0.0398873270013569
F102B_S3,F102B,1.13750352374994,0.00498,0.0355268376068376
F104A_S17,F104A,-0.0976107966264223,0.429914705473674,0.579981857429299
F117A_S1,F117A,-0.189033824390017,0.650337142993952,0.759535543869802
F117B_S1,F117B,1.01435529297707,0.000874,0.0135931428571429
F117B_S2,F117B,0.411426245726465,0.105210726068576,0.234148143715459
F117B_S3,F117B,0.970853654340484,0.0117,0.0620694915254237
F120A_S14,F120A,0.286881147788162,0.140761586360039,0.280182173506127
F120A_S7,F120A,1.38404980679516,0.00186,0.0207458351893096
F120A_S8,F120A,-0.31034012061215,0.150157374105564,0.291264112948787
F122A_S1,F122A,-0.485426827170242,0.0942,0.218202405180389
F122A_S10,F122A,-0.748461233004036,0.0351,0.11966017699115
F122A_S12,F122A,-0.27500704749987,0.026,0.0996998468606432
F122A_S3,F122A,0.782408564927373,0.0233,0.0932745003996803
F122A_S8,F122A,0.111031312388744,0.362381907772426,0.519310630606724
F122B_S1,F122B,-0.464668267003444,0.157498068519149,0.297417167098001
F122B_S3,F122B,-0.27500704749987,0.231679763239859,0.385465865217679
F134A_S5,F134A,-0.344828496997441,0.138119404541022,0.277010878628258
F134C_S16,F134C,-0.443606651475615,0.00356,0.0295173509933775
F134C_S3,F134C,0.333423733725192,0.29457029245267,0.450996033201764
F169A_S5,F169A,1.22032995487956,0.0179,0.0796828444444444
F169A_S8,F169A,0.0143552929770701,0.951995689210987,0.970865258311426
F16A2_S3,F16A2,-0.111031312388744,0.663047364295888,0.769356163205238
F16P1_T2,F16P1,-1.24488705912353,0.000174,0.00569537254901961
F16P1_Y10,F16P1,-1.22650852980868,0.00104,0.0152290058479532
F16P2_Y8,F16P2,-1.85199883711245,0.0644,0.17393376344086
F1711_S1,F1711,-0.0565835283663676,0.798788655185561,0.868504903423641
F1711_S11,F1711,-0.028569152196771,0.925070629608239,0.953633946701947
F1711_S3,F1711,-1.799087306074,0.0327,0.113802362751911
F1711_S4,F1711,0.0565835283663675,0.769481840743168,0.849098023877781
F1711_S5,F1711,0.176322772640463,0.346258092944406,0.503661089397399
F234A_S2,F234A,-1.02856915219677,0.00253,0.0240422011385199
F261_S3,F261,-0.333423733725192,0.499297534365372,0.637715392017797
F262_S3,F262,-0.31034012061215,0.0511,0.150181220657277
F263_S3,F263,-0.613531652917927,0.00254,0.0240459735349716
F91A1_S3,F91A1,-1.02147972741045,0.0152,0.0718128301886792
FA53C_S1,FA53C,0.16349873228288,0.150339377148672,0.291264112948787
FA65A_S3,FA65A,-0.516015147003665,0.0378,0.1252
FA65A_S7,FA65A,-0.36737106564853,0.0507,0.149620271066588
FA65B_S1,FA65B,-0.189033824390017,0.421859245250402,0.572850081402932
FA76B_S5,FA76B,-0.0143552929770701,0.886302926257054,0.930135174915198
FA83G_S1,FA83G,-0.632268215499513,0.0463,0.142251779141104
FA83G_S3,FA83G,-0.985500430304885,0.00686,0.0445011398963731
FA83G_S4,FA83G,-0.0840642647884746,0.730641864198945,0.821439001149342
FA83H_S1,FA83H,0.925999418556223,0.00132,0.0172599477806788
FA83H_S2,FA83H,0.321928094887362,0.31729471045118,0.47476471355886
FA83H_S3,FA83H,0.687060688339892,0.000244,0.00718795294117647
FABPL_S4,FABPL,0.505890929729957,0.48007583581476,0.622427397134246
FABPL_S5,FABPL,-0.985500430304885,0.366884059718904,0.52361224595961
FABPL_T6,FABPL,0.978195629681652,0.00745,0.0465206982543641
FAK1_S25,FAK1,0.0143552929770701,0.947414636144016,0.96849407997739
FAK1_T6,FAK1,1.22650852980868,0.0842,0.202630273906776
FAK1_Y7,FAK1,0.773996325111173,0.0168,0.0766251366120219
FAK2_S3,FAK2,-0.411426245726465,0.00807,0.0490467961165049
FARP1_S11,FARP1,0.565597175854225,0.274100665957063,0.429898855819573
FARP1_S11_S17,FARP1,0.773996325111173,0.0252,0.0981349922239502
FARP1_S12,FARP1,-0.111031312388744,0.459978275556249,0.606514018963089
FARP1_S13,FARP1,-0.910732661902913,0.038498415257377,0.126597504924491
FARP1_S22,FARP1,-0.713695814843359,0.0444,0.138539065420561
FARP1_S3,FARP1,0.214124805352847,0.804425612122536,0.871606115428313
FARP1_S7,FARP1,-1.09085343045111,0.000172,0.00566694736842105
FARP1_S8,FARP1,0.632268215499513,0.043,0.135949494949495
FARP1_T11,FARP1,-0.111031312388744,0.677492343437949,0.780331567602863
FAS_S16,FAS,0.189033824390017,0.455413772106357,0.602565963199111
FAS_S3,FAS,0.443606651475615,0.558131365826556,0.685106119713396
FBLN2_S3,FBLN2,1.18269229751619,0.144689421048122,0.284037386768057
FBLN5_T2,FBLN5,-0.27500704749987,0.11511667939644,0.24817233336951
FBN1_S16,FBN1,1.33913738491959,0.0068,0.0442264935064935
FBN1_S8,FBN1,0.37851162325373,0.241848492380516,0.395809558771773
FBP1L_S3,FBP1L,0.641546029087524,0.123296589828737,0.258031475914047
FBP1L_T1,FBP1L,0.0143552929770701,0.946332447235929,0.967585319672832
FBRL_S3,FBRL,0.250961573533219,0.631624053535571,0.745328289374679
FCHO2_S12,FCHO2,-0.0840642647884746,0.385966936766831,0.542346357836221
FCHO2_S2,FCHO2,0.464668267003444,0.193004879054646,0.341664345813244
FCHO2_S3,FCHO2,0.189033824390017,0.0777,0.193637279177354
FCHO2_S4,FCHO2,0.0426443374084937,0.764592530962532,0.846018425775599
FCHO2_S5,FCHO2,-0.150559676575381,0.520298689584891,0.654814999130843
FERM2_S12,FERM2,-0.111031312388744,0.529839713818925,0.663209045642876
FERM2_S6,FERM2,-0.028569152196771,0.894870567988616,0.935950438182015
FERM2_S7,FERM2,0.238786859587116,0.258539914395611,0.414547054942909
FES_T5,FES,0.31034012061215,0.251132851844577,0.405570242514557
FETUA_S4,FETUA,2.11103131238874,9.08e-05,0.00400200701754386
FETUA_S7,FETUA,1.83187724119167,1.74e-05,0.00192699130434783
FGD4_S10,FGD4,0.0426443374084937,0.791947188816404,0.862752125645541
FGD4_S9,FGD4,-0.443606651475615,0.150994725868909,0.291264112948787
FGD6_S3,FGD6,-0.0565835283663676,0.785315311434768,0.858140754890971
FHL2_S3,FHL2,2.83995958748953,0.0193,0.0833227586206897
FHOD1_S1,FHOD1,1.28688114778816,8.63e-05,0.00389360720720721
FIBA_S11,FIBA,-0.356143810225275,0.402348555035462,0.558909119033555
FIBA_S18,FIBA,-1.02147972741045,0.043660982654231,0.137345603726375
FIBA_S2,FIBA,0.238786859587116,0.330101582969456,0.487223320810797
FIBA_S3,FIBA,-0.400537929583729,0.0428,0.135949494949495
FIBA_S5,FIBA,-0.16349873228288,0.653257919648065,0.76144765694958
FIBG_T10,FIBG,-0.389566811762726,0.32062550282954,0.477882609686059
FIL1L_S3,FIL1L,1.36737106564853,0.0019,0.0210513274336283
FINC_S24,FINC,0.839959587489532,0.06269816265793,0.171390953678474
FIP1_S3,FIP1,-0.53605290024021,0.00278,0.0253131636363636
FIP1_S5,FIP1,0.16349873228288,0.34654019829722,0.503912111809663
FKB15_S2,FKB15,-0.0143552929770701,0.910353523032334,0.944412704335405
FKB15_S3,FKB15,-0.604071323668861,0.0373,0.12411853820598
FKB15_S4,FKB15,0.189033824390017,0.805891668497597,0.872789083196475
FKB15_S5,FKB15,-0.250961573533219,0.0114,0.061256652360515
FKB15_S6,FKB15,-0.111031312388744,0.266732665317597,0.422319692668519
FKBP8_S3,FKBP8,-0.933572638261024,0.340147128561067,0.497941192585157
FL2D_S12,FL2D,-0.344828496997441,0.20100066518842,0.351225167921705
FLCN_S3,FLCN,-0.36737106564853,0.00858,0.0507895159386069
FLI1_S11,FLI1,0.565597175854225,0.00732,0.0463445764854614
FLI1_S8,FLI1,0.831877241191673,5.8e-05,0.00319191208791209
FLNA_S1,FLNA,0.124328135002202,0.871458462942245,0.920925552334873
FLNA_S10,FLNA,0.604071323668861,0.0595,0.165818586533111
FLNA_S12,FLNA,0.214124805352847,0.345511414291378,0.502916607933676
FLNA_S15,FLNA,0.321928094887362,0.0709,0.184259055526725
FLNA_S17,FLNA,0.214124805352847,0.17149392142205,0.315171214121698
FLNA_S3,FLNA,1.4541758931858,0.00787,0.0481232722832723
FLNA_S4,FLNA,1.33342373372519,0.000319,0.00832058333333333
FLNA_S7,FLNA,1.0496307677246,0.000482,0.0102918644067797
FLNA_S8,FLNA,2.14730669878029,0.0033,0.0280584040747029
FLNA_S9,FLNA,-0.495695162624069,0.222622965922687,0.375638751125612
FLNA_T3,FLNA,0.344828496997441,0.124368438353405,0.259511714238689
FLNA_T7,FLNA,1.23266075679027,0.0463,0.142251779141104
FLNB_S1,FLNB,-2.33342373372519,0.00359,0.0296526315789474
FLNB_S3,FLNB,-0.432959407276106,0.0118,0.0622046315789474
FLNB_S6,FLNB,0.150559676575381,0.267995342420967,0.423913767920034
FLNC_S3,FLNC,0.713695814843359,0.160502136168709,0.301724736461297
FMNL1_S22,FMNL1,0,0.994474735987635,0.996464481357758
FMNL1_S3,FMNL1,0.687060688339892,0.00421,0.0320908371385084
FMNL1_S7,FMNL1,0.941106310946431,0.0044,0.0329868263473054
FMO5_S3,FMO5,-1.16349873228288,0.14753903416895,0.288172965334673
FNBP1_S3,FNBP1,1.30451104180995,9.12e-06,0.00163117714285714
FNBP1_T1,FNBP1,1.25096157353322,0.0117,0.0620694915254237
FND3A_S2,FND3A,-0.782408564927373,0.198048772953888,0.347647143396835
FND3A_S3,FND3A,-0.321928094887362,0.07,0.183513225300575
FND3B_S2,FND3B,0.20163386116965,0.697015241129309,0.795499618864079
FND3B_S3,FND3B,-0.650764559116902,0.000254,0.00735278612716763
FNIP1_S3,FNIP1,-0.495695162624069,0.140321945615613,0.279807290396628
FOG1_S1,FOG1,-0.604071323668861,0.0856,0.204135619047619
FOG1_S8,FOG1,0.238786859587116,0.340072073341696,0.497941192585157
FOXA1_S15,FOXA1,-0.475084882948783,0.0814,0.198081243926142
FOXA1_S4,FOXA1,0.137503523749935,0.821343666727491,0.883628159607148
FOXA3_S4,FOXA3,0.137503523749935,0.821343666727491,0.883628159607148
FOXK1_S1_S5,FOXK1,0.75702324650746,0.00233,0.0229697637795276
FOXK1_S3,FOXK1,0.941106310946431,0.191162832605685,0.339242900669479
FOXK1_S5,FOXK1,-0.422233000683048,0.00556,0.038459226519337
FOXK1_S6,FOXK1,-0.545968369105293,0.11722299953037,0.251435306252955
FOXK2_S3,FOXK2,0.321928094887362,0.044,0.137978710081403
FOXO1_S7,FOXO1,0.16349873228288,0.14868634987155,0.289510591040716
FR8P1_S1,FR8P1,0.722466024471091,0.0321,0.112822023935844
FRM4A_S12,FRM4A,-0.238786859587116,0.50733875820839,0.644207023607408
FRM4A_S7,FRM4A,-0.0143552929770701,0.952228656849073,0.970865258311426
FRMD8_S1,FRMD8,0.722466024471091,0.0321,0.112822023935844
FRMD8_S4,FRMD8,1.25701061820602,0.218742731800301,0.371343593510477
FRYL_S1,FRYL,-0.238786859587116,0.272614789069173,0.428591472018389
FRY_S3,FRY,0.516015147003665,0.122047257523352,0.256381151710129
FTCD_S2,FTCD,-2.0036022366802,0.00167,0.0193149191685912
FUBP1_S10,FUBP1,-0.55581615506164,0.0623,0.170901484788208
FUBP2_S2,FUBP2,-0.176322772640463,0.49894776208538,0.637535747027304
FUBP2_S4,FUBP2,-0.189033824390017,0.266588261737978,0.422319692668519
FUND2_S1,FUND2,-0.36737106564853,0.051,0.150151675485009
FUND2_S4,FUND2,-0.37851162325373,0.0848,0.202904156712852
FXR2_S4,FXR2,-0.0840642647884746,0.594825235559781,0.715046754604749
FYB_S11,FYB,0.0565835283663675,0.789961757675268,0.861526237464665
FYN_S3,FYN,1,0.031,0.111129563350036
FYN_S8,FYN,0.20163386116965,0.180097402050975,0.325800538252103
FYV1_S3,FYV1,0.20163386116965,0.535696612101966,0.667355381444439
G3BP1_S1,G3BP1,-0.823749360308273,0.00874,0.0514940235294118
G3BP1_S17,G3BP1,-0.389566811762726,0.0578,0.162073012318029
G3BP1_S2,G3BP1,-0.27500704749987,0.491830014681857,0.631935944558301
G3BP1_S3,G3BP1,-1.64616265715789,0.000515,0.0103996774193548
G3P_S10,G3P,-0.454175893185802,0.041337607478924,0.132534403491966
G3P_S17,G3P,-0.454175893185802,0.164532451629054,0.306423443932902
G3P_S6,G3P,-0.650764559116902,0.0144,0.0698114230396902
G3P_T14,G3P,-0.739848102699327,0.0147,0.0709909353905497
G3P_T15,G3P,0.739848102699327,0.394134600172423,0.550425565438788
G3P_T20,G3P,0.53605290024021,0.144741096452093,0.284037386768057
G3P_T22,G3P,-0.526068811667588,0.0193,0.0833227586206897
G3P_T8,G3P,-0.704871964456353,0.119833270331037,0.253752650240099
G3P_Y5_S9,G3P,-1.29278174922785,0.14643543227926,0.286464314396302
G6PI_S11,G6PI,-1.47508488294878,0.253171383893306,0.408204214596805
G6PI_T4,G6PI,-0.765534746362977,0.00454,0.0334850073637702
GA2L1_S3,GA2L1,0.238786859587116,0.551683332668994,0.680041597954381
GAB1_S2,GAB1,0.286881147788162,0.259984344168629,0.416051215485558
GAB1_S3,GAB1,0.111031312388744,0.849052342744638,0.904692368609606
GAB2_S1,GAB2,0.687060688339892,0.0932,0.216286190917516
GALT_S28,GALT,-1.28095631383106,0.00139,0.0178033759590793
GANP_S8,GANP,-0.0565835283663676,0.597365917709735,0.716064393196885
GAS2_S6,GAS2,-0.356143810225275,0.295588201466479,0.45196176719893
GAS2_T5,GAS2,0.545968369105292,0.490939204562087,0.631889570701747
GATM_S1,GATM,-1.04264433740849,0.0477,0.145128554070474
GATM_S12,GATM,0.400537929583729,0.0755,0.190768920282543
GBF1_S10,GBF1,-0.0143552929770701,0.895559152586635,0.935950438182015
GBF1_S6,GBF1,-0.20163386116965,0.499753939916986,0.637972911318956
GBG12_S1,GBG12,-0.189033824390017,0.56055249254255,0.687208539205163
GBG12_S3,GBG12,1.20163386116965,0.00106,0.0152982132564841
GCOM2_S3,GCOM2,-0.0565835283663676,0.579141769575799,0.70175223373714
GCP60_S9,GCP60,0,0.973421080230404,0.983811805614963
GCST_S3,GCST,-0.863938450423972,0.000355,0.00867239024390244
GDIR1_S1,GDIR1,0.454175893185802,0.304996032466025,0.461177575661188
GELS_S3,GELS,1.38956681176273,0.45004208875968,0.597827793238323
GEM_S2,GEM,1.09761079662642,0.00105,0.0152860465116279
GEPH_S3,GEPH,-1.13750352374993,0.000425,0.00943985840707965
GEPH_S4,GEPH,-0.321928094887362,0.514800454246357,0.651132161460977
GFPT1_S3,GFPT1,-1.31614574229336,0.000205,0.00626
GFPT2_Y1,GFPT2,-0.839959587489532,0.000164,0.00547541333333333
GGYF1_S1,GGYF1,1,3.04e-06,0.00108745142857143
GGYF1_S15,GGYF1,-0.443606651475615,0.0678,0.179557059756742
GGYF2_S10,GGYF2,-0.0976107966264223,0.58689534651399,0.708659794973055
GGYF2_S14,GGYF2,0.0426443374084937,0.800259304145884,0.869348936043945
GGYF2_S16,GGYF2,-0.516015147003665,0.0698,0.183398950682057
GGYF2_S5,GGYF2,-0.704871964456353,0.450712547478694,0.598358473525837
GGYF2_S9,GGYF2,-0.613531652917927,0.145230859941858,0.284552483015972
GGYF2_T21,GGYF2,-0.214124805352847,0.263997889293328,0.41971473954952
GHDC_S1,GHDC,-0.176322772640463,0.424891101502635,0.57540687840054
GIPC1_S1,GIPC1,-0.20163386116965,0.699049896196165,0.797095145753733
GIPC1_S8,GIPC1,0.895302621333307,1.11e-05,0.00168450909090909
GIT1_S3,GIT1,0.250961573533219,0.247411971618409,0.402154869803633
GIT2_S9,GIT2,0.903038270112912,0.00136,0.0174637948717949
GLCE_S3,GLCE,-0.389566811762726,0.140776916579931,0.280182173506127
GLCI1_S3,GLCI1,-0.389566811762726,0.134506500506205,0.271397483696646
GLCI1_S4,GLCI1,0.16349873228288,0.233196229112543,0.386832300561648
GLCI1_T8,GLCI1,0.20163386116965,0.255290986435647,0.410696196617321
GMEB2_S3,GMEB2,0.22650852980868,0.166771071108534,0.30898613544637
GMIP_S4,GMIP,1.24488705912353,5.16e-05,0.00297026206896552
GMPR2_S3,GMPR2,0.263034405833794,0.0836,0.201768096385542
GOGA1_S3,GOGA1,-1.81147103052984,0.0364,0.122015528781794
GOGA2_S7,GOGA2,-0.27500704749987,0.473414069003814,0.616607973360494
GOGA3_S3,GOGA3,-0.16349873228288,0.448861504968942,0.596892835072879
GOGA3_S4,GOGA3,0.704871964456353,0.0279,0.103652225519288
GOGA4_S3,GOGA4,0.20163386116965,0.16524730945661,0.306957910147887
GOGA5_S3,GOGA5,-0.516015147003665,0.019382436781589,0.0835384350816853
GOGB1_S3,GOGB1,-0.422233000683048,0.0958,0.220582252873563
GOLI4_T9,GOLI4,-1.09761079662642,0.00893,0.0520622118742724
GOLI4_Y6,GOLI4,-1.06350294230616,0.00152,0.0186116381418093
GOLM1_S3,GOLM1,1.06350294230616,0.220052249676943,0.373313572622673
GOLM1_S7,GOLM1,1.28095631383106,0.128522317030401,0.264424430199676
GOLM1_S8,GOLM1,1.42223300068305,0.0893,0.210453835294118
GOLM1_T7,GOLM1,0.422233000683048,0.171073510110302,0.314751570456652
GOLM1_Y7,GOLM1,0.855989697308481,0.280007935085631,0.43517302153136
GORS1_T5,GORS1,-0.344828496997441,0.0519,0.151377518928363
GORS2_S6,GORS2,-0.111031312388744,0.700345188109007,0.798027008430013
GP1BB_S2,GP1BB,-1.37851162325373,0.0135,0.0672716417910448
GP1BB_S4,GP1BB,-1.33913738491959,0.00831,0.0500198076923077
GP1BB_S6,GP1BB,-0.37851162325373,0.496772963153135,0.636113270128075
GPAT3_S2,GPAT3,-0.565597175854225,0.0779,0.193801887729757
GPAT3_S4,GPAT3,0.176322772640463,0.685147639609047,0.785535572152497
GPBP1_S12,GPBP1,-0.150559676575381,0.200481875782874,0.350617644309398
GPC5C_S1,GPC5C,-1.52105073690096,0.201906419473399,0.351886820918664
GPC5C_S3,GPC5C,-0.55581615506164,0.0459,0.141543842364532
GPC5C_S5,GPC5C,0.454175893185802,0.101331436898348,0.229001731041032
GPR39_S5,GPR39,-1.35614381022528,0.245403161945144,0.399667978868709
GPR84_S3,GPR84,0.137503523749935,0.801285928569156,0.870086715150549
GPSM3_S1,GPSM3,0.31034012061215,0.345079630976837,0.502810239142275
GPSM3_S1_S5,GPSM3,-0.432959407276106,0.39438124380041,0.550616467508351
GPSM3_S5,GPSM3,0.389566811762726,0.0236,0.0940245027844073
GPTC8_S3,GPTC8,0.739848102699327,3.99e-06,0.00117131555555556
GPTC8_S9,GPTC8,0.176322772640463,0.0973,0.222806767261088
GRAP1_S3,GRAP1,-0.516015147003665,0.224630839884641,0.378197163144607
GRAP1_S5,GRAP1,-0.31034012061215,0.066,0.176564102564103
GRAP2_T3,GRAP2,0.389566811762726,0.260524758097011,0.416639121159277
GRB14_S3,GRB14,-0.443606651475615,0.043,0.135949494949495
GRDN_S1,GRDN,0.613531652917927,0.442786326697788,0.59085369680323
GRDN_S3,GRDN,0.333423733725192,0.0141,0.0688233918128655
GREM2_S5,GREM2,0.773996325111173,0.095,0.219446494464945
GRIN3_S1,GRIN3,1.16992500144231,0.0042,0.0320634146341463
GRIN3_S5,GRIN3,0.20163386116965,0.21616273691101,0.368839177666214
GRL1A_S1,GRL1A,0.622930350920177,0.0826,0.199932721121315
GRL1A_S3,GRL1A,-0.0565835283663676,0.579141769575799,0.70175223373714
GRM1A_S5,GRM1A,0.333423733725192,0.280511888094806,0.435597995528306
GRP2_S3,GRP2,0.485426827170242,0.0237,0.0941233941316416
GSDMD_S3,GSDMD,-0.356143810225275,0.109852207240643,0.240497070401089
GSK3A_S3,GSK3A,0.27500704749987,0.177939660691626,0.323456196277192
GSK3A_S6,GSK3A,-0.22650852980868,0.344895364072887,0.502688004446164
GSK3A_Y7,GSK3A,-0.422233000683048,0.0984,0.224606745670009
GSK3B_S6,GSK3B,-0.22650852980868,0.344895364072887,0.502688004446164
GSK3B_Y7,GSK3B,-0.422233000683048,0.0984,0.224606745670009
GSTA1_S1,GSTA1,-2.37573453858316,0.131913305528545,0.268737579443167
GSTA1_S4,GSTA1,-2.13093086982645,0.00271,0.0248565567765568
GSTA2_S1,GSTA2,-2.37573453858316,0.131913305528545,0.268737579443167
GSTA2_S4,GSTA2,-2.13093086982645,0.00271,0.0248565567765568
GSTA3_S4,GSTA3,-2.13093086982645,0.00271,0.0248565567765568
GSTA5_S1,GSTA5,-2.37573453858316,0.131913305528545,0.268737579443167
GSTA5_S4,GSTA5,-2.13093086982645,0.00271,0.0248565567765568
GTF2I_S4,GTF2I,0.782408564927373,0.498546693711647,0.637406648483004
GTPB1_S17,GTPB1,-0.238786859587116,0.287348013224271,0.44291746698281
GTPB1_S18,GTPB1,-0.722466024471091,0.0822,0.199349927360775
GTPB1_S9,GTPB1,0.070389327891398,0.667255096970821,0.772270285562716
GTR10_S3,GTR10,-1.7311832415722,0.00231,0.0228626086956522
GYS2_S12,GYS2,-0.933572638261024,0.0394,0.128544104234528
H10_S1,H10,0.37851162325373,0.59640095930243,0.715517421002379
H10_S4,H10,0.0840642647884745,0.838365478707065,0.896356600633002
H11_S5,H11,1.68706068833989,0.079147415166645,0.194968153051922
H11_S7,H11,1.36176835941915,0.156887141992305,0.296823123195113
H11_T2,H11,1.29278174922785,0.000504,0.0103021714285714
H12_S3,H12,1.55090066464752,0.00383,0.0304938632750397
H12_S4,H12,1.36176835941915,0.013406539051879,0.06713994757181
H12_S5,H12,1.68706068833989,0.079147415166645,0.194968153051922
H12_S7,H12,1.36176835941915,0.156887141992305,0.296823123195113
H12_T2,H12,1.29278174922785,0.000504,0.0103021714285714
H13_S3,H13,1.55090066464752,0.00383,0.0304938632750397
H13_S4,H13,1.36176835941915,0.013406539051879,0.06713994757181
H13_S5,H13,1.68706068833989,0.079147415166645,0.194968153051922
H13_S7,H13,1.36176835941915,0.156887141992305,0.296823123195113
H13_T2,H13,1.29278174922785,0.000504,0.0103021714285714
H14_S1,H14,0.37851162325373,0.00842,0.050258644470868
H14_S3,H14,1.55090066464752,0.00383,0.0304938632750397
H14_S4,H14,1.36176835941915,0.013406539051879,0.06713994757181
H14_S5,H14,1.68706068833989,0.079147415166645,0.194968153051922
H14_S7,H14,1.36176835941915,0.156887141992305,0.296823123195113
H14_T2,H14,1.29278174922785,0.000504,0.0103021714285714
H15_S1,H15,-0.0840642647884746,0.546783320442845,0.676455254144705
H15_S17,H15,-0.321928094887362,0.57413375269001,0.699154903124619
H15_S5,H15,1.68706068833989,0.079147415166645,0.194968153051922
H15_S7,H15,1.36176835941915,0.156887141992305,0.296823123195113
H15_T2,H15,1.29278174922785,0.000504,0.0103021714285714
H1BP3_S1,H1BP3,0.333423733725192,0.226427636282276,0.379708461693643
H1BP3_S3,H1BP3,-0.356143810225275,0.440916218627773,0.589300353052545
H1T_S5,H1T,1.68706068833989,0.079147415166645,0.194968153051922
H1T_S7,H1T,1.48542682717024,0.302950299353089,0.459033280038917
H1T_T2,H1T,1.29278174922785,0.000504,0.0103021714285714
H1X_S8,H1X,0.516015147003665,0.00408,0.0312904134762634
H4_S1,H4,-0.286881147788162,0.268289900996626,0.423981011104797
H4_S3,H4,-0.238786859587116,0.340357192138882,0.498103102931479
H4_Y9,H4,0.831877241191673,0.013572390235437,0.067301185770751
H90B2_S6,H90B2,-0.526068811667588,0.0207,0.0869677852348993
HABP4_S13,HABP4,-0.176322772640463,0.517858729833443,0.653094061698787
HACD3_S3,HACD3,-0.53605290024021,0.243882856410144,0.39796850599609
HACD3_S4,HACD3,-1.41683974191283,0.0233,0.0932745003996803
HACD3_S5,HACD3,-1.14404636961671,0.000178,0.00578846753246753
HAOX1_S4,HAOX1,0.150559676575381,0.681107290372024,0.78287475560778
HAP28_S4,HAP28,-1.23266075679027,0.00263,0.0244814869888476
HAP28_S5,HAP28,-0.782408564927373,0.0267,0.101221498864497
HAP28_S7,HAP28,-0.356143810225275,0.0501,0.148902551928783
HBA_S3,HBA,1.13750352374994,0.0015,0.0185024630541872
HBA_S4,HBA,0.250961573533219,0.311275774710835,0.467707494675026
HBB_S1,HBB,0.238786859587116,0.318876076518606,0.476331950459352
HBB_S9,HBB,0.443606651475615,0.118945813304617,0.252867001261539
HBB_T10,HBB,0.111031312388744,0.791193096722588,0.862118152390496
HBB_T4,HBB,0.443606651475615,0.0491,0.147506178764247
HBD_T4,HBD,0.443606651475615,0.0491,0.147506178764247
HBD_T9,HBD,0.411426245726465,0.486308990064628,0.627527807844282
HBP1_S1,HBP1,0.495695162624069,0.0088,0.0516651817116061
HBP1_S3,HBP1,0.367371065648529,0.0616,0.169594722374931
HCFC1_S25,HCFC1,0.111031312388744,0.45396925354463,0.601449212103573
HCK_Y7,HCK,0.516015147003665,0.225779467849557,0.379049136771901
HCLS1_S1,HCLS1,-0.333423733725192,0.20904422646369,0.359510125731511
HCLS1_S2,HCLS1,-0.150559676575381,0.496080314051063,0.635388801219367
HCLS1_S4,HCLS1,0.485426827170242,0.0725,0.186577595066804
HCLS1_T12,HCLS1,-0.137503523749935,0.566941391700459,0.693174435946264
HDAC1_S22,HDAC1,0.111031312388744,0.714115163513975,0.808383530487791
HDAC2_S22,HDAC2,-0.22650852980868,0.370564059391202,0.527211593588392
HDAC4_S3,HDAC4,-0.16349873228288,0.260613995937167,0.416639121159277
HDAC4_T1,HDAC4,0.0976107966264223,0.454264931852326,0.601552057846407
HDAC5_S3,HDAC5,0.0143552929770701,0.944101263561326,0.965698351289853
HDAC7_S3,HDAC7,0.137503523749935,0.414062373929894,0.566896774058611
HDGF_S2,HDGF,1.26903314645524,0.0814,0.198081243926142
HDGF_S6,HDGF,-0.411426245726465,0.067,0.178647953216374
HDGF_S7,HDGF,-0.604071323668861,0.000556,0.0109194039215686
HDGF_S8,HDGF,-0.0840642647884746,0.520252865556083,0.654814999130843
HDGF_S9,HDGF,0.286881147788162,0.190608100640252,0.338498357449072
HDGR2_S3,HDGR2,-0.176322772640463,0.538447411079282,0.669616248990575
HD_S16,HD,-0.333423733725192,0.0811,0.19783185582075
HD_S3,HD,-0.516015147003665,0.103101496471124,0.231097150054221
HD_S30,HD,-0.36737106564853,0.261035492744093,0.417123722929935
HD_S7,HD,-0.028569152196771,0.858779086425275,0.910968063939357
HECAM_S3,HECAM,-1.82781902461732,0.0436,0.137239974858579
HECD1_S3,HECD1,-0.250961573533219,0.247239015690825,0.402134780961238
HECD4_T4,HECD4,-0.16349873228288,0.67770538346432,0.780397461574917
HEM2_S1,HEM2,-0.298658315564515,0.705319201300821,0.801870274713851
HEP2_T5,HEP2,0.641546029087524,0.126555019472158,0.262112298393948
HERC1_S1,HERC1,0.176322772640463,0.644213359326909,0.754848035449031
HERC1_S3,HERC1,0.505890929729957,0.102706520378211,0.230652131862816
HIC1_S3,HIC1,0.678071905112638,0.00179,0.0202812669683258
HIC1_S8,HIC1,-0.286881147788162,0.0909,0.212822440392707
HID1_S3,HID1,0.400537929583729,0.0264,0.100617351598174
HIPK1_Y6,HIPK1,-0.189033824390017,0.350924496401353,0.508074552754546
HIPK2_Y6,HIPK2,-0.189033824390017,0.350924496401353,0.508074552754546
HIRP3_S3,HIRP3,-0.0565835283663676,0.91132951879123,0.944719153406433
HMCS2_S1,HMCS2,-2.16349873228288,0.000713,0.0122704604810997
HMCS2_S4,HMCS2,-1,0.0384,0.126597504924491
HMCS2_S9,HMCS2,-0.941106310946431,0.00839,0.0501996654719235
HMDH_S1,HMDH,-1.36176835941915,0.20045437253221,0.350617644309398
HMGA1_S6,HMGA1,-0.20163386116965,0.478931598012675,0.621370321981211
HMGCL_S1,HMGCL,-1.07724299893246,0.0758,0.191237481108312
HMGN1_S3,HMGN1,2.20476675065461,0.000401,0.0092774930875576
HMGN3_S3,HMGN3,-0.505890929729957,0.252673529682379,0.407532701014285
HMGX4_S2,HMGX4,0.124328135002202,0.430233177519243,0.579981857429299
HMHA1_S1,HMHA1,0.0840642647884745,0.705300773094011,0.801870274713851
HMHA1_S3,HMHA1,-0.37851162325373,0.047,0.143697191697192
HMOX1_S3,HMOX1,-0.765534746362977,0.0385,0.126597504924491
HN1L_S10,HN1L,0.0976107966264223,0.419239701500874,0.571151367006631
HN1L_S9,HN1L,1.0703893278914,0.000338,0.0085490101010101
HN1_S2,HN1,-0.485426827170242,0.0908,0.212787271876462
HN1_S4,HN1,-0.713695814843359,0.0179,0.0796828444444444
HNF1A_S3,HNF1A,-0.495695162624069,0.0223,0.0906480519480519
HNF1B_S7,HNF1B,0.475084882948783,0.106688415324886,0.236728216192747
HNF4A_S12,HNF4A,-0.298658315564515,0.275568638632938,0.431534628603425
HNF4A_S3,HNF4A,-0.238786859587116,0.449135272928627,0.597098340012361
HNF4A_T3,HNF4A,-0.773996325111173,0.0384,0.126597504924491
HNF4G_S6,HNF4G,0.150559676575381,0.376006632272244,0.532684926285544
HNRH1_S5,HNRH1,0,0.996453347706335,0.997271840532636
HNRH1_S6,HNRH1,0.27500704749987,0.00835,0.0500200956937799
HNRH2_S6,HNRH2,0.27500704749987,0.00835,0.0500200956937799
HNRL1_S1,HNRL1,-0.344828496997441,0.178103874463987,0.323637229069538
HNRL1_S26,HNRL1,0,0.980995903906685,0.988048479727544
HNRL1_S28,HNRL1,-0.0143552929770701,0.933191112142867,0.957668256067926
HNRL1_S3,HNRL1,-0.356143810225275,0.254824820187244,0.410145542197094
HNRL1_S5_T20,HNRL1,0.176322772640463,0.662620452402833,0.769217252117151
HNRL2_S1,HNRL2,0.613531652917927,0.0032,0.0276780656303972
HNRL2_S3,HNRL2,0.0840642647884745,0.719843651721915,0.812707044323855
HNRL2_S6,HNRL2,-0.214124805352847,0.55422244010734,0.681952329252471
HNRL2_S9,HNRL2,0.443606651475615,0.347218494342685,0.504751877987857
HNRL2_T19,HNRL2,-0.028569152196771,0.906998487133528,0.941789015874914
HNRPC_S10,HNRPC,-1.47508488294878,0.00765,0.0472977777777778
HNRPC_S3,HNRPC,0.53605290024021,0.483226852395576,0.624838646216639
HNRPC_S4,HNRPC,0.333423733725192,0.510947377332726,0.647475826336612
HNRPD_S13,HNRPD,0.443606651475615,0.0964,0.221300062211066
HNRPK_S13,HNRPK,-0.124328135002202,0.362418261575579,0.519310630606724
HNRPK_S2,HNRPK,0.111031312388744,0.830716236045577,0.890650162730946
HNRPK_T15,HNRPK,-0.389566811762726,0.222573614621249,0.375638751125612
HNRPL_S6,HNRPL,0.526068811667588,0.0512,0.150298710433763
HNRPM_S10,HNRPM,-0.475084882948783,0.0791,0.194968153051922
HNRPM_S6,HNRPM,-0.238786859587116,0.233451419293976,0.387127386696765
HNRPU_S1,HNRPU,-0.815575428862572,0.115490920527627,0.24865800945931
HNRPU_S22,HNRPU,0.070389327891398,0.836403261848865,0.894640652571362
HNRPU_S3,HNRPU,0.765534746362977,0.0356,0.120381363943282
HPPD_T11,HPPD,-0.713695814843359,0.393845395357566,0.550175101799356
HPS5_S3,HPS5,0.659924558402378,0.057,0.16072972972973
HPT_T9,HPT,-0.321928094887362,0.146912884110823,0.287061928843934
HS12B_S15,HS12B,0.137503523749935,0.427473259413629,0.578278250443937
HS90A_S5,HS90A,-0.575312330687437,0.125839463858614,0.261495450209103
HS90A_T20,HS90A,-0.176322772640463,0.302426277535444,0.458676801301485
HS90B_S5,HS90B,-0.790772037862,0.0398,0.129082170542636
HS90B_S6,HS90B,-0.594548549550354,0.00203,0.0216764179104478
HSF1_S11,HSF1,0.298658315564515,0.122599216214175,0.257109244053848
HSP74_S9,HSP74,-0.27500704749987,0.217383414290154,0.370165297097957
HSPB1_S1,HSPB1,0.214124805352847,0.495590941305247,0.635086856206929
HSPB1_S11,HSPB1,-0.0143552929770701,0.904581838752612,0.940969592960247
HSPB1_S3,HSPB1,0.765534746362977,0.00299,0.0265441696113074
HSPB1_S3_S7,HSPB1,-0.0426443374084937,0.88024075823955,0.926686087295284
HSPB1_S4,HSPB1,1.98913900736823,7.87e-05,0.00382650097087379
HSPB1_T3,HSPB1,-0.16349873228288,0.659162980919282,0.766477934762082
HSPB1_Y17,HSPB1,0.0565835283663675,0.778204162042886,0.855973301891231
HSPB6_S1,HSPB6,1.43295940727611,0.0057,0.0391035616438356
HSPB6_S2,HSPB6,0.895302621333307,0.0287,0.105761295069904
HSPB6_S3,HSPB6,1.13093086982645,5.4e-06,0.0013211580952381
HTF4_S13,HTF4,0.910732661902913,0.0372,0.124033022636485
HTSF1_S1,HTSF1,0.887525270741587,0.15111337961931,0.291264112948787
HTSF1_S7,HTSF1,-0.495695162624069,0.062674300419841,0.171390953678474
HUTH_S11,HUTH,0.411426245726465,0.403449286586734,0.559250091090439
HUTH_S1_T3,HUTH,-1.32192809488736,0.0043,0.0324313253012048
HUTH_S3,HUTH,-1,0.0136,0.067301185770751
HUTH_S7,HUTH,-0.263034405833794,0.064804357392288,0.174203017617058
HUTH_T13,HUTH,0.594548549550354,0.46017400884987,0.606514018963089
HUWE1_S1,HUWE1,-0.55581615506164,0.338324693402727,0.496490934774553
HUWE1_S15,HUWE1,-0.27500704749987,0.445986464430498,0.594490341726892
HUWE1_S16,HUWE1,-0.443606651475615,0.0522,0.151810452961672
HUWE1_S2,HUWE1,-0.0426443374084937,0.788351146829563,0.86055379446358
HUWE1_S3,HUWE1,0.475084882948783,0.284780971612833,0.440724074733334
HUWE1_S4,HUWE1,1.17632277264046,0.0659,0.176390807055051
HUWE1_S6,HUWE1,-0.22650852980868,0.0986,0.22475593991807
HUWE1_S7,HUWE1,0.137503523749935,0.403468566116165,0.559250091090439
HUWE1_S8,HUWE1,0.594548549550354,0.0184,0.0810441512752858
HUWE1_T5,HUWE1,0.356143810225275,0.12540092992533,0.261017396951809
HXB3_T2_S3,HXB3,-0.594548549550354,0.0966,0.221609161704077
HYEP_S2,HYEP,-1.05658352836637,0.0753,0.190648331648129
I2BP1_S1,I2BP1,0.632268215499513,0.00955,0.0549097588978186
I2BP1_S3,I2BP1,0.333423733725192,0.056102725268568,0.159185523028322
I2BP1_S5,I2BP1,0.594548549550354,0.0326,0.113612247738344
I2BP1_S9,I2BP1,0.495695162624069,0.0475,0.144783931832015
I2BP2_S11,I2BP2,0.321928094887362,0.0699,0.183513225300575
I2BP2_S12,I2BP2,0.137503523749935,0.532774404820955,0.665591301328195
I2BP2_S3,I2BP2,-0.321928094887362,0.0187,0.0820049036777583
I2BP2_S4,I2BP2,1.15055967657538,3.8e-05,0.00259874594594595
I2BP2_S7,I2BP2,0.356143810225275,0.032912066304287,0.114381421271249
I2BPL_S27,I2BPL,0.189033824390017,0.334088412109592,0.491947888222534
I2BPL_S3,I2BPL,-0.321928094887362,0.0187,0.0820049036777583
I2BPL_S4,I2BPL,0.516015147003665,0.176166557522502,0.321165678948922
IASPP_S3,IASPP,1.4905701304462,0.00275,0.0251768306010929
IBP1_S5,IBP1,1.28095631383106,0.0702,0.183583080939948
IBTK_S4,IBTK,-0.485426827170242,0.0463,0.142251779141104
ICAL_S1,ICAL,-0.526068811667588,0.285361555017414,0.440857081865539
ICAL_S3,ICAL,-0.545968369105293,0.0194,0.0835384350816853
ICAL_S32,ICAL,-0.111031312388744,0.749884178265484,0.837515603201058
ICLN_S17,ICLN,-1.44360665147561,0.0154,0.0723482176360225
ID2_S3,ID2,0.111031312388744,0.618768065693877,0.734469761385598
IF16_S10,IF16,0.584962500721156,0.00136,0.0174637948717949
IF16_S6,IF16,0.400537929583729,0.0344,0.118077587388622
IF16_S8,IF16,0.0565835283663675,0.88832700756485,0.931094188610903
IF2P_S1,IF2P,-0.903038270112912,0.0106,0.0588523281596452
IF2P_S4,IF2P,-0.0840642647884746,0.681697267295777,0.783373087337598
IF2P_S5,IF2P,-0.0426443374084937,0.897557068159478,0.936062851530312
IF2P_S9,IF2P,-0.333423733725192,0.0203,0.0859360946745562
IF4B_S1,IF4B,-1.1243281350022,0.0011,0.01565
IF4B_S10,IF4B,-0.214124805352847,0.589988287359211,0.711281016633348
IF4B_S15,IF4B,-0.632268215499513,0.0229,0.0924864516129032
IF4B_S3,IF4B,-0.422233000683048,0.233574116681165,0.387202640297674
IF4B_S4,IF4B,-0.400537929583729,0.207932063354285,0.358629707347039
IF4B_S7,IF4B,-0.16349873228288,0.435303771347101,0.583799057230523
IF4B_T6,IF4B,0.584962500721156,0.265889442360631,0.421651148620025
IF4G1_S1,IF4G1,0.189033824390017,0.463033209194616,0.608947035621491
IF4G1_S2,IF4G1,0.0840642647884745,0.831148789833066,0.890743978123328
IF4G1_S21,IF4G1,0.20163386116965,0.376663566770002,0.533464689588283
IF4G1_S3,IF4G1,-0.887525270741588,0.110125865868908,0.240519117431963
IF4G1_S4,IF4G1,-0.411426245726465,0.17860963710055,0.324203357230719
IF4G1_S6,IF4G1,-0.298658315564515,0.469066442905287,0.613658502108066
IF4G1_S8,IF4G1,-1.39506279951758,7.8e-05,0.00382650097087379
IF4G2_S11,IF4G2,-1.02856915219677,0.0546,0.156697306590258
IF4G2_S2,IF4G2,1.22032995487956,0.00262,0.0244338175046555
IF4G2_T19,IF4G2,-0.464668267003444,0.50398075579248,0.641896140643118
IF4G2_T3,IF4G2,-0.6959938131099,0.00718,0.0457583756345178
IF4G3_S1,IF4G3,-0.545968369105293,9.68e-05,0.00403978666666667
IF4G3_S2,IF4G3,-0.722466024471091,0.0435,0.137011320754717
IF4G3_S3,IF4G3,-0.565597175854225,0.030586368597759,0.110089655172414
IFIH1_S2,IFIH1,-0.526068811667588,0.0991,0.225382742960945
IGG1_S30,IGG1,-0.0426443374084937,0.70964940096426,0.804965843721181
IGHG1_S30,IGHG1,-0.0426443374084937,0.70964940096426,0.804965843721181
IGHG2_Y23,IGHG2,0.400537929583729,0.16973514284894,0.313087880437382
IGHG3_T1_S8_Y19,IGHG3,0.250961573533219,0.307764895338033,0.463963454501165
IGHG4_Y23,IGHG4,0.641546029087524,0.113412468966622,0.245131482341322
IKKB_S2,IKKB,-0.333423733725192,0.348110691254268,0.505755248564367
IL16_S3,IL16,2.59215800212536,0.0111,0.0604226086956522
IL16_S33,IL16,0.0285691521967709,0.88486538994254,0.929405594134279
IL1AP_S3,IL1AP,-0.895302621333307,0.0069,0.0446449612403101
IL1AP_S4,IL1AP,-0.622930350920177,0.0018,0.020348532731377
IL6RB_S3,IL6RB,0.189033824390017,0.387656119668501,0.544109262135609
IL6RB_S7,IL6RB,-0.0426443374084937,0.858158956022551,0.910714145319122
ILF3_S11,ILF3,-0.298658315564515,0.438340050921069,0.586640025390891
ILF3_S6,ILF3,0.575312330687437,0.284699309762425,0.440724074733334
ILF3_S8,ILF3,0.400537929583729,0.13439956234845,0.271355215164299
ILK_T3,ILK,0.516015147003665,0.130148741126553,0.26690618163873
INF2_S2,INF2,-0.16349873228288,0.674765309652202,0.777906231753736
INF2_S3,INF2,-0.298658315564515,0.234464728898517,0.388455230061893
INF2_S4,INF2,1.29865831556452,0.0031,0.026999652173913
INF2_T8,INF2,0.526068811667588,0.0541,0.155619069500287
INP5E_S3,INP5E,0.37851162325373,0.015,0.0714068441064639
INT10_S19,INT10,-0.111031312388744,0.612172109209397,0.728901075349658
INT12_S3,INT12,-0.27500704749987,0.503419686821597,0.641344642992256
INT1_S1,INT1,0.0285691521967709,0.918093687028215,0.949171945664479
INT1_S2,INT1,-0.31034012061215,0.14000524351805,0.279452474905697
INT3_S9,INT3,-0.400537929583729,0.246898029417977,0.401710633958814
INT6_S1,INT6,0.622930350920177,0.00782,0.0479933333333333
IPYR2_S9,IPYR2,0.411426245726465,0.0855,0.204091515729266
IQEC1_S1,IQEC1,0.0426443374084937,0.825797980527103,0.886448840977322
IQEC1_S2,IQEC1,-0.286881147788162,0.223021183930927,0.376057269066021
IQEC1_S5,IQEC1,0.344828496997441,0.108196505555973,0.238772132818906
IQEC1_S6,IQEC1,1.02856915219677,0.00015,0.00518068965517241
IQGA1_S3,IQGA1,0.903038270112912,0.00238,0.0232339961013645
IQGA2_S1,IQGA2,-1.13093086982645,0.0269,0.101365838976674
IQGA2_S10,IQGA2,-0.53605290024021,0.039062299949813,0.127608609359859
IQGA2_S2,IQGA2,-1.06350294230616,0.000847,0.01325555
IQGA2_S3,IQGA2,-0.855989697308481,0.0342,0.117632967032967
IQGA2_S4,IQGA2,-0.36737106564853,0.224191415950802,0.37764904509977
IQGA2_Y1,IQGA2,-0.970853654340484,0.257734964334935,0.413565107782555
IRAK3_S3,IRAK3,0.0426443374084937,0.80607537115296,0.872789083196475
IRF3_S3,IRF3,-0.687060688339892,0.0368,0.12302696929239
IRS1_S3,IRS1,-0.516015147003665,0.02904750773334,0.106374306569343
IRS2_S11,IRS2,-0.475084882948783,0.0518,0.151377518928363
IRS2_S3,IRS2,-0.31034012061215,0.176854821897395,0.321951635064396
IRS2_T1,IRS2,-0.321928094887362,0.06,0.166840644086619
ITA4_S3,ITA4,0.0143552929770701,0.920516104950872,0.950896174421198
ITA5_S8,ITA5,-0.070389327891398,0.737979477940309,0.82661624368711
ITIH2_S6,ITIH2,0.286881147788162,0.288944428497865,0.444810829989814
ITPR1_S3,ITPR1,1.0496307677246,8.38e-05,0.00388234862385321
ITPR3_S3,ITPR3,0.594548549550354,0.00116,0.0161818384401114
ITSN1_S14,ITSN1,-0.565597175854225,0.0189,0.0825926701570681
ITSN1_S3,ITSN1,1.55581615506164,6.47e-05,0.00343778333333333
ITSN2_S3,ITSN2,0.367371065648529,0.0828,0.20032
ITSN2_S8,ITSN2,-0.53605290024021,0.00299,0.0265441696113074
IWS1_S3,IWS1,1.37851162325373,0.034,0.117428965517241
IWS1_S4,IWS1,0.910732661902913,0.0473,0.144262119366626
IWS1_S7,IWS1,0.37851162325373,0.322668435372496,0.479468325987955
JCAD_S21,JCAD,0.650764559116902,0.0183,0.0807457268722467
JCAD_S3,JCAD,1.53605290024021,0.000583,0.0111204258555133
JCAD_S4,JCAD,0.84799690655495,0.05602771193589,0.159062801232958
JIP4_S3,JIP4,-1.70487196445635,0.186393777523256,0.333259563668856
JIP4_S3_S5,JIP4,0.111031312388744,0.457832638281684,0.604945636118268
JIP4_S5,JIP4,-0.0840642647884746,0.659189389980089,0.766477934762082
JIP4_S6,JIP4,-0.978195629681652,0.0972,0.222679597438243
JIP4_T19,JIP4,0.176322772640463,0.454974575798889,0.602143941754978
K0556_S3,K0556,0.124328135002202,0.435401253745208,0.583799057230523
K0930_S8,K0930,-0.411426245726465,0.173412149610636,0.318229404635421
K1109_S3,K1109,0.0840642647884745,0.84468842714694,0.901192936334017
K1109_T8,K1109,-0.150559676575381,0.470871980575536,0.615217030712832
K1211_S3,K1211,1.05658352836637,0.059,0.16470011148272
K1468_S3,K1468,-1.06350294230616,0.111903077123565,0.243022814499052
K1522_S11,K1522,0.443606651475615,0.0854,0.204047328244275
K1522_S2,K1522,0.286881147788162,0.00987,0.056162360953462
K1522_S9,K1522,0.20163386116965,0.454494600717999,0.60166771355954
K1671_S2,K1671,0.286881147788162,0.0778,0.193745599204376
K1671_S3,K1671,0.584962500721156,0.118872788353535,0.252867001261539
K1671_S4,K1671,0.773996325111173,0.109527131072786,0.240154059725268
K1C18_S1,K1C18,0.879705766282288,0.091,0.212957009345794
K1C18_S10,K1C18,0.659924558402378,0.00946,0.0545802764976959
K1C18_S15,K1C18,-0.250961573533219,0.16230239155552,0.304081697310155
K1C18_S16,K1C18,0.687060688339892,0.00456,0.0335337444933921
K1C18_S17,K1C18,0.321928094887362,0.286157374212082,0.441625926056735
K1C18_S19,K1C18,0.659924558402378,0.0957,0.220582252873563
K1C18_S2,K1C18,0.464668267003444,0.0101,0.0568962879640045
K1C18_S20,K1C18,0.622930350920177,0.313442699216722,0.470398872543405
K1C18_S25,K1C18,0.286881147788162,0.350415410907095,0.507631003130672
K1C18_S28,K1C18,-0.176322772640463,0.303151960417331,0.459033280038917
K1C18_S3,K1C18,1.4276061727819,1.77e-05,0.00192699130434783
K1C18_S4,K1C18,0.807354922057604,0.0205,0.0864903117101938
K1C18_S5,K1C18,0.263034405833794,0.148336413796425,0.289329817843212
K1C18_S7,K1C18,0.516015147003665,0.0914,0.213593653756416
K1C18_S8,K1C18,-0.250961573533219,0.468830363794379,0.613658502108066
K1C18_S9,K1C18,1.35614381022528,0.1130610279591,0.244582992664869
K1C18_T1,K1C18,-0.400537929583729,0.083,0.200706904876871
K1C18_T15,K1C18,1.05658352836637,0.042,0.133886696371738
K1C18_T2,K1C18,1.31614574229336,0.0417,0.133525319693095
K1C18_T3,K1C18,-0.286881147788162,0.101536872883023,0.229259088998277
K1C18_T4,K1C18,-0.411426245726465,0.213723567283475,0.365549052238949
K1C18_Y7,K1C18,0.443606651475615,0.571294819626667,0.696456781083337
K1C19_S11,K1C19,-0.286881147788162,0.18212217030207,0.327846092333848
K1C19_S3,K1C19,1.8073549220576,0.00042,0.00943985840707965
K1C19_S6,K1C19,1.28688114778816,0.00491,0.0353802589928058
K1C23_S2,K1C23,1.43829285157915,1.47e-05,0.00192699130434783
K1C23_T3,K1C23,0.650764559116902,0.237786241686738,0.391592732116798
K22E_S1,K22E,-0.176322772640463,0.140818396708251,0.280182173506127
K22E_S3,K22E,0.137503523749935,0.784977308299309,0.857958611951755
K22E_S8,K22E,-0.6959938131099,0.00401,0.0308955076923077
K22O_S3,K22O,0.137503523749935,0.784977308299309,0.857958611951755
K22O_S8,K22O,-0.6959938131099,0.00401,0.0308955076923077
K2C1B_S3,K2C1B,0.137503523749935,0.784977308299309,0.857958611951755
K2C1_S3,K2C1,0.137503523749935,0.784977308299309,0.857958611951755
K2C3_S3,K2C3,0.137503523749935,0.784977308299309,0.857958611951755
K2C3_S8,K2C3,-0.6959938131099,0.00401,0.0308955076923077
K2C5_S3,K2C5,0.137503523749935,0.784977308299309,0.857958611951755
K2C5_S8,K2C5,-0.6959938131099,0.00401,0.0308955076923077
K2C6A_S3,K2C6A,0.137503523749935,0.784977308299309,0.857958611951755
K2C6A_S8,K2C6A,-0.6959938131099,0.00401,0.0308955076923077
K2C6B_S3,K2C6B,0.137503523749935,0.784977308299309,0.857958611951755
K2C6B_S8,K2C6B,-0.6959938131099,0.00401,0.0308955076923077
K2C6C_S3,K2C6C,0.137503523749935,0.784977308299309,0.857958611951755
K2C6C_S8,K2C6C,-0.6959938131099,0.00401,0.0308955076923077
K2C71_S3,K2C71,0.137503523749935,0.784977308299309,0.857958611951755
K2C72_S3,K2C72,0.137503523749935,0.784977308299309,0.857958611951755
K2C73_S3,K2C73,0.137503523749935,0.784977308299309,0.857958611951755
K2C74_S3,K2C74,0.137503523749935,0.784977308299309,0.857958611951755
K2C75_S3,K2C75,0.137503523749935,0.784977308299309,0.857958611951755
K2C75_S8,K2C75,-0.6959938131099,0.00401,0.0308955076923077
K2C78_S3,K2C78,0.137503523749935,0.784977308299309,0.857958611951755
K2C79_S3,K2C79,0.137503523749935,0.784977308299309,0.857958611951755
K2C79_S8,K2C79,-0.6959938131099,0.00401,0.0308955076923077
K2C7_S3,K2C7,0.137503523749935,0.784977308299309,0.857958611951755
K2C7_S8,K2C7,-0.6959938131099,0.00401,0.0308955076923077
K2C8_S1,K2C8,3.34340782229781,4.95e-08,0.000123948
K2C8_S10,K2C8,-0.111031312388744,0.683355905065141,0.78473890680262
K2C8_S11,K2C8,-0.659924558402378,0.112818795328432,0.244164445550902
K2C8_S12,K2C8,1.87578006306849,0.0318,0.112547279151943
K2C8_S13,K2C8,0.632268215499513,0.102174513749392,0.230076423047192
K2C8_S14,K2C8,-0.344828496997441,0.0619,0.17014006586169
K2C8_S15,K2C8,-0.0840642647884746,0.684754330762461,0.785535572152497
K2C8_S18,K2C8,0.475084882948783,0.0531,0.153447663012118
K2C8_S2,K2C8,1.33342373372519,0.0039,0.0308549763033175
K2C8_S20,K2C8,-0.070389327891398,0.729257688712575,0.820148777245133
K2C8_S22,K2C8,0.53605290024021,0.187251744971363,0.334554669574237
K2C8_S24,K2C8,-0.0840642647884746,0.637954327553395,0.750581301312808
K2C8_S24_S27,K2C8,0.0285691521967709,0.962820131631227,0.977458588933547
K2C8_S3,K2C8,-0.7311832415722,0.0279,0.103652225519288
K2C8_S4,K2C8,-0.855989697308481,0.192666683143758,0.341186262087673
K2C8_S5,K2C8,1.21412480535285,0.0239,0.0944681925808998
K2C8_S6,K2C8,-0.443606651475615,0.112088673343648,0.243214937653808
K2C8_S7,K2C8,-0.53605290024021,0.0357,0.120475471698113
K2C8_S8,K2C8,-0.6959938131099,0.00401,0.0308955076923077
K2C8_S9,K2C8,-0.773996325111173,0.00207,0.0218243368421053
K2C8_T17,K2C8,-0.389566811762726,0.00647,0.0427463852242744
K2C8_T17_S18,K2C8,-0.0565835283663676,0.630582144262924,0.744449641317474
K2C8_Y12,K2C8,-0.443606651475615,0.121618469100232,0.256269755507194
K2C8_Y13,K2C8,-0.807354922057604,0.00178,0.0202136961451247
KAD2_S3,KAD2,-0.111031312388744,0.700071901407783,0.797897151172093
KANK1_S1,KANK1,-0.150559676575381,0.37336535245398,0.530594121762069
KANK1_S3,KANK1,-0.400537929583729,0.0399,0.129082170542636
KANK2_S1,KANK2,-0.070389327891398,0.693217217407527,0.792067493674856
KANK2_S10,KANK2,0.432959407276106,0.000884,0.0136638024691358
KANK2_S14,KANK2,0.0976107966264223,0.422903949968522,0.573801945663061
KANK2_S2,KANK2,0.0143552929770701,0.950102774315718,0.970449662201329
KANK2_S3,KANK2,2.31034012061215,0.00136,0.0174637948717949
KANK2_S5,KANK2,0.823749360308273,3.36e-05,0.00244676571428571
KANK2_S8,KANK2,0.070389327891398,0.764042176371924,0.845970201032632
KANK2_T6,KANK2,0.150559676575381,0.649642333839048,0.759270713455733
KANK3_S1,KANK3,0,0.971636925838647,0.982358468136281
KANK3_S11,KANK3,-0.422233000683048,0.0813,0.198030350194553
KANK3_S3,KANK3,1.0496307677246,5.04e-05,0.00297026206896552
KANL1_T7,KANL1,-0.0426443374084937,0.648898497138255,0.758907042715705
KANL3_S5,KANL3,0.137503523749935,0.778177102609067,0.855973301891231
KAP0_S3,KAP0,-0.411426245726465,0.0398,0.129082170542636
KAP0_S5,KAP0,-0.678071905112638,0.0016,0.0189838139534884
KAP0_S9,KAP0,-0.344828496997441,0.00603,0.0408084324324324
KAP2_S10,KAP2,-0.189033824390017,0.485950739457713,0.627388838155253
KAP2_S2,KAP2,0.333423733725192,0.109389176393083,0.239956633980096
KAP2_S3,KAP2,-0.464668267003444,0.0188,0.0823713035870516
KAP2_S8,KAP2,-0.16349873228288,0.618902235033391,0.734469761385598
KAP3_S3,KAP3,0.137503523749935,0.673257117722678,0.777420254912421
KAPCA_S21,KAPCA,-0.948600847493355,0.0548,0.157001372997712
KAPCA_T3,KAPCA,-1.35049724708413,0.00508,0.0359839321074965
KAPCB_T3,KAPCB,-1.35049724708413,0.00508,0.0359839321074965
KAPCG_T3,KAPCG,-1.35049724708413,0.00508,0.0359839321074965
KAT7_S8,KAT7,-0.27500704749987,0.321676290783382,0.478738444054436
KBTBB_S10,KBTBB,-0.622930350920177,0.075,0.190369994931576
KBTBB_S3_S7,KBTBB,0.238786859587116,0.691475317912678,0.790618354362258
KC1E_S7,KC1E,0.344828496997441,0.0762,0.191763618090452
KCC2A_T3,KCC2A,-2.23266075679027,0.0266,0.101071927162367
KCC2B_S3,KCC2B,-0.485426827170242,0.148681370457283,0.289510591040716
KCC2D_T3,KCC2D,-2.23266075679027,0.0266,0.101071927162367
KCC2D_T9,KCC2D,0.495695162624069,0.470314234919328,0.614809106884885
KCD12_S1,KCD12,0.485426827170242,0.00436,0.032735952023988
KCD12_S15,KCD12,-1.31034012061215,0.0508,0.149827090694935
KCD12_S16,KCD12,1.0703893278914,5.5e-05,0.00306044444444444
KCD12_S17,KCD12,0.454175893185802,0.022,0.0901603927986907
KCD12_S28,KCD12,0.454175893185802,0.0658,0.176217326203209
KCD12_S3,KCD12,-0.124328135002202,0.419029692676601,0.57104195382255
KCD12_S7,KCD12,0,0.985218969823549,0.990360618401512
KCD12_T12,KCD12,-0.111031312388744,0.555231678586309,0.682858606669999
KCNJ8_S2,KCNJ8,0.505890929729957,0.305825409434295,0.461906343540909
KCNJ8_S4,KCNJ8,1.06350294230616,0.0178,0.0795914285714286
KDM1A_S8,KDM1A,0.22650852980868,0.138861729534264,0.277937236261132
KDM2A_S10,KDM2A,-0.0976107966264223,0.599543121466603,0.718179032493241
KGP1_T3,KGP1,0.985500430304885,0.0108,0.0596980132450331
KGP1_T4,KGP1,0.495695162624069,0.118705741619353,0.252817400080324
KHDR1_S2,KHDR1,-0.238786859587116,0.10524510213728,0.234148143715459
KHDR1_S3,KHDR1,1.25701061820602,0.00057,0.0110368615384615
KHNYN_S3,KHNYN,0.0426443374084937,0.850387036499074,0.905151600167346
KI13A_S3,KI13A,0.604071323668861,0.00632,0.0421445539280959
KI13B_S1,KI13B,1.21412480535285,0.00624,0.0417779679144385
KI13B_S4,KI13B,0.863938450423972,0.017785524776924,0.0795914285714286
KI13B_S5,KI13B,0.75702324650746,0.032579724001125,0.113612247738344
KI13B_S7,KI13B,0.485426827170242,0.0311,0.111408297567954
KI21A_S3,KI21A,0.263034405833794,0.351763814520321,0.508995429967572
KI26B_S3,KI26B,0.678071905112638,0.0288,0.106051764705882
KIF1B_S1,KIF1B,-0.464668267003444,0.034,0.117428965517241
KIF1B_S3,KIF1B,-0.189033824390017,0.649901799796138,0.759270713455733
KIF1B_S6,KIF1B,0,0.999134060017933,0.999134060017933
KIF1C_S8,KIF1C,-0.411426245726465,0.183657148053087,0.330016145478959
KKCC2_S17,KKCC2,0.111031312388744,0.671501353265822,0.775929574793548
KKCC2_S3,KKCC2,0.0976107966264223,0.644207886197442,0.754848035449031
KLC2_S3,KLC2,1,0.000562,0.010994125
KLC4_S3,KLC4,-0.704871964456353,0.0349,0.119221828103683
KLC4_T2,KLC4,-0.250961573533219,0.643664878382248,0.754558452934995
KMT2A_S3,KMT2A,1.0071955014042,3.63e-05,0.00256042816901408
KMT2A_S5,KMT2A,0.20163386116965,0.256318295620298,0.411819706277335
KMT2D_S3,KMT2D,-0.411426245726465,0.0628,0.171390953678474
KMT2D_S5,KMT2D,0.505890929729957,0.02575514826103,0.0994435215454939
KNG1_S8,KNG1,1.73984810269933,4.54e-05,0.00280695308641975
KPB1_S3,KPB1,-0.27500704749987,0.363570816353182,0.520515336848695
KPB2_S1,KPB2,-0.37851162325373,0.380877551232659,0.537911668520349
KPB2_S3,KPB2,-0.356143810225275,0.179071645586652,0.324806519774702
KPB2_S6,KPB2,-0.400537929583729,0.188580542370596,0.33573101890933
KPBB_S2,KPBB,-0.321928094887362,0.249445701032329,0.403887510756516
KPBB_S3,KPBB,0.0143552929770701,0.991422772625536,0.994799688501039
KPBB_S6,KPBB,-0.565597175854225,0.134573084794895,0.271422476299974
KPCA_S10,KPCA,-0.356143810225275,0.182884843310474,0.328982505495278
KPCA_T6,KPCA,0.389566811762726,0.333270677335993,0.490888103558427
KPCD1_S1,KPCD1,-0.286881147788162,0.239353126118908,0.393009985443768
KPCD1_S2,KPCD1,-0.0143552929770701,0.978875648432325,0.986968203809393
KPCD1_S3,KPCD1,0.748461233004036,0.020595041893512,0.0868181563995859
KPCD2_S1,KPCD2,-0.823749360308273,0.00441,0.0330123766816143
KPCD2_S3,KPCD2,0.286881147788162,0.0268,0.101365838976674
KPCD2_S6,KPCD2,0.432959407276106,0.187629084499987,0.334830035024808
KPCD3_S1,KPCD3,-0.286881147788162,0.239353126118908,0.393009985443768
KPCD_S15,KPCD,-0.687060688339892,0.17407525174191,0.319212325420537
KPCD_S3,KPCD,0.176322772640463,0.367902226461957,0.524467506439363
KPCD_S4,KPCD,0.422233000683048,0.0788,0.194968153051922
KPCD_S6,KPCD,0.263034405833794,0.232988348145689,0.38661552270166
KPCD_T3,KPCD,-0.37851162325373,0.144054486892026,0.283573159873636
KPCZ_T11,KPCZ,-0.831877241191673,0.0167,0.0765174748398902
KPRA_S23,KPRA,-0.773996325111173,0.000631,0.0114675942028985
KPRB_S2,KPRB,0.250961573533219,0.66216867603694,0.768871024714351
KPRB_S23,KPRB,-0.27500704749987,0.0239,0.0944681925808998
KPYR_S3,KPYR,-0.713695814843359,0.123507904926505,0.258289900328404
KRI1_S6,KRI1,-0.070389327891398,0.617232450299181,0.733357084483582
KRI1_S7,KRI1,0,0.99250843231311,0.995490131989596
KRT84_S3,KRT84,0.137503523749935,0.784977308299309,0.857958611951755
KRT84_S8,KRT84,-0.6959938131099,0.00401,0.0308955076923077
KS6A1_S3,KS6A1,-0.400537929583729,0.081,0.197684210526316
KS6A1_S4,KS6A1,0.263034405833794,0.164388458837646,0.306271354858233
KS6A1_S5,KS6A1,-0.250961573533219,0.51561726769846,0.651303577388379
KS6A3_S2,KS6A3,-0.678071905112638,0.0507,0.149620271066588
KS6A3_S3,KS6A3,-0.400537929583729,0.081,0.197684210526316
KS6A3_S4,KS6A3,0.263034405833794,0.164388458837646,0.306271354858233
KS6A4_S2,KS6A4,0,0.99556440956837,0.996758609180007
KS6A4_S3,KS6A4,0.925999418556223,0.036,0.121161290322581
KS6A5_S6,KS6A5,-0.238786859587116,0.639048701879641,0.751160584169978
KS6A6_S3,KS6A6,-0.400537929583729,0.081,0.197684210526316
KS6A6_S4,KS6A6,0.263034405833794,0.164388458837646,0.306271354858233
KS6C1_S5,KS6C1,0.0285691521967709,0.923701471402525,0.953007204116985
KSR1_S4,KSR1,-0.150559676575381,0.299463256796532,0.455978105818496
KSR1_S7,KSR1,-0.238786859587116,0.10861936184359,0.239105830379208
KSYK_S3,KSYK,0.176322772640463,0.522757309403583,0.657120633908922
KTN1_S10,KTN1,-0.214124805352847,0.0665,0.177711846318036
KTN1_S12,KTN1,-0.0565835283663676,0.766482231227927,0.846799694239898
LAD1_S11,LAD1,0.400537929583729,0.211281407635874,0.362114062094612
LAD1_S3,LAD1,1.28095631383106,0.00464,0.0339723976608187
LAD1_S4,LAD1,2.70043971814109,0.000216,0.00647741317365269
LAD1_S7,LAD1,1.09085343045111,0.00846,0.0503179097387173
LAD1_T3,LAD1,0.584962500721156,0.191232279058094,0.339245927567458
LAP2A_S1,LAP2A,0.0285691521967709,0.762813551751855,0.845669625275589
LAP2A_S2,LAP2A,0.565597175854225,0.059,0.16470011148272
LAP2A_S7,LAP2A,0.189033824390017,0.25893102920278,0.414687110408546
LAP2A_T14,LAP2A,1.26303440583379,2.98e-05,0.00231908923076923
LAP2A_T16,LAP2A,0.124328135002202,0.544174490818402,0.674560853964989
LAP2A_T26,LAP2A,0.176322772640463,0.581639897308881,0.703927647588902
LAP2A_T3,LAP2A,0.526068811667588,0.00251,0.0238974904942966
LAP2B_S1,LAP2B,0.0285691521967709,0.762813551751855,0.845669625275589
LAP2B_S11,LAP2B,0.443606651475615,0.0242,0.0952779874213836
LAP2B_S2,LAP2B,0.565597175854225,0.059,0.16470011148272
LAP2B_S6,LAP2B,-0.659924558402378,0.00393,0.0308955076923077
LAP2B_S7,LAP2B,0.189033824390017,0.25893102920278,0.414687110408546
LAP2B_T14,LAP2B,1.26303440583379,2.98e-05,0.00231908923076923
LAP2B_T16,LAP2B,0.124328135002202,0.544174490818402,0.674560853964989
LAP2B_T26,LAP2B,0.176322772640463,0.581639897308881,0.703927647588902
LAP2B_T3,LAP2B,0.526068811667588,0.00251,0.0238974904942966
LAP2B_Y10,LAP2B,0.250961573533219,0.41842967203221,0.570706908756766
LAR1B_S10,LAR1B,-0.238786859587116,0.523582946978913,0.657498344651554
LAR1B_S12,LAR1B,-0.356143810225275,0.257411733431585,0.41317883366198
LAR1B_S5,LAR1B,-0.526068811667588,0.0789,0.194968153051922
LAR1B_S9,LAR1B,-0.475084882948783,0.00882,0.0517219672131148
LAR1B_T7,LAR1B,-0.650764559116902,0.0327,0.113802362751911
LAR4B_S3,LAR4B,0.485426827170242,0.270560696188968,0.425956606889139
LARP1_S1,LARP1,-1.11103131238874,0.0142,0.069109426627794
LARP1_S14,LARP1,-0.422233000683048,0.0254,0.0986071317829457
LARP1_S17,LARP1,-0.176322772640463,0.327334306562235,0.484710291917112
LARP1_S1_S9,LARP1,-0.871843648509318,0.000271,0.00763789944134078
LARP1_S3,LARP1,0.6959938131099,0.0813,0.198030350194553
LARP1_S4,LARP1,-0.823749360308273,0.0408,0.131230828516378
LARP1_S5,LARP1,-0.333423733725192,0.0487,0.14683299217339
LARP1_S7,LARP1,-0.516015147003665,0.208047341476577,0.358629707347039
LARP1_S9,LARP1,-0.16349873228288,0.325400898627637,0.482132455718108
LARP1_T3,LARP1,0.344828496997441,0.0689,0.181797260273973
LARP1_T5,LARP1,-0.20163386116965,0.266065447263505,0.421796695123657
LARP1_T7,LARP1,0.367371065648529,0.32873567918439,0.486066808785186
LARP4_S11,LARP4,-0.594548549550354,0.0207,0.0869677852348993
LARP4_S2,LARP4,-1.4541758931858,0.100625694685672,0.227874389483821
LARP4_S5,LARP4,-0.344828496997441,0.181745614303523,0.327521423689112
LARP4_S8,LARP4,-1.10433665981474,7.95e-05,0.00382823076923077
LARP7_S3,LARP7,0.0565835283663675,0.713170713901845,0.808045007968425
LARP7_S8,LARP7,0.0565835283663675,0.510230220445334,0.646894416200059
LARP7_T4,LARP7,-0.411426245726465,0.0628,0.171390953678474
LASP1_S16,LASP1,0.773996325111173,0.00271,0.0248565567765568
LASP1_S2,LASP1,0.687060688339892,0.220628709545727,0.373532311495944
LAT3_S18,LAT3,-0.765534746362977,0.0448,0.139439651957738
LAT4_S2,LAT4,-0.584962500721156,0.355771649233929,0.512868284215175
LAT4_S3,LAT4,-0.137503523749935,0.60548135653757,0.723860261050406
LATS1_S1,LATS1,0.150559676575381,0.378172298721116,0.53499629152411
LATS1_T3,LATS1,-0.137503523749935,0.574471190329562,0.699154903124619
LAYN_S3,LAYN,1.43829285157915,0.00641,0.0425746419098143
LA_S3,LA,-0.807354922057604,0.000621,0.0113918241758242
LBR_S1,LBR,-0.516015147003665,0.0673,0.178990122145512
LBR_S12,LBR,-0.422233000683048,0.269999906638464,0.425389155757946
LBR_S2,LBR,-0.298658315564515,0.57543461373078,0.699815959786779
LBR_S3,LBR,0.475084882948783,0.0886,0.20969224952741
LBR_S4,LBR,1.47508488294878,0.04,0.12932214331827
LCP2_S14,LCP2,0.0565835283663675,0.738227204868809,0.826708819763639
LCP2_S3,LCP2,0.20163386116965,0.579092619843109,0.70175223373714
LDB1_S3,LDB1,1.13093086982645,0.00135,0.0174637948717949
LDB1_T7,LDB1,1.98913900736823,5e-04,0.0103021714285714
LEMD2_S5,LEMD2,-0.970853654340484,0.028,0.10386962962963
LENG1_S4,LENG1,0.0143552929770701,0.924924545900559,0.953633946701947
LEO1_S3,LEO1,-0.748461233004036,0.0299,0.108349638205499
LEO1_S4,LEO1,-0.16349873228288,0.391087259536553,0.547697146465061
LEPR_S3,LEPR,0.545968369105292,0.019,0.0828128807658834
LEUK_S3,LEUK,0.910732661902913,0.000974,0.0146353194029851
LEUK_T3,LEUK,-0.422233000683048,0.019558102784074,0.08385871467692
LIMA1_S13,LIMA1,-0.0976107966264223,0.450852576653415,0.598358473525837
LIMA1_S2,LIMA1,0.176322772640463,0.502258225876598,0.640353664763239
LIMA1_S3,LIMA1,0.176322772640463,0.462276433561149,0.608271250466168
LIMA1_S4,LIMA1,0.22650852980868,0.150795258088576,0.291264112948787
LIMA1_S5,LIMA1,0.321928094887362,0.00735,0.0463586901763224
LIMC1_S1,LIMC1,-0.36737106564853,0.0526,0.152530862767805
LIMC1_S2,LIMC1,-0.238786859587116,0.295652306178853,0.45196176719893
LIMD1_S1,LIMD1,0.956056652412403,0.00447,0.0331150295857988
LIMD1_S2,LIMD1,-0.214124805352847,0.126123649852161,0.261868672661535
LIMD1_S21,LIMD1,-0.641546029087524,0.019070353983101,0.0830319444444444
LIMD1_S3,LIMD1,0.22650852980868,0.328150775875912,0.485345270403593
LIMD1_S7,LIMD1,0.0565835283663675,0.642357613566876,0.753731707765444
LIME1_S11,LIME1,-1.30451104180995,0.0937,0.217144655252198
LIMK1_S3,LIMK1,0.367371065648529,0.162972512903562,0.304973009280216
LIN52_S5,LIN52,-0.0426443374084937,0.891657038706824,0.933219734837309
LIPA1_S3,LIPA1,1.16349873228288,0.00387,0.0306660759493671
LIPA1_S6,LIPA1,0.111031312388744,0.599581975809553,0.718179032493241
LIPA1_S7,LIPA1,0.641546029087524,0.011,0.0603373493975904
LIPB1_S13,LIPB1,-0.389566811762726,0.255652248421646,0.411013309822024
LIPB1_S3,LIPB1,1.63691458035588,3.26e-05,0.00243672835820896
LIPB1_S4,LIPB1,-0.070389327891398,0.559006214872712,0.685776522620316
LIPB1_S5,LIPB1,1,0.0235,0.0938500797448166
LIPB2_S3,LIPB2,-0.36737106564853,0.114673832729418,0.247644051017217
LIPB2_S4,LIPB2,-0.37851162325373,0.228425892860404,0.382338526552441
LIPB2_S5,LIPB2,0.27500704749987,0.493579160398847,0.633643792688394
LIPB2_T2,LIPB2,-0.0426443374084937,0.872044741829245,0.921156403516269
LIRB3_S3,LIRB3,-0.37851162325373,0.285105955215016,0.440857081865539
LIRB4_S3,LIRB4,-0.0426443374084937,0.798033783165024,0.867872570269368
LIRB5_S3,LIRB5,-1.01435529297707,0.00307,0.0268316928446771
LMCD1_S2,LMCD1,1.58496250072116,0.0326,0.113612247738344
LMCD1_S3,LMCD1,1.39506279951758,0.000394,0.00924373831775701
LMNA_S1,LMNA,0.75702324650746,0.00295,0.0264759856630824
LMNA_S12,LMNA,-0.454175893185802,0.0802,0.196497847358121
LMNA_S19,LMNA,0.250961573533219,0.338363330747913,0.496490934774553
LMNA_S2,LMNA,1.18269229751619,2.62e-05,0.00226223448275862
LMNA_S21,LMNA,0.189033824390017,0.574451673605226,0.699154903124619
LMNA_S2_S3,LMNA,1.0703893278914,0.0251,0.0978978193146418
LMNA_S2_S5,LMNA,0.632268215499513,0.141383796035856,0.28056304893638
LMNA_S2_S6,LMNA,0.941106310946431,0.000737,0.0125115118644068
LMNA_S2_T8,LMNA,0.137503523749935,0.771915771878803,0.851112766527751
LMNA_S3,LMNA,1.09085343045111,0.000666,0.0118694946619217
LMNA_S32,LMNA,-0.475084882948783,0.166098701910791,0.307968270703162
LMNA_S3_S5,LMNA,0.22650852980868,0.335317063466809,0.493032253036342
LMNA_S3_S6,LMNA,0.765534746362977,0.0154,0.0723482176360225
LMNA_S4,LMNA,1.18903382439002,3.01e-05,0.00231908923076923
LMNA_S4_S6,LMNA,1.25096157353322,0.00157,0.0189838139534884
LMNA_S5,LMNA,0.799087306074004,0.0178,0.0795914285714286
LMNA_S6,LMNA,1.41142624572647,0.00298,0.0265441696113074
LMNA_S7,LMNA,0.641546029087524,0.00606,0.0409561133603239
LMNA_T8,LMNA,1.09085343045111,0.0132,0.0665046277665996
LMNB1_S4,LMNB1,0.443606651475615,0.0139,0.0681794319294809
LMNB1_S9,LMNB1,0.0143552929770701,0.960388419466625,0.975979140561862
LMNB2_S3,LMNB2,1.60880924267552,0.00742,0.0465162546816479
LMNB2_S4,LMNB2,0.443606651475615,0.0139,0.0681794319294809
LMNB2_T6,LMNB2,1.57531233068744,9.5e-05,0.00400219159663866
LMO7_S1,LMO7,0.55581615506164,0.254486493648992,0.409868646657808
LMO7_S11,LMO7,-0.55581615506164,0.037930832916124,0.125467378628764
LMO7_S12,LMO7,-0.400537929583729,0.168142817412974,0.31095244815516
LMO7_S16,LMO7,0.124328135002202,0.564764145337511,0.691525388716444
LMO7_S17,LMO7,-0.565597175854225,0.00935,0.0541327167630058
LMO7_S3,LMO7,0.823749360308273,0.000818,0.0130746835443038
LMO7_S4,LMO7,0.333423733725192,0.199399205356758,0.349381570964173
LMO7_S5,LMO7,1.34482849699744,0.00346,0.0288794666666667
LMO7_T3,LMO7,-0.632268215499513,0.112159109537665,0.243262373566317
LMOD1_S2,LMOD1,2.07382023329167,0.0766,0.19213230333726
LMOD1_S3,LMOD1,1.63691458035588,6.73e-06,0.00148891692307692
LPIN2_S4,LPIN2,-0.632268215499513,0.289283724542663,0.444946070494762
LPIN3_S3,LPIN3,0.333423733725192,0.0843,0.2027734870317
LPP60_S3,LPP60,-1.20163386116965,0.0947,0.21905662817552
LPP60_T8,LPP60,-0.948600847493355,0.049628001479831,0.14820335802683
LPP_S2,LPP,0.389566811762726,0.07,0.183513225300575
LPP_S3,LPP,0.807354922057604,0.0962,0.221198163452709
LPP_S6,LPP,-0.27500704749987,0.580177190156189,0.70283680897489
LRC47_S12,LRC47,-0.37851162325373,0.0847,0.202904156712852
LRC47_S21,LRC47,-0.650764559116902,0.0704,0.183722355393434
LRC47_S3,LRC47,0,0.982298808778166,0.988814559670564
LRC8A_S3,LRC8A,0.286881147788162,0.197694108143942,0.347264852186903
LRCH4_S3,LRCH4,0.189033824390017,0.278095515564364,0.433489610746138
LRP1_S2,LRP1,0.933572638261024,0.00142,0.0179579797979798
LRP1_T2,LRP1,0.20163386116965,0.477834186653818,0.620267912587434
LRRF1_S3,LRRF1,-0.150559676575381,0.153652440161186,0.293865731006813
LRRF2_S10,LRRF2,0.6959938131099,0.274385970420683,0.429898855819573
LRRF2_S13,LRRF2,0.111031312388744,0.803586917480093,0.871362677743716
LRRF2_S14,LRRF2,0.879705766282288,0.0323,0.11288094905792
LRRF2_S3,LRRF2,-0.443606651475615,0.0641,0.173708225108225
LRRF2_S4,LRRF2,0.55581615506164,0.502184015219496,0.640353664763239
LRRK2_S4,LRRK2,-0.0143552929770701,0.9656001555422,0.978867584631968
LRWD1_S3,LRWD1,0.189033824390017,0.536976760791495,0.668529572951391
LRWD1_S4,LRWD1,0.432959407276106,0.14313974213056,0.282667124838267
LS14A_S1,LS14A,0.389566811762726,0.000577,0.0110713256704981
LS14A_S2,LS14A,0.526068811667588,0.118079607084067,0.252279297046505
LSM12_T15,LSM12,-0.0426443374084937,0.766167667305381,0.846799694239898
LSP1_S1,LSP1,0.400537929583729,0.490623770716864,0.631889570701747
LSP1_S14,LSP1,-0.070389327891398,0.856034387073487,0.908844649239776
LSP1_S15,LSP1,0.31034012061215,0.165110322193596,0.306817251779417
LSP1_S3,LSP1,0.604071323668861,0.000244,0.00718795294117647
LSP1_S8,LSP1,1.0071955014042,0.00476,0.0346483720930233
LSR_S1,LSR,-0.432959407276106,0.10176591716821,0.229569240170448
LSR_S16,LSR,-0.150559676575381,0.740311374767049,0.828328373019035
LSR_S7,LSR,-0.389566811762726,0.10699970371249,0.237313780421678
LSR_T9,LSR,-0.641546029087524,0.0292,0.106506627822287
LST1_S7,LST1,-0.584962500721156,0.227966633432941,0.381825050244872
LT4R1_S3,LT4R1,-0.454175893185802,0.420162975098285,0.571631670549365
LT4R1_S4,LT4R1,-0.0840642647884746,0.838658291017213,0.896478275648709
LTBP1_S10,LTBP1,0.669026765509631,0.280262577352089,0.435345839757835
LTBP1_S11,LTBP1,0.176322772640463,0.206073805299875,0.356852564641001
LTBP2_S1,LTBP2,3.60407132366886,0.0812,0.197979357351509
LTBP2_S3,LTBP2,0.659924558402378,0.121955871218365,0.256381151710129
LTBP4_Y3_T10,LTBP4,0.565597175854225,0.23030713388744,0.383896972603235
LUZP1_S7,LUZP1,0.641546029087524,0.0934,0.21664993052339
LYAR_S3,LYAR,1.06350294230616,0.0583,0.163383547845551
LYN_Y7,LYN,0.516015147003665,0.225779467849557,0.379049136771901
LYRIC_S12,LYRIC,-0.604071323668861,0.00122,0.0166478474114441
LYRIC_S2,LYRIC,0.0285691521967709,0.952731663923068,0.970865258311426
LYRIC_S6,LYRIC,1.44890095114513,0.109875658362159,0.240497070401089
LYRIC_S7,LYRIC,0.422233000683048,0.0723,0.186577595066804
LYRIC_T12,LYRIC,0.321928094887362,0.468446374175787,0.613434413979713
LYSM3_S2,LYSM3,-0.389566811762726,0.431729027299281,0.581037007935101
LYSM3_S3,LYSM3,-0.37851162325373,0.0323,0.11288094905792
LYST_S1,LYST,-0.53605290024021,0.324863879071636,0.48162176032882
LYST_S3,LYST,-0.137503523749935,0.249188052534567,0.403600830237099
LYST_T2,LYST,0.356143810225275,0.0873,0.207399620493359
LZTS1_S4,LZTS1,0.464668267003444,0.0352,0.119837933378654
LZTS3_T8,LZTS3,0.887525270741587,0.00655,0.0431043363994744
M1IP1_T1,M1IP1,-0.321928094887362,0.303304693136795,0.459035933281677
M21D2_S3,M21D2,0.495695162624069,0.140893640338808,0.280220552349782
M3K11_S18,M3K11,-0.27500704749987,0.248279293064414,0.40291079055949
M3K1_S2,M3K1,0.516015147003665,0.0111,0.0604226086956522
M3K1_S3,M3K1,0.411426245726465,0.268858371451376,0.424343751726597
M3K1_S4,M3K1,0.31034012061215,0.0538,0.155023245109321
M3K2_S3,M3K2,0.505890929729957,0.0101,0.0568962879640045
M3K2_S4,M3K2,0.53605290024021,0.0552,0.157426879271071
M3K3_S1,M3K3,0.137503523749935,0.543463103478639,0.674012685047307
M3K3_S3,M3K3,-0.263034405833794,0.0754,0.190768920282543
M3K3_S6,M3K3,-0.0426443374084937,0.750589726761223,0.837929859924254
M3K4_S3,M3K4,0.782408564927373,0.0613,0.169327302813017
M3K7_S1,M3K7,-0.454175893185802,0.0131,0.0661338709677419
M3K7_S4,M3K7,0.124328135002202,0.567940993631233,0.694057710128164
M3KL4_S5,M3KL4,0.0143552929770701,0.925707658119494,0.953897932481981
M4K2_S3,M4K2,0.344828496997441,0.310733412404261,0.46731319198815
M4K3_S3,M4K3,0.111031312388744,0.723988742666592,0.816179200578066
M4K4_S3,M4K4,1.41142624572647,0.000164,0.00547541333333333
M4K5_T1,M4K5,1.33913738491959,0.00999,0.0565875706214689
MA7D1_S2,MA7D1,1.20163386116965,0.0295,0.107366279069767
MA7D1_S3,MA7D1,0,0.997318270378959,0.997916063548017
MA7D1_S3_S6,MA7D1,0.20163386116965,0.218344686776454,0.371171144391202
MA7D3_S3,MA7D3,0.632268215499513,0.0719,0.18627790998448
MACF1_S3,MACF1,-0.124328135002202,0.401256273666023,0.557572535660223
MACOI_S3,MACOI,-1.64154602908752,0.102682439400903,0.230652131862816
MADD_T2,MADD,0.0426443374084937,0.881398431098319,0.927320030029492
MAGI3_S17,MAGI3,-0.137503523749935,0.475029561325082,0.617908582627535
MAGI3_S3,MAGI3,-0.400537929583729,0.194708092816385,0.34346535006145
MAP1A_S16,MAP1A,0.475084882948783,0.0826,0.199932721121315
MAP1A_S3,MAP1A,0.286881147788162,0.245254491985274,0.399667978868709
MAP1A_S8,MAP1A,1.13093086982645,0.00524,0.0368049368863955
MAP1A_T7,MAP1A,0.344828496997441,0.125139830218007,0.260582232736706
MAP1B_S10,MAP1B,0.422233000683048,0.0779,0.193801887729757
MAP1B_S11,MAP1B,1.64154602908752,0.0373,0.12411853820598
MAP1B_S15,MAP1B,-0.238786859587116,0.262335153901032,0.418164123011198
MAP1B_S3,MAP1B,1.31034012061215,0.0037,0.0302277324632953
MAP1B_S4,MAP1B,2.06695024392463,6.97e-06,0.00148891692307692
MAP1B_S5,MAP1B,0.722466024471091,0.127641095222275,0.2637073452447
MAP1B_S6,MAP1B,0.443606651475615,0.207904235537605,0.358629707347039
MAP1B_S7,MAP1B,-0.344828496997441,0.0816,0.198425606207565
MAP1B_S8,MAP1B,-0.0143552929770701,0.946098124946036,0.967543273377527
MAP1B_S9,MAP1B,-0.028569152196771,0.810042171981768,0.875230031776633
MAP1B_T4,MAP1B,1.75274859140713,0.000834,0.0130930156739812
MAP1S_S10,MAP1S,0.31034012061215,0.0279,0.103652225519288
MAP1S_S11,MAP1S,0.422233000683048,0.0255,0.0988421052631579
MAP1S_S3,MAP1S,0.722466024471091,0.0123,0.0637664596273292
MAP1S_S5,MAP1S,0.0840642647884745,0.5473928064451,0.676737613186196
MAP1S_S9,MAP1S,0.713695814843359,0.00303,0.0267093333333333
MAP1S_T16_S18,MAP1S,-0.176322772640463,0.187330003216358,0.334575126999829
MAP1S_T1_S3,MAP1S,-0.028569152196771,0.940180294859445,0.962474022210977
MAP4_S1,MAP4,0.748461233004036,0.250527004856412,0.404722335587391
MAP4_S13,MAP4,-1.05658352836637,0.00323,0.0277935395189003
MAP4_S14,MAP4,0.344828496997441,0.16429643346922,0.306271354858233
MAP4_S15,MAP4,0.150559676575381,0.337544727674708,0.495580180649351
MAP4_S2,MAP4,0.432959407276106,0.301199065961699,0.457647124495203
MAP4_S3,MAP4,2.26002565596146,8.35e-05,0.00388234862385321
MAP4_S4,MAP4,-0.321928094887362,0.037728887855565,0.1252
MAP4_S5,MAP4,2.45154083301783,0.000119,0.00448084210526316
MAP4_S6,MAP4,2.55581615506164,0.000191,0.00604739622641509
MAP4_T3,MAP4,0.464668267003444,0.111745143650695,0.242785110369927
MAP4_T33,MAP4,0.298658315564515,0.421007457298392,0.572469548235229
MAP4_T4,MAP4,1.68706068833989,0.10165080146204,0.229412894872418
MAP7_S2,MAP7,1.08406426478847,0.00736,0.0463633710691824
MARCS_S1,MARCS,0.20163386116965,0.699240946084572,0.797131495103924
MARCS_S10,MARCS,2.14730669878029,1.92e-05,0.00204582127659574
MARCS_S13,MARCS,-0.27500704749987,0.333173820640027,0.490888103558427
MARCS_S14,MARCS,0.250961573533219,0.518765063338911,0.653743190035548
MARCS_S5,MARCS,1.29865831556452,0.0113,0.0609153928955866
MARCS_S6,MARCS,0.55581615506164,0.0833,0.201238012542209
MARCS_S8,MARCS,0.565597175854225,0.000526,0.0104730793650794
MARCS_T13,MARCS,1.40599235967584,0.000357,0.00867891262135922
MARCS_T15,MARCS,-0.978195629681652,0.154796531036403,0.294872965930128
MARE1_S3,MARE1,0.526068811667588,0.208721702359387,0.359202159936705
MARE1_S5,MARE1,0.678071905112638,0.0418,0.133589278876835
MARE2_S6,MARE2,-0.150559676575381,0.773061947078488,0.852001371251995
MARE3_T10,MARE3,0.214124805352847,0.268078055711411,0.423913767920034
MARE3_T11,MARE3,-0.286881147788162,0.0891,0.21031713747646
MARF1_S3,MARF1,-0.214124805352847,0.587752677551468,0.709268773295844
MARK2_S4,MARK2,0.55581615506164,0.00317,0.0275136221837088
MARK2_T2,MARK2,-0.443606651475615,0.480049217410761,0.622427397134246
MARK3_S1,MARK3,-0.970853654340484,0.232901319616335,0.38661552270166
MARK3_S3,MARK3,0.298658315564515,0.152247329526942,0.292643896768162
MARK3_S5,MARK3,0.594548549550354,0.029,0.106319180087848
MARK3_T3,MARK3,0.238786859587116,0.185774435236125,0.332508352988747
MAST2_S3,MAST2,-0.189033824390017,0.22891053228529,0.382765925103416
MAST2_S7,MAST2,0.176322772640463,0.0948,0.219186703601108
MAST3_S3,MAST3,-0.687060688339892,0.186046522837374,0.332757495131989
MAST3_S4,MAST3,-0.321928094887362,0.0269,0.101365838976674
MAST4_S1,MAST4,0.124328135002202,0.465382136836069,0.611393951016535
MAST4_S3,MAST4,0.389566811762726,0.0386,0.126843044619423
MAST4_S4,MAST4,0.238786859587116,0.304640276088608,0.460778768544775
MAST4_S5,MAST4,0.137503523749935,0.549106362969563,0.677655166523305
MAT2B_S24,MAT2B,-0.641546029087524,0.0501,0.148902551928783
MATR3_S1,MATR3,-0.0565835283663676,0.878486516130386,0.925337212689846
MATR3_S10,MATR3,-0.111031312388744,0.630265945290853,0.744251792977268
MATR3_S3,MATR3,0.7311832415722,0.0153,0.0720812793979304
MAVS_S18,MAVS,-0.0143552929770701,0.958922086308347,0.974884654533537
MAVS_S2,MAVS,-1.03562390973072,0.315251102975684,0.472546400389771
MAVS_S4,MAVS,-0.344828496997441,0.204442329891498,0.355132566110518
MB12B_S3,MB12B,-0.963474123974886,0.00563,0.0387294505494505
MBB1A_S13,MBB1A,-0.505890929729957,0.245010479018946,0.39954295943219
MBB1A_S14,MBB1A,0.464668267003444,0.0963,0.22122495412844
MBB1A_S3,MBB1A,-0.678071905112638,0.204780370789251,0.355596427500891
MBB1A_S7,MBB1A,-0.028569152196771,0.941162442082544,0.963282548528383
MBD1_S16,MBD1,0.150559676575381,0.544608914369778,0.674598427693259
MBP_S3,MBP,-0.475084882948783,0.0266,0.101071927162367
MCAF1_S1,MCAF1,0.263034405833794,0.0597,0.166283426028921
MCAF1_S3,MCAF1,0.16349873228288,0.413209190598301,0.566736507323712
MCEE_S1,MCEE,-1.32768736417605,0.000424,0.00943985840707965
MCEE_S2,MCEE,-0.6959938131099,0.035,0.119400544959128
MCF2L_S5,MCF2L,0.356143810225275,0.260032009678474,0.416051215485558
MCF2L_S7,MCF2L,-0.286881147788162,0.152824300945692,0.293460160711666
MCL1_S14,MCL1,-0.286881147788162,0.320473069005163,0.477799681327138
MCL1_S26,MCL1,-0.137503523749935,0.736096682009537,0.825430403829772
MCLN1_S3,MCLN1,-0.356143810225275,0.0171,0.0776398912058024
MCM2_S6,MCM2,-0.150559676575381,0.517509089660701,0.652817511592139
MCMBP_S2,MCMBP,0.150559676575381,0.532818595651904,0.665591301328195
MCMBP_S3,MCMBP,-0.27500704749987,0.109268560880061,0.23979708715484
MCRI1_S1,MCRI1,-0.704871964456353,0.0174,0.0785037837837838
MCRI2_S8,MCRI2,-0.20163386116965,0.683007979814035,0.784699234436496
MDHC_S10,MDHC,-0.669026765509631,0.0554,0.15790734206033
MDHC_S3,MDHC,-0.028569152196771,0.910179731504753,0.944412704335405
MECP2_S19,MECP2,0.678071905112638,0.0263,0.100534768738628
MECP2_S3,MECP2,1.89917563048051,0.000103,0.00422806557377049
MED1_T3,MED1,-0.333423733725192,0.029,0.106319180087848
MEF2A_S5,MEF2A,0.16349873228288,0.454287117167554,0.601552057846407
MEF2C_S2,MEF2C,0.545968369105292,0.000513,0.0103996774193548
MEF2D_S2,MEF2D,0.485426827170242,0.00734,0.0463586901763224
MEN1_T14,MEN1,-0.389566811762726,0.0701,0.183513225300575
MEP50_T3,MEP50,-0.27500704749987,0.128358186732725,0.264424430199676
MEPCE_S16,MEPCE,-0.176322772640463,0.537901847951551,0.669270175041334
MEPCE_S3,MEPCE,0.27500704749987,0.182978632930813,0.32903303185548
MEPCE_S4,MEPCE,0.0840642647884745,0.503277779002925,0.641327001843931
MEPCE_S7_S16,MEPCE,-0.895302621333307,0.352841502550245,0.510259960950513
MEPCE_S9,MEPCE,0.0976107966264223,0.414515805200727,0.567184467881213
MET22_S3,MET22,-0.0143552929770701,0.936079017164721,0.959648662837446
MFF_S1,MFF,0.400537929583729,0.122983589454445,0.257699504597431
MFR1L_S2,MFR1L,-0.31034012061215,0.188264973335151,0.335646488594673
MFR1L_S3,MFR1L,-0.485426827170242,0.217514913165686,0.370235459777722
MFR1L_S3_S10,MFR1L,-0.263034405833794,0.0963,0.22122495412844
MGMT_T5,MGMT,0.111031312388744,0.907332450880155,0.941940487978403
MIA2_S3,MIA2,-0.765534746362977,0.00162,0.0189838139534884
MIA2_S4,MIA2,-0.070389327891398,0.845479328642361,0.901652571942279
MIA2_S5,MIA2,-0.0426443374084937,0.89654646587104,0.935950438182015
MIA2_S8,MIA2,0.0840642647884745,0.685125644863622,0.785535572152497
MIA2_S9,MIA2,0.687060688339892,0.00615,0.0414084295302013
MIA3_S13,MIA3,-0.250961573533219,0.586965021874647,0.708659794973055
MIA3_S16,MIA3,-0.422233000683048,0.0794,0.195302161100196
MIA3_S21,MIA3,-0.238786859587116,0.304287178387041,0.460383743009759
MIA3_S8,MIA3,-1.19534759832222,0.0072,0.0457583756345178
MIC19_S2,MIC19,-0.863938450423972,0.000941,0.0143237933130699
MIC19_Y1,MIC19,-1,0.0292,0.106506627822287
MIC19_Y4,MIC19,-0.298658315564515,0.181257257337325,0.327051376406763
MIC25_S3,MIC25,-0.20163386116965,0.212606760336261,0.364011848124443
MICA3_S3,MICA3,0.367371065648529,0.263601152990734,0.41921707658863
MICA3_S4,MICA3,0.839959587489532,0.0291,0.106374306569343
MID51_S1,MID51,-0.344828496997441,0.27570415078876,0.431611874695252
MIEAP_S3,MIEAP,0.910732661902913,0.174361939731333,0.319387196113576
MILK1_S10,MILK1,0.16349873228288,0.620753084960315,0.735794425912724
MILK1_S13,MILK1,0.137503523749935,0.173935260404972,0.319072448391245
MILK1_S3,MILK1,-0.356143810225275,0.0467,0.143217146356399
MILK2_S21,MILK2,0.37851162325373,0.0433,0.136725346784363
MILK2_S3,MILK2,1.76977173924945,0.0192,0.0832498701298701
MILK2_S6,MILK2,1.52105073690096,8.45e-05,0.00388234862385321
MINK1_S20,MINK1,0.286881147788162,0.0552,0.157426879271071
MINK1_S3,MINK1,2.01077983875324,5.4e-05,0.00303856179775281
MINK1_S9,MINK1,0.773996325111173,0.0246,0.0963227521501173
MINT_S6,MINT,0.344828496997441,0.305604536185575,0.46181880422974
MISP3_S3,MISP3,-0.475084882948783,0.0751,0.190430784810127
MK01_Y15,MK01,-0.659924558402378,0.128621787533229,0.264424430199676
MK03_Y15,MK03,-0.0565835283663676,0.851060081888445,0.905471032601177
MK14_Y9,MK14,1.16992500144231,0.000935,0.0142758536585366
MKL1_T7,MKL1,0.0143552929770701,0.964064490987458,0.977909305772258
ML12A_S3,ML12A,0.176322772640463,0.620168958634711,0.735450188217531
ML12A_T2,ML12A,-0.475084882948783,0.0745,0.189774160732452
ML12B_S3,ML12B,0.176322772640463,0.620168958634711,0.735450188217531
ML12B_T2,ML12B,-0.475084882948783,0.0745,0.189774160732452
MLF2_S4,MLF2,0.411426245726465,0.201739338514914,0.351779459360268
MLF2_S9,MLF2,-0.0840642647884746,0.558751854511672,0.685672454642111
MLIP_S9,MLIP,-0.189033824390017,0.0645,0.17393376344086
MLTK_S11,MLTK,-1.06350294230616,0.131132303525991,0.267608221702593
MLTK_S2,MLTK,-0.823749360308273,0.00212,0.021935867768595
MLTK_S3,MLTK,-0.84799690655495,0.0022,0.0223934959349594
MLTK_S4,MLTK,0.910732661902913,0.00227,0.0226909381237525
MLXPL_S3,MLXPL,-0.389566811762726,0.0196,0.0838947008547009
MLXPL_S5,MLXPL,-0.495695162624069,0.0204,0.086213670886076
MMAB_S1,MMAB,-1.40599235967584,0.0183,0.0807457268722467
MOES_T3,MOES,1,0.0244,0.0958393725490196
MON1A_S1,MON1A,-0.475084882948783,0.0258,0.0994435215454939
MORC2_S1,MORC2,-0.622930350920177,0.0409,0.131468035943517
MORC3_S3,MORC3,0.722466024471091,0.041279962090264,0.13249865470852
MOT1_S3,MOT1,-1.37851162325373,0.00201,0.0216474838709677
MOT1_S8,MOT1,-0.925999418556223,0.0438,0.137523761755486
MOT1_T7,MOT1,-0.918386234446348,0.0128,0.065410612244898
MOT8_T7,MOT8,-0.0143552929770701,0.957614485695923,0.97375296332288
MP2K1_S17,MP2K1,-0.333423733725192,0.17429619705091,0.319383591229769
MP2K2_S17,MP2K2,-0.333423733725192,0.17429619705091,0.319383591229769
MP2K2_S19,MP2K2,0.584962500721156,0.0551,0.157426879271071
MP2K3_S13,MP2K3,-0.505890929729957,0.383757840869839,0.540151564664461
MP2K4_T1,MP2K4,-0.475084882948783,0.109701454090343,0.240355084529288
MP2K6_S13,MP2K6,-0.505890929729957,0.383757840869839,0.540151564664461
MPPB_S1,MPPB,-0.823749360308273,0.0121,0.0630559833506764
MPRIP_S1,MPRIP,1.57046293102604,0.000119,0.00448084210526316
MPRIP_S14,MPRIP,0.0840642647884745,0.578136210277863,0.701722283342593
MPRIP_S17,MPRIP,0.150559676575381,0.702912483521953,0.799941775612538
MPRIP_S20,MPRIP,0.0565835283663675,0.665464722943552,0.770425404952462
MPRIP_S3,MPRIP,1.36176835941915,0.00101,0.0149205899705015
MPRIP_S6,MPRIP,0.594548549550354,0.041,0.131704939063502
MPRIP_T12,MPRIP,0.321928094887362,0.110997971586812,0.241846554697244
MPRIP_T3,MPRIP,0.298658315564515,0.0676,0.179354984046184
MPZL1_S4,MPZL1,1.19534759832222,0.0143,0.0693937984496124
MRC2_S3,MRC2,2.4594316186373,1.73e-05,0.00192699130434783
MRCKA_S1,MRCKA,0.124328135002202,0.504148844152438,0.64194696453481
MRCKA_S3,MRCKA,0.765534746362977,0.029061394021519,0.106374306569343
MRCKB_S15,MRCKB,0.16349873228288,0.706140824111223,0.802257996177179
MRCKB_S5,MRCKB,-0.464668267003444,0.217612660746535,0.370235459777722
MRCKB_S9,MRCKB,-0.27500704749987,0.327489195446808,0.4847963023345
MRP2_S3,MRP2,-0.6959938131099,0.026318107391442,0.100534768738628
MRP2_S4,MRP2,-2.16349873228288,0.000979,0.0146353194029851
MRP2_S5,MRP2,-0.879705766282288,0.0705,0.1838875
MRP3_S3,MRP3,-0.37851162325373,0.103078290134863,0.231097150054221
MRP3_S6,MRP3,0.765534746362977,0.118545350307558,0.252817400080324
MRP_S10,MRP,-1.0071955014042,0.289712013518503,0.445464465367106
MRP_T4,MRP,1.27500704749987,0.000253,0.00735278612716763
MRVI1_S3,MRVI1,1.0703893278914,0.000663,0.0118582285714286
MS3L1_S3,MS3L1,0.31034012061215,0.0599,0.166655111111111
MSH6_S3,MSH6,0.855989697308481,0.0455,0.140917748917749
MT1E_S4,MT1E,-0.214124805352847,0.626753104282915,0.740977229992644
MT1E_S4_T7,MT1E,-0.6959938131099,0.185981948426456,0.332757495131989
MT1E_T7_S10,MT1E,-0.799087306074004,0.110660917352896,0.241371896386456
MT1F_S3_S9,MT1F,-2.10097764772482,0.00158,0.0189838139534884
MT1G_S4,MT1G,-0.214124805352847,0.626753104282915,0.740977229992644
MT1M_S4,MT1M,-0.214124805352847,0.626753104282915,0.740977229992644
MT1X_S4,MT1X,-0.214124805352847,0.626753104282915,0.740977229992644
MT2_S3,MT2,-1.43295940727611,0.017,0.0772558983666062
MT2_S4,MT2,-0.214124805352847,0.626753104282915,0.740977229992644
MTA1_S4,MTA1,0.432959407276106,0.00384,0.0305249523809524
MTA70_S3,MTA70,1.0703893278914,0.00692,0.0447165935483871
MTAP2_S3,MTAP2,0.53605290024021,0.206203542708706,0.356953799476391
MTAP2_T15,MTAP2,0.263034405833794,0.277821697688054,0.433301483033876
MTAP2_T4,MTAP2,0.594548549550354,0.0707,0.18402577962578
MTAP2_T6,MTAP2,0.37851162325373,0.0772,0.192826733167082
MTAP2_T7,MTAP2,0.485426827170242,0.237175285679242,0.391257227249541
MTAP2_T9,MTAP2,0.765534746362977,0.00866,0.0511430188679245
MTCL1_S4,MTCL1,0.238786859587116,0.108076668213822,0.238645482546217
MTG8_S3,MTG8,-0.070389327891398,0.820146032015529,0.882908712023596
MTMR1_S3,MTMR1,-0.028569152196771,0.951344004726148,0.970865258311426
MTMR3_S1,MTMR3,-0.263034405833794,0.0772,0.192826733167082
MTMR3_S3,MTMR3,0.137503523749935,0.272662226407865,0.428591472018389
MTMR5_T4,MTMR5,0.0285691521967709,0.880428009956504,0.926688414010545
MTMRA_S3,MTMRA,-0.565597175854225,0.017586152527247,0.0789878491986125
MTMRC_S3,MTMRC,0.565597175854225,0.0217,0.0892229885057471
MTMRE_S5,MTMRE,-0.526068811667588,0.0755,0.190768920282543
MTOR_S4,MTOR,-0.575312330687437,0.109714800965246,0.240355084529288
MTOR_S5,MTOR,0,0.975881602328759,0.984531640705565
MTP_T10,MTP,-0.111031312388744,0.733868481632425,0.823858948461534
MTSS1_S3,MTSS1,0.400537929583729,0.128774355030525,0.264629450140693
MTSSL_S2,MTSSL,0.389566811762726,0.155240695501985,0.295606617138381
MTSSL_S3,MTSSL,-1.18269229751619,0.011,0.0603373493975904
MTSSL_S5,MTSSL,-0.0840642647884746,0.738577689035921,0.826916402122042
MTSSL_S8,MTSSL,-0.790772037862,0.00757,0.0470938633540373
MTSSL_Y8,MTSSL,-0.422233000683048,0.0614,0.169416639118457
MTUS1_S2,MTUS1,-0.263034405833794,0.574624916385969,0.699154903124619
MTUS1_S3,MTUS1,-0.594548549550354,0.0132,0.0665046277665996
MTX3_S15,MTX3,-0.263034405833794,0.38806448371189,0.544529821919066
MVD1_S2,MVD1,-0.887525270741588,0.00155,0.0188407766990291
MVD1_S3,MVD1,-1.20789285164133,0.00478,0.0347434542815675
MVP_S12,MVP,-0.238786859587116,0.0419,0.133738177182919
MVP_S5,MVP,0.622930350920177,0.215308672670854,0.367559448865894
MXRA7_S31,MXRA7,0.641546029087524,0.0698,0.183398950682057
MY15B_T6,MY15B,-0.238786859587116,0.464335377576996,0.610338994988345
MY18A_S10,MY18A,0.505890929729957,0.0496,0.14820335802683
MY18A_S2,MY18A,-0.855989697308481,0.00442,0.0330378507462687
MY18A_S3,MY18A,-0.298658315564515,0.0546,0.156697306590258
MY18A_S5,MY18A,0.0426443374084937,0.905852542880344,0.941278689106545
MY18A_S7,MY18A,-0.189033824390017,0.137023281096384,0.275145385617759
MY18A_S9,MY18A,0.516015147003665,0.247619513101484,0.402231113075651
MYCB2_S3,MYCB2,0.400537929583729,0.0124,0.0639538619979403
MYCB2_S4,MYCB2,0.22650852980868,0.148539674152177,0.289450073211713
MYCPP_S1,MYCPP,-0.0143552929770701,0.929025660947133,0.955902608103399
MYCPP_S3,MYCPP,-0.344828496997441,0.0757,0.191081451612903
MYCPP_T5,MYCPP,-0.485426827170242,0.0298,0.108143768115942
MYCT1_S1,MYCT1,-1.06350294230616,0.175175480033824,0.320107148756406
MYCT1_S2,MYCT1,-0.411426245726465,0.028984098264055,0.106319180087848
MYCT1_S3,MYCT1,0.27500704749987,0.0898,0.211234570220761
MYCT1_T5,MYCT1,0.0285691521967709,0.841104498853171,0.898709479465902
MYCT_S3,MYCT,-0.0143552929770701,0.971724602477077,0.982358468136281
MYEF2_S11,MYEF2,1.08406426478847,0.00502,0.0357612517780939
MYH10_S12,MYH10,-0.263034405833794,0.714421901643296,0.808547996255283
MYH10_S6,MYH10,-0.485426827170242,0.028852575139866,0.106167300735084
MYH11_S8,MYH11,2.02856915219677,0.00579,0.0395584174624829
MYH14_S7,MYH14,0.0840642647884745,0.551719052014507,0.680041597954381
MYH14_S7_S27,MYH14,-0.250961573533219,0.297390061334047,0.453787150262312
MYH9_S2,MYH9,0.250961573533219,0.48016966448012,0.622427397134246
MYH9_S6,MYH9,0.613531652917927,0.00299,0.0265441696113074
MYH9_S7,MYH9,0.604071323668861,0.00583,0.0397233197278912
MYL6_S7,MYL6,0.443606651475615,0.00511,0.0360943300423131
MYL9_S3,MYL9,0.176322772640463,0.620168958634711,0.735450188217531
MYL9_T2,MYL9,-0.475084882948783,0.0745,0.189774160732452
MYLK_S2,MYLK,0.575312330687437,0.0333,0.1154891966759
MYLK_S3,MYLK,1.15055967657538,0.0289,0.106263729809104
MYLK_S33,MYLK,1.1243281350022,0.00276,0.0251768306010929
MYLK_S4,MYLK,0.6959938131099,0.000729,0.0124601774744027
MYLK_S8,MYLK,0.613531652917927,0.227657118853145,0.381474424539437
MYLK_S9,MYLK,0.0426443374084937,0.896373145321196,0.935950438182015
MYLK_T4,MYLK,0.333423733725192,0.0354,0.12020554428668
MYLK_T7,MYLK,0.650764559116902,0.550327427657509,0.678660368802956
MYLK_T8,MYLK,1.70929063572336,0.0111,0.0604226086956522
MYO1E_S12,MYO1E,0.27500704749987,0.216768852510447,0.369495715919782
MYO1E_S3,MYO1E,0.111031312388744,0.777694674700899,0.855973301891231
MYO1F_S1,MYO1F,0.111031312388744,0.509531804171333,0.646365117799105
MYO9B_S15,MYO9B,0.189033824390017,0.0748,0.190248044692737
MYO9B_S2,MYO9B,-0.070389327891398,0.634809950348056,0.747854206385101
MYO9B_S3,MYO9B,0.575312330687437,0.013,0.0658281092012133
MYO9B_S7,MYO9B,0.27500704749987,0.102433296216232,0.2305554820004
MYO9B_T2,MYO9B,0.124328135002202,0.809937015316479,0.875230031776633
MYO9B_T7,MYO9B,1.11103131238874,0.000144,0.00507853521126761
MYOF_S5,MYOF,0.941106310946431,0.0011,0.01565
MYOF_S7,MYOF,0.27500704749987,0.385105270795058,0.541439414975197
MYOF_T5,MYOF,0.782408564927373,0.0328,0.114071111111111
MYPT1_S1,MYPT1,0.823749360308273,0.000324,0.00837234871794872
MYPT1_S3,MYPT1,2.49569516262407,0.000283,0.00778716483516484
MYPT1_S4,MYPT1,1.40599235967584,4.09e-05,0.00262598974358974
MYPT1_T1,MYPT1,0.632268215499513,0.102948592115927,0.231092133266052
MYPT1_T2,MYPT1,0.344828496997441,0.355567561857599,0.512868284215175
MYPT1_T3,MYPT1,-0.0565835283663676,0.873363327918186,0.9219653343622
MYPT1_Y4,MYPT1,1.33342373372519,0.00617,0.0414200536193029
MYPT2_S3,MYPT2,2.05658352836637,0.00212,0.021935867768595
N4BP1_S4,N4BP1,0.0285691521967709,0.861774255033133,0.91338951729226
N4BP1_T5,N4BP1,1.35614381022528,0.00831,0.0500198076923077
NAB2_S3,NAB2,0.545968369105292,0.27246387513113,0.428548708120823
NADK_S1,NADK,-0.028569152196771,0.952438064957757,0.970865258311426
NADK_S3,NADK,-0.0565835283663676,0.686607677525154,0.786265499245119
NAGK_S7,NAGK,-0.20163386116965,0.152188095372223,0.292643896768162
NAKD2_S14,NAKD2,-1.34482849699744,3.72e-06,0.00117131555555556
NAV1_S3,NAV1,0.432959407276106,0.0179,0.0796828444444444
NAV2_S3,NAV2,0.111031312388744,0.51929474983004,0.654081515882505
NB5R3_S3,NB5R3,-1.26903314645524,0.00337,0.0282696147403685
NBEL1_S3,NBEL1,0.176322772640463,0.528687794368109,0.662082639208674
NBEL2_S3,NBEL2,-0.20163386116965,0.319112937572016,0.476481094621543
NBEL2_T9,NBEL2,0.575312330687437,0.0169,0.0769410909090909
NBN_S13,NBN,0.0976107966264223,0.622407991897994,0.737058222611765
NBN_S7,NBN,0,0.995539591219445,0.996758609180007
NCBP3_S4,NCBP3,0.321928094887362,0.127232297863286,0.263208316135546
NCF1B_S8,NCF1B,0.16349873228288,0.430273496845118,0.579981857429299
NCF1C_S8,NCF1C,0.16349873228288,0.430273496845118,0.579981857429299
NCF1_S8,NCF1,0.16349873228288,0.430273496845118,0.579981857429299
NCF2_T28,NCF2,0.070389327891398,0.759364698591355,0.843277170499
NCF4_S3,NCF4,0.678071905112638,0.222993782687848,0.376057269066021
NCK1_S4,NCK1,0.333423733725192,0.054,0.155497476719344
NCK1_S7,NCK1,0.925999418556223,0.0611,0.168961236885699
NCK2_S3,NCK2,0.985500430304885,0.0145,0.07016038647343
NCK5L_S3,NCK5L,0.31034012061215,0.138551652951889,0.277546671193224
NCOA1_S6,NCOA1,-0.124328135002202,0.400268637193487,0.556571237374455
NCOA2_S3,NCOA2,0.286881147788162,0.15042811488909,0.291264112948787
NCOA2_S7,NCOA2,0.0426443374084937,0.710586351875553,0.80584611643858
NCOA3_S3,NCOA3,-0.028569152196771,0.817105851499234,0.880961486395729
NCOR1_S1,NCOR1,-0.22650852980868,0.473360464039173,0.616607973360494
NCOR1_S3,NCOR1,-0.641546029087524,0.0164,0.0753497247706422
NCOR1_S4,NCOR1,0.0143552929770701,0.950484828630445,0.970641929400748
NCOR1_S6,NCOR1,0.250961573533219,0.236732855530964,0.390886297559864
NCOR2_S1,NCOR2,-0.189033824390017,0.312183167301064,0.468789595755241
NCOR2_S3,NCOR2,-0.028569152196771,0.883469516032579,0.928718584443987
NCOR2_S4,NCOR2,-0.070389327891398,0.764303420091702,0.846018425775599
NCOR2_S5,NCOR2,0.124328135002202,0.750492241870464,0.837929859924254
NCOR2_S8,NCOR2,-0.604071323668861,0.356452356969768,0.5134062133174
NCOR2_T4,NCOR2,0.137503523749935,0.867634694909591,0.918240606954191
NCOR2_T9,NCOR2,0.250961573533219,0.158720656433586,0.29893683618631
NDE1_S3,NDE1,0.75702324650746,0.0104,0.058063768115942
NDRG1_S1,NDRG1,0.20163386116965,0.442784567722183,0.59085369680323
NDRG1_S2,NDRG1,0.584962500721156,0.505102691252683,0.642671310414999
NDRG1_S3,NDRG1,0.20163386116965,0.317128378682029,0.47476471355886
NDRG1_S5,NDRG1,0.286881147788162,0.408409865186541,0.563292923396915
NDRG1_T1,NDRG1,0,0.995544219518735,0.996758609180007
NDRG1_T3,NDRG1,0.485426827170242,0.0424,0.13507582697201
NDRG2_S2,NDRG2,-0.27500704749987,0.494091678353448,0.633814325100939
NDRG2_S3,NDRG2,-0.464668267003444,0.0578,0.162073012318029
NDRG2_S6,NDRG2,-0.214124805352847,0.092570526507176,0.215292850510678
NDRG2_T1,NDRG2,-0.411426245726465,0.00827,0.0498989879518072
NDRG2_T3,NDRG2,-0.028569152196771,0.854642964682398,0.908137485068841
NDRG2_T3_S5,NDRG2,0.0976107966264223,0.763129764944519,0.845669625275589
NDRG3_S3,NDRG3,-0.22650852980868,0.221703411075796,0.374718421420043
NEB2_S3,NEB2,0.978195629681652,0.00239,0.0232410097087379
NED4L_S3,NED4L,0.0143552929770701,0.954923431184262,0.972200964295748
NEDD4_S3,NEDD4,0.137503523749935,0.656917295221295,0.764546087489716
NEK1_S3,NEK1,0.356143810225275,0.0928,0.215657726218097
NEK4_S3,NEK4,0.344828496997441,0.0872,0.207358784425451
NEK6_S11,NEK6,-0.250961573533219,0.153143019983114,0.293865731006813
NEK6_S6,NEK6,-0.526068811667588,0.0124,0.0639538619979403
NEK7_S6,NEK7,-0.526068811667588,0.0124,0.0639538619979403
NEK9_S1,NEK9,0.250961573533219,0.127835978843943,0.263783511351655
NEK9_S2,NEK9,-0.150559676575381,0.587368958430141,0.708976559127054
NEK9_T5,NEK9,-0.137503523749935,0.533707781615296,0.665923583027581
NELFA_S13,NELFA,0.443606651475615,0.075,0.190369994931576
NELFE_S3,NELFE,0.75702324650746,0.00241,0.023344835589942
NELFE_S5,NELFE,0.613531652917927,0.108958918419738,0.239335094574255
NEMO_S2,NEMO,-0.111031312388744,0.515206365388599,0.651303577388379
NEST_S1,NEST,1.70929063572336,0.0071,0.0455272727272727
NEST_S20,NEST,0.641546029087524,0.0131,0.0661338709677419
NEST_S38,NEST,0.20163386116965,0.456584047204974,0.603635931468456
NEST_S4,NEST,0.16349873228288,0.49139655361216,0.631935944558301
NEST_S5,NEST,0.687060688339892,0.040726293537172,0.131230828516378
NEST_S8,NEST,1.02856915219677,0.0204,0.086213670886076
NEST_S9,NEST,1.15055967657538,0.000823,0.0130746835443038
NEST_T8,NEST,1.799087306074,0.0389,0.127244415414762
NEXN_S3,NEXN,1.6959938131099,0.00246,0.0236916923076923
NEXN_S5,NEXN,0.863938450423972,0.00131,0.0172599477806788
NF1_S1,NF1,0.22650852980868,0.133385662945227,0.270495973278456
NF1_S17,NF1,-0.485426827170242,0.00476,0.0346483720930233
NFAC2_S2,NFAC2,0.84799690655495,0.00213,0.0219486419753086
NFAC4_S3,NFAC4,-0.0976107966264223,0.155727676404751,0.295956014854399
NFAC4_Y2,NFAC4,0.956056652412403,0.00746,0.0465251307596513
NFIA_S1,NFIA,0.124328135002202,0.343962796880504,0.501913078897892
NFIA_S10,NFIA,-0.111031312388744,0.467274023922337,0.612450016109887
NFIA_S3,NFIA,0.495695162624069,0.0469,0.143479047037263
NFIA_S5,NFIA,-0.150559676575381,0.62131901515557,0.73629096732113
NFIA_Y24,NFIA,0.321928094887362,0.141991169433939,0.280952894715593
NFIB_S1,NFIB,1.15704371014558,0.00623,0.0417668540829987
NFIB_S21,NFIB,0.124328135002202,0.302390297387453,0.458676801301485
NFIB_S3,NFIB,1.58496250072116,2.19e-05,0.00215049411764706
NFIC_S11,NFIC,-0.604071323668861,0.0653,0.175159292983396
NFIC_S12,NFIC,-0.739848102699327,0.244045058762714,0.398103470450707
NFIC_S6,NFIC,-0.505890929729957,0.049284842222625,0.147752483542789
NFIC_S7,NFIC,0.16349873228288,0.487859637953808,0.629366580853341
NFIX_S1,NFIX,0.432959407276106,0.103802814657204,0.232280829223985
NFKB1_T5,NFKB1,-0.36737106564853,0.432494045209539,0.581037007935101
NFM_S3_S8,NFM,1.90303827011291,0.418208949797787,0.57067858871589
NFRKB_S3,NFRKB,-0.925999418556223,0.00944,0.0545277047289504
NGAP_S3,NGAP,0.475084882948783,0.182475857734421,0.328364748664743
NGEF_S5,NGEF,-0.970853654340484,0.247355670105119,0.402154869803633
NHLC2_S1,NHLC2,-0.992768430768924,0.0111,0.0604226086956522
NHRF1_S10,NHRF1,-0.238786859587116,0.393309055199552,0.549732556081316
NHRF1_S26,NHRF1,0.495695162624069,0.362668260921951,0.519520209009477
NHRF1_S3,NHRF1,-1.19534759832222,0.0033,0.0280584040747029
NHRF1_T17,NHRF1,0.20163386116965,0.641057424358592,0.752911721666939
NHSL1_S3,NHSL1,0.516015147003665,0.00376,0.030321769550392
NHSL1_S4,NHSL1,0.20163386116965,0.472835187178042,0.616334882193554
NHSL1_S9,NHSL1,0.6959938131099,0.0148,0.0711309021113244
NIBAN_S3,NIBAN,0.37851162325373,0.160844557517252,0.302028325476715
NIBL1_S11,NIBL1,0.0143552929770701,0.888332274996584,0.931094188610903
NIBL1_S4,NIBL1,-0.111031312388744,0.576976175001435,0.700823838080812
NIBL1_S6,NIBL1,-0.22650852980868,0.322090883397964,0.479070728855659
NIBL1_S7,NIBL1,-0.321928094887362,0.01615100998862,0.0747543974334648
NIBL1_S7_S11,NIBL1,0.124328135002202,0.267255365725063,0.423013549794916
NIBL1_S8,NIBL1,1.25096157353322,0.0509,0.150033666862861
NIBL1_T13,NIBL1,0.773996325111173,0.00811,0.0491705569007264
NIPA_S10,NIPA,-0.22650852980868,0.325970539433943,0.482833617712271
NIPA_S12,NIPA,-0.799087306074004,0.0222,0.0906480519480519
NIPA_S14,NIPA,-0.53605290024021,0.108999958427477,0.239335094574255
NIPA_S15,NIPA,-0.20163386116965,0.163952321718098,0.306215623562152
NIPA_S3,NIPA,0.641546029087524,0.085,0.203188544152745
NIPA_S5,NIPA,0.0285691521967709,0.950982295883474,0.970865258311426
NIPA_S7,NIPA,0.0565835283663675,0.807507469998299,0.873244959998161
NIPBL_S7,NIPBL,0.389566811762726,0.042936805431749,0.135949494949495
NIPS1_S1,NIPS1,-0.575312330687437,0.110103975813598,0.240519117431963
NKAP_S13,NKAP,-0.594548549550354,0.0627,0.171390953678474
NMT1_S4,NMT1,0.189033824390017,0.406157558861174,0.561578424841734
NO40_S1,NO40,-0.411426245726465,0.181288862001832,0.327051376406763
NOC2L_S8,NOC2L,1.02147972741045,0.0237,0.0941233941316416
NOLC1_S2,NOLC1,-0.22650852980868,0.466195652254934,0.612139183481617
NOLC1_S5,NOLC1,0.0143552929770701,0.986099572014597,0.990848045074057
NOP56_S10,NOP56,0.0976107966264223,0.494795209616166,0.634554266263191
NOP56_S2,NOP56,0.367371065648529,0.19199231025019,0.340232657371887
NOP56_S6,NOP56,-0.713695814843359,0.0156,0.0730821328344247
NOP56_S8,NOP56,0,0.994328313862627,0.996464481357758
NOP56_S9,NOP56,-0.214124805352847,0.55214523814399,0.680399447004208
NOP58_S1,NOP58,1.0703893278914,0.00834,0.0500200956937799
NOP58_S8,NOP58,0.516015147003665,0.164592464892074,0.306423443932902
NOS3_S7,NOS3,-0.0426443374084937,0.668280141009349,0.773099317665701
NOS3_T1,NOS3,-0.863938450423972,0.0319,0.112741848976711
NOSIP_S3,NOSIP,-0.799087306074004,0.174618960606528,0.319507400335218
NP1L1_T24_T28,NP1L1,0.815575428862573,0.186811089804633,0.333886487416703
NP1L1_T7,NP1L1,-0.632268215499513,0.0519,0.151377518928363
NP1L4_S18,NP1L4,-0.411426245726465,0.0702,0.183583080939948
NP1L4_T7,NP1L4,-0.238786859587116,0.201300269177512,0.351380881157539
NPM_S14,NPM,-0.799087306074004,0.00163,0.0189838139534884
NPM_S22,NPM,-0.189033824390017,0.438084737767547,0.586455056599806
NPM_S3,NPM,0.75702324650746,0.00858,0.0507895159386069
NPM_S4,NPM,-0.495695162624069,0.038699326998879,0.12700498034076
NRBP_T3,NRBP,0.641546029087524,0.00377,0.030321769550392
NRDC_S16,NRDC,0.27500704749987,0.533519760573269,0.665923583027581
NRDC_S3,NRDC,-1.28095631383106,0.000273,0.00763789944134078
NRP1_S3,NRP1,-0.150559676575381,0.759509398524191,0.843277170499
NSE3_S12,NSE3,0.250961573533219,0.553867057038119,0.68185010364968
NSF1C_S3,NSF1C,-0.344828496997441,0.0485,0.146760120845921
NSUN2_S6,NSUN2,0.37851162325373,0.224714744999037,0.378197163144607
NTAL_S1,NTAL,0.189033824390017,0.462446923059212,0.60833574748635
NTAL_S12,NTAL,0.910732661902913,0.0213,0.088523153526971
NU153_S13,NU153,-0.238786859587116,0.377943591783446,0.534942766046463
NU153_S2,NU153,-0.214124805352847,0.545270233882189,0.675083641849692
NU155_S5,NU155,0.367371065648529,0.14142892776478,0.28056304893638
NU205_S1,NU205,-0.641546029087524,0.0133,0.0668738955823293
NU214_S1,NU214,0.0143552929770701,0.98426881573672,0.990124156538305
NU214_S10,NU214,0.0565835283663675,0.809910458753262,0.875230031776633
NU214_S3,NU214,0.0565835283663675,0.726452356661841,0.817912185737972
NU214_S4,NU214,-0.27500704749987,0.151068594369494,0.291264112948787
NU214_S4_T8,NU214,-0.687060688339892,0.00698,0.0449303856041131
NU214_S7,NU214,0.238786859587116,0.11206932083541,0.243214937653808
NU214_T15,NU214,-1.37851162325373,0.092,0.214608755221798
NU214_T8,NU214,-0.0143552929770701,0.952012582544595,0.970865258311426
NUCB1_S2,NUCB1,-2.01792190799726,0.00616,0.0414084295302013
NUCB1_S4,NUCB1,-0.933572638261024,0.269575994317885,0.425074489780846
NUCB1_S5,NUCB1,-1.23878685958712,0.00042,0.00943985840707965
NUCB1_T12,NUCB1,-0.678071905112638,0.071147919051012,0.184711652984691
NUCKS_S10,NUCKS,0.678071905112638,0.134145916423441,0.271216289644163
NUCKS_S11,NUCKS,-1.05658352836637,0.0628,0.171390953678474
NUCKS_S13,NUCKS,0.124328135002202,0.274394210520721,0.429898855819573
NUCKS_S15,NUCKS,-0.0976107966264223,0.642947355862672,0.754246980126555
NUCKS_S3,NUCKS,0.765534746362977,0.451040170201594,0.598360045660817
NUCKS_S4,NUCKS,-0.963474123974886,0.0347,0.118781681476418
NUCKS_S5,NUCKS,-0.400537929583729,0.156058413173316,0.296262522051542
NUCKS_S6,NUCKS,1.36737106564853,0.0113,0.0609153928955866
NUCKS_S8,NUCKS,-1.04264433740849,0.014786965592371,0.0711309021113244
NUCKS_S9,NUCKS,0.887525270741587,0.15811132914687,0.298462697462316
NUCKS_T6,NUCKS,0.475084882948783,0.337136535628117,0.495271273225465
NUCL_S4,NUCL,-0.839959587489532,0.024,0.0946393700787402
NUCL_S5,NUCL,-0.111031312388744,0.624711123491052,0.739563204215414
NUFP2_S12,NUFP2,-0.400537929583729,0.369786930720581,0.526554719661265
NUFP2_S2,NUFP2,-0.748461233004036,0.168012231443201,0.310825731461969
NUFP2_S3,NUFP2,-0.594548549550354,0.00546,0.0379773333333333
NUFP2_S7,NUFP2,-0.321928094887362,0.340028560666803,0.497941192585157
NUFP2_T1,NUFP2,-0.584962500721156,0.0364,0.122015528781794
NUFP2_T2,NUFP2,-0.75702324650746,0.0476,0.144912340425532
NUMA1_S14,NUMA1,0.895302621333307,6.59e-05,0.00343778333333333
NUMA1_S3,NUMA1,2.44625622988956,0.0134,0.06713994757181
NUMA1_S4,NUMA1,1.48542682717024,0.00184,0.0207072359550562
NUMA1_T2,NUMA1,1.43829285157915,0.000955,0.0144055421686747
NUMBL_S3,NUMBL,-0.464668267003444,0.027748086743642,0.103394656556666
NUMBL_T2,NUMBL,-0.27500704749987,0.237024777106306,0.391239315671846
NUMB_S3,NUMB,-0.37851162325373,0.119760188405909,0.253705170700843
NUMB_S4,NUMB,-0.250961573533219,0.285609362613227,0.441052016024373
NUMB_T1,NUMB,0,0.987639858055458,0.991798758600708
NUP53_S5,NUP53,-0.22650852980868,0.419696931183611,0.571308027009384
NUP93_S3,NUP93,0,0.971765944717879,0.982358468136281
NUP98_S6,NUP98,-0.16349873228288,0.314099049144212,0.471101538818273
NUP98_S7,NUP98,0.400537929583729,0.0675,0.179236479321315
NUP98_S8,NUP98,-0.070389327891398,0.811021654298709,0.875910382731925
NUP98_T3,NUP98,0.0285691521967709,0.897558668739728,0.936062851530312
NUP98_T4,NUP98,0.124328135002202,0.528648065970743,0.662082639208674
NXP20_S3,NXP20,0.286881147788162,0.338646869020572,0.49661596487702
OCAD1_S1,OCAD1,-1.08406426478847,0.00485,0.0349982708933718
OCAD1_S2,OCAD1,-0.263034405833794,0.372398656542703,0.529370556902031
OCAD1_S3,OCAD1,-0.150559676575381,0.406710283933994,0.56177057491088
OCLN_S14,OCLN,-0.137503523749935,0.53703963098711,0.668529572951391
OCLN_S2,OCLN,-0.918386234446348,0.395797609178586,0.551708252686238
OCLN_Y1,OCLN,-0.250961573533219,0.341824758258306,0.499958641751634
ODBA_S1,ODBA,-1.78659636189081,9.39e-05,0.00400219159663866
ODBA_S2,ODBA,-1.39506279951758,0.0461,0.141985731857319
ODBA_S5,ODBA,-0.863938450423972,0.00372,0.0302431168831169
ODFP2_S19,ODFP2,-0.37851162325373,0.419605261574661,0.571308027009384
ODPAT_S3,ODPAT,-0.20163386116965,0.821727097305672,0.883661005648874
ODPAT_S4,ODPAT,0.526068811667588,0.350072730203864,0.507428142651505
ODPAT_S5,ODPAT,0.070389327891398,0.674685193006571,0.777906231753736
ODPAT_S5_S12,ODPAT,0.286881147788162,0.235035107949364,0.389109362185261
ODPA_S3,ODPA,-0.20163386116965,0.821727097305672,0.883661005648874
ODPA_S4,ODPA,0.526068811667588,0.350072730203864,0.507428142651505
ODPA_S5,ODPA,0.070389327891398,0.674685193006571,0.777906231753736
ODPA_S5_S12,ODPA,0.286881147788162,0.235035107949364,0.389109362185261
ODPA_T5,ODPA,1.34482849699744,0.00147,0.0183585037406484
ODPA_Y1,ODPA,0.887525270741587,0.0164,0.0753497247706422
OFD1_S3,OFD1,-0.028569152196771,0.736439191805195,0.825629611050015
OGFR_S7,OGFR,0,0.993464081169217,0.99604967337246
OGT1_S3,OGT1,-0.659924558402378,0.0203,0.0859360946745562
OPTN_S2,OPTN,-0.150559676575381,0.382405863506047,0.539309649236351
OPTN_S3,OPTN,0.111031312388744,0.660471462918463,0.767256109092012
OSB11_S1,OSB11,-0.669026765509631,0.00132,0.0172599477806788
OSB11_S10,OSB11,0.31034012061215,0.353891952316146,0.511041204498056
OSB11_S3,OSB11,-0.333423733725192,0.387308154988033,0.543773266100384
OSB11_S4,OSB11,-0.16349873228288,0.719881878718175,0.812707044323855
OSBL3_S4,OSBL3,0.176322772640463,0.383164739121622,0.53970520232428
OSBL7_S4,OSBL7,0.263034405833794,0.262502540738695,0.418164123011198
OSBP1_S10,OSBP1,-0.678071905112638,0.105646249066968,0.234936241264376
OSBP1_S3,OSBP1,-1.1243281350022,9.11e-05,0.00400200701754386
OSBP1_S6,OSBP1,-0.978195629681652,0.00163,0.0189838139534884
OSBP1_S8,OSBP1,0.070389327891398,0.417089210081699,0.569616243274925
OSBP1_T1,OSBP1,-0.238786859587116,0.621741358495579,0.736617157167225
OSMR_S1,OSMR,-0.16349873228288,0.125685380696291,0.26128368058407
OSTB_S16,OSTB,0.6959938131099,0.0358,0.120650336473755
OSTB_S4,OSTB,1.30451104180995,0.00743,0.0465162546816479
OSTP_S1,OSTP,0.871843648509318,0.0648,0.174203017617058
OTU7B_S3,OTU7B,-0.678071905112638,0.114578646133661,0.247545237203354
OTUD5_S2,OTUD5,0.20163386116965,0.249955515843047,0.403929404111642
OXR1_T5,OXR1,-0.713695814843359,0.00958,0.0550190825688073
P121A_S5,P121A,0.070389327891398,0.763432982402344,0.845669625275589
P121B_S5,P121B,0.070389327891398,0.763432982402344,0.845669625275589
P121C_S1,P121C,-0.594548549550354,0.322601029087119,0.479468325987955
P121C_S3,P121C,-0.37851162325373,0.207805462185446,0.358629707347039
P121C_S5,P121C,0.070389327891398,0.763432982402344,0.845669625275589
P33MX_S15,P33MX,0.475084882948783,0.447270016355984,0.595606712657154
P33MX_T11_S16,P33MX,1.02147972741045,0.00496,0.0354852571428571
P4K2A_S10,P4K2A,0.214124805352847,0.263536420846593,0.41921707658863
P4K2A_S10_S14,P4K2A,0.189033824390017,0.4472996897571,0.595606712657154
P4K2A_S3,P4K2A,-0.823749360308273,0.00153,0.0186429197080292
P4R3A_S18,P4R3A,-0.263034405833794,0.226340890064074,0.379708461693643
P5I11_S2,P5I11,0.669026765509631,0.179771602141359,0.325604406337767
P5I11_S3,P5I11,1.05658352836637,0.000802,0.0130305242718447
P66B_S3,P66B,0.0426443374084937,0.68671184420287,0.786265499245119
P66B_S8,P66B,0.0426443374084937,0.664168383190976,0.769858379531418
PA24A_S2,PA24A,0.485426827170242,0.143062621158363,0.282626274856443
PA24C_S3,PA24C,0.687060688339892,0.067616255966293,0.179354984046184
PABP2_S5,PABP2,-0.7311832415722,0.0108,0.0596980132450331
PACS1_S13,PACS1,1.70929063572336,0.000646,0.0116793068592058
PACS1_S3,PACS1,1.1243281350022,1.1e-05,0.00168450909090909
PAIRB_S1,PAIRB,-0.298658315564515,0.265638208791346,0.421543284880678
PAIRB_S2,PAIRB,-0.895302621333307,0.12352322509715,0.258289900328404
PAIRB_S3,PAIRB,-0.356143810225275,0.0123,0.0637664596273292
PAK1_S3,PAK1,0.516015147003665,0.107157504547804,0.237558558112175
PAK2_S1,PAK2,-0.250961573533219,0.117582305822092,0.251646233998734
PAK2_S14,PAK2,-0.565597175854225,0.157032004581858,0.296984999601943
PAK2_S3,PAK2,-0.565597175854225,0.0168,0.0766251366120219
PAK2_S5,PAK2,0.111031312388744,0.792350796179658,0.862852446830373
PAK2_T9,PAK2,-0.333423733725192,0.27217787023878,0.428233356630792
PAK2_Y1,PAK2,-1.09085343045111,0.0513,0.150504042179262
PAK4_S1,PAK4,-0.344828496997441,0.262521566043771,0.418164123011198
PAK4_S3,PAK4,0.176322772640463,0.219911943555434,0.373201969951072
PALLD_S1,PALLD,1.43829285157915,1.16e-05,0.00170861176470588
PALLD_S22,PALLD,-0.263034405833794,0.382792675708307,0.539703186922073
PALLD_S3,PALLD,1.60407132366886,0.00222,0.0224148387096774
PALLD_S4,PALLD,1.64616265715789,5.3e-05,0.00301618181818182
PALM3_S18,PALM3,-0.0976107966264223,0.472171229051224,0.615950381632855
PALM3_S2,PALM3,0,0.998043462536377,0.998442201434714
PALM3_S3,PALM3,-0.263034405833794,0.130612151065051,0.267309216401216
PALM3_S4,PALM3,-1.31034012061215,0.00124,0.0168290514905149
PALM3_S6,PALM3,-0.948600847493355,0.000701,0.0121896111111111
PALM3_S7,PALM3,-0.0426443374084937,0.858943929297453,0.910968063939357
PALM3_S9,PALM3,-0.238786859587116,0.24643492710309,0.401087460166485
PALM3_T10,PALM3,-0.575312330687437,0.00021,0.00633542168674699
PALM3_T4,PALM3,-0.941106310946431,0.05,0.148870392390012
PALMD_S4,PALMD,-0.454175893185802,0.0253,0.0984478632478632
PALMD_S4_T21,PALMD,0.389566811762726,0.278829890638594,0.434062820117525
PALMD_T18,PALMD,0.137503523749935,0.618389869945437,0.734383796226405
PALMD_Y10,PALMD,0.871843648509318,0.409585691394259,0.563982717212661
PALM_S3,PALM,0.622930350920177,0.0267,0.101221498864497
PAN3_T5,PAN3,0.687060688339892,0.0722,0.186577595066804
PANK2_S3,PANK2,0.495695162624069,0.00375,0.0302903225806452
PANK2_S5,PANK2,0.389566811762726,0.148535950062011,0.289450073211713
PAPOA_S2,PAPOA,0.713695814843359,0.126350383890893,0.261915853681162
PAPOG_S3,PAPOG,0.16349873228288,0.579038248691414,0.70175223373714
PAR12_S7,PAR12,-0.31034012061215,0.441222012761843,0.58955171822607
PAR12_S8,PAR12,-0.298658315564515,0.20109433772056,0.351266286468282
PAR1_S11,PAR1,0.485426827170242,0.05,0.148870392390012
PAR3L_S2,PAR3L,0,0.97484282106819,0.98421515872532
PAR3L_S3,PAR3L,0.704871964456353,0.000187,0.00596494267515924
PARD3_S2,PARD3,0.7311832415722,0.0323,0.11288094905792
PARD3_S3,PARD3,0,0.967334436150346,0.979549065839148
PARD3_S6,PARD3,0.070389327891398,0.876863549080686,0.924434860513905
PARN_S3,PARN,-0.37851162325373,0.0419,0.133738177182919
PARN_S4,PARN,-0.321928094887362,0.0215,0.0888382838283828
PARP1_T13,PARP1,0.0840642647884745,0.659409853842989,0.766556301774765
PARP4_T2,PARP4,0.176322772640463,0.542592235674689,0.673099310443112
PARVA_S6,PARVA,0.565597175854225,0.281502801623413,0.436865829107546
PARVA_S7,PARVA,0.855989697308481,0.000696,0.0121448362369338
PATL1_T2,PATL1,-0.650764559116902,0.27152241393891,0.427336344753633
PATL1_T3,PATL1,0.31034012061215,0.117519853830632,0.251620106021293
PAWR_S4,PAWR,1.05658352836637,0.111559858577921,0.242487748158953
PAWR_S6,PAWR,0.918386234446348,0.0259,0.0994435215454939
PAXI_S13,PAXI,0.263034405833794,0.178327290792424,0.323808220554191
PAXI_S18,PAXI,-0.028569152196771,0.948050005877509,0.968748098231905
PAXI_S2,PAXI,-0.27500704749987,0.154308610012721,0.294279329376888
PAXI_S22,PAXI,-0.20163386116965,0.348326686646659,0.505922287333663
PAXI_S23,PAXI,-0.22650852980868,0.494032983153999,0.633814325100939
PAXI_S3,PAXI,0.443606651475615,0.0872,0.207358784425451
PAXI_S4,PAXI,-0.31034012061215,0.384352179214308,0.540684189186869
PAXI_S5,PAXI,0.807354922057604,0.0157,0.073276421248835
PAXI_S9,PAXI,-0.505890929729957,0.0259,0.0994435215454939
PAXX_S2,PAXX,-0.124328135002202,0.303211280025706,0.459033280038917
PB1_S3,PB1,0.37851162325373,0.383169289419306,0.53970520232428
PBDC1_S4,PBDC1,0.070389327891398,0.87583513353624,0.923601252632026
PBIP1_S7,PBIP1,0.0426443374084937,0.828066750154929,0.888570448848486
PCBP1_S10,PCBP1,-0.748461233004036,0.000652,0.0117212329749104
PCBP1_S11,PCBP1,-0.443606651475615,0.0051,0.0360745762711864
PCBP1_S12,PCBP1,-0.31034012061215,0.317547244787332,0.474993011318685
PCBP1_S13,PCBP1,-0.238786859587116,0.0359,0.120905985205111
PCBP1_S6,PCBP1,-0.333423733725192,0.391205973730435,0.547710236634615
PCBP2_S11,PCBP2,-0.20163386116965,0.627613819049025,0.741644645067843
PCBP2_S13,PCBP2,-1.93357263826102,0.0485,0.146760120845921
PCD18_S1,PCD18,2.32768736417605,0.000325,0.00837234871794872
PCDH1_S11,PCDH1,-0.344828496997441,0.076,0.191452716297787
PCDH1_S14,PCDH1,-0.739848102699327,0.00153,0.0186429197080292
PCDH1_S3,PCDH1,-0.124328135002202,0.507189954324936,0.644207023607408
PCDH1_S3_S14,PCDH1,-0.604071323668861,0.0447,0.139214925373134
PCDH7_S14,PCDH7,0.16349873228288,0.493892064291594,0.633814325100939
PCF11_S1,PCF11,0.0143552929770701,0.89740117597371,0.936062851530312
PCF11_S3,PCF11,0.411426245726465,0.317680766234759,0.475002112829875
PCF11_S3_S8,PCF11,0.176322772640463,0.40685740319524,0.56177057491088
PCF11_S5,PCF11,-0.516015147003665,0.0995,0.226087114337568
PCIF1_S14,PCIF1,0.443606651475615,0.0115,0.0614642475987193
PCIF1_S15,PCIF1,-0.333423733725192,0.226325262549092,0.379708461693643
PCIF1_S3,PCIF1,0.516015147003665,0.0671,0.178647953216374
PCKGC_S5,PCKGC,-0.37851162325373,0.00815,0.0492937198067633
PCKGM_S8,PCKGM,-1.98185265328974,2.26e-05,0.00217655384615385
PCM1_S2,PCM1,-0.464668267003444,0.00307,0.0268316928446771
PCM1_S6,PCM1,-0.594548549550354,0.00251,0.0238974904942966
PCTL_S10,PCTL,0.150559676575381,0.604855712152763,0.723284958562807
PCY1A_S2,PCY1A,0.895302621333307,0.0614,0.169416639118457
PCY1A_S3,PCY1A,-0.659924558402378,0.116950895071199,0.251153551679487
PCY1A_T1,PCY1A,-0.389566811762726,0.320053743025631,0.4773166006767
PDCD4_S3,PDCD4,0.790772037862,0.00698,0.0449303856041131
PDCD4_S4,PDCD4,0.739848102699327,0.00998,0.0565875706214689
PDCD4_T7,PDCD4,1.87970576628229,0.0209,0.0873682804674457
PDE3A_S2,PDE3A,0.687060688339892,0.00553,0.0383046196403873
PDE3A_S3,PDE3A,1.39506279951758,0.0214,0.088717880794702
PDE3A_T2,PDE3A,1.41142624572647,0.0454,0.140695049504951
PDE3B_S3,PDE3B,-0.124328135002202,0.593795776493413,0.714495254367855
PDIP3_S3,PDIP3,-0.250961573533219,0.188234879870684,0.335646488594673
PDLI1_S20,PDLI1,0.613531652917927,0.0728,0.186965333333333
PDLI1_S3,PDLI1,0.176322772640463,0.461700648351309,0.607833030216445
PDLI2_S1,PDLI2,0.53605290024021,0.0804,0.196795307917889
PDLI2_S12,PDLI2,-0.475084882948783,0.000288,0.00783860869565217
PDLI2_S14,PDLI2,0.263034405833794,0.189998844265941,0.337775723139451
PDLI2_S3,PDLI2,-0.028569152196771,0.684575789298913,0.785535572152497
PDLI2_S4,PDLI2,-0.7311832415722,0.0787,0.194968153051922
PDLI2_S5,PDLI2,-0.22650852980868,0.230764263097439,0.384453569391874
PDLI2_S6,PDLI2,-0.27500704749987,0.129516344359521,0.266045058471075
PDLI2_S8,PDLI2,0.189033824390017,0.236379682887136,0.390818571112175
PDLI2_T4,PDLI2,0.070389327891398,0.825661955283056,0.886448840977322
PDLI4_S11,PDLI4,0.0840642647884745,0.491001394401142,0.631889570701747
PDLI5_S3,PDLI5,1.46988597627446,1.17e-06,0.00048828
PDLI5_S7,PDLI5,-0.0840642647884746,0.806563074487477,0.872789083196475
PDLI5_T9,PDLI5,0.250961573533219,0.363707549231352,0.520562276807834
PDLI7_S22,PDLI7,0.27500704749987,0.171289230623238,0.315026245670649
PDLI7_S8,PDLI7,0.782408564927373,0.00375,0.0302903225806452
PDLI7_T6,PDLI7,0.722466024471091,0.0233,0.0932745003996803
PDPK1_S3,PDPK1,-0.613531652917927,0.00121,0.0165565027322404
PDPK2_S3,PDPK2,-0.613531652917927,0.00121,0.0165565027322404
PDS5A_S7,PDS5A,0.903038270112912,0.000443,0.00966761739130435
PDS5B_S15,PDS5B,-0.20163386116965,0.254866798585734,0.410145542197094
PDS5B_S3,PDS5B,0.411426245726465,0.0195,0.083681233933162
PDS5B_S5,PDS5B,-0.238786859587116,0.0511,0.150181220657277
PDS5B_T1,PDS5B,1.31034012061215,0.0527,0.152732407407407
PDS5B_T3,PDS5B,0.678071905112638,0.131755589370943,0.268737579443167
PDZD8_S15,PDZD8,-0.321928094887362,0.272867801939039,0.42878002890201
PEA15_S10,PEA15,0.650764559116902,0.210761234879337,0.361346204818802
PEA15_S16,PEA15,-0.632268215499513,0.0444,0.138539065420561
PEA15_S3,PEA15,0.622930350920177,0.0021,0.02191
PEA15_S7,PEA15,1.50080205305716,9.51e-05,0.00400219159663866
PEA15_S9,PEA15,1.06350294230616,0.00414,0.0317020183486239
PEAK1_S5,PEAK1,-0.739848102699327,0.0321,0.112822023935844
PEAK1_S8,PEAK1,0.298658315564515,0.0201,0.0853781170483461
PEAK1_S9,PEAK1,0.238786859587116,0.568216242895957,0.69422467538984
PEAK1_T12,PEAK1,0.422233000683048,0.0113,0.0609153928955866
PEAK1_T3,PEAK1,0.516015147003665,0.130408332541952,0.267110400560366
PEBP1_S5,PEBP1,-1.19534759832222,5.54e-06,0.0013211580952381
PEBP1_T4,PEBP1,-1.16349873228288,0.000482,0.0102918644067797
PECR_Y4,PECR,-0.903038270112912,0.00859,0.0507895159386069
PELP1_S12,PELP1,0,0.979639122492116,0.987129321014188
PELP1_T14,PELP1,0.0143552929770701,0.886222794013732,0.930135174915198
PEPL_S1,PEPL,-0.669026765509631,0.064,0.173625135427952
PEPL_S4,PEPL,-0.16349873228288,0.480639639637831,0.622618550260284
PEPL_Y1,PEPL,-0.344828496997441,0.0725,0.186577595066804
PER1_S10,PER1,0.0426443374084937,0.844070000321535,0.900875651480376
PEX19_S8,PEX19,-0.344828496997441,0.356969491276286,0.513855479250256
PEX19_S9,PEX19,-0.263034405833794,0.195681317301233,0.344575259157727
PEX1_S3,PEX1,-1.26303440583379,1.52e-05,0.00192699130434783
PFKAP_S1,PFKAP,0.970853654340484,0.165654841049152,0.307372895136774
PGAM1_S1,PGAM1,-0.55581615506164,0.00172,0.0197111212814645
PGAM1_S4,PGAM1,-0.36737106564853,0.385358545819215,0.541643445821675
PGAM1_Y2,PGAM1,-0.659924558402378,0.133519577864286,0.270495973278456
PGAM1_Y3,PGAM1,-0.298658315564515,0.0215,0.0888382838283828
PGAM2_Y2,PGAM2,-0.659924558402378,0.133519577864286,0.270495973278456
PGAM4_S1,PGAM4,-0.55581615506164,0.00172,0.0197111212814645
PGAM4_Y2,PGAM4,-0.659924558402378,0.133519577864286,0.270495973278456
PGAM4_Y3,PGAM4,-0.298658315564515,0.0215,0.0888382838283828
PGK1_S4,PGK1,-0.356143810225275,0.027,0.101513513513514
PGM1_S10,PGM1,-0.659924558402378,0.0101,0.0568962879640045
PGM1_S11,PGM1,-1.02856915219677,0.0183,0.0807457268722467
PGM1_S12,PGM1,-0.028569152196771,0.902091417242612,0.939616018625416
PGM1_S2,PGM1,-1.63226821549951,0.00169,0.019501198156682
PGM1_S3,PGM1,1.53605290024021,0.0823,0.199495837366893
PGM1_S6,PGM1,-0.970853654340484,0.00895,0.0521181395348837
PGM1_S8,PGM1,-0.925999418556223,0.0222,0.0906480519480519
PGM1_T4,PGM1,-0.978195629681652,0.0231,0.0928449438202247
PGM1_T6,PGM1,-2.0496307677246,0.0413,0.13249865470852
PGM1_T8,PGM1,-0.545968369105293,0.000548,0.0108046614173228
PGM2L_S10,PGM2L,0.333423733725192,0.0103,0.0576339664804469
PGM2_S10,PGM2,0.344828496997441,0.367596613001917,0.524330344036913
PGM2_T8,PGM2,-0.176322772640463,0.457130668996759,0.604199100115009
PGM5_S10,PGM5,0.526068811667588,0.236131163779988,0.390536614336255
PGM5_T8,PGM5,-0.189033824390017,0.615310268421924,0.73176770939373
PGRC1_S1,PGRC1,0.641546029087524,0.362048383583262,0.519077671052097
PGRC1_S10,PGRC1,0.333423733725192,0.213137393646244,0.364671017212296
PGRC1_S12,PGRC1,-0.815575428862572,0.0199,0.0849609548167093
PGRC1_S13,PGRC1,-0.070389327891398,0.759321129087855,0.843277170499
PGRC1_S9,PGRC1,-1.91838623444635,9.32e-05,0.00400219159663866
PGRC1_T9,PGRC1,-1.15704371014558,0.00193,0.0212895154185022
PGRC1_Y11,PGRC1,-0.669026765509631,0.181991570753782,0.327751654893014
PGRC1_Y8,PGRC1,-1.46988597627446,0.00546,0.0379773333333333
PGRC2_T12,PGRC2,-0.604071323668861,0.00118,0.0163696398891967
PGRC2_Y11,PGRC2,-0.7311832415722,0.00131,0.0172599477806788
PHAR2_S13,PHAR2,-0.137503523749935,0.281221265333561,0.436564196153278
PHAR2_S3,PHAR2,0.704871964456353,0.00553,0.0383046196403873
PHAR2_S4,PHAR2,0.687060688339892,0.013542508450394,0.067301185770751
PHAR4_S1,PHAR4,-0.189033824390017,0.515565167796969,0.651303577388379
PHAR4_S16,PHAR4,-0.485426827170242,0.150869273671998,0.291264112948787
PHAR4_S2,PHAR4,-1.32768736417605,0.025572173664076,0.0990452016316261
PHAR4_S3,PHAR4,-0.790772037862,0.0224,0.0908333603238866
PHAR4_S3_T17,PHAR4,-0.238786859587116,0.366706303814532,0.52361224595961
PHAR4_S5,PHAR4,-0.111031312388744,0.71511849548689,0.809029548295501
PHC3_T4,PHC3,0.250961573533219,0.119630813203077,0.25358538495049
PHC3_T4_S11,PHC3,-0.238786859587116,0.47269293270037,0.616309869035005
PHC3_T4_T9,PHC3,0.321928094887362,0.149281957486626,0.290444461186101
PHF11_S6,PHF11,0.400537929583729,0.154038664355778,0.293988426483893
PHF12_T1,PHF12,0.150559676575381,0.596911771087665,0.715836721649192
PHF12_T3,PHF12,0.176322772640463,0.527232166581176,0.661256879804176
PHF12_T8,PHF12,0.238786859587116,0.368502166759735,0.525173264408865
PHF2_S3,PHF2,2.22958792274065,6.58e-05,0.00343778333333333
PHF2_S4,PHF2,-0.0426443374084937,0.834798815556445,0.893144066068783
PHF3_S1,PHF3,-0.748461233004036,0.0899,0.211271328015016
PHF3_S19,PHF3,0.16349873228288,0.411703242200009,0.565499132456842
PHF3_S6,PHF3,-0.31034012061215,0.158445821225585,0.298756277371133
PHF8_S1,PHF8,0.748461233004036,0.0669,0.178495045285029
PHF8_S15,PHF8,0.650764559116902,0.199443716897952,0.349381570964173
PHF8_S3,PHF8,1.05658352836637,0.00218,0.0223718032786885
PHIP_S3,PHIP,1.38404980679516,0.00187,0.0208110222222222
PHIP_S9,PHIP,-0.111031312388744,0.555710761511984,0.683280013172604
PHKG2_T5,PHKG2,-1.37851162325373,0.0882,0.208924499588275
PHLB1_S10,PHLB1,1.40599235967584,0.00112,0.0158445197740113
PHLB1_S20,PHLB1,-0.111031312388744,0.522900796263311,0.657136057135925
PHLB1_S3,PHLB1,1.11769504266975,0.0161,0.0745872340425532
PHLB1_S6,PHLB1,-0.55581615506164,0.366652778801244,0.52361224595961
PHLB1_T1,PHLB1,1.58496250072116,0.0033,0.0280584040747029
PHLB2_S19,PHLB2,0.27500704749987,0.317145655097136,0.47476471355886
PHLB2_S2,PHLB2,0.575312330687437,0.0998,0.226460534662438
PHLB2_S3,PHLB2,0.7311832415722,0.00334,0.0282069477234401
PHLB2_S4,PHLB2,0.584962500721156,0.0193,0.0833227586206897
PHLB2_S6,PHLB2,-0.286881147788162,0.078665926817528,0.194968153051922
PHLB2_T14,PHLB2,-0.20163386116965,0.20003141593957,0.350142373654445
PHLB2_Y2,PHLB2,-0.028569152196771,0.855414204651165,0.908378782208022
PHRF1_S15,PHRF1,-0.356143810225275,0.402630757418666,0.558909119033555
PHRF1_S17,PHRF1,-0.0565835283663676,0.829419203416868,0.889449972315134
PHRF1_S3,PHRF1,-0.400537929583729,0.0293,0.106715927272727
PHRF1_S5,PHRF1,0.176322772640463,0.499988726209989,0.638109974734869
PHRF1_S6,PHRF1,-0.176322772640463,0.557154224819592,0.684886685787068
PHRF1_S9,PHRF1,-0.124328135002202,0.519224232854545,0.654081515882505
PHYD1_S9,PHYD1,-0.298658315564515,0.00223,0.0224705030181087
PI42B_T4,PI42B,-0.7311832415722,0.0397,0.129082170542636
PI4KA_S1,PI4KA,0.773996325111173,0.0179,0.0796828444444444
PI4KA_S2,PI4KA,0.214124805352847,0.156443982315018,0.296657123602276
PI4KA_S3,PI4KA,0.111031312388744,0.47381789660081,0.616842722161717
PI4KA_T1,PI4KA,0.432959407276106,0.0787,0.194968153051922
PI4KA_T2,PI4KA,0.263034405833794,0.238111635228339,0.391999694024826
PI4KB_S1,PI4KB,0.0285691521967709,0.674000358370023,0.777906231753736
PI4KB_S3,PI4KB,0.263034405833794,0.306640145597606,0.462546340106268
PIAS1_S10,PIAS1,-0.31034012061215,0.0464,0.142471612507664
PICAL_S17,PICAL,0.0840642647884745,0.711468648884155,0.806664023910312
PIEZ1_S3,PIEZ1,0.978195629681652,0.000253,0.00735278612716763
PIEZ1_T1,PIEZ1,0.367371065648529,0.0693,0.18237225433526
PININ_S3,PININ,0.286881147788162,0.065,0.174635193133047
PININ_S4,PININ,0.516015147003665,0.00943,0.0545277047289504
PITM1_S3,PITM1,-0.214124805352847,0.63960773559347,0.751558720012316
PITM2_S3,PITM2,0.238786859587116,0.160609351026888,0.301735636136058
PITM3_S3,PITM3,-0.807354922057604,0.000819,0.0130746835443038
PJA1_S4,PJA1,0.27500704749987,0.0668,0.178323240938166
PJA2_S13,PJA2,-0.516015147003665,0.015,0.0714068441064639
PKCB1_S10,PKCB1,-0.0565835283663676,0.62787190822039,0.741774596925622
PKCB1_S3,PKCB1,0.823749360308273,0.0892,0.21031713747646
PKHA1_S1,PKHA1,-0.0976107966264223,0.557777879974282,0.685106119713396
PKHA1_S3,PKHA1,-0.321928094887362,0.116074388454465,0.249806848895557
PKHA2_S1,PKHA2,0.895302621333307,0.0233,0.0932745003996803
PKHA2_S3,PKHA2,1.32768736417605,0.00876,0.0515494835680751
PKHA3_S3,PKHA3,0.739848102699327,0.180032615544763,0.325800538252103
PKHA4_S13,PKHA4,-0.176322772640463,0.645469843021532,0.755966551415302
PKHA4_S2,PKHA4,0.956056652412403,0.055,0.157394285714286
PKHA4_S3_S15,PKHA4,-0.150559676575381,0.620656289764718,0.735794425912724
PKHA4_S4,PKHA4,-0.189033824390017,0.459000229628007,0.605870624664486
PKHA4_S5,PKHA4,-0.27500704749987,0.149003873318179,0.290016089225589
PKHA5_S3,PKHA5,-0.55581615506164,0.0264,0.100617351598174
PKHA6_S1,PKHA6,-0.584962500721156,0.00459,0.0337048680351906
PKHA6_S10,PKHA6,-0.565597175854225,0.179197583138209,0.324917268774855
PKHA6_S12,PKHA6,0.0565835283663675,0.881984408518285,0.927741633660906
PKHA6_S14,PKHA6,-0.028569152196771,0.904157743233249,0.940969592960247
PKHA6_S3,PKHA6,-0.704871964456353,1.59e-05,0.00192699130434783
PKHA6_S7,PKHA6,0.344828496997441,0.324211760297188,0.481082220909131
PKHA6_T1,PKHA6,0.495695162624069,0.0913,0.213459570494865
PKHA7_S25,PKHA7,-0.55581615506164,0.0825,0.19988388969521
PKHA7_S3,PKHA7,-0.321928094887362,0.0259,0.0994435215454939
PKHA7_S4,PKHA7,-0.545968369105293,0.025913297846819,0.0994435215454939
PKHF1_S11,PKHF1,0.137503523749935,0.609095942190618,0.727637042985589
PKHF2_S3,PKHF2,1.27500704749987,0.000119,0.00448084210526316
PKHG1_S3,PKHG1,0.111031312388744,0.596225922860245,0.715517421002379
PKHG3_S3,PKHG3,1.0496307677246,0.0343,0.117815089163237
PKHG3_S4,PKHG3,-0.070389327891398,0.664169172116415,0.769858379531418
PKHH2_S3,PKHH2,0.505890929729957,0.013,0.0658281092012133
PKHO2_S10,PKHO2,0.189033824390017,0.643580398269378,0.754558452934995
PKN1_S18,PKN1,-0.176322772640463,0.293122615486996,0.449466643710617
PKN2_S16,PKN2,-0.495695162624069,0.00206,0.0218107399577167
PKN2_S2,PKN2,-0.454175893185802,0.319742431100817,0.477136500283937
PKN2_S3,PKN2,0.37851162325373,0.0684,0.180763693931398
PKN2_T12,PKN2,0.454175893185802,0.118992468056825,0.252867001261539
PKN2_T20,PKN2,-0.176322772640463,0.402998677404246,0.559062985163563
PKN2_T3,PKN2,-0.432959407276106,0.077717837688994,0.193637279177354
PKP2_S1,PKP2,0.575312330687437,0.167471966416071,0.310055307878626
PKP2_S10,PKP2,0.773996325111173,0.123937954861528,0.258725001228234
PKP2_S13,PKP2,-0.20163386116965,0.208885180179635,0.359360007674205
PKP2_S2,PKP2,0.411426245726465,0.241829847256739,0.395809558771773
PKP2_S3,PKP2,-0.454175893185802,0.0788,0.194968153051922
PKP2_S4,PKP2,-0.298658315564515,0.175003096612337,0.319976454119965
PKP2_S5,PKP2,-0.475084882948783,0.023974608236787,0.0946393700787402
PKP2_S6,PKP2,-0.36737106564853,0.298195162907804,0.454461769885052
PKP2_S8,PKP2,0.0285691521967709,0.925561986274244,0.953897932481981
PKP2_T1,PKP2,-0.27500704749987,0.490466205703096,0.631889570701747
PKP4_S11,PKP4,0.0143552929770701,0.904706188119726,0.940969592960247
PKP4_S15,PKP4,-0.028569152196771,0.8001977535799,0.869348936043945
PKP4_S3,PKP4,-0.20163386116965,0.573350534625871,0.698792766465408
PKP4_S3_S11,PKP4,0.111031312388744,0.59393954242996,0.71449657182062
PKP4_T1,PKP4,0.176322772640463,0.581570398632039,0.703927647588902
PLAK_S2,PLAK,-0.970853654340484,0.104720722905732,0.233500169328542
PLAK_S3,PLAK,-0.575312330687437,0.28526172532276,0.440857081865539
PLAK_S5,PLAK,-0.31034012061215,0.076,0.191452716297787
PLAP_S8,PLAP,0.176322772640463,0.223667759663334,0.376893721532294
PLCB3_S3,PLCB3,0.0976107966264223,0.794006026576649,0.864430908933882
PLCL1_S3,PLCL1,0.895302621333307,0.00259,0.0243353095684803
PLCL2_S3,PLCL2,-0.36737106564853,0.150320003137979,0.291264112948787
PLD1_S1,PLD1,0.0143552929770701,0.963033023205781,0.977476566723663
PLEC_S1,PLEC,-0.443606651475615,0.0482,0.146294303030303
PLEC_S13,PLEC,0.124328135002202,0.367833888873697,0.524467506439363
PLEC_S2,PLEC,0.0840642647884745,0.670920673946345,0.77555084295305
PLEC_S22,PLEC,0.485426827170242,0.28006442659656,0.43517302153136
PLEC_S3,PLEC,-0.238786859587116,0.225359848735963,0.378852676223465
PLEC_S3_S13,PLEC,0.263034405833794,0.126903158726896,0.262724687434599
PLEC_S4,PLEC,0.823749360308273,0.0173,0.0782641373080397
PLEC_S5,PLEC,0.411426245726465,0.522529805724079,0.656999564917446
PLEC_S7,PLEC,0.432959407276106,0.000573,0.0110368615384615
PLEC_S9,PLEC,-0.400537929583729,0.00052,0.010436672
PLEC_T3,PLEC,0.263034405833794,0.052,0.151492728330425
PLEC_T4,PLEC,1.09761079662642,0.000292,0.00790451891891892
PLEK_S1,PLEK,-0.799087306074004,0.00293,0.0263910791366906
PLIN1_S2,PLIN1,-3.114367024952,0.0287,0.105761295069904
PLIN1_S3,PLIN1,-2.62760683812965,0.0338,0.117061134163209
PLIN2_S5,PLIN2,-0.189033824390017,0.35943241050321,0.516213797476362
PLIN3_S3,PLIN3,-0.137503523749935,0.612656642504752,0.729131289368773
PLIN5_S1,PLIN5,-1.70043971814109,0.00336,0.0282696147403685
PLIN5_S3,PLIN5,-0.485426827170242,0.0189,0.0825926701570681
PLM_S14,PLM,-1.4594316186373,0.00512,0.0361140281690141
PLPL2_S3,PLPL2,-0.422233000683048,0.210246415768252,0.360957850588758
PLPL2_S4,PLPL2,-0.321928094887362,0.0564,0.159667156585642
PLPL6_S3,PLPL6,-0.903038270112912,0.142671567573256,0.281964960697264
PLPL6_T11,PLPL6,-0.189033824390017,0.442707717691841,0.59085369680323
PLPL7_S1,PLPL7,-0.790772037862,0.117477993410527,0.251620106021293
PLPP6_S3,PLPP6,-0.36737106564853,0.128414425857613,0.264424430199676
PLSL_S2,PLSL,-0.831877241191673,0.0249,0.09742125
PLSL_S4,PLSL,0.367371065648529,0.416747482112657,0.569304798259734
PLST_S3,PLST,0.495695162624069,0.0445,0.138764632627646
PLST_S4,PLST,0.687060688339892,0.0282,0.104456804733728
PLXC1_S3,PLXC1,0.422233000683048,0.0991,0.225382742960945
PML_S12,PML,-0.137503523749935,0.204915747204141,0.355708167070481
PML_S2,PML,1.38404980679516,2.58e-07,0.000215344
PML_S2_S9,PML,0.970853654340484,0.230271423429774,0.383896972603235
PML_S3,PML,1.46988597627446,0.000192,0.00604739622641509
PML_S3_S12,PML,0.0426443374084937,0.78623180637467,0.858954818133584
PML_S5,PML,2.31324585178756,0.00664,0.0435250261780105
PNISR_S3,PNISR,0.321928094887362,0.0591,0.164887353760446
PNKP_T8,PNKP,0.263034405833794,0.218482004013698,0.371278546352426
PNPO_S7,PNPO,-0.495695162624069,0.003790221193799,0.030321769550392
POGZ_S16,POGZ,-0.31034012061215,0.169581204910809,0.312919187248832
POTEE_S11,POTEE,0.475084882948783,0.0507,0.149620271066588
POTEE_S14,POTEE,0.0143552929770701,0.984786027100099,0.990124156538305
POTEE_S19,POTEE,-0.189033824390017,0.342807778474027,0.500811363651671
POTEE_S5,POTEE,0.0565835283663675,0.752920839500143,0.838289809741377
POTEE_T14,POTEE,0.622930350920177,0.0314,0.111842958748222
POTEE_Y5,POTEE,-0.485426827170242,0.527415615564784,0.661256879804176
POTEF_S11,POTEF,0.475084882948783,0.0507,0.149620271066588
POTEF_S5,POTEF,0.0565835283663675,0.752920839500143,0.838289809741377
POTEI_S11,POTEI,0.475084882948783,0.0507,0.149620271066588
POTEI_S5,POTEI,0.0565835283663675,0.752920839500143,0.838289809741377
POTEI_Y1,POTEI,-0.20163386116965,0.34392224454362,0.501913078897892
POTEJ_S11,POTEJ,0.475084882948783,0.0507,0.149620271066588
PP12C_S3,PP12C,-0.903038270112912,0.00189,0.0209869623059867
PP12C_T1,PP12C,0.238786859587116,0.302425488107075,0.458676801301485
PP13G_S1,PP13G,0.250961573533219,0.725314270604136,0.817181972370194
PP13G_S3,PP13G,0.37851162325373,0.292096456851194,0.448304951244493
PP14A_S1,PP14A,0.739848102699327,0.00392,0.0308955076923077
PP14A_S3,PP14A,0.815575428862573,0.00103,0.0151268035190616
PP14A_S5,PP14A,1.83995958748953,1.04e-06,0.000473483636363636
PP14A_S8,PP14A,0.613531652917927,0.155760539272165,0.295956014854399
PP14A_S9,PP14A,0.650764559116902,0.044969317225007,0.139801488833747
PP1A_T15,PP1A,-0.150559676575381,0.39357000474595,0.549943801274475
PP1B_T13,PP1B,-0.0976107966264223,0.726000987210748,0.817587799404413
PP1RA_S3,PP1RA,-0.545968369105293,0.017435302583565,0.0785922550301472
PP1RA_S4,PP1RA,-0.27500704749987,0.0723,0.186577595066804
PP4R2_S10,PP4R2,-0.0565835283663676,0.687658845685904,0.786973377329755
PP6R1_T33,PP6R1,0.298658315564515,0.37859166637326,0.535287144324474
PP6R2_S3,PP6R2,1.02856915219677,0.000407,0.00932997260273973
PP6R2_S9,PP6R2,-0.150559676575381,0.267986108607665,0.423913767920034
PPBT_S11,PPBT,-0.27500704749987,0.0873,0.207399620493359
PPCT_S1,PPCT,-0.604071323668861,0.00331,0.0280854054054054
PPCT_T2,PPCT,-0.584962500721156,0.00652,0.0429633684210526
PPHLN_S1,PPHLN,-1.26903314645524,0.165083363181814,0.306817251779417
PPHLN_S3,PPHLN,0.0143552929770701,0.964025731870804,0.977909305772258
PPHLN_S8,PPHLN,-0.321928094887362,0.302369971536952,0.458676801301485
PPIG_S12,PPIG,-0.150559676575381,0.431564657712422,0.581037007935101
PPIG_S2,PPIG,0.613531652917927,0.00648,0.04275604743083
PPIG_S4,PPIG,0.432959407276106,0.184295816019978,0.330570718706322
PPIG_S5,PPIG,0.956056652412403,0.350251009964899,0.507539657958395
PPIG_T3,PPIG,0.298658315564515,0.0358,0.120650336473755
PPIG_T4,PPIG,0.20163386116965,0.473840645398587,0.616842722161717
PPLA_S3,PPLA,0.925999418556223,0.00761,0.0471086279357231
PPM1H_S3,PPM1H,-0.36737106564853,0.0467,0.143217146356399
PPM1K_S9,PPM1K,-0.650764559116902,0.000952,0.0144036737160121
PPR18_S2,PPR18,0.250961573533219,0.375210370572041,0.532008362351297
PPR3B_S10,PPR3B,0.250961573533219,0.237680698519784,0.391592732116798
PPR3D_S3,PPR3D,-0.516015147003665,0.190764789360463,0.338656527868557
PQLC1_S1,PQLC1,-1.36176835941915,0.0237,0.0941233941316416
PR38B_S3,PR38B,-0.22650852980868,0.3138408460996,0.470855289774355
PRAM_S1,PRAM,0.250961573533219,0.171424309401191,0.31515893593288
PRAM_S2,PRAM,0.0840642647884745,0.707526771650144,0.803468043633542
PRAM_S3,PRAM,0.678071905112638,0.00202,0.0216620128479657
PRC2A_S20,PRC2A,-0.27500704749987,0.278201998589874,0.433489610746138
PRC2A_S3,PRC2A,0.150559676575381,0.248662666859885,0.403141028046068
PRC2A_S4,PRC2A,0.0143552929770701,0.920231363080318,0.950798156861199
PRC2A_S7,PRC2A,0.0426443374084937,0.73255030548963,0.823112391719109
PRC2A_T14,PRC2A,-0.111031312388744,0.708042926030598,0.803561513047464
PRC2A_T3,PRC2A,-0.27500704749987,0.270508060494561,0.425956606889139
PRC2B_S4,PRC2B,-0.807354922057604,0.0229,0.0924864516129032
PRC2B_S9,PRC2B,-0.137503523749935,0.532121872392791,0.665384853169313
PRC2C_S1,PRC2C,0.948600847493356,0.00379,0.030321769550392
PRC2C_S3,PRC2C,1.39506279951758,0.00379,0.030321769550392
PRC2C_S5,PRC2C,-0.070389327891398,0.914899713605413,0.946852193787127
PRC2C_T12,PRC2C,0.250961573533219,0.364127312460111,0.521014165942924
PRC2C_T2,PRC2C,0.839959587489532,0.109008568351448,0.239335094574255
PRDBP_S3,PRDBP,0.0426443374084937,0.855319120850679,0.908378782208022
PRDX6_T3,PRDX6,-0.454175893185802,0.0707,0.18402577962578
PREX1_S3,PREX1,-0.028569152196771,0.930673682692609,0.956443045989971
PRIPO_S3,PRIPO,-0.0565835283663676,0.759175605328348,0.843277170499
PRKDC_S19,PRKDC,-0.432959407276106,0.0775,0.193383158943697
PRKDC_S3,PRKDC,0.238786859587116,0.595599901540218,0.715421218518049
PRKDC_T18,PRKDC,-0.422233000683048,0.176082023344053,0.321128467919526
PRKRA_S11,PRKRA,0.111031312388744,0.67925096960103,0.781638064283538
PRKRA_S3,PRKRA,0.454175893185802,0.2344848563253,0.388455230061893
PROF1_T4,PROF1,-0.0976107966264223,0.630043248032346,0.744164289185375
PROSC_S3,PROSC,-1.53605290024021,0.239037877727437,0.393007777957651
PROX1_S10,PROX1,-0.526068811667588,0.076615057860325,0.19213230333726
PROX1_S2,PROX1,-0.545968369105293,0.118563091284668,0.252817400080324
PROX1_S3,PROX1,-0.748461233004036,0.0174,0.0785037837837838
PROX1_S4,PROX1,-0.992768430768924,1.05e-07,0.00013146
PROX1_S5,PROX1,-0.238786859587116,0.122316385346216,0.25663146263708
PROX1_S6,PROX1,-0.678071905112638,0.0481,0.146079320800485
PROX1_S8,PROX1,-0.613531652917927,0.000713,0.0122704604810997
PRP31_S1,PRP31,-0.464668267003444,0.366253089437403,0.523308265878035
PRP31_S6,PRP31,-0.389566811762726,0.301409248849376,0.45782757605025
PRP31_S7,PRP31,-0.111031312388744,0.707744378429368,0.803532951071021
PRP4B_S3,PRP4B,0.687060688339892,0.0837,0.201912138728324
PRP4B_Y18,PRP4B,-0.31034012061215,0.0787,0.194968153051922
PRPK_T3,PRPK,0.189033824390017,0.458309251019153,0.605277618434578
PRR5_S3,PRR5,-0.37851162325373,0.0231,0.0928449438202247
PRSR2_S1,PRSR2,-0.650764559116902,0.105154331859749,0.234148143715459
PRSR2_S29,PRSR2,-0.16349873228288,0.596290131756947,0.715517421002379
PRSR2_S3,PRSR2,0.263034405833794,0.446488107016846,0.595000649265664
PRSR2_S30,PRSR2,-0.124328135002202,0.322836900006267,0.479468325987955
PRSR2_S6,PRSR2,0.0143552929770701,0.932263147768445,0.957282047247778
PRSR2_T6,PRSR2,-0.137503523749935,0.758938180311825,0.843277170499
PSA2_Y2,PSA2,-0.933572638261024,0.067750372484617,0.179557059756742
PSA5_S3,PSA5,-0.344828496997441,0.0447,0.139214925373134
PSD11_S3,PSD11,-0.863938450423972,0.316986536002359,0.47476471355886
PSD3_S3,PSD3,0.137503523749935,0.356445127522437,0.5134062133174
PSMD1_T4,PSMD1,-0.214124805352847,0.325201606915573,0.481979771362293
PSMD2_S10,PSMD2,0.20163386116965,0.476343625071489,0.619046308445681
PSMD4_T2,PSMD4,0.55581615506164,0.0349,0.119221828103683
PSN1_S1,PSN1,0.622930350920177,0.0142,0.069109426627794
PTN14_S3,PTN14,0.526068811667588,0.0298,0.108143768115942
PTN21_S3,PTN21,-0.0143552929770701,0.877533644298864,0.924808184059072
PTN21_S7,PTN21,-0.0143552929770701,0.919928329577869,0.950681195733795
PTN3_S3,PTN3,-1.4594316186373,0.0572,0.161202926280248
PTPRC_S4,PTPRC,-0.0426443374084937,0.904949274471218,0.94102698641027
PTPS_S2,PTPS,-0.250961573533219,0.678476501082875,0.78110582009725
PTPS_S3,PTPS,-0.622930350920177,0.0418,0.133589278876835
PTRF_S1,PTRF,0.250961573533219,0.441539943477182,0.589819161625427
PTRF_S15,PTRF,0.411426245726465,0.47064304227866,0.615078380932027
PTSS2_S9,PTSS2,0.0840642647884745,0.59100950631559,0.711997981147095
PUF60_S14,PUF60,-1.15704371014558,0.011,0.0603373493975904
PUM1_S3,PUM1,0.765534746362977,0.00732,0.0463445764854614
PUM2_S3,PUM2,0.0285691521967709,0.686790209424914,0.786265499245119
PUM2_S4,PUM2,0.238786859587116,0.112607339457813,0.244074472479683
PURA_S6,PURA,-0.150559676575381,0.188458881892997,0.335676515014114
PURB_S17,PURB,-0.632268215499513,0.0711,0.184682987551867
PVR_S3,PVR,-1.61823865559545,0.0125,0.0643371017471737
PWP1_S10,PWP1,-0.286881147788162,0.53999317664237,0.67086581221109
PWP1_S2,PWP1,-0.669026765509631,0.17782639221147,0.323378641467608
PXDC2_S2,PXDC2,0.632268215499513,0.027140740782564,0.101966113907787
PXDC2_S3,PXDC2,0.7311832415722,0.00162,0.0189838139534884
PYC_S1,PYC,-0.831877241191673,0.0733,0.187864073694985
PYC_S2,PYC,-0.250961573533219,0.413156492877857,0.566736507323712
PYGL_S3,PYGL,-1.21412480535285,0.220801029465608,0.373697720704213
PYGO2_T4,PYGO2,0.584962500721156,0.00248,0.0237927969348659
PYRG1_S5,PYRG1,-0.831877241191673,0.037,0.123530666666667
PYRG2_S8,PYRG2,-0.356143810225275,0.0429,0.135949494949495
R113A_S13,R113A,-0.632268215499513,0.011,0.0603373493975904
R3HD1_S2,R3HD1,-0.495695162624069,0.00209,0.0218511899791232
R3HD2_S3,R3HD2,-0.765534746362977,0.00954,0.0549097588978186
RAB12_S11,RAB12,0.799087306074004,0.108057482891726,0.238645482546217
RAB13_S1,RAB13,-0.344828496997441,0.318320128637977,0.475722830265291
RAB18_S3,RAB18,-0.613531652917927,0.0603,0.16739600886918
RAB7A_S2,RAB7A,1.03562390973072,0.153936880457728,0.293906175117157
RAB7A_S3,RAB7A,1,0.0208,0.0871685355648535
RAB8A_S10,RAB8A,0.367371065648529,0.035662733641156,0.120475471698113
RABE1_S3,RABE1,-0.516015147003665,0.0521,0.151607669959326
RABE1_S4,RABE1,0.454175893185802,0.0817,0.198425606207565
RABE1_S5,RABE1,-0.55581615506164,0.0744,0.189774160732452
RABE2_S8,RABE2,-0.613531652917927,0.0546,0.156697306590258
RABX5_S3,RABX5,0.565597175854225,0.595175080645968,0.715179323957333
RABX5_T2,RABX5,0.422233000683048,0.212680563306701,0.364013759753916
RAD_S1,RAD,-0.0565835283663676,0.851229557006059,0.905471032601177
RAF1_S1,RAF1,0.0840642647884745,0.558032679510151,0.685106119713396
RAF1_S3,RAF1,-0.189033824390017,0.0103,0.0576339664804469
RAF1_T2,RAF1,0.0976107966264223,0.506191608310544,0.643245589066367
RAF1_T4,RAF1,0.176322772640463,0.468527682402636,0.613434413979713
RAGP1_S14,RAGP1,-0.111031312388744,0.499029578344056,0.637535747027304
RAGP1_S15,RAGP1,-0.0143552929770701,0.913525204112578,0.945926276553466
RAI14_S2,RAI14,-0.111031312388744,0.693508089356313,0.792108228123826
RAI14_S8,RAI14,-0.55581615506164,0.108277059431257,0.238772132818906
RAIN_S1,RAIN,0.22650852980868,0.58958864004568,0.710970361027875
RAIN_S3,RAIN,-0.565597175854225,0.0141,0.0688233918128655
RAIN_S4,RAIN,0.910732661902913,0.00197,0.0215880962800875
RALY_S14,RALY,0.150559676575381,0.664624742027683,0.769977124296186
RALY_S2,RALY,0.925999418556223,0.0748,0.190248044692737
RALY_S3,RALY,-0.7311832415722,0.00644,0.0426607407407407
RANB3_S28,RANB3,-0.0426443374084937,0.896456279625036,0.935950438182015
RANG_S2,RANG,-0.443606651475615,0.518285676253466,0.653467942265196
RAN_S3,RAN,-0.895302621333307,0.00844,0.050258644470868
RAPH1_S22,RAPH1,-0.475084882948783,0.0284,0.104973509227208
RAPH1_S3,RAPH1,0.137503523749935,0.664942472452514,0.770127636920026
RAPH1_S31,RAPH1,-0.22650852980868,0.0456,0.141140173053152
RASA3_Y1,RASA3,0.0976107966264223,0.650512293467198,0.759562967051464
RASD1_S3,RASD1,-0.659924558402378,0.0121,0.0630559833506764
RASL3_S2,RASL3,0.7311832415722,0.0395,0.128702667534157
RASL3_S3,RASL3,0.604071323668861,0.0246,0.0963227521501173
RAVR1_T13,RAVR1,-0.028569152196771,0.8428217027107,0.899776398886205
RAVR1_T31,RAVR1,0.0565835283663675,0.777964472439002,0.855973301891231
RB12B_S3,RB12B,-0.475084882948783,0.128539182037722,0.264424430199676
RB12B_S8,RB12B,0,0.987469956532126,0.991798758600708
RB15B_S1,RB15B,0.333423733725192,0.423904496855343,0.57438141781698
RB15B_S11,RB15B,-0.150559676575381,0.570356048547736,0.695990031951038
RB15B_S3,RB15B,-0.356143810225275,0.245385921511173,0.399667978868709
RB15B_S4,RB15B,0.464668267003444,0.554393144980576,0.681994809644491
RB15B_S8,RB15B,0.137503523749935,0.715170489277992,0.809029548295501
RB15B_T10,RB15B,0.0565835283663675,0.824465036757361,0.885654419579765
RB15B_T2,RB15B,0.37851162325373,0.353324224184163,0.510810541199275
RB15B_T3,RB15B,-0.495695162624069,0.068650832364449,0.181235302309521
RB6I2_S3,RB6I2,0.985500430304885,0.00901,0.0523458004640371
RB6I2_S7,RB6I2,1.22650852980868,0.0323,0.11288094905792
RB6I2_S8,RB6I2,1.16992500144231,0.0479,0.145560194174757
RB6I2_T2,RB6I2,0.84799690655495,0.0399,0.129082170542636
RBBP6_S3,RBBP6,0.111031312388744,0.80011719840856,0.869348936043945
RBBP6_Y14,RBBP6,-0.704871964456353,0.239495866765522,0.393115470587261
RBCC1_S13,RBCC1,-0.27500704749987,0.549346422547768,0.677784401113383
RBGP1_S12,RBGP1,0.176322772640463,0.474629507570114,0.617548603250489
RBM10_S4,RBM10,-0.111031312388744,0.656430293552827,0.764334552455838
RBM10_S8,RBM10,-0.028569152196771,0.788488881816193,0.86055379446358
RBM12_S1,RBM12,-0.807354922057604,0.0379,0.125448248512888
RBM12_S3,RBM12,0.0285691521967709,0.939935918680432,0.962420584901166
RBM14_S1,RBM14,0.632268215499513,0.0371,0.123782011992005
RBM14_S3,RBM14,0.485426827170242,0.0768,0.1923072
RBM14_S30,RBM14,-0.22650852980868,0.489724915113432,0.631385878945501
RBM14_S3_S8,RBM14,0.432959407276106,0.0214,0.088717880794702
RBM14_S4,RBM14,0.526068811667588,0.351471556759123,0.508719524927655
RBM14_T3,RBM14,-0.263034405833794,0.184632407446664,0.33083307999048
RBM14_T31,RBM14,0.250961573533219,0.117510865135,0.251620106021293
RBM15_S1,RBM15,-0.495695162624069,0.24099939471941,0.394936180875263
RBM15_S3,RBM15,-0.565597175854225,0.011,0.0603373493975904
RBM15_S5,RBM15,0.321928094887362,0.029,0.106319180087848
RBM15_T3,RBM15,-0.0426443374084937,0.783619572014703,0.857958611951755
RBM23_S3,RBM23,0.286881147788162,0.140350621700545,0.279807290396628
RBM25_S1,RBM25,-1.0071955014042,0.0268,0.101365838976674
RBM25_S5,RBM25,0.0565835283663675,0.878967566853721,0.925540280656736
RBM25_S6,RBM25,0.992768430768924,0.00417,0.0318829923664122
RBM26_S4,RBM26,-0.028569152196771,0.895245064728914,0.935950438182015
RBM26_S5,RBM26,0.464668267003444,0.0564,0.159667156585642
RBM27_T5,RBM27,-0.0565835283663676,0.871093098603748,0.920925552334873
RBM33_S5,RBM33,-0.0840642647884746,0.703402328520189,0.800235997553182
RBM34_S1,RBM34,0.75702324650746,0.0418,0.133589278876835
RBM39_S3,RBM39,0.0565835283663675,0.597387586816411,0.716064393196885
RBM39_S4,RBM39,0.214124805352847,0.23719188137572,0.391257227249541
RBM39_Y1,RBM39,-0.55581615506164,0.0496,0.14820335802683
RBM40_S3,RBM40,-0.356143810225275,0.614847948907488,0.731565342867356
RBM4_S7,RBM4,-0.20163386116965,0.398061479234465,0.554055555310228
RBM7_S1,RBM7,0.432959407276106,0.447072505226605,0.595606712657154
RBM7_S3,RBM7,0.526068811667588,0.0742,0.189685349668198
RBM8A_S7,RBM8A,0.367371065648529,0.496984691080063,0.63622171087141
RBMX_S2,RBMX,1.22032995487956,0.119397753682122,0.253357411469548
RBMX_S5,RBMX,-0.505890929729957,0.141779047146968,0.280755028909457
RBMX_S8,RBMX,0.356143810225275,0.023019578864719,0.0927450128354889
RBMX_S9,RBMX,0.432959407276106,0.375012405107137,0.531878256804458
RBP1_S3,RBP1,-1.42223300068305,0.0103,0.0576339664804469
RBP1_S9,RBP1,0.344828496997441,0.461921569214472,0.607964052201334
RBP2_S11,RBP2,0.0976107966264223,0.516425669499374,0.652107854980551
RBP2_S3,RBP2,0.765534746362977,0.061,0.168777900552486
RBP2_S4,RBP2,0.895302621333307,0.0119,0.0624033507853403
RBP2_S7,RBP2,-0.298658315564515,0.145351336741163,0.28467715854507
RBPMS_T9,RBPMS,0.250961573533219,0.282099334428402,0.437249602852813
RCAN1_S9,RCAN1,-0.298658315564515,0.144407790210848,0.283605573872912
RCAN3_S9,RCAN3,-0.298658315564515,0.144407790210848,0.283605573872912
RCAS1_S3,RCAS1,-1.02856915219677,0.000345,0.00864565174129353
RCC1_S2,RCC1,-0.028569152196771,0.956621825527714,0.973336469370742
RCC1_S3,RCC1,0.584962500721156,0.144269575377576,0.283573159873636
RD23A_S12,RD23A,-0.176322772640463,0.269844530012807,0.425363993170959
RD23A_S4,RD23A,0.0976107966264223,0.585077168392564,0.707062369524604
RD23B_S16,RD23B,-0.028569152196771,0.866212000036041,0.917122557332028
RD23B_T11,RD23B,-0.137503523749935,0.860136446486732,0.911846596952911
RD23B_T15,RD23B,-0.176322772640463,0.540121995773785,0.67086581221109
RECQ5_S12,RECQ5,0.7311832415722,0.0643,0.173873866090713
REEP3_S1,REEP3,-0.495695162624069,0.00142,0.0179579797979798
REEP3_S3,REEP3,-0.799087306074004,0.00995,0.0564961451247166
REEP4_S1,REEP4,-0.0143552929770701,0.93526598626055,0.959011478131211
RELL1_S1,RELL1,-0.0143552929770701,0.938791001431162,0.961753498289233
REM1_S3,REM1,0.070389327891398,0.680352223769579,0.782545690546176
RENT1_S8,RENT1,-0.0565835283663676,0.791016984570514,0.862113832149975
REPS1_S1,REPS1,-0.0976107966264223,0.645412956588503,0.755966551415302
REPS1_S3,REPS1,-1.11103131238874,0.00124,0.0168290514905149
REQU_S5,REQU,0.31034012061215,0.171077031705872,0.314751570456652
RER1_S9,RER1,-0.53605290024021,0.0678,0.179557059756742
RERE_S3,RERE,0.124328135002202,0.647022581171404,0.757430829010377
RERE_S5_S9,RERE,0.839959587489532,0.104177033262122,0.232702311586399
RETST_S3,RETST,-0.895302621333307,0.0258,0.0994435215454939
RFC1_S5,RFC1,-0.411426245726465,0.243587683341229,0.397746044399372
RFFL_S3,RFFL,-0.286881147788162,0.238452605023191,0.392303103139337
RFIP1_S3,RFIP1,0.432959407276106,0.0316,0.112236028368794
RFIP1_S6,RFIP1,-0.150559676575381,0.652086871957621,0.760842113882548
RFIP2_S6,RFIP2,-0.150559676575381,0.652086871957621,0.760842113882548
RFIP5_S1,RFIP5,0.286881147788162,0.383205181655612,0.53970520232428
RFIP5_S2,RFIP5,0.356143810225275,0.221218171852059,0.37402451203076
RFIP5_S3,RFIP5,-0.298658315564515,0.38085376179344,0.537911668520349
RFIP5_T1,RFIP5,0.333423733725192,0.177832423842211,0.323378641467608
RFTN1_S5,RFTN1,0.150559676575381,0.268662553231397,0.424168369036203
RFTN2_S4,RFTN2,-0.238786859587116,0.10571340720215,0.234981244238068
RFX1_S5,RFX1,-0.20163386116965,0.409838847460047,0.564176181440329
RFX1_S9,RFX1,-0.111031312388744,0.635453990583423,0.74826089462539
RGPA1_S1,RGPA1,1.18903382439002,1.65e-05,0.00192699130434783
RGPA1_S3,RGPA1,0.443606651475615,0.0846,0.202904156712852
RGPA1_T3,RGPA1,0.20163386116965,0.397753029838157,0.553780142738251
RGPA2_S3,RGPA2,0.641546029087524,0.00059,0.0111921212121212
RGPA2_T1,RGPA2,-0.604071323668861,0.126327277963928,0.261915853681162
RGPD3_S4,RGPD3,0.895302621333307,0.0119,0.0624033507853403
RGPD4_S4,RGPD4,0.895302621333307,0.0119,0.0624033507853403
RGPD5_S4,RGPD5,0.895302621333307,0.0119,0.0624033507853403
RGPD8_S4,RGPD8,0.895302621333307,0.0119,0.0624033507853403
RGPS2_S1,RGPS2,-0.214124805352847,0.73552186593094,0.824970549738443
RGPS2_S15,RGPS2,-0.176322772640463,0.242107532312175,0.396104058091922
RGPS2_S4,RGPS2,-0.475084882948783,0.100934232888927,0.228413302443627
RGRF2_S3,RGRF2,0.505890929729957,0.102500598154818,0.230603322353697
RGS12_S11,RGS12,0.356143810225275,0.205920602986377,0.356834041437985
RGS14_S1,RGS14,0.669026765509631,0.00553,0.0383046196403873
RGS14_S3,RGS14,0.263034405833794,0.242844744246934,0.396921174669923
RGS3_S4,RGS3,-0.356143810225275,0.141902932149002,0.28088928229336
RHDF1_S3,RHDF1,1.32768736417605,0.0452,0.140248822800496
RHDF1_T2,RHDF1,1.16349873228288,0.00256,0.0241440301318267
RHDF2_S1,RHDF2,-0.238786859587116,0.359977640230492,0.516848630239193
RHDF2_S3,RHDF2,-0.111031312388744,0.652215494188853,0.760842113882548
RHG01_S3,RHG01,0.454175893185802,0.0733,0.187864073694985
RHG01_S5,RHG01,2.611172380044,0.00237,0.023226927592955
RHG01_S7,RHG01,1.23266075679027,0.0273,0.102326025354213
RHG01_S8,RHG01,0.765534746362977,0.0476,0.144912340425532
RHG04_S17,RHG04,0.422233000683048,0.00683,0.0443639948119326
RHG04_S7,RHG04,0.594548549550354,0.0238,0.0943708630245447
RHG07_S3,RHG07,-0.0143552929770701,0.967269944327768,0.979549065839148
RHG09_S10,RHG09,0.475084882948783,0.0139,0.0681794319294809
RHG09_S3,RHG09,0.333423733725192,0.439973823109597,0.588354848099563
RHG12_S1,RHG12,-0.20163386116965,0.397226068137096,0.553508110526037
RHG12_S12,RHG12,0.0426443374084937,0.775983928953922,0.854657470024465
RHG12_T3,RHG12,0.070389327891398,0.715603511364466,0.809153846221099
RHG15_S3,RHG15,-0.20163386116965,0.166765232143957,0.30898613544637
RHG17_S1,RHG17,-0.028569152196771,0.838934115689629,0.896581743784392
RHG17_S27,RHG17,0.0285691521967709,0.928175670430429,0.955261766854827
RHG17_S3,RHG17,0.27500704749987,0.0617,0.169776703296703
RHG17_S5,RHG17,-0.263034405833794,0.343324101635436,0.501273207285791
RHG21_S3,RHG21,0.20163386116965,0.121874673573508,0.256381151710129
RHG23_S1,RHG23,1.26303440583379,0.000977,0.0146353194029851
RHG23_S3,RHG23,0.985500430304885,3.69e-05,0.0025666
RHG24_S7,RHG24,0.333423733725192,0.158364205364677,0.298714855166216
RHG25_S2,RHG25,0.263034405833794,0.10350142157284,0.231813559587112
RHG29_S3,RHG29,0.070389327891398,0.814622984795831,0.87866291360274
RHG29_S5,RHG29,0.505890929729957,0.0173,0.0782641373080397
RHG30_S2,RHG30,0.790772037862,0.0632,0.172013913043478
RHG31_S3,RHG31,0.356143810225275,0.0548,0.157001372997712
RHG31_S4,RHG31,0.678071905112638,0.00144,0.0181193969849246
RHG32_S6,RHG32,0.485426827170242,0.103078382624206,0.231097150054221
RHG35_S1,RHG35,-0.20163386116965,0.12641451705682,0.261929624087941
RHG35_S10,RHG35,-0.189033824390017,0.165628739200904,0.307372895136774
RHG35_S3,RHG35,-0.0565835283663676,0.844211148641654,0.900875651480376
RHG35_S7,RHG35,-0.505890929729957,0.0185,0.0813415276558384
RHG39_S8,RHG39,-0.238786859587116,0.247739113344663,0.402294902603785
RHN2P_S3,RHN2P,-0.443606651475615,0.121663532379976,0.256269755507194
RHPN2_S3,RHPN2,-0.443606651475615,0.121663532379976,0.256269755507194
RIC1_S3,RIC1,0.263034405833794,0.0355,0.12020554428668
RICTR_S3,RICTR,0.22650852980868,0.230353514910687,0.383896972603235
RICTR_S6,RICTR,-0.0840642647884746,0.870122169147686,0.920289719765916
RIF1_S3,RIF1,0.263034405833794,0.345255765456283,0.502916607933676
RILP_S6,RILP,-0.333423733725192,0.290606447319648,0.446565537949309
RIN2_S3,RIN2,0.070389327891398,0.566772065475219,0.693174435946264
RIN2_S4,RIN2,0.367371065648529,0.0888,0.209967138810198
RING1_S15,RING1,-0.594548549550354,0.0875,0.207677725118483
RIPK1_S3,RIPK1,-0.641546029087524,0.0681,0.180065892291447
RIPK3_S3,RIPK3,-0.344828496997441,0.217720333275837,0.370235459777722
RL13_S5,RL13,-0.55581615506164,0.0805,0.19684765625
RL18A_S15,RL18A,-0.748461233004036,0.0817,0.198425606207565
RL18A_S3,RL18A,-0.622930350920177,0.0267,0.101221498864497
RL1D1_S5,RL1D1,-0.333423733725192,0.0191,0.0830319444444444
RL24_T3,RL24,-1.23266075679027,0.0123,0.0637664596273292
RL34_S3,RL34,-0.124328135002202,0.662819006935532,0.76926942913862
RL40_S3,RL40,0.584962500721156,0.151215394102805,0.291264112948787
RL40_T1,RL40,-0.389566811762726,0.308422571788071,0.464256158555654
RLA2_S15,RLA2,-0.584962500721156,0.0395,0.128702667534157
RLA2_S6,RLA2,-0.214124805352847,0.360262949515371,0.517110017533098
RLGPB_S3,RLGPB,0.20163386116965,0.472527504978405,0.616254621076003
RMD3_S3,RMD3,-0.6959938131099,0.000203,0.00623695705521472
RMXL1_S2,RMXL1,1.22032995487956,0.119397753682122,0.253357411469548
RMXL1_S5,RMXL1,-0.505890929729957,0.141779047146968,0.280755028909457
RMXL1_S9,RMXL1,0.432959407276106,0.375012405107137,0.531878256804458
RN213_S2,RN213,0.333423733725192,0.504825704472182,0.642596601324486
RN213_S3,RN213,0.941106310946431,0.345492794401372,0.502916607933676
RNF25_S3,RNF25,0.879705766282288,0.0442,0.138259587757651
RNF31_S3,RNF31,-0.432959407276106,0.00369,0.0302277324632953
ROA1_S2,ROA1,-0.389566811762726,0.118967174224459,0.252867001261539
ROA1_S3,ROA1,0.505890929729957,0.0036,0.0296526315789474
ROA1_S8,ROA1,0.55581615506164,0.175202415084127,0.320107148756406
ROA2_S16,ROA2,0.495695162624069,0.179070309714422,0.324806519774702
ROA2_S21,ROA2,-0.956056652412403,8.29e-05,0.00388234862385321
ROA2_S9,ROA2,-0.070389327891398,0.72375922968151,0.816164427436389
ROA3_S16,ROA3,-0.36737106564853,0.194051170454579,0.342668639505124
ROA3_S4,ROA3,-1.20163386116965,0.0112,0.0605719222462203
ROA3_Y6,ROA3,0.411426245726465,0.102021015813862,0.229834119296366
ROBO1_S4,ROBO1,0.400537929583729,0.128228090646263,0.264374754201929
RPB1_S12,RPB1,0.298658315564515,0.130207936699786,0.266918275477908
RPB1_S5,RPB1,0.678071905112638,0.0725,0.186577595066804
RPB1_Y1,RPB1,0.263034405833794,0.218691933624276,0.371343593510477
RPGF1_S3,RPGF1,0.516015147003665,0.0141,0.0688233918128655
RPGF1_S4,RPGF1,-0.22650852980868,0.329998275985109,0.487214435770468
RPGF1_S6,RPGF1,0.16349873228288,0.448447483042409,0.596659137905522
RPGF1_T2,RPGF1,0.575312330687437,0.0194,0.0835384350816853
RPGF2_S3,RPGF2,-0.0426443374084937,0.778829543610235,0.856024744307434
RPGP1_S3,RPGP1,-0.790772037862,0.133096733942923,0.270495973278456
RPGP2_S3,RPGP2,0.594548549550354,0.108455208266252,0.238954545973335
RPR1B_S6,RPR1B,-0.028569152196771,0.890130771043241,0.932782435371738
RPR1B_Y17,RPR1B,-0.263034405833794,0.35401896459051,0.511077248391258
RPRD2_S14,RPRD2,0.070389327891398,0.658589009986816,0.766135600932398
RPRD2_S5,RPRD2,-0.0840642647884746,0.254531048543487,0.409868646657808
RPRD2_S6,RPRD2,-0.20163386116965,0.418085494554957,0.570665619169045
RPRD2_T13,RPRD2,0.6959938131099,0.000669,0.0118806808510638
RPTOR_S14,RPTOR,-0.659924558402378,0.00261,0.0243859701492537
RPTOR_S3,RPTOR,0.0565835283663675,0.807399516711179,0.873244959998161
RRAS2_S9,RRAS2,-0.641546029087524,0.00288,0.0260814466546112
RRBP1_S14,RRBP1,-0.53605290024021,0.11144828458976,0.242350416511297
RRBP1_S15,RRBP1,0.0143552929770701,0.960692943437923,0.976090537783956
RRBP1_S3,RRBP1,-0.356143810225275,0.00714,0.0456085714285714
RRBP1_S4,RRBP1,0.925999418556223,0.0574,0.161403256597417
RRBP1_S5,RRBP1,0.641546029087524,0.349992856282339,0.507428142651505
RRBP1_S7,RRBP1,0.575312330687437,0.043,0.135949494949495
RRBP1_S8,RRBP1,0.321928094887362,0.491968605929737,0.631935944558301
RRBP1_T4,RRBP1,1.82374936030827,0.0052,0.0365752808988764
RREB1_S17,RREB1,-0.189033824390017,0.0366,0.12252192513369
RRP8_S7,RRP8,-0.0840642647884746,0.660308550165965,0.767244830448063
RS10L_S6,RS10L,-0.176322772640463,0.411217712711556,0.565142235252325
RS10L_S7,RS10L,0.214124805352847,0.248456343744314,0.402936971979121
RS10_S6,RS10,-0.176322772640463,0.411217712711556,0.565142235252325
RS10_S7,RS10,0.214124805352847,0.248456343744314,0.402936971979121
RS17_S6,RS17,-1.75702324650746,0.00172,0.0197111212814645
RS27A_S3,RS27A,0.584962500721156,0.151215394102805,0.291264112948787
RS27A_T1,RS27A,-0.389566811762726,0.308422571788071,0.464256158555654
RS2_S7,RS2,-0.613531652917927,0.0736,0.188343791517629
RS3_T6,RS3,-1.18269229751619,0.00885,0.0517766355140187
RS3_T7,RS3,-0.584962500721156,0.00735,0.0463586901763224
RS6_S2,RS6,0.22650852980868,0.656769333190421,0.764546087489716
RS6_S2_S7,RS6,-0.650764559116902,0.240911449094089,0.394921288727724
RS6_S3,RS6,0.31034012061215,0.058675903888036,0.164228826815642
RS6_S3_S7,RS6,0.356143810225275,0.469041994416393,0.613658502108066
RS6_S4_S8,RS6,0.516015147003665,0.206476975192061,0.357167084565249
RS8_S3,RS8,-0.516015147003665,0.0518,0.151377518928363
RSF1_S2,RSF1,-0.344828496997441,0.349901364425323,0.507428142651505
RSF1_S3,RSF1,-0.137503523749935,0.723281569643654,0.815809482156626
RSF1_S6,RSF1,0.176322772640463,0.576957966746058,0.700823838080812
RSRC2_S3,RSRC2,0.0143552929770701,0.964240445667614,0.977909305772258
RT36_S4,RT36,0.176322772640463,0.384228319484805,0.540661821854426
RTKN_S12,RTKN,0.0565835283663675,0.803916569828666,0.87143164106103
RTKN_S3,RTKN,0.613531652917927,0.032246546231275,0.11288094905792
RTKN_S4,RTKN,-0.298658315564515,0.275986818124631,0.431830286029883
RTKN_T1,RTKN,0.37851162325373,0.204134389220794,0.354843811599353
RTN4_S16,RTN4,1.13750352374994,0.0112,0.0605719222462203
RTN4_S2,RTN4,-0.505890929729957,0.110431925586734,0.240977378360943
RTN4_S3,RTN4,-0.432959407276106,0.0511,0.150181220657277
RTN4_S4,RTN4,0.16349873228288,0.229553758336321,0.383646004356609
RU17_S7,RU17,0.485426827170242,0.253705673870729,0.408934024700551
RU17_S8,RU17,-0.485426827170242,0.133271835818144,0.270495973278456
RUBIC_S1,RUBIC,0.344828496997441,0.539023881470035,0.670166732473172
RUBIC_S3,RUBIC,-0.0426443374084937,0.884358596617325,0.929068145974316
RUSD2_S4,RUSD2,-0.321928094887362,0.020638992394005,0.0869302556006535
RWD2B_S3,RWD2B,-0.765534746362977,0.0347,0.118781681476418
RXRA_S17,RXRA,-0.028569152196771,0.850647710593996,0.905236662697563
S10AD_S3,S10AD,0.831877241191673,0.0243,0.0955965435978005
S11IP_S3,S11IP,0.238786859587116,0.247581252478514,0.402231113075651
S11IP_S4,S11IP,0.704871964456353,0.0215,0.0888382838283828
S12A2_S26,S12A2,1.0703893278914,0.00199,0.0216180477223427
S12A7_T6,S12A7,-0.22650852980868,0.279562138362282,0.434797263639226
S13A5_S5,S13A5,-0.650764559116902,0.0957,0.220582252873563
S18B1_S3,S18B1,0.263034405833794,0.412495339066997,0.566431768041547
S19A3_S3,S19A3,-3.10433665981474,0.00968,0.0554600228571429
S20A2_S3,S20A2,-0.37851162325373,0.232127480037617,0.385826226361894
S20A2_S8,S20A2,-0.722466024471091,0.230159014064678,0.383896972603235
S2546_S3,S2546,-0.443606651475615,0.0302,0.109042249459265
S2546_S6,S2546,0.16349873228288,0.471763489943192,0.615950381632855
S2546_S8,S2546,0.389566811762726,0.122012242120705,0.256381151710129
S2546_T13,S2546,-0.0976107966264223,0.612651144057199,0.729131289368773
S26A6_S5,S26A6,-0.584962500721156,0.011784500761031,0.0622046315789474
S27A2_T3,S27A2,-1.99638874644762,0.00469,0.0342883503649635
S28A1_S4,S28A1,-0.411426245726465,0.152610578649622,0.293162170263639
S35C2_S4,S35C2,-0.411426245726465,0.0625,0.171131765992346
S38A1_S1,S38A1,-1.93734439215023,0.107939701913787,0.238645482546217
S38A3_S3,S38A3,-1.0071955014042,0.00353,0.0294147088186356
S38A4_S11,S38A4,-0.137503523749935,0.715512830090868,0.809153846221099
S38A4_S14,S38A4,-1.18903382439002,4.39e-05,0.00274814
S38A4_T12,S38A4,-1.18903382439002,0.0163,0.0750816648846412
S38AA_S1,S38AA,-1.22650852980868,0.00337,0.0282696147403685
S38AA_S3,S38AA,-0.575312330687437,0.0452,0.140248822800496
S38AA_S8,S38AA,-0.722466024471091,0.0657,0.176043659711075
S39AE_S7,S39AE,-0.992768430768924,0.00744,0.0465162546816479
S4A4_S3,S4A4,0.321928094887362,0.0809,0.197684210526316
S4A4_S5,S4A4,-0.389566811762726,0.542090147764873,0.672643077305868
S4A4_S6,S4A4,0.505890929729957,0.0136,0.067301185770751
S4A4_S9,S4A4,0.650764559116902,0.00673,0.0438852083333333
S4A4_T3,S4A4,0.070389327891398,0.819727642369796,0.882648039773799
S61A1_S3,S61A1,-0.137503523749935,0.491077118444728,0.631889570701747
SAFB1_S32,SAFB1,-0.214124805352847,0.274438227247439,0.429898855819573
SAFB1_S38,SAFB1,-0.0565835283663676,0.736872698264767,0.825745910250605
SAFB1_S4,SAFB1,1.11103131238874,0.101140792743865,0.228777366784677
SAFB1_T3,SAFB1,0.0143552929770701,0.961555870383332,0.976571040129736
SAFB2_S32,SAFB2,-0.214124805352847,0.274438227247439,0.429898855819573
SAFB2_S38,SAFB2,-0.0565835283663676,0.736872698264767,0.825745910250605
SAFB2_T3,SAFB2,0.0143552929770701,0.961555870383332,0.976571040129736
SAMD1_S11,SAMD1,0.871843648509318,0.108376590279965,0.238886427870627
SAMH1_S4,SAMH1,1.55581615506164,0.00077,0.0128538666666667
SAMH1_T16,SAMH1,-0.594548549550354,0.224976143414682,0.378461715223624
SAMH1_T7,SAMH1,1.09761079662642,0.00531,0.0372443697478992
SAMN1_S1,SAMN1,0.238786859587116,0.335284352083069,0.493032253036342
SAMN1_S3,SAMN1,-0.22650852980868,0.490141356985614,0.631659268086453
SARG_S3,SARG,1.83187724119167,2.12e-05,0.00215049411764706
SASH1_S1,SASH1,0.422233000683048,0.0213,0.088523153526971
SASH1_S3,SASH1,0.985500430304885,0.000154,0.00528241095890411
SASH3_S1,SASH3,0.0426443374084937,0.929180091103703,0.955902608103399
SASH3_S3,SASH3,0.925999418556223,0.0708,0.184094704049844
SASH3_S4,SASH3,0.545968369105292,0.2414089922285,0.395477995773742
SASH3_S5,SASH3,1.52105073690096,0.00485,0.0349982708933718
SASH3_S6,SASH3,-0.263034405833794,0.378500428936018,0.535287144324474
SASH3_T4,SASH3,-0.31034012061215,0.0517,0.151377518928363
SAV1_S6,SAV1,0.669026765509631,0.00754,0.0469655721393035
SC16A_S1,SC16A,-0.36737106564853,0.0888,0.209967138810198
SC16A_S11,SC16A,-0.84799690655495,0.0309,0.110850429799427
SC16A_S13,SC16A,-0.594548549550354,0.000513,0.0103996774193548
SC16A_S16,SC16A,-0.16349873228288,0.450919504609926,0.598358473525837
SC16A_S17,SC16A,-0.321928094887362,0.000354,0.00867239024390244
SC16A_S2,SC16A,-1.4594316186373,0.0137,0.0674627335299902
SC16A_S28,SC16A,-0.464668267003444,0.0857,0.204179638439581
SC16A_S5,SC16A,0,0.99892044007231,0.999119944853631
SC16B_S15,SC16B,-0.807354922057604,0.0207,0.0869677852348993
SC16B_S2,SC16B,-0.333423733725192,0.209345257137776,0.359904238841738
SC16B_S3,SC16B,-0.565597175854225,1.55e-05,0.00192699130434783
SC16B_S7,SC16B,-0.298658315564515,0.103135409419166,0.231097150054221
SC22B_S4,SC22B,-1.41142624572647,0.0052,0.0365752808988764
SC22B_S9,SC22B,0.604071323668861,0.209818107940214,0.36046966880432
SC24B_S6,SC24B,-0.871843648509318,0.00903,0.0524012050984936
SC31A_S11,SC31A,-1.04264433740849,0.000123,0.00449994202898551
SC31A_S3,SC31A,0.16349873228288,0.850215667284027,0.905151600167346
SC31A_S4,SC31A,0.16349873228288,0.702983976531705,0.799941775612538
SC31A_S5,SC31A,-0.641546029087524,0.0127,0.0650988741044012
SC61B_S1,SC61B,1.18269229751619,0.0396,0.128944603381014
SC61B_S12,SC61B,0.27500704749987,0.41407915325607,0.566896774058611
SC61B_S13,SC61B,0.333423733725192,0.356925474217657,0.513855479250256
SC61B_S16,SC61B,0.650764559116902,0.022775623472174,0.0922072128930052
SC61B_T1,SC61B,-0.516015147003665,0.046859555297893,0.143442941889883
SCAF8_S14,SCAF8,0,0.982837381744833,0.989157879376633
SCAFB_S3,SCAFB,-0.815575428862572,0.000614,0.0113416470588235
SCAFB_S3_S9,SCAFB,-0.37851162325373,0.153257943983557,0.293865731006813
SCAFB_S7,SCAFB,-0.545968369105293,0.0984,0.224606745670009
SCAM3_S18,SCAM3,-0.137503523749935,0.575587447755939,0.699815959786779
SCAM3_S27,SCAM3,0.263034405833794,0.307325985966785,0.463441294104685
SCAM3_Y2,SCAM3,0.464668267003444,0.0671,0.178647953216374
SCFD1_S12,SCFD1,-0.356143810225275,0.00447,0.0331150295857988
SCPDL_S3,SCPDL,-0.443606651475615,0.463197172003028,0.609002740191957
SCRIB_S2,SCRIB,-0.823749360308273,0.127787818790052,0.263783511351655
SCRIB_S3,SCRIB,0.545968369105292,0.243699939119881,0.397799639867133
SCRIB_S31,SCRIB,-0.356143810225275,0.0495,0.148086021505376
SCRIB_S5,SCRIB,-0.214124805352847,0.509832511283212,0.646553865917024
SCRIB_T20,SCRIB,0.0565835283663675,0.758442920252036,0.843219307744074
SCYL2_S3,SCYL2,-0.31034012061215,0.258237588253617,0.41423889877454
SDA1_S6,SDA1,-0.411426245726465,0.131954015145916,0.268737579443167
SDC2_S3,SDC2,1.32768736417605,0.00815,0.0492937198067633
SDCG3_S9,SDCG3,-0.815575428862572,0.0484,0.146760120845921
SDE2_S8,SDE2,-0.31034012061215,0.0526,0.152530862767805
SDPR_S2,SDPR,-0.505890929729957,0.0115,0.0614642475987193
SDPR_S3,SDPR,-0.565597175854225,0.453949124958003,0.601449212103573
SDPR_S7,SDPR,0.22650852980868,0.49084740919112,0.631889570701747
SDPR_S8,SDPR,0.659924558402378,0.1223201480261,0.25663146263708
SDS3_S4,SDS3,0.622930350920177,0.221906088858776,0.374934444333586
SDS3_S4_S6,SDS3,0.214124805352847,0.392402308203044,0.548849393436849
SENP3_S4_S16,SENP3,-0.189033824390017,0.547552078400652,0.676737613186196
SENP6_S4,SENP6,-0.263034405833794,0.283150507271716,0.438471781204933
SENP7_S3,SENP7,0.389566811762726,0.098501878542795,0.224634520829835
SEP10_S8,SEP10,0.176322772640463,0.407570215100209,0.562599679498855
SEP10_S9,SEP10,0.970853654340484,0.000127,0.00457565467625899
SEPT2_S8,SEPT2,-0.286881147788162,0.196759852694052,0.346131880227193
SEPT2_S9,SEPT2,-0.22650852980868,0.073,0.187286885245902
SEPT4_S5,SEPT4,1.0703893278914,0.00026,0.00744045714285714
SEPT4_T4,SEPT4,0.799087306074004,0.0723,0.186577595066804
SEPT5_S3,SEPT5,-0.286881147788162,0.305909425539258,0.461906343540909
SEPT7_S8,SEPT7,1.32192809488736,0.00125,0.0169189189189189
SEPT7_T10,SEPT7,1.49569516262407,0.000877,0.013597572755418
SEPT9_S1,SEPT9,-0.263034405833794,0.176643371373902,0.321683637760182
SEPT9_S12,SEPT9,0.411426245726465,0.362046497970413,0.519077671052097
SEPT9_S5,SEPT9,-0.189033824390017,0.511894927253729,0.64851247044945
SEPT9_S6,SEPT9,0.823749360308273,0.0149,0.0713376673040153
SEPT9_S9,SEPT9,0.903038270112912,0.0228,0.0922313408723748
SERA_T3,SERA,-0.815575428862572,0.00759,0.0471012639405205
SESQ1_S3,SESQ1,0.238786859587116,0.33580828921997,0.493609601530264
SET1A_S3,SET1A,-0.31034012061215,0.34308603200891,0.501071696792249
SET1B_S15,SET1B,0.20163386116965,0.591591001409849,0.712527112809169
SETD2_T3,SETD2,0.0285691521967709,0.872045229447011,0.921156403516269
SETMR_S1,SETMR,-0.400537929583729,0.0383,0.126437969676994
SET_S3,SET,1.03562390973072,0.0275,0.102622950819672
SF3B1_T10,SF3B1,1,0.141739650818981,0.280755028909457
SF3B1_T13,SF3B1,-0.16349873228288,0.482690946210699,0.624306884974995
SF3B1_T4,SF3B1,-0.0976107966264223,0.84928736603854,0.904750293367583
SF3B1_T6,SF3B1,0.903038270112912,0.004921861279996,0.0354147719687068
SF3B1_T8,SF3B1,0.495695162624069,0.104005492628984,0.232526565663371
SFR15_S14,SFR15,-0.454175893185802,0.0254,0.0986071317829457
SFR15_S30,SFR15,-0.748461233004036,0.0537,0.154824179620035
SFR15_T1,SFR15,-0.16349873228288,0.64752834146366,0.757668676179909
SFR15_T14,SFR15,-0.790772037862,0.045,0.139801488833747
SFR15_T25,SFR15,-0.516015147003665,0.178293882359174,0.323808220554191
SFR19_S15,SFR19,-0.22650852980868,0.29070122109965,0.446574145787438
SFR19_S18,SFR19,-0.475084882948783,0.0208,0.0871685355648535
SFR19_S3,SFR19,0.111031312388744,0.718976499695584,0.81223422298116
SFR19_S3_S5,SFR19,0.189033824390017,0.150246977920647,0.291264112948787
SFR19_S3_S9,SFR19,1.4276061727819,0.0725,0.186577595066804
SFR19_Y14,SFR19,-0.475084882948783,0.41291190129138,0.566693012240951
SG223_S9,SG223,0.443606651475615,0.203603429323014,0.354289775555821
SGPP1_S2,SGPP1,-0.704871964456353,0.0301,0.10891676300578
SGPP1_S3,SGPP1,-0.863938450423972,7.56e-05,0.00378327128712871
SGTA_T5,SGTA,-0.632268215499513,0.104079969864011,0.232589240999093
SH24A_S3,SH24A,-0.84799690655495,0.117502647543733,0.251620106021293
SH24A_T1,SH24A,-1.53605290024021,0.028402377197058,0.104973509227208
SH2D3_S16,SH2D3,0.070389327891398,0.697283713171304,0.795566996999444
SH2D3_S3,SH2D3,0.505890929729957,0.0246,0.0963227521501173
SH319_S3,SH319,0.978195629681652,0.00114,0.0159919327731092
SH319_S8,SH319,-0.0143552929770701,0.932318085534822,0.957282047247778
SH3B4_S3,SH3B4,0.238786859587116,0.132953032815875,0.270442237344396
SH3B4_S9,SH3B4,0.505890929729957,0.0342,0.117632967032967
SH3K1_S1,SH3K1,-0.189033824390017,0.338599257881287,0.49661596487702
SH3K1_S11,SH3K1,1.23266075679027,0.00234,0.0229778823529412
SH3K1_S20,SH3K1,0.070389327891398,0.815958608211255,0.879914020224368
SH3K1_S3,SH3K1,0.422233000683048,0.0183,0.0807457268722467
SHAN2_S3,SHAN2,-0.150559676575381,0.680623401791551,0.782677840682454
SHAN2_S4,SHAN2,0.263034405833794,0.413664926142691,0.566794514397427
SHAN3_S1,SHAN3,-0.22650852980868,0.302985531475029,0.459033280038917
SHAN3_S3,SHAN3,-0.150559676575381,0.489803142911995,0.631385878945501
SHAN3_S4,SHAN3,-0.263034405833794,0.507856809567119,0.644701369407385
SHAN3_T11,SHAN3,-0.176322772640463,0.347768171530639,0.505404237674243
SHC1_S3,SHC1,0.485426827170242,0.0753,0.190648331648129
SHE_S3,SHE,0.941106310946431,0.00805,0.0490442822384428
SHIP1_S5,SHIP1,1.15055967657538,0.134040795675248,0.271216289644163
SHIP1_S7,SHIP1,-0.263034405833794,0.409171583847977,0.56387762573216
SHOT1_S1,SHOT1,-0.516015147003665,0.018,0.0797734513274336
SHOT1_S3,SHOT1,-0.263034405833794,0.232006525556216,0.385753213806617
SHOT1_S7,SHOT1,0.575312330687437,0.0378,0.1252
SHOT1_S9,SHOT1,-0.400537929583729,0.0755,0.190768920282543
SHOT1_T11,SHOT1,0,0.989278251826069,0.992846790610211
SHRM1_S24,SHRM1,-0.782408564927373,0.00131,0.0172599477806788
SHRM1_S3,SHRM1,-0.815575428862572,0.24001972208915,0.393717251301167
SHRM2_S3,SHRM2,-1.43295940727611,0.00127,0.0170972043010753
SHRM2_S5,SHRM2,-0.454175893185802,0.105915136150163,0.235220843388034
SHRM2_S6,SHRM2,0.443606651475615,0.0876,0.20781657981999
SHRM3_S1,SHRM3,-0.20163386116965,0.674327398608047,0.777906231753736
SHRM3_S3,SHRM3,0.333423733725192,0.0537,0.154824179620035
SHRM3_S5,SHRM3,-0.526068811667588,0.0137,0.0674627335299902
SHRM4_S3,SHRM4,0.238786859587116,0.402804549329082,0.558948512895551
SI1L1_S1,SI1L1,-0.495695162624069,0.132264218723155,0.269259840392504
SI1L1_S2,SI1L1,-0.028569152196771,0.833877694523405,0.892701901276873
SI1L1_S3,SI1L1,-0.356143810225275,0.0706,0.18402577962578
SI1L1_S4,SI1L1,0.321928094887362,0.179839114711081,0.325608924972196
SI1L1_S6,SI1L1,0,0.97888799287565,0.986968203809393
SI1L2_T1,SI1L2,0.0143552929770701,0.934509914280563,0.958432449460795
SI1L3_S3,SI1L3,0.16349873228288,0.539913514044701,0.67086581221109
SIGL7_S4,SIGL7,-0.31034012061215,0.085543371405563,0.204097762743716
SIK1_S3,SIK1,0.443606651475615,0.179738645458222,0.325604406337767
SIK2_S1,SIK2,0.443606651475615,0.175419266501057,0.320386464856781
SIK2_S3,SIK2,0.0426443374084937,0.7750601668068,0.853827830041455
SIK3_S3,SIK3,-0.16349873228288,0.630827412729764,0.744563677339302
SIN1_S3,SIN1,-0.20163386116965,0.324487952428086,0.481320250612023
SIN3A_S1,SIN3A,-0.722466024471091,0.11901108665604,0.252867001261539
SIPA1_S3,SIPA1,0.344828496997441,0.0506,0.149620271066588
SIR6_T10,SIR6,-0.0426443374084937,0.733104020660109,0.82354978363971
SKAP2_S4,SKAP2,-0.22650852980868,0.104481501171397,0.233075095066033
SKAP2_T6,SKAP2,-0.36737106564853,0.410893582475622,0.565024891863156
SKIV2_S2,SKIV2,-0.263034405833794,0.221213765001381,0.37402451203076
SKIV2_S3,SKIV2,-0.27500704749987,0.0528,0.152933718912666
SKP1_T3,SKP1,1.17632277264046,0.00141,0.0179579797979798
SKT_S11,SKT,0.0426443374084937,0.804689692934244,0.871703651787734
SKT_S3,SKT,-0.516015147003665,0.21629842148805,0.368944991421034
SL9A1_S14,SL9A1,0.495695162624069,0.0274,0.102326025354213
SL9A1_S20,SL9A1,0.505890929729957,0.0205,0.0864903117101938
SL9A1_S3,SL9A1,-0.176322772640463,0.472020490387298,0.615950381632855
SLK_S3,SLK,0.250961573533219,0.423624567807601,0.57438141781698
SLK_S6,SLK,1.75702324650746,3.99e-05,0.00261456623376623
SLTM_S1,SLTM,0.321928094887362,0.264339990051852,0.420125252357878
SLTM_S10,SLTM,0.669026765509631,0.00294,0.0264336086175943
SLTM_S5,SLTM,0.823749360308273,0.00224,0.0225259437751004
SLTM_S9,SLTM,-0.137503523749935,0.552585941634777,0.68060704922331
SMAG1_S3,SMAG1,-0.0840642647884746,0.706674818531415,0.802682579089437
SMAG1_S4,SMAG1,-0.0976107966264223,0.692312454788227,0.791394835329706
SMAG1_Y1,SMAG1,-1.06350294230616,0.0136,0.067301185770751
SMAG2_S13,SMAG2,-0.176322772640463,0.126355571584203,0.261915853681162
SMAG2_S8,SMAG2,-0.214124805352847,0.252220846847343,0.407064776349176
SMAP2_S14,SMAP2,0.0285691521967709,0.909663529729399,0.944164757903592
SMAP2_T7,SMAP2,-0.0565835283663676,0.730732977260447,0.821439001149342
SMAP_S3,SMAP,0.454175893185802,0.0302,0.109042249459265
SMC3_S16,SMC3,-0.286881147788162,0.557644354641363,0.685106119713396
SMC3_S4,SMC3,-0.37851162325373,0.0749,0.190369994931576
SMC3_S9,SMC3,0.790772037862,0.00371,0.0302431168831169
SMC5_S3,SMC5,-0.111031312388744,0.57792327894068,0.701633886287255
SMG1_T8,SMG1,-0.0143552929770701,0.924876121615007,0.953633946701947
SMG8_S3,SMG8,-0.641546029087524,0.151013069527135,0.291264112948787
SMIM1_S9,SMIM1,-0.773996325111173,0.00359,0.0296526315789474
SMRC1_S3_S5,SMRC1,-0.0565835283663676,0.755884655928932,0.841028739589445
SMRC2_S3,SMRC2,0.650764559116902,0.042,0.133886696371738
SMRC2_S3_S5,SMRC2,0.189033824390017,0.501104118340845,0.63920769858659
SMRC2_S8,SMRC2,-0.0426443374084937,0.783310769278201,0.857958611951755
SMRCD_S3,SMRCD,0.27500704749987,0.421281739090785,0.57253160091361
SMTN_S1,SMTN,0.823749360308273,0.014747186136247,0.0711309021113244
SMTN_S3,SMTN,-0.189033824390017,0.653342767953743,0.76144765694958
SNAA_S4,SNAA,-0.925999418556223,0.169429705716246,0.312754871443774
SND1_S12,SND1,-0.31034012061215,0.049,0.147382582582583
SND1_S13,SND1,-0.16349873228288,0.298745005089886,0.455161236839108
SNIP1_S2,SNIP1,-0.298658315564515,0.545845578681371,0.675628931793452
SNIP1_S5,SNIP1,-0.137503523749935,0.397737321709306,0.553780142738251
SNIP1_S8,SNIP1,0.839959587489532,0.0479,0.145560194174757
SNP23_S10,SNP23,-0.0976107966264223,0.575477951806833,0.699815959786779
SNP29_Y1,SNP29,-0.150559676575381,0.828580750714103,0.888825324703054
SNRK_S4,SNRK,0.622930350920177,0.0926,0.215292850510678
SNTA1_S3,SNTA1,1.99276843076892,0.00063,0.0114675942028985
SNTB1_S10,SNTB1,-0.565597175854225,0.0103,0.0576339664804469
SNTB1_S16,SNTB1,-0.748461233004036,0.018,0.0797734513274336
SNTB1_S17,SNTB1,-0.739848102699327,0.00596,0.0404440108401084
SNTB1_S3,SNTB1,-0.31034012061215,0.0748,0.190248044692737
SNTB1_S4,SNTB1,-0.298658315564515,0.327888220890108,0.485243560939025
SNTB1_T12,SNTB1,0.111031312388744,0.170473836065058,0.314103374177267
SNTB2_S1,SNTB2,0.565597175854225,0.405406491629945,0.561314821698304
SNTB2_S17,SNTB2,0.422233000683048,0.0655,0.175601713062098
SNTB2_S21,SNTB2,-0.150559676575381,0.38227219245056,0.539272997124621
SNTB2_S6,SNTB2,0.150559676575381,0.143733786328913,0.283396095558484
SNTB2_S9,SNTB2,2.90689059560852,0.012631780917905,0.0648820090634546
SNW1_S4,SNW1,-0.0143552929770701,0.916508791357315,0.948321493206081
SNW1_S4_S12,SNW1,-0.176322772640463,0.062133432177485,0.170688002383349
SNX12_Y1,SNX12,-0.970853654340484,0.0698,0.183398950682057
SNX16_S3,SNX16,0.422233000683048,0.155328336998156,0.295661083879424
SNX17_S3,SNX17,0.933572638261024,0.111071700440028,0.241846554697244
SNX17_S4,SNX17,-0.321928094887362,0.391578505677216,0.548078579215064
SNX17_S9,SNX17,-0.344828496997441,0.0355,0.12020554428668
SNX27_S1,SNX27,-0.475084882948783,0.701131600826298,0.798446291784368
SNX2_S1,SNX2,0.6959938131099,0.0407,0.131230828516378
SNX2_S3,SNX2,-0.604071323668861,0.0255,0.0988421052631579
SNX2_T13,SNX2,-0.722466024471091,0.00705,0.0453227214377407
SNX3_S3,SNX3,-0.925999418556223,0.293479506540671,0.449876145930726
SNX3_Y1,SNX3,-0.505890929729957,0.261482102758439,0.417550605398982
SNX5_S1,SNX5,-0.495695162624069,0.095728723969879,0.220582252873563
SNX9_S4,SNX9,-0.356143810225275,0.155837861655561,0.295956014854399
SO1B1_S2,SO1B1,-0.918386234446348,0.00884,0.0517766355140187
SO1B1_S5,SO1B1,-1.63691458035588,0.073588501913666,0.188343791517629
SO1B1_S9,SO1B1,-0.75702324650746,0.123675677310041,0.258484671654605
SO1B3_S2,SO1B3,-4.43829285157915,0.00834,0.0500200956937799
SO1B3_S3,SO1B3,-2.82781902461732,7.47e-09,3.740976e-05
SO2B1_S1,SO2B1,-1.91073266190291,2.38e-07,0.000215344
SO2B1_S2,SO2B1,-0.20163386116965,0.0016,0.0189838139534884
SO2B1_S7,SO2B1,-0.941106310946431,0.0112,0.0605719222462203
SO2B1_S8,SO2B1,-0.970853654340484,0.00186,0.0207458351893096
SO2B1_T5,SO2B1,-0.985500430304885,0.000598,0.0112585864661654
SODE_S6,SODE,0.137503523749935,0.476426527372603,0.619046308445681
SON_S1,SON,0.16349873228288,0.37460336948523,0.531749907704658
SON_S3,SON,1.35614381022528,0.00429,0.0324313253012048
SON_S4,SON,-0.070389327891398,0.568440915627282,0.694329781819861
SON_S5,SON,-0.739848102699327,0.0116,0.0618008510638298
SON_S6,SON,-0.31034012061215,0.0137,0.0674627335299902
SOS1_S15,SOS1,-0.150559676575381,0.693569205336058,0.792108228123826
SOS1_S3,SOS1,-0.16349873228288,0.357222786769819,0.514064477969146
SOX13_S5,SOX13,-0.028569152196771,0.910468158253062,0.944412704335405
SOX5_S4,SOX5,0.070389327891398,0.64730082637615,0.75757946681275
SP100_S12,SP100,-0.321928094887362,0.409037369119538,0.563847823988617
SP100_S15,SP100,-0.124328135002202,0.474121159678841,0.617047496796163
SP100_S6,SP100,-0.22650852980868,0.251458875242814,0.405965843718895
SP110_S3,SP110,1.55581615506164,0.00462,0.0338754904831625
SP110_S7,SP110,0.20163386116965,0.317743026753211,0.475002112829875
SP110_S8,SP110,0.22650852980868,0.469260793346082,0.613752429636244
SP4_S16,SP4,0.238786859587116,0.787575113145542,0.860234714641848
SPAT2_S1,SPAT2,-0.333423733725192,0.0616,0.169594722374931
SPD2A_S3,SPD2A,0.389566811762726,0.228862307788124,0.382765925103416
SPE39_S5,SPE39,-0.37851162325373,0.0848,0.202904156712852
SPE39_T13,SPE39,-0.575312330687437,0.0896,0.210962294311236
SPF45_S1,SPF45,-0.150559676575381,0.218723300034796,0.371343593510477
SPF45_S16,SPF45,0,0.981935878797628,0.98864794552041
SPF45_S6,SPF45,-0.070389327891398,0.594090859262352,0.714506970025422
SPN90_T5,SPN90,0.333423733725192,0.132528987564389,0.269689219716562
SPP24_S3,SPP24,0.505890929729957,0.100327311109503,0.227409490138673
SPS2L_S2,SPS2L,-0.400537929583729,0.0168,0.0766251366120219
SPS2_S22,SPS2,-0.505890929729957,0.00393,0.0308955076923077
SPS2_S3,SPS2,0.22650852980868,0.277721380538164,0.433290984446894
SPT13_S7,SPT13,-0.333423733725192,0.405134424121596,0.561093251106458
SPT5H_S14,SPT5H,-0.650764559116902,0.084,0.202538276360135
SPT6H_T3,SPT6H,0.111031312388744,0.482057880965864,0.623971534731726
SPTB1_T1,SPTB1,0.910732661902913,0.00446,0.0331150295857988
SPTB2_S13,SPTB2,0.985500430304885,6.12e-05,0.00333140869565217
SPTB2_S15,SPTB2,-0.0426443374084937,0.800882188597212,0.86983691184013
SPTB2_S2,SPTB2,0.286881147788162,0.573519690327011,0.698828858675832
SPTB2_S20,SPTB2,0.16349873228288,0.669565875776455,0.774407830459235
SPTB2_S2_S6,SPTB2,0.0565835283663675,0.61567186831136,0.732023911800401
SPTB2_S3,SPTB2,0.632268215499513,0.000792,0.0130305242718447
SPTB2_S30,SPTB2,-0.238786859587116,0.236722881548733,0.390886297559864
SPTB2_S3_S7,SPTB2,0.16349873228288,0.419045363478009,0.57104195382255
SPTB2_S4,SPTB2,0.250961573533219,0.294117812868581,0.45057877236031
SPTB2_S7,SPTB2,-0.286881147788162,0.0897,0.211098496240602
SPTB2_T27,SPTB2,0.75702324650746,0.0112,0.0605719222462203
SPTB2_T3,SPTB2,-0.286881147788162,0.56686674682676,0.693174435946264
SPTN1_S1,SPTN1,-0.807354922057604,0.00111,0.0157475354107649
SPTN1_S2,SPTN1,0.16349873228288,0.734240278668129,0.823858948461534
SPTN1_S3,SPTN1,0.565597175854225,0.000208,0.00631311515151515
SPTN1_S4,SPTN1,-0.298658315564515,0.153400522896318,0.293865731006813
SPTN1_S6,SPTN1,0.0285691521967709,0.874251080035815,0.922707989213775
SPTN1_S7,SPTN1,0.422233000683048,0.0168,0.0766251366120219
SPTN1_S8,SPTN1,0.632268215499513,0.05,0.148870392390012
SPTN1_S9,SPTN1,0.765534746362977,0.000317,0.00831170680628272
SQRD_S17,SQRD,0.594548549550354,0.43662392302294,0.584812144022167
SQRD_T16,SQRD,-0.27500704749987,0.180292900248556,0.32595914961905
SQSTM_S10,SQSTM,-0.495695162624069,0.000986,0.0146960952380952
SQSTM_S11,SQSTM,-0.238786859587116,0.402640368254466,0.558909119033555
SQSTM_S13,SQSTM,-0.22650852980868,0.754088806105799,0.839217053550631
SQSTM_S14,SQSTM,0.0285691521967709,0.927751587400391,0.955233115354456
SQSTM_S17,SQSTM,-0.722466024471091,0.188409916668721,0.335676515014114
SQSTM_S21,SQSTM,-0.286881147788162,0.348893841834713,0.506599118558493
SQSTM_S3,SQSTM,0.250961573533219,0.182004263629687,0.327751654893014
SQSTM_S5,SQSTM,-0.344828496997441,0.0549,0.157197941680961
SQSTM_S7,SQSTM,-0.137503523749935,0.753259452189381,0.838480403770709
SQSTM_S9,SQSTM,-0.137503523749935,0.390846743504781,0.547666617647438
SQSTM_T4,SQSTM,0.20163386116965,0.273490724361104,0.429489353277018
SQSTM_Y9,SQSTM,0.124328135002202,0.780687519696414,0.857574709067699
SR140_S6,SR140,0.903038270112912,0.008,0.0487990255785627
SRBS1_S12,SRBS1,-0.389566811762726,0.239147750507369,0.393009985443768
SRBS1_S13,SRBS1,-0.070389327891398,0.604313805406412,0.722809538446456
SRBS1_S14,SRBS1,-0.16349873228288,0.58933989029738,0.710841563248863
SRBS1_S15,SRBS1,0.137503523749935,0.769579858302965,0.849098023877781
SRBS1_S16,SRBS1,-0.111031312388744,0.510457501445856,0.647018771764325
SRBS1_S2,SRBS1,1.18269229751619,0.00167,0.0193149191685912
SRBS1_S3,SRBS1,0.992768430768924,0.00291,0.026305559566787
SRBS1_S3_S7,SRBS1,1.89917563048051,0.0438,0.137523761755486
SRBS1_S4,SRBS1,0.948600847493356,0.0126,0.0647852156057495
SRBS1_T10,SRBS1,0.333423733725192,0.1948976719842,0.343678711724251
SRBS1_T11,SRBS1,-0.0426443374084937,0.772421676653328,0.851483107347538
SRBS1_T14,SRBS1,-0.0565835283663676,0.768905172990168,0.848727596723553
SRBS1_T15,SRBS1,-0.0426443374084937,0.713707380804087,0.808383530487791
SRBS1_T7,SRBS1,0.948600847493356,0.000825,0.0130746835443038
SRBS2_S1,SRBS2,-0.475084882948783,0.112773457529859,0.244164445550902
SRBS2_S11,SRBS2,0.400537929583729,0.109010253738793,0.239335094574255
SRBS2_S13,SRBS2,-0.6959938131099,0.0026,0.0243379439252336
SRBS2_S15,SRBS2,-0.575312330687437,0.0129,0.0655870050761421
SRBS2_S2,SRBS2,-0.263034405833794,0.141332268058112,0.28056304893638
SRBS2_S3,SRBS2,0.565597175854225,0.0743,0.189774160732452
SRBS2_S4,SRBS2,0.613531652917927,0.0607,0.168226674045379
SRBS2_S6,SRBS2,-0.137503523749935,0.705828782767617,0.802085442273707
SRC8_S2,SRC8,-0.903038270112912,0.0444,0.138539065420561
SRC8_S20,SRC8,-0.333423733725192,0.554099174978883,0.681952329252471
SRC8_S22,SRC8,-0.250961573533219,0.317299819545029,0.47476471355886
SRC8_S3,SRC8,1.33342373372519,0.00196,0.0215256140350877
SRC8_S4,SRC8,-0.124328135002202,0.67919465615967,0.781638064283538
SRC8_S6,SRC8,0.37851162325373,0.222198484142217,0.375175323190904
SRC8_S7,SRC8,-0.137503523749935,0.387300468032584,0.543773266100384
SRC8_T13,SRC8,-0.400537929583729,0.278198638812395,0.433489610746138
SRC8_T15,SRC8,0.124328135002202,0.766394341262317,0.846799694239898
SRC8_T3,SRC8,0.22650852980868,0.229682898001287,0.38367309979668
SRC8_T3_S7,SRC8,0.111031312388744,0.725912233007657,0.817587799404413
SRC8_T5,SRC8,0.333423733725192,0.11723271567505,0.251435306252955
SRC8_T5_S21,SRC8,0.400537929583729,0.133422523310987,0.270495973278456
SRC8_T5_S9,SRC8,0.333423733725192,0.2429445338493,0.396954722844142
SRCAP_S19,SRCAP,0.422233000683048,0.167869424146814,0.310676303077326
SRCAP_S5,SRCAP,-0.137503523749935,0.609086318398795,0.727637042985589
SRCH_S12,SRCH,0.855989697308481,0.129820511066371,0.266451278450978
SRCN1_S11,SRCN1,-0.238786859587116,0.288005415831622,0.443521255376618
SRCN1_S19,SRCN1,-0.028569152196771,0.894969989706603,0.935950438182015
SRCN1_S3,SRCN1,-0.22650852980868,0.270030376628297,0.425389155757946
SRCN1_S7,SRCN1,-0.400537929583729,0.344454361563615,0.502337636199937
SRC_S1,SRC,-0.22650852980868,0.653136750506173,0.76144765694958
SREC2_S22,SREC2,-0.0143552929770701,0.938900330099053,0.961753498289233
SREC2_S3,SREC2,0.53605290024021,0.0129,0.0655870050761421
SREC2_S3_S14,SREC2,0.298658315564515,0.086762453875288,0.206514433938898
SREC_S3,SREC,0.0143552929770701,0.890431522398139,0.932782435371738
SREC_S5,SREC,0.0565835283663675,0.80414841269768,0.871494319582338
SRG2B_S4,SRG2B,0.070389327891398,0.54807380529087,0.676881286534322
SRG2C_S4,SRG2C,0.070389327891398,0.54807380529087,0.676881286534322
SRGP2_S4,SRGP2,0.070389327891398,0.54807380529087,0.676881286534322
SRRM1_S1,SRRM1,0.0285691521967709,0.930687838577639,0.956443045989971
SRRM1_S1_S3,SRRM1,0.16349873228288,0.746464472342322,0.834254424791419
SRRM1_S2,SRRM1,1.4905701304462,0.0929,0.215789981447124
SRRM1_S3,SRRM1,-0.356143810225275,0.00456,0.0335337444933921
SRRM1_S3_S5,SRRM1,-0.0143552929770701,0.925027318356322,0.953633946701947
SRRM1_S4,SRRM1,1.11103131238874,0.00241,0.023344835589942
SRRM1_S4_T8,SRRM1,0.20163386116965,0.155435711745005,0.295753056390192
SRRM1_S5,SRRM1,-0.765534746362977,0.014,0.0686027397260274
SRRM1_S7,SRRM1,0.411426245726465,0.156827738070515,0.296823123195113
SRRM1_T1,SRRM1,0.263034405833794,0.232971733846161,0.38661552270166
SRRM1_T1_S3,SRRM1,0.432959407276106,0.0458,0.141322489217498
SRRM1_T3,SRRM1,-0.20163386116965,0.047037176805112,0.143723112532032
SRRM1_Y2,SRRM1,0.176322772640463,0.448616571883626,0.596725575562603
SRRM2_S1,SRRM2,-0.933572638261024,0.0575,0.161593714927048
SRRM2_S10,SRRM2,-0.422233000683048,0.00984,0.056062252559727
SRRM2_S11,SRRM2,-0.124328135002202,0.392318903540997,0.548849393436849
SRRM2_S11_T20,SRRM2,-0.389566811762726,0.363058200202045,0.519930073380567
SRRM2_S12,SRRM2,0.22650852980868,0.011,0.0603373493975904
SRRM2_S14,SRRM2,-0.238786859587116,0.426254636742995,0.576941411029438
SRRM2_S19,SRRM2,-0.400537929583729,0.0103,0.0576339664804469
SRRM2_S2,SRRM2,-0.565597175854225,0.000548,0.0108046614173228
SRRM2_S20,SRRM2,-0.879705766282288,0.012716281074225,0.0651156805927595
SRRM2_S3,SRRM2,-0.7311832415722,7.53e-08,0.0001257008
SRRM2_S3_T5,SRRM2,0.687060688339892,0.360406377761534,0.517167661842339
SRRM2_S4,SRRM2,-0.250961573533219,0.169290615772807,0.312613349480169
SRRM2_S4_S25,SRRM2,-0.422233000683048,0.0389,0.127244415414762
SRRM2_S5,SRRM2,-0.22650852980868,0.302750723486204,0.459029858679658
SRRM2_S5_S11,SRRM2,-0.0565835283663676,0.523200564412777,0.657347824028898
SRRM2_S5_S14,SRRM2,0.0143552929770701,0.922131367376473,0.951779449262444
SRRM2_S6,SRRM2,-0.356143810225275,0.0203,0.0859360946745562
SRRM2_S6_T15,SRRM2,0.0143552929770701,0.95226692683916,0.970865258311426
SRRM2_S7,SRRM2,-0.432959407276106,0.206275488253146,0.356954956866536
SRRM2_S8,SRRM2,-0.111031312388744,0.416210713953877,0.568881892871456
SRRM2_T15,SRRM2,-0.214124805352847,0.092091496599769,0.214608755221798
SRRM2_T3,SRRM2,0.575312330687437,0.00843,0.050258644470868
SRRM2_T3_S12,SRRM2,-0.0565835283663676,0.713816463786671,0.808383530487791
SRRM2_T3_S14,SRRM2,0.0143552929770701,0.930804565703519,0.956443045989971
SRRM2_T5,SRRM2,1.01435529297707,4.21e-06,0.00117131555555556
SRRM2_T7,SRRM2,0.214124805352847,0.515531037806357,0.651303577388379
SRRT_S4,SRRT,0.137503523749935,0.460911964114441,0.60711391801292
SRRT_T10,SRRT,-0.321928094887362,0.0555,0.158102389078498
SRS10_S1,SRS10,-0.669026765509631,0.00787,0.0481232722832723
SRS11_S10,SRS11,0.0143552929770701,0.906209828894565,0.941360469426256
SRS11_S11,SRS11,0.0426443374084937,0.917443976607339,0.948897033219652
SRSF1_S6,SRSF1,-0.20163386116965,0.42601784156458,0.576776791174754
SRSF1_S8,SRSF1,0.22650852980868,0.563632102381939,0.69047690037396
SRSF2_S1_S3,SRSF2,0.545968369105292,0.245087054987158,0.39954295943219
SRSF2_S2,SRSF2,1.23266075679027,0.0303,0.109324495677233
SRSF2_S3,SRSF2,0.432959407276106,0.0847,0.202904156712852
SRSF2_S9,SRSF2,1.25701061820602,0.00015,0.00518068965517241
SRSF2_T1,SRSF2,0.516015147003665,0.138968618130566,0.277937236261132
SRSF4_S8,SRSF4,1,0.210551310729227,0.361109919223277
SRSF6_S1,SRSF6,-0.400537929583729,0.0636,0.172633495934959
SRSF6_S3,SRSF6,-0.321928094887362,0.072270914330425,0.186577595066804
SRSF9_S2,SRSF9,-0.22650852980868,0.243134826715487,0.397136077035603
SRSF9_S2_S7,SRSF9,-0.933572638261024,0.033,0.114528066528067
SRSF9_S4,SRSF9,0.0426443374084937,0.923358549894592,0.952849704898437
SRSF9_S7,SRSF9,-0.799087306074004,0.179345744996984,0.325068219668801
SRSF9_T2,SRSF9,0.0840642647884745,0.688872697107423,0.788002390843758
SSF1_S4,SSF1,-0.263034405833794,0.0369,0.12327898599066
SSFA2_S1,SSFA2,-0.84799690655495,0.000616,0.0113416470588235
SSFA2_S3,SSFA2,-0.613531652917927,0.0745,0.189774160732452
SSFA2_S5,SSFA2,-0.871843648509318,0.002,0.0216474838709677
SSFA2_S6,SSFA2,-0.286881147788162,0.194375119021081,0.343110084332924
SSFA2_T6,SSFA2,-0.669026765509631,0.265566215044992,0.421543284880678
SSH1_S2,SSH1,0.871843648509318,0.155771606561012,0.295956014854399
SSH1_S3,SSH1,0.367371065648529,0.403466505914021,0.559250091090439
SSH2_S3,SSH2,-0.432959407276106,0.0487,0.14683299217339
SSH3_S1,SSH3,-0.176322772640463,0.42439755230586,0.574893952379699
SSH3_S3,SSH3,0.925999418556223,0.298109975251813,0.454461769885052
SSRA_S28,SSRA,0.20163386116965,0.291592151378282,0.447805425974375
SSRA_T20,SSRA,0.238786859587116,0.263596757644778,0.41921707658863
SSRG_S3,SSRG,-0.526068811667588,0.088233889103275,0.208924499588275
SSRP1_S13,SSRP1,-0.22650852980868,0.459380712455467,0.606053374071912
SSRP1_S3,SSRP1,0.823749360308273,0.278300631542157,0.433508417655715
ST2A1_S2,ST2A1,-1.83187724119167,0.0604,0.167580720221607
ST2A1_S5,ST2A1,-1.39506279951758,0.00355,0.0294832504145937
ST38L_S5,ST38L,-1.07724299893246,0.051,0.150151675485009
ST38L_T6,ST38L,-0.432959407276106,0.37934430364468,0.53619990760727
STA13_S3,STA13,-0.189033824390017,0.320828970173973,0.477903474905192
STA5A_Y5,STA5A,0.978195629681652,0.00129,0.01722752
STA5B_S7,STA5B,-0.594548549550354,0.0704,0.183722355393434
STA5B_Y5,STA5B,0.978195629681652,0.00129,0.01722752
STAB2_S9,STAB2,-1.86393845042397,0.00207,0.0218243368421053
STAR8_S3,STAR8,-1.37295209791183,0.142321036024885,0.281383240589271
STAT3_S18,STAT3,-0.321928094887362,0.0076,0.0471049504950495
STAT3_S20,STAT3,-0.286881147788162,0.395824231609755,0.551708252686238
STAT3_T5,STAT3,0.565597175854225,0.0631,0.171835127786841
STAT3_Y20,STAT3,-0.111031312388744,0.672769148001218,0.777215200274533
STBD1_S11,STBD1,0.070389327891398,0.912509311269949,0.945550720223444
STBD1_S2,STBD1,-0.250961573533219,0.416444668521936,0.569046357423699
STBD1_S3,STBD1,1.32192809488736,0.0151,0.0716784834123223
STBD1_S6,STBD1,0.6959938131099,0.261829285035676,0.417592694095116
STEA3_S5,STEA3,0.6959938131099,0.183824830132624,0.33019897751226
STEA3_T3,STEA3,-1.55090066464752,0.016,0.074330241187384
STIM1_S17,STIM1,-0.0143552929770701,0.955793434994654,0.972691225859221
STIM1_S3,STIM1,0.124328135002202,0.475344033880538,0.618157081712213
STIM1_S4,STIM1,0.970853654340484,0.000681,0.0119664842105263
STIM1_S6,STIM1,-0.176322772640463,0.520530852943268,0.654814999130843
STIM1_S7,STIM1,0.0426443374084937,0.852388299264762,0.906306162704947
STIM2_S3,STIM2,0.250961573533219,0.427070819525313,0.577889938984806
STK10_S10,STK10,1.16992500144231,0.000123,0.00449994202898551
STK10_S11,STK10,0.925999418556223,0.092,0.214608755221798
STK10_S4,STK10,0.495695162624069,0.0798,0.195901176470588
STK10_S4_S8,STK10,-0.176322772640463,0.447614762943823,0.595709469259279
STK10_S8,STK10,-0.0426443374084937,0.716433968006008,0.809727219989638
STK24_T3,STK24,-1.10433665981474,0.0398,0.129082170542636
STK25_T3,STK25,-1.10433665981474,0.0398,0.129082170542636
STML2_S4,STML2,-0.0976107966264223,0.651431139775172,0.760458542655958
STML2_T2,STML2,-1.11769504266975,0.00852,0.050554691943128
STML2_T4,STML2,0.111031312388744,0.661856930659385,0.768687270116466
STML2_T6,STML2,0.111031312388744,0.576687237598343,0.700812833266805
STMN1_S11,STMN1,0.389566811762726,0.0462,0.14220626920713
STMN1_S2,STMN1,0.0143552929770701,0.985657979306389,0.990603082553963
STMN1_S3,STMN1,-0.333423733725192,0.198469607377645,0.348260614487472
STON1_S10,STON1,1.21412480535285,0.00238,0.0232339961013645
STRN3_S11,STRN3,-0.238786859587116,0.432850934546941,0.581083532829669
STRP1_S3,STRP1,-0.189033824390017,0.117741256381595,0.251878774865027
STT3B_S8,STT3B,-0.55581615506164,0.158699551301434,0.29893683618631
STT3B_Y3_Y5,STT3B,-0.443606651475615,0.460214311513526,0.606514018963089
STX10_S3,STX10,-0.495695162624069,0.0772,0.192826733167082
STX12_S3,STX12,0.31034012061215,0.410805144538811,0.565024891863156
STX17_S4,STX17,1.03562390973072,0.0026,0.0243379439252336
STX4_Y13,STX4,-0.985500430304885,0.000347,0.00864565174129353
STXB5_S3,STXB5,0.263034405833794,0.429405305346349,0.579951933434335
SUCO_S3,SUCO,0.0143552929770701,0.886006689350622,0.930135174915198
SUFU_S3,SUFU,0.432959407276106,0.0015,0.0185024630541872
SUN2_S13,SUN2,-0.475084882948783,0.0154,0.0723482176360225
SUN2_S20,SUN2,-0.0143552929770701,0.975476147397399,0.984320883773156
SUN2_S3,SUN2,0.367371065648529,0.269181289390449,0.424585794414919
SURF6_S3,SURF6,-0.594548549550354,0.00115,0.0160871508379888
SUV3_S6,SUV3,-0.150559676575381,0.654679380484268,0.762827905413033
SVIL_S10,SVIL,0.0285691521967709,0.952475053549092,0.970865258311426
SVIL_S2,SVIL,0.150559676575381,0.135082487067496,0.272230621824555
SVIL_S3,SVIL,-0.485426827170242,0.0299,0.108349638205499
SVIL_S5,SVIL,-0.176322772640463,0.456122427001047,0.603184873097767
SVIL_S6,SVIL,-0.124328135002202,0.433216297864168,0.581336339684821
SVIL_T3,SVIL,-0.604071323668861,0.00585,0.0398054347826087
SWAHB_S14,SWAHB,-0.823749360308273,0.0323,0.11288094905792
SYAP1_T14,SYAP1,-0.887525270741588,0.000759,0.0127552751677852
SYCC_S6,SYCC,0,0.995153443281722,0.996758609180007
SYEP_S10,SYEP,-0.516015147003665,0.153765138874539,0.293865731006813
SYEP_S12,SYEP,0.214124805352847,0.601216246094424,0.71996436165492
SYEP_S15,SYEP,-0.137503523749935,0.524602604062231,0.658613647817411
SYEP_S16,SYEP,-0.454175893185802,0.193777415411761,0.342546771289257
SYFA_S3,SYFA,-0.604071323668861,0.0442,0.138259587757651
SYHM_S3,SYHM,-0.495695162624069,0.023373734016917,0.093494936067668
SYJ2B_S3,SYJ2B,0.111031312388744,0.477552716025762,0.620063262083748
SYMC_S2,SYMC,0.22650852980868,0.430871330809828,0.580430182716142
SYMPK_S11,SYMPK,-0.16349873228288,0.162758166817804,0.304821577944489
SYNE1_S3,SYNE1,0.799087306074004,0.138035794530168,0.276956433897068
SYNE1_T3,SYNE1,0.925999418556223,0.000198,0.00618271604938272
SYNE2_S3,SYNE2,0.150559676575381,0.370009483318768,0.526721856867649
SYNEM_S3,SYNEM,1.36176835941915,0.00199,0.0216180477223427
SYNEM_T4,SYNEM,1.52606881166759,0.117928088289341,0.252063109753743
SYNJ1_S1,SYNJ1,-0.176322772640463,0.344198827948683,0.502111194397613
SYNJ1_T7,SYNJ1,0.111031312388744,0.792383866408324,0.862852446830373
SYNJ2_S4,SYNJ2,0.669026765509631,0.214242170980383,0.366310956732591
SYNP2_S11,SYNP2,0.443606651475615,0.0958,0.220582252873563
SYNP2_S12,SYNP2,0.070389327891398,0.778700641207008,0.856024744307434
SYNP2_S15,SYNP2,0.250961573533219,0.144278037411746,0.283573159873636
SYNP2_S16,SYNP2,-0.422233000683048,0.264514833646588,0.420255236498419
SYNP2_S17,SYNP2,1.79493566280354,0.00128,0.0171856300268097
SYNP2_S3,SYNP2,1.60880924267552,1.72e-05,0.00192699130434783
SYNP2_S3_S7,SYNP2,0.150559676575381,0.30027884050834,0.456387384906151
SYNP2_S4,SYNP2,0.871843648509318,0.00743,0.0465162546816479
SYNP2_S5,SYNP2,0.565597175854225,0.1402860434463,0.279807290396628
SYNP2_S7,SYNP2,0.604071323668861,0.0338,0.117061134163209
SYNP2_S8,SYNP2,0.963474123974886,0.0701,0.183513225300575
SYNP2_T19,SYNP2,0.389566811762726,0.0297,0.107937300435414
SYNP2_T3,SYNP2,0.863938450423972,2e-04,0.00618271604938272
SYNP2_T3_T19,SYNP2,0.495695162624069,0.00535,0.0374724475524476
SYNP2_Y15,SYNP2,-0.214124805352847,0.537763875952442,0.669264783988526
SYNPO_S1,SYNPO,-0.910732661902913,0.00807,0.0490467961165049
SYNPO_S13,SYNPO,0.400537929583729,0.045,0.139801488833747
SYNPO_S19,SYNPO,0.823749360308273,0.00304,0.0267093333333333
SYNPO_S2,SYNPO,-0.389566811762726,0.552721419566933,0.68060704922331
SYNPO_S3,SYNPO,0.422233000683048,0.07,0.183513225300575
SYNPO_S4,SYNPO,-0.298658315564515,0.0502,0.149111269276394
SYNPO_S6,SYNPO,0.748461233004036,0.0645,0.17393376344086
SYNPO_T5,SYNPO,0.526068811667588,0.0276,0.102919434102755
SYNPO_Y23,SYNPO,-0.0143552929770701,0.959465115262369,0.975238745125623
SYNRG_S3,SYNRG,0.0143552929770701,0.92082537062262,0.951019479496408
SYNRG_S6,SYNRG,-0.22650852980868,0.13005060049334,0.266814177497192
SYNRG_T3,SYNRG,0.250961573533219,0.480367789521538,0.622427397134246
SYQ_S3,SYQ,-0.903038270112912,0.0246,0.0963227521501173
SYTL5_S11,SYTL5,-0.250961573533219,0.459164936640871,0.605928327456517
SYTL5_S3,SYTL5,-0.070389327891398,0.74918928870477,0.836926156108295
SYWC_S3,SYWC,-0.36737106564853,0.0899,0.211271328015016
SZRD1_S1,SZRD1,-0.20163386116965,0.469878931880022,0.61440044147654
SZRD1_S3,SZRD1,-0.356143810225275,0.0407,0.131230828516378
SZRD1_S6,SZRD1,0.070389327891398,0.6119505982588,0.728810605488721
T176B_S10,T176B,-0.286881147788162,0.295613133790496,0.45196176719893
T184B_S1,T184B,1.50080205305716,0.017,0.0772558983666062
T184B_S3,T184B,1.11769504266975,0.0399,0.129082170542636
T22D2_S3,T22D2,-0.0426443374084937,0.896542220750209,0.935950438182015
T22D3_S14,T22D3,0.887525270741587,0.000672,0.0118917879858657
T22D4_S3,T22D4,1.11103131238874,0.000913,0.0140132110091743
T22D4_S8,T22D4,0.669026765509631,0.0324,0.113151464435146
T22D4_T12,T22D4,0.748461233004036,0.0111,0.0604226086956522
T22D4_T21,T22D4,-0.263034405833794,0.40573465344476,0.561379674339737
T2FA_S1,T2FA,-0.879705766282288,0.0846,0.202904156712852
T2FA_S3,T2FA,-0.0426443374084937,0.910892706213541,0.944461837001535
T2FA_T5,T2FA,-1,0.263482117571717,0.41921707658863
T2FA_T7,T2FA,0.678071905112638,0.100354427557202,0.227409490138673
TA2R_S1,TA2R,-0.20163386116965,0.339783878144867,0.497846009874047
TAB3_S11,TAB3,-0.863938450423972,0.030584994923679,0.110089655172414
TAB3_S3,TAB3,0.0840642647884745,0.718590800177531,0.811981662294466
TACC2_S11_S15,TACC2,-0.028569152196771,0.903491309361745,0.940487316001584
TACC2_S2,TACC2,0.422233000683048,0.323431882862045,0.480209566965052
TACC2_S3,TACC2,0.16349873228288,0.482324121840561,0.624154832604013
TAF12_S10,TAF12,-0.6959938131099,0.05,0.148870392390012
TAF12_S12,TAF12,0.214124805352847,0.107438461627246,0.237878676741865
TAGL2_S1,TAGL2,2.61588707391606,0.000117,0.00448084210526316
TAGL2_S2,TAGL2,1.85199883711245,0.0133,0.0668738955823293
TAGL2_S3,TAGL2,1.799087306074,2.6e-05,0.00226223448275862
TAGL_S3,TAGL,1.33342373372519,0.000362,0.00871584615384615
TAGL_S9,TAGL,0.53605290024021,0.287860601054215,0.443488475698393
TANC1_S6,TANC1,0.516015147003665,0.0339,0.117245303867403
TANK_S4,TANK,-0.464668267003444,0.0558,0.158596140749149
TAOK1_S2,TAOK1,0.0426443374084937,0.932432473337592,0.957282047247778
TAOK3_S7,TAOK3,-0.27500704749987,0.279500326447913,0.434797263639226
TAPT1_S2,TAPT1,-0.31034012061215,0.121789819321846,0.256378064381591
TARA_S14,TARA,0.443606651475615,0.0531,0.153447663012118
TARA_S15,TARA,-0.454175893185802,0.0143,0.0693937984496124
TASOR_S1,TASOR,0.495695162624069,0.205099307358327,0.35590344118174
TAU_S4,TAU,0.925999418556223,0.161871840999476,0.303615797649953
TAU_S8,TAU,0.632268215499513,0.0312,0.111527194860814
TAXB1_S3,TAXB1,-0.475084882948783,0.196772656351202,0.346131880227193
TB10B_S10,TB10B,0.0976107966264223,0.641579539653869,0.753171667741813
TB10B_S7,TB10B,0.20163386116965,0.0675,0.179236479321315
TB10B_S8,TB10B,0.344828496997441,0.00616,0.0414084295302013
TB10B_S9,TB10B,0.622930350920177,0.0892,0.21031713747646
TB10B_T14,TB10B,1.0071955014042,0.0707,0.18402577962578
TB182_S1,TB182,-0.55581615506164,0.0646,0.17393376344086
TB182_S10,TB182,-0.286881147788162,0.0944,0.218463585951941
TB182_S12,TB182,-0.400537929583729,0.0388,0.127166492146597
TB182_S13,TB182,-0.0840642647884746,0.866863534228739,0.917618384996306
TB182_S14,TB182,0.27500704749987,0.408861546344877,0.56376063438743
TB182_S19,TB182,-0.411426245726465,0.237681393709735,0.391592732116798
TB182_S2,TB182,-0.659924558402378,0.0284,0.104973509227208
TB182_S3,TB182,-1.09761079662642,0.000402,0.0092774930875576
TB182_S4,TB182,0.925999418556223,0.0272,0.102035655430712
TB182_S4_S19,TB182,-0.356143810225275,0.260649034862623,0.416639121159277
TB182_S6,TB182,-0.389566811762726,0.021,0.0877130942452043
TB182_S7,TB182,-0.356143810225275,0.111167983259107,0.241951003981577
TB182_S8,TB182,0.070389327891398,0.766036900749721,0.846799694239898
TB22A_S3,TB22A,0.20163386116965,0.150984629606366,0.291264112948787
TB22B_S3,TB22B,0.0426443374084937,0.813037813202893,0.877395756491145
TBA1A_S2,TBA1A,-4.34766565630097,0.022288922975101,0.0906480519480519
TBA1A_S8,TBA1A,-2.33913738491959,0.153798338851609,0.293865731006813
TBA1B_S1,TBA1B,-1.17632277264046,0.018,0.0797734513274336
TBA1B_S2,TBA1B,-4.34766565630097,0.022288922975101,0.0906480519480519
TBA1B_S8,TBA1B,-2.33913738491959,0.153798338851609,0.293865731006813
TBA1C_S2,TBA1C,-4.34766565630097,0.022288922975101,0.0906480519480519
TBA1C_S8,TBA1C,-2.33913738491959,0.153798338851609,0.293865731006813
TBA3C_S2,TBA3C,-4.34766565630097,0.022288922975101,0.0906480519480519
TBA3C_S8,TBA3C,-2.33913738491959,0.153798338851609,0.293865731006813
TBA3E_S8,TBA3E,-2.33913738491959,0.153798338851609,0.293865731006813
TBA4A_S1,TBA4A,-1.17632277264046,0.018,0.0797734513274336
TBA4A_S2,TBA4A,-4.34766565630097,0.022288922975101,0.0906480519480519
TBC15_S3,TBC15,0.37851162325373,0.121957039080097,0.256381151710129
TBC17_S26,TBC17,-0.22650852980868,0.466097715913128,0.612139183481617
TBC17_S28,TBC17,0.0285691521967709,0.896703315175181,0.935950438182015
TBC24_S32,TBC24,-0.739848102699327,0.0163,0.0750816648846412
TBC25_S3,TBC25,-0.36737106564853,0.130803734032416,0.267482686824965
TBC9B_S2,TBC9B,0.111031312388744,0.771085821518608,0.850384891910414
TBC9B_S27,TBC9B,-0.545968369105293,0.33207835778873,0.489708014077138
TBC9B_S3,TBC9B,0.0426443374084937,0.812201749688433,0.876995765942146
TBC9B_S3_S27,TBC9B,0.807354922057604,0.0428,0.135949494949495
TBCD1_S1,TBCD1,0.432959407276106,0.0316,0.112236028368794
TBCD1_S3,TBCD1,0.31034012061215,0.115390295063468,0.248565308363821
TBCD4_S2,TBCD4,1.13750352374994,0.0184,0.0810441512752858
TBCD4_S3,TBCD4,0.344828496997441,0.170448200858022,0.314103374177267
TBCD4_S5,TBCD4,0.344828496997441,0.0712,0.184751088082902
TBCD5_S2,TBCD5,-0.263034405833794,0.419677131504092,0.571308027009384
TBCD5_S3,TBCD5,0.910732661902913,0.00436,0.032735952023988
TBCD5_S5,TBCD5,-0.16349873228288,0.473188510868722,0.616607973360494
TBCD5_S7,TBCD5,0.659924558402378,0.0322,0.11288094905792
TBCD5_T2,TBCD5,0.137503523749935,0.197150156131712,0.346674150950707
TBX3_S8,TBX3,-0.0976107966264223,0.864954088418523,0.916178103807099
TCAL3_S23,TCAL3,1.36737106564853,0.0114,0.061256652360515
TCAL3_S3,TCAL3,1.9560566524124,0.00061,0.0113143703703704
TCAL3_S5,TCAL3,1.7311832415722,5.15e-05,0.00297026206896552
TCAL5_S3,TCAL5,1.9560566524124,0.00061,0.0113143703703704
TCAL5_S5,TCAL5,1.7311832415722,5.15e-05,0.00297026206896552
TCAL6_S3,TCAL6,1.9560566524124,0.00061,0.0113143703703704
TCAL6_S5,TCAL6,1.7311832415722,5.15e-05,0.00297026206896552
TCEA1_S11,TCEA1,-0.0565835283663676,0.801646683863411,0.870233310566263
TCEA1_S6,TCEA1,-0.214124805352847,0.676836750972011,0.779935216030334
TCEA1_S8,TCEA1,0.344828496997441,0.0443,0.138485892634207
TCEA3_S14,TCEA3,-1.41142624572647,0.0512,0.150298710433763
TCF20_S15,TCF20,-0.0565835283663676,0.905730966992438,0.941278689106545
TCF20_S4,TCF20,-0.111031312388744,0.76212448902501,0.845342068889756
TCF20_T3,TCF20,0.189033824390017,0.395275241707032,0.551557094028648
TCOF_S10,TCOF,0.748461233004036,0.0426,0.135540533672173
TCOF_S12,TCOF,0.422233000683048,0.216872646284518,0.369546856955722
TCOF_S14,TCOF,0.823749360308273,0.00558,0.0385443310344828
TCOF_S18,TCOF,-0.189033824390017,0.239579260749304,0.393123505187587
TCOF_S3,TCOF,0.53605290024021,0.0237,0.0941233941316416
TCOF_S4,TCOF,-0.214124805352847,0.43587682249082,0.584123930166986
TCOF_S7,TCOF,0.356143810225275,0.342472779466049,0.500760198413423
TCP4_S3,TCP4,-0.070389327891398,0.65828456004468,0.765959357970204
TCPG_S4,TCPG,0.298658315564515,0.633038937105127,0.746226129910886
TE2IP_S3,TE2IP,0.622930350920177,0.0262,0.100236516424752
TE2IP_S9,TE2IP,-0.298658315564515,0.0152,0.0718128301886792
TEAD3_S5,TEAD3,-0.516015147003665,0.0623,0.170901484788208
TEBP_S12,TEBP,-0.575312330687437,0.201273465415495,0.351380881157539
TEBP_S6,TEBP,-0.879705766282288,0.00296,0.0265182110912343
TENA_S15,TENA,-0.0143552929770701,0.97035781777151,0.981529378186169
TENA_S3,TENA,-0.0565835283663676,0.778934656511377,0.856024744307434
TENS1_S1,TENS1,1.98185265328974,7.68e-06,0.00148891692307692
TENS1_S11,TENS1,0.925999418556223,0.0302,0.109042249459265
TENS1_S12,TENS1,1.41683974191283,0.000148,0.00518068965517241
TENS1_S13,TENS1,0.443606651475615,0.216517327211183,0.369192636933471
TENS1_S14,TENS1,0.124328135002202,0.324109068761348,0.481072381848498
TENS1_S16,TENS1,-0.565597175854225,0.273908433057128,0.429875723205922
TENS1_S18,TENS1,-0.176322772640463,0.81787829154378,0.881414780299387
TENS1_S19,TENS1,1.09761079662642,0.02317459481999,0.0930700648424298
TENS1_S2,TENS1,1.91456452349394,0.000275,0.00765111111111111
TENS1_S20,TENS1,-0.124328135002202,0.365956712792611,0.523034023306334
TENS1_S23,TENS1,0.454175893185802,0.0136,0.067301185770751
TENS1_S3,TENS1,1.36176835941915,2.89e-05,0.00231908923076923
TENS1_S3_S11,TENS1,0.464668267003444,0.164289569142659,0.306271354858233
TENS1_S4,TENS1,0.910732661902913,0.00222,0.0224148387096774
TENS1_S5,TENS1,0.807354922057604,2.99e-05,0.00231908923076923
TENS1_S6,TENS1,1.46988597627446,0.00544,0.0379773333333333
TENS1_S7,TENS1,1.83995958748953,0.00149,0.0185024630541872
TENS1_S7_S35,TENS1,0.070389327891398,0.865511026423059,0.916574163740047
TENS1_S8,TENS1,3.11603199344711,0.000129,0.00458178723404255
TENS1_S9,TENS1,0.485426827170242,0.0291,0.106374306569343
TENS1_T1,TENS1,0.443606651475615,0.150505771780007,0.291264112948787
TENS1_T10,TENS1,1.30451104180995,5.47e-06,0.0013211580952381
TENS1_T12,TENS1,0.0565835283663675,0.760093093193461,0.843462488524895
TENS1_T14,TENS1,1.34482849699744,8.55e-05,0.00389258181818182
TENS1_T3,TENS1,1.86789646399265,0.00079,0.0130305242718447
TENS1_T4,TENS1,0.526068811667588,0.0352,0.119837933378654
TENS1_T6,TENS1,0.356143810225275,0.110244630604547,0.240673544057355
TENS1_T9,TENS1,1.10433665981474,0.00304,0.0267093333333333
TENS1_Y2,TENS1,0.0840642647884745,0.73175649394929,0.822404964474426
TENS1_Y4,TENS1,-0.0565835283663676,0.834331777632793,0.892997123826678
TENS3_S13,TENS3,0.485426827170242,0.101438706670301,0.22914075011496
TENS3_S22,TENS3,-0.31034012061215,0.0983,0.224606745670009
TENS3_S28,TENS3,0.505890929729957,0.0523,0.151924825986079
TENS3_S3,TENS3,1.19534759832222,0.0195,0.083681233933162
TENS3_S6,TENS3,-0.22650852980868,0.3895747036008,0.546189842002465
TENXA_S19,TENXA,0.214124805352847,0.144891168963226,0.28410923029281
TENXA_T13,TENXA,0.650764559116902,0.00209,0.0218511899791232
TENX_S19,TENX,0.214124805352847,0.144891168963226,0.28410923029281
TENX_T13,TENX,0.650764559116902,0.00209,0.0218511899791232
TERA_S2,TERA,0.176322772640463,0.509554609638751,0.646365117799105
TEX2_S1,TEX2,-1.33342373372519,0.108698162393148,0.239174164000389
TEX2_S3,TEX2,-0.0840642647884746,0.751035983768169,0.838241187143078
TEX2_S4,TEX2,1.29278174922785,0.00258,0.0242869172932331
TEX2_S5,TEX2,0.799087306074004,0.00367,0.0301300983606557
TF3C1_S27,TF3C1,0.250961573533219,0.559279817121818,0.685816191024991
TF3C2_S2,TF3C2,-0.22650852980868,0.181427860390083,0.327184272536383
TF3C3_S4,TF3C3,0.20163386116965,0.208179460747857,0.358629707347039
TF65_S2,TF65,0.0565835283663675,0.891664622842756,0.933219734837309
TFG_S12,TFG,1.42223300068305,0.00276,0.0251768306010929
TFG_S14,TFG,-0.20163386116965,0.141458006901829,0.28056304893638
TFG_S15,TFG,0.526068811667588,0.013690408782376,0.0674627335299902
TFG_S18,TFG,0.704871964456353,0.00426,0.0323243636363636
TFPT_S10,TFPT,0.16349873228288,0.365491022100672,0.522666772895536
TFR2_S1,TFR2,0.464668267003444,0.101964923261342,0.229811132174978
TGFI1_S1,TGFI1,0.992768430768924,0.0037,0.0302277324632953
TGFI1_S15,TGFI1,0.176322772640463,0.611889129615916,0.728810605488721
TGFI1_S2,TGFI1,0.84799690655495,0.0187,0.0820049036777583
TGFI1_S23,TGFI1,0.0426443374084937,0.905943147263088,0.941278689106545
TGFI1_S25,TGFI1,0.0976107966264223,0.638173957865403,0.750581301312808
TGFI1_S3,TGFI1,1.41142624572647,2.66e-06,0.00102471384615385
TGFI1_S4,TGFI1,0.956056652412403,0.0565,0.15985988700565
TGM2_S1,TGM2,-0.565597175854225,0.203214726378407,0.35385930100941
TGM2_S2,TGM2,0.432959407276106,0.298156277011675,0.454461769885052
TGON2_S10,TGON2,0.189033824390017,0.534259754369831,0.666228299273933
TGON2_S2,TGON2,-1.19534759832222,0.00663,0.0435164351245085
TGON2_S3,TGON2,-0.669026765509631,0.000804,0.0130305242718447
TGON2_S6,TGON2,-0.53605290024021,0.130981466328516,0.267507601561049
TGON2_S7,TGON2,-0.75702324650746,0.125683494908427,0.26128368058407
TGON2_T7,TGON2,-0.214124805352847,0.144971682629451,0.284155846030642
THIK_S1,THIK,-0.594548549550354,0.00292,0.0263483963963964
TIF1A_S10,TIF1A,-0.0976107966264223,0.521086562471053,0.655349448733057
TIF1A_S7,TIF1A,0.321928094887362,0.0441,0.138205757196496
TIF1B_S1,TIF1B,1.35049724708413,0.00012,0.00448477611940299
TIF1B_S11,TIF1B,0.0426443374084937,0.968640211506933,0.980584228669238
TIF1B_S13,TIF1B,0.150559676575381,0.803659868790569,0.871362677743716
TIF1B_S18,TIF1B,-0.20163386116965,0.187408991625593,0.334596873462021
TIF1B_S3,TIF1B,1.25096157353322,2.74e-05,0.00231908923076923
TIF1B_S6,TIF1B,0.495695162624069,0.266370840197079,0.422147204970561
TIF1B_S7,TIF1B,-1.70929063572336,0.0701,0.183513225300575
TIM8A_S1_S2,TIM8A,-1.22032995487956,0.00213,0.0219486419753086
TIM8A_S1_S3,TIM8A,-1.99276843076892,0.0408,0.131230828516378
TISB_S3,TISB,0.84799690655495,0.021560994651075,0.0890168682708851
TISD_S1,TISD,0.526068811667588,0.337373907384647,0.495474641695693
TISD_S33,TISD,-0.0565835283663676,0.795407818072022,0.865580693808059
TJAP1_S2,TJAP1,-0.516015147003665,0.000347,0.00864565174129353
TKT_Y11,TKT,-0.565597175854225,0.0485,0.146760120845921
TLE1_S5,TLE1,-0.070389327891398,0.795092433364326,0.865425539293315
TLE3_S5,TLE3,0.214124805352847,0.201462243157478,0.351418639405312
TLE4_S5,TLE4,0.632268215499513,0.227681121195762,0.381474424539437
TLK1_S14,TLK1,-0.028569152196771,0.84725215066213,0.903158529271168
TLN1_S10,TLN1,0.22650852980868,0.165515937922614,0.307342905864461
TLN1_S19,TLN1,-0.20163386116965,0.534419124763427,0.666231009058568
TLN1_S3,TLN1,1.82374936030827,0.00328,0.0280584040747029
TLN1_S4,TLN1,0.111031312388744,0.70809044670097,0.803561513047464
TLN1_S5,TLN1,0.963474123974886,0.114976729843804,0.247977374271219
TLN1_S8,TLN1,0.137503523749935,0.353770969196996,0.511013848785277
TLN1_S9,TLN1,1.19534759832222,0.000287,0.00783860869565217
TLN1_T1,TLN1,0.831877241191673,0.00177,0.020191708428246
TLN1_T2,TLN1,1.0496307677246,0.000794,0.0130305242718447
TLN1_T3,TLN1,-0.0426443374084937,0.894799640628023,0.935950438182015
TLN2_T5,TLN2,0.659924558402378,0.00332,0.0280854054054054
TM100_S3,TM100,0.992768430768924,0.104483544014226,0.233075095066033
TM100_S4,TM100,1.35614381022528,0.0357,0.120475471698113
TM134_S5,TM134,-0.0976107966264223,0.374725211564707,0.531772133611803
TM1L1_S22,TM1L1,0.137503523749935,0.586638891376617,0.7086077105678
TM1L2_S3,TM1L2,0.238786859587116,0.0991,0.225382742960945
TM201_S3,TM201,0.594548549550354,0.292873598390482,0.44935998184422
TM201_T2,TM201,0.53605290024021,0.049,0.147382582582583
TM214_S4,TM214,-0.790772037862,0.184192315538909,0.330503445438501
TM230_S3,TM230,-1.26303440583379,0.0169,0.0769410909090909
TM230_T4,TM230,-0.790772037862,0.000304,0.00814134759358289
TM238_S3,TM238,-0.53605290024021,0.064272847441875,0.173873866090713
TM245_S7,TM245,0.807354922057604,0.0145,0.07016038647343
TM45A_S3,TM45A,1.56071495447448,0.0552,0.157426879271071
TM55A_S9,TM55A,0.0840642647884745,0.492122640530626,0.631935944558301
TM55B_S13,TM55B,-0.0143552929770701,0.885123260821071,0.929481503500089
TMCC1_S5,TMCC1,0.150559676575381,0.518760886818067,0.653743190035548
TMF1_S7,TMF1,-1.42223300068305,0.000949,0.0144017939393939
TMF1_T3,TMF1,-0.475084882948783,0.124447486658364,0.259511714238689
TMG4_T2,TMG4,-1.46466826700344,0.00634,0.0422217021276596
TMM11_S5,TMM11,0.464668267003444,0.349732659474697,0.507428142651505
TMM51_S10,TMM51,0.604071323668861,0.33427833659434,0.492082865862567
TMM51_S16,TMM51,1.63691458035588,0.00308,0.0268721951219512
TMM51_S23,TMM51,0.75702324650746,0.405789620828644,0.561379674339737
TMM94_S7,TMM94,0.250961573533219,0.301820408829539,0.458313101097129
TMX1_S1,TMX1,-0.333423733725192,0.436130627554455,0.584307700051555
TMX1_S13,TMX1,-0.545968369105293,0.00447,0.0331150295857988
TMX1_S14,TMX1,-0.495695162624069,0.00874,0.0514940235294118
TMX2_S19,TMX2,-0.855989697308481,0.0631,0.171835127786841
TNC18_S3,TNC18,-0.545968369105293,0.114841052484226,0.247791465248171
TNIK_S4,TNIK,0.622930350920177,0.000421,0.00943985840707965
TNIK_S9,TNIK,0.992768430768924,0.000632,0.0114675942028985
TNIK_T2,TNIK,0.992768430768924,4e-04,0.0092774930875576
TNR6B_S3,TNR6B,-0.575312330687437,0.0157,0.073276421248835
TNS2_S1,TNS2,0.111031312388744,0.784677972278489,0.857958611951755
TNS2_S19,TNS2,-0.356143810225275,0.119269310793704,0.25330818848807
TNS2_S2,TNS2,-0.389566811762726,0.1209700854274,0.255403957765775
TNS2_S3,TNS2,0.722466024471091,0.000354,0.00867239024390244
TNS2_S4,TNS2,0.584962500721156,0.0175,0.0786714542190305
TNS2_S5,TNS2,0.545968369105292,0.0173,0.0782641373080397
TNS2_S7,TNS2,0.918386234446348,0.0269,0.101365838976674
TNS2_S8,TNS2,-0.565597175854225,0.101921922072928,0.229811132174978
TNS2_S9,TNS2,0.37851162325373,0.197302270909956,0.346819857043545
TNS2_T3,TNS2,0.584962500721156,0.152019977181452,0.292476390981449
TNS2_Y4,TNS2,0.333423733725192,0.161506417725556,0.303157473751718
TNS2_Y8,TNS2,-0.150559676575381,0.414402297994994,0.567184123629115
TOB1_S2,TOB1,-0.713695814843359,0.150756926967124,0.291264112948787
TOE1_S4,TOE1,-0.111031312388744,0.610535758909929,0.728073419716723
TOIP1_S14,TOIP1,0.124328135002202,0.475980539303574,0.618824127941926
TOIP1_T9,TOIP1,0.0285691521967709,0.828659233434217,0.888825324703054
TOM1_S10,TOM1,-0.124328135002202,0.632610708836255,0.746140939673096
TOM1_S5,TOM1,0.070389327891398,0.869756807015974,0.920097610801858
TOM22_S10,TOM22,-0.823749360308273,0.0111,0.0604226086956522
TOM70_S2,TOM70,-0.422233000683048,0.00425,0.0322974203338392
TOM70_S7,TOM70,-0.111031312388744,0.534006598502285,0.666078467073336
TOM70_S8,TOM70,0.286881147788162,0.491481466478665,0.631935944558301
TOP2B_S10,TOP2B,-0.028569152196771,0.913970890097936,0.946086444317996
TOP2B_S3,TOP2B,0.505890929729957,0.0196,0.0838947008547009
TOP2B_S4,TOP2B,0.475084882948783,0.00707,0.0453930256410256
TOP2B_S5,TOP2B,0.443606651475615,0.0388,0.127166492146597
TOP2B_S8,TOP2B,0.333423733725192,0.223284427346465,0.376374423477313
TOPRS_S3,TOPRS,0.0976107966264223,0.813552979403858,0.877697828706273
TOR4A_S20,TOR4A,0.650764559116902,0.00183,0.0206410810810811
TP53B_S14,TP53B,-0.298658315564515,0.124470275080138,0.259511714238689
TP53B_S17,TP53B,0.250961573533219,0.0348,0.11904262295082
TP53B_S18,TP53B,0.0565835283663675,0.790951222686094,0.862113832149975
TP53B_S2,TP53B,0.650764559116902,0.116885967229867,0.251121803469401
TP53B_S3,TP53B,0.485426827170242,0.0268,0.101365838976674
TP53B_S4,TP53B,0.464668267003444,0.416154704833483,0.568881892871456
TP53B_S8,TP53B,0.545968369105292,0.11679317308778,0.251121803469401
TP53B_S9,TP53B,1.02147972741045,0.00891,0.0520061538461538
TPC10_S4,TPC10,-0.495695162624069,0.0378,0.1252
TPC10_S7,TPC10,-0.286881147788162,0.0262,0.100236516424752
TPC12_S1,TPC12,-1.25096157353322,0.000718,0.0123141917808219
TPC12_S10,TPC12,-0.27500704749987,0.230096436683543,0.383896972603235
TPC12_S3,TPC12,0.16349873228288,0.667710555859946,0.772618868703006
TPD52_S1,TPD52,-1.40053792958373,0.0127,0.0650988741044012
TPD52_S7,TPD52,-1.78659636189081,0.016311671604331,0.0750816648846412
TPD53_S4,TPD53,-0.443606651475615,0.0486,0.14683299217339
TPD53_S7,TPD53,-1.86393845042397,0.000129,0.00458178723404255
TPD54_S6,TPD54,-0.250961573533219,0.310931493915747,0.467330408622467
TPD54_S7,TPD54,0.150559676575381,0.5475232895643,0.676737613186196
TPIS_S2,TPIS,-0.713695814843359,0.296150738979487,0.452033800917181
TPIS_S3,TPIS,-0.298658315564515,0.184168586588118,0.330503445438501
TPIS_S6,TPIS,-1.01435529297707,0.00117,0.016276
TPMT_Y8,TPMT,-1.07724299893246,0.00969,0.0554600228571429
TPPP_S3,TPPP,1.08406426478847,0.0543,0.156104707233065
TPR_S10,TPR,-0.250961573533219,0.249941835788358,0.403929404111642
TPR_S13,TPR,-0.36737106564853,0.0146,0.0705760617760618
TR150_S1,TR150,-0.887525270741588,0.0286,0.105548120854827
TR150_S3,TR150,-1.07724299893246,0.249872169493269,0.403929404111642
TR150_S3_S8,TR150,-0.0565835283663676,0.684735051230828,0.785535572152497
TR150_S4,TR150,-0.400537929583729,0.0163,0.0750816648846412
TR150_S5,TR150,0.31034012061215,0.0149,0.0713376673040153
TR150_S6,TR150,-0.27500704749987,0.261452077720267,0.417550605398982
TR150_S8,TR150,-0.0143552929770701,0.898950254925573,0.936928798473938
TR150_S8_S13,TR150,0.55581615506164,0.263437524845957,0.41921707658863
TRA2A_T2,TRA2A,-0.176322772640463,0.40084306136043,0.557152942351661
TRA2A_T3,TRA2A,0.545968369105292,0.0175,0.0786714542190305
TRA2A_T4,TRA2A,0.0285691521967709,0.886974092527806,0.930644511916877
TRA2A_T5,TRA2A,-0.238786859587116,0.432465116235461,0.581037007935101
TRA2B_T2,TRA2B,0.286881147788162,0.158796965804713,0.298968122086467
TRA2B_T4,TRA2B,1.15704371014558,0.00498,0.0355268376068376
TRAD1_S11,TRAD1,-0.344828496997441,0.079,0.194968153051922
TRAD1_S3,TRAD1,0.782408564927373,2.19e-05,0.00215049411764706
TRAF4_S2,TRAF4,-1.31614574229336,0.000272,0.00763789944134078
TRAM1_S17,TRAM1,-0.0976107966264223,0.571084396512658,0.696456781083337
TRAM1_S18,TRAM1,0.505890929729957,0.0495,0.148086021505376
TRAM1_S21,TRAM1,-0.20163386116965,0.637011196793283,0.749918211927777
TRAP1_S1,TRAP1,-0.687060688339892,0.0646,0.17393376344086
TRAP1_T4,TRAP1,-0.933572638261024,0.0149,0.0713376673040153
TRFE_S3,TRFE,0.31034012061215,0.180493783248282,0.326086892679436
TRI22_S2,TRI22,-0.0143552929770701,0.97497831518297,0.98421515872532
TRI25_S5,TRI25,-0.189033824390017,0.107491902050088,0.237878676741865
TRI33_S3,TRI33,0.0285691521967709,0.930225719563645,0.956443045989971
TRI56_S3,TRI56,-0.22650852980868,0.533059402368078,0.665726056623276
TRI56_T14,TRI56,0.464668267003444,0.0877,0.207955303030303
TRIM3_S3,TRIM3,0.0426443374084937,0.701916223415393,0.799089894717956
TRIM3_S4,TRIM3,0.432959407276106,0.00269,0.0248565567765568
TRIO_S2,TRIO,0.0285691521967709,0.876994812759897,0.924434860513905
TRIP6_S10,TRIP6,0.27500704749987,0.356330252393265,0.5134062133174
TRIP6_S7,TRIP6,0,0.988213070090295,0.992175432039334
TRIPB_S1,TRIPB,-0.36737106564853,0.111042714270578,0.241846554697244
TRIPC_S1,TRIPC,1.06350294230616,0.0552,0.157426879271071
TRIPC_S3,TRIPC,-0.321928094887362,0.0262,0.100236516424752
TRIPC_S3_S11,TRIPC,0.75702324650746,0.164052819092902,0.306215623562152
TRIPC_Y1,TRIPC,-0.028569152196771,0.848199351266904,0.903975814246575
TRM1L_S37,TRM1L,-0.250961573533219,0.241802250361833,0.395809558771773
TRM1_S7,TRM1,0.321928094887362,0.310918103663695,0.467330408622467
TRRAP_S3,TRRAP,0.389566811762726,0.138482603337686,0.277519358749552
TSC1_S5,TSC1,-0.028569152196771,0.93047753028793,0.956443045989971
TSC2_S1,TSC2,0.298658315564515,0.149646270926737,0.291017945357854
TSC2_S3,TSC2,0.454175893185802,0.410253370320036,0.564591612685557
TSC2_S7,TSC2,-0.150559676575381,0.663721693482835,0.769781899250125
TSC2_T2,TSC2,1.20163386116965,0.0292,0.106506627822287
TT39B_S3,TT39B,1.14404636961671,0.063027158694083,0.171835127786841
TTC28_S4,TTC28,-0.400537929583729,0.0634,0.172464530146659
TTC33_T8,TTC33,-0.189033824390017,0.413567993322528,0.566794514397427
TTC7A_S3,TTC7A,-0.0143552929770701,0.965771712393481,0.978867584631968
TTC7B_S11,TTC7B,-0.443606651475615,0.0063,0.0420672
TTC7B_S3,TTC7B,-0.773996325111173,0.00372,0.0302431168831169
TTC7B_S6,TTC7B,-0.150559676575381,0.220613531341685,0.373532311495944
TTL12_S2,TTL12,-0.263034405833794,0.235696672323506,0.389946790550419
TTP_S4,TTP,0.454175893185802,0.23656550226372,0.390867712087334
TUT7_S3,TUT7,0.238786859587116,0.514872875276651,0.651132161460977
TWF1_S7,TWF1,-0.20163386116965,0.564474666621632,0.691339968315269
TXLNA_S12,TXLNA,-0.604071323668861,0.032,0.112776917663617
TXLNA_S31,TXLNA,0.16349873228288,0.703995161192342,0.800728541278957
TYB4_T3,TYB4,-0.963474123974886,0.032,0.112776917663617
TYB4_T4,TYB4,0.214124805352847,0.527888439366693,0.661577903991091
U2AF2_S12,U2AF2,0.464668267003444,0.386654225262339,0.543159708306814
U2AF2_S9,U2AF2,-0.75702324650746,0.01,0.0565875706214689
UB2J1_S3,UB2J1,-0.464668267003444,0.000386,0.00924373831775701
UBA1_S3,UBA1,-0.613531652917927,0.072870106401069,0.187049458153026
UBAP1_S3,UBAP1,-0.137503523749935,0.660043078070573,0.767114350192024
UBB_S3,UBB,0.584962500721156,0.151215394102805,0.291264112948787
UBB_T1,UBB,-0.389566811762726,0.308422571788071,0.464256158555654
UBC_S3,UBC,0.584962500721156,0.151215394102805,0.291264112948787
UBC_T1,UBC,-0.389566811762726,0.308422571788071,0.464256158555654
UBD_S2,UBD,-0.0143552929770701,0.981143188834879,0.988048479727544
UBD_S3,UBD,0.925999418556223,0.159293806609687,0.29967820567292
UBE4B_S13,UBE4B,-0.176322772640463,0.483953860484132,0.62545572472375
UBE4B_S3,UBE4B,-0.475084882948783,0.0641,0.173708225108225
UBF1_T3,UBF1,0.575312330687437,0.163957291596998,0.306215623562152
UBFD1_S21,UBFD1,-0.150559676575381,0.789266586242114,0.861143151176581
UBP10_S16,UBP10,-0.0143552929770701,0.943309203199994,0.965085288993988
UBP10_S3,UBP10,-0.941106310946431,0.0937,0.217144655252198
UBP10_S4,UBP10,-0.356143810225275,0.365167600979916,0.522353426366015
UBP14_S2,UBP14,-0.411426245726465,0.102595381452946,0.230652131862816
UBP14_S8,UBP14,-0.0426443374084937,0.810928253196254,0.875910382731925
UBP15_S1,UBP15,-0.669026765509631,0.00254,0.0240459735349716
UBP15_S5,UBP15,-0.16349873228288,0.780634531322397,0.857574709067699
UBP15_S7,UBP15,-0.189033824390017,0.626994696445931,0.741087901770409
UBP20_S2,UBP20,-0.765534746362977,0.09,0.21140712945591
UBP20_S3,UBP20,-0.0976107966264223,0.656178117053432,0.764334552455838
UBP24_S13,UBP24,0.411426245726465,0.023044690563703,0.0927715517226886
UBP24_S3,UBP24,-0.505890929729957,0.163219941572992,0.305229823524102
UBP2L_S12,UBP2L,0.565597175854225,0.331498134073011,0.488996363899157
UBP2L_S15,UBP2L,0.454175893185802,0.193569673445516,0.342301173946025
UBP2L_S16,UBP2L,0.464668267003444,0.0962,0.221198163452709
UBP2L_S17,UBP2L,0.367371065648529,0.0792,0.195001769911504
UBP2L_S8,UBP2L,0.137503523749935,0.42815276039611,0.579023915359351
UBP2L_S9,UBP2L,-0.0840642647884746,0.603757480006239,0.722489237723117
UBP36_S3,UBP36,0.22650852980868,0.276548426802222,0.431988309864482
UBP40_S3,UBP40,-0.505890929729957,0.06450921386297,0.17393376344086
UBP47_S9,UBP47,-0.910732661902913,0.0471,0.143827317073171
UBP47_T8,UBP47,-0.0840642647884746,0.610045824150246,0.728073419716723
UBP5_S5,UBP5,-0.0143552929770701,0.980995761724683,0.988048479727544
UBP5_S7,UBP5,0,0.992909148395435,0.9956926341939
UBP8_S3,UBP8,-0.214124805352847,0.134293604877203,0.271355215164299
UBP8_T4,UBP8,0.124328135002202,0.546344259822187,0.676079084059677
UBR4_S3,UBR4,-0.545968369105293,0.109934979790884,0.240519117431963
UBR5_S1,UBR5,-0.321928094887362,0.0518,0.151377518928363
UBR5_S3,UBR5,0.070389327891398,0.618725769999779,0.734469761385598
UBXN1_S21,UBXN1,0.286881147788162,0.406674393273416,0.56177057491088
UCHL3_S5,UCHL3,-0.739848102699327,0.0148,0.0711309021113244
UCK1_S3,UCK1,-0.111031312388744,0.633180960858188,0.746226129910886
UFL1_S4,UFL1,0.485426827170242,0.282440844944988,0.437643487464264
UFL1_S5,UFL1,-0.028569152196771,0.941506586962162,0.963437880569372
UGDH_S6,UGDH,0.464668267003444,0.276291716888783,0.431870038635956
UGDH_S7,UGDH,0.0143552929770701,0.983260210120958,0.989384595596897
UGPA_S3,UGPA,-0.871843648509318,3.96e-05,0.00261456623376623
UGPA_S8,UGPA,-1.11769504266975,0.000297,0.00799664516129032
UH1BL_S1,UH1BL,-0.575312330687437,0.395230889439304,0.551557094028648
UH1BL_S3,UH1BL,-0.659924558402378,0.225735510926118,0.379049136771901
UH1BL_S4,UH1BL,-1.59454854955035,0.0587,0.164228826815642
UH1BL_S9,UH1BL,-0.765534746362977,0.0493,0.147752483542789
UH1BL_T5,UH1BL,-0.669026765509631,0.15824026140493,0.298593530186846
UIMC1_S3,UIMC1,0.150559676575381,0.338920809319281,0.496872193521944
ULK1_S3,ULK1,-1.09761079662642,0.00841,0.050258644470868
UN13B_S3,UN13B,-0.565597175854225,0.168772265375106,0.311771119512553
UN13D_S24,UN13D,-0.070389327891398,0.633243736319306,0.746226129910886
UN5CL_S18,UN5CL,-0.678071905112638,0.0362,0.121670872483221
UNC5B_S3,UNC5B,-0.150559676575381,0.4139891716335,0.566896774058611
UNK_S13,UNK,0.22650852980868,0.423726332980278,0.57438141781698
URP2_S3,URP2,0.823749360308273,0.00794,0.0484920975609756
US6NL_S6,US6NL,0.443606651475615,0.0616,0.169594722374931
USF1_S5,USF1,0.263034405833794,0.399616194560684,0.555910528433307
USO1_S14,USO1,-1.51601514700366,0.120087497744816,0.254131225089604
USO1_S16,USO1,-0.687060688339892,0.031717596678553,0.112335024162796
USP9X_S15,USP9X,-0.422233000683048,0.00877,0.0515494835680751
UTP20_T10,UTP20,0,0.974315652592511,0.984141344934105
UTRO_S2,UTRO,1.36176835941915,0.00105,0.0152860465116279
VAPA_S10,VAPA,0.250961573533219,0.274329829757641,0.429898855819573
VAPA_S12,VAPA,-0.970853654340484,0.166025615017677,0.307946770373528
VAPB_S1,VAPB,-0.137503523749935,0.758526953152367,0.843219307744074
VAPB_S3,VAPB,-0.613531652917927,0.118735328472229,0.252817400080324
VAPB_S5,VAPB,-0.0976107966264223,0.618305398911677,0.734383796226405
VASP_S3,VASP,1.0496307677246,0.000114,0.00442567441860465
VASP_S4,VASP,0.263034405833794,0.286526393365069,0.442059204550914
VASP_S6,VASP,1.30451104180995,0.208519974510517,0.358978354193423
VCIP1_S2,VCIP1,0.545968369105292,0.049,0.147382582582583
VCIP1_S3,VCIP1,-0.250961573533219,0.398491748538828,0.554500326947055
VCIP1_S4,VCIP1,0.0426443374084937,0.825268201321234,0.88632707531991
VDAC1_S8,VDAC1,-0.263034405833794,0.248900903524079,0.403266167857841
VDAC1_T2,VDAC1,-0.55581615506164,0.00286,0.0259472463768116
VDAC2_S8,VDAC2,-0.485426827170242,0.375927990301497,0.532684926285544
VIGLN_S12,VIGLN,-0.189033824390017,0.80186388069925,0.870233310566263
VIGLN_S6,VIGLN,-0.713695814843359,0.0848,0.202904156712852
VIME_S1,VIME,1.86789646399265,3.84e-05,0.00259874594594595
VIME_S10,VIME,0.333423733725192,0.02,0.0853151618398637
VIME_S16,VIME,1.97819562968165,0.155787417460771,0.295956014854399
VIME_S2,VIME,2.22650852980868,0.0244,0.0958393725490196
VIME_S3,VIME,2.36737106564853,0.00899,0.0522902671312427
VIME_S4,VIME,1.84398384404833,0.00335,0.028243771043771
VIME_S5,VIME,0.956056652412403,0.039,0.127488250652741
VIME_S6,VIME,1.93357263826102,2.33e-05,0.00219795555555556
VIME_S7,VIME,2.19534759832222,0.0319,0.112741848976711
VIME_S8,VIME,0.485426827170242,0.225667330848364,0.379049136771901
VIME_S9,VIME,0.903038270112912,0.00028,0.00774718232044199
VIME_T1,VIME,0.111031312388744,0.548617700961982,0.677218990982895
VIME_T7,VIME,0.722466024471091,0.127697655128438,0.263715404900296
VIME_Y11,VIME,0.286881147788162,0.127266436230238,0.263208316135546
VIME_Y2,VIME,0.27500704749987,0.282009868800538,0.43724626097619
VINC_S1,VINC,1.03562390973072,0.0197,0.0841788395904437
VINC_S13,VINC,1.43829285157915,0.013688274058713,0.0674627335299902
VINC_S3,VINC,0.622930350920177,0.000595,0.0112443773584906
VINC_S4,VINC,2.21723071622067,0.00199,0.0216180477223427
VINC_S5,VINC,1.75274859140713,0.000521,0.010436672
VINC_S9,VINC,0.903038270112912,0.000793,0.0130305242718447
VINEX_S10,VINEX,1.46988597627446,0.00575,0.0393387978142076
VINEX_S19,VINEX,0.495695162624069,0.0487,0.14683299217339
VINEX_S3,VINEX,0.6959938131099,0.0156,0.0730821328344247
VINEX_T10,VINEX,0.411426245726465,0.421721468725691,0.572818311738069
VIP1_S4,VIP1,-0.0426443374084937,0.806548041737296,0.872789083196475
VIP2_S1,VIP2,-0.37851162325373,0.145417829285834,0.284696047327387
VIR_S4,VIR,0.400537929583729,0.00222,0.0224148387096774
VKGC_S2,VKGC,-0.150559676575381,0.65640125147168,0.764334552455838
VP13C_S5,VP13C,1.20163386116965,3.42e-05,0.00244676571428571
VP13D_S3,VP13D,-0.263034405833794,0.0919,0.214608755221798
VP13D_S6,VP13D,-0.565597175854225,1.07e-05,0.00168450909090909
VP26B_S3,VP26B,0.6959938131099,0.0251,0.0978978193146418
VP26B_S4,VP26B,0.879705766282288,0.0217,0.0892229885057471
VPRBP_S4,VPRBP,-0.584962500721156,0.00689,0.0446379301423027
VPS4B_S14,VPS4B,0.137503523749935,0.831844800149433,0.891097060780398
VPS50_S8,VPS50,-0.176322772640463,0.388309951562791,0.544721635133461
VPS52_S5,VPS52,-0.722466024471091,0.0112,0.0605719222462203
VTNC_S11,VTNC,0.070389327891398,0.852557574381591,0.906306162704947
WAC2A_S1,WAC2A,-0.27500704749987,0.139278443933555,0.278334575905524
WAC2A_S3,WAC2A,-0.321928094887362,0.495388803960748,0.634990307201286
WAC2A_S5,WAC2A,-0.748461233004036,0.123771214582217,0.258484671654605
WAC2A_T4,WAC2A,-0.432959407276106,0.0458,0.141322489217498
WAC2C_S1,WAC2C,-0.27500704749987,0.139278443933555,0.278334575905524
WAC2C_S3,WAC2C,-0.321928094887362,0.495388803960748,0.634990307201286
WAC2C_S5,WAC2C,-0.748461233004036,0.123771214582217,0.258484671654605
WAC2C_T4,WAC2C,-0.432959407276106,0.0458,0.141322489217498
WAC_S25,WAC,0.189033824390017,0.358703031068635,0.515461916669074
WAC_T3,WAC,-0.176322772640463,0.49578008401509,0.635166707789095
WAP53_S17,WAP53,-0.545968369105293,0.321630584898703,0.478738444054436
WAPL_S4_S9,WAPL,0.575312330687437,0.0492,0.147629478729778
WBP4_S3,WBP4,0.622930350920177,0.423901327317457,0.57438141781698
WBP4_S6,WBP4,-0.344828496997441,0.201941438362668,0.351886820918664
WDFY3_S2,WDFY3,0.475084882948783,0.0569,0.16053814084507
WDFY3_S3,WDFY3,1.65535182861255,0.0238,0.0943708630245447
WDR20_S1,WDR20,0.584962500721156,0.00431,0.0324578646616541
WDR20_S3,WDR20,0.443606651475615,0.0799,0.19605056344929
WDR26_S3,WDR26,-0.0976107966264223,0.285307798121979,0.440857081865539
WDR26_S4,WDR26,0.0426443374084937,0.638031740286029,0.750581301312808
WDR3_S3,WDR3,0.37851162325373,0.00728,0.0462081622306717
WDR44_S10,WDR44,0.389566811762726,0.430353950121261,0.579981857429299
WDR44_S12,WDR44,0.150559676575381,0.606358334227426,0.724735689215024
WDR44_S3,WDR44,0.250961573533219,0.352675646359285,0.510167428355661
WDR44_S4,WDR44,-0.150559676575381,0.361973224722383,0.519077671052097
WDR44_S5,WDR44,0.0285691521967709,0.856722474474747,0.909382397662046
WDR44_S6,WDR44,-0.356143810225275,0.201407089227033,0.351418639405312
WDR44_S8,WDR44,-0.831877241191673,0.000124,0.00449994202898551
WDR4_S3,WDR4,-0.773996325111173,0.0397,0.129082170542636
WDR59_S3,WDR59,-0.0976107966264223,0.575931137279048,0.700063867838221
WDR60_S3,WDR60,0.956056652412403,0.0312,0.111527194860814
WDR7_S1,WDR7,-0.0565835283663676,0.788554585222318,0.86055379446358
WIPF1_S3,WIPF1,0.189033824390017,0.2043385902199,0.355075523879687
WIPF2_S11,WIPF2,-0.321928094887362,0.298919199086628,0.455288123183039
WIPF2_S14,WIPF2,0.475084882948783,0.0257,0.0993098765432099
WIPI2_S7,WIPI2,-0.941106310946431,0.00202,0.0216620128479657
WIZ_S17,WIZ,0.356143810225275,0.460066764821049,0.606514018963089
WNK1_S1,WNK1,0.722466024471091,0.0161,0.0745872340425532
WNK1_S11,WNK1,0.16349873228288,0.520488223960073,0.654814999130843
WNK1_S16,WNK1,-0.0565835283663676,0.579118373890054,0.70175223373714
WNK1_S3,WNK1,0.124328135002202,0.577533822512782,0.701331082236666
WNK1_S8,WNK1,-0.22650852980868,0.222106582452776,0.37514663235194
WNK2_S3,WNK2,1.07724299893246,0.00145,0.0181994987468672
WRIP1_S3,WRIP1,0.887525270741587,0.0387,0.12700498034076
WWC2_S3,WWC2,-0.250961573533219,0.413283092002036,0.566736507323712
WWP2_T5,WWP2,2.68032435684402,0.032102912162256,0.112822023935844
WWTR1_S3,WWTR1,0.176322772640463,0.413510810489729,0.566794514397427
WWTR1_S7,WWTR1,-0.0976107966264223,0.686105412548393,0.786093778550069
XAF1_S3,XAF1,-0.505890929729957,0.0222,0.0906480519480519
XPC_S9,XPC,0.505890929729957,0.314827405209222,0.472052588409516
XPO4_S8,XPO4,-0.422233000683048,0.174888954361229,0.319884544719151
XRCC1_S11_T17,XRCC1,-0.0840642647884746,0.665507248766843,0.770425404952462
XRN2_S1,XRN2,-1.31614574229336,0.0011,0.01565
XRN2_S18,XRN2,-0.0976107966264223,0.739358265910834,0.827605318659244
XRN2_S2,XRN2,0.545968369105292,0.057262945740534,0.161289556956465
XRN2_S21,XRN2,-0.176322772640463,0.261719518839338,0.417550605398982
XRN2_S3,XRN2,-0.713695814843359,0.0997,0.226438820861678
YAP1_S2,YAP1,-0.176322772640463,0.176640738830621,0.321683637760182
YAP1_S3,YAP1,0.650764559116902,0.00204,0.0216907006369427
YAP1_S4,YAP1,0.485426827170242,0.00988,0.056162360953462
YAP1_S7,YAP1,0.565597175854225,0.017635214106823,0.0791372331962093
YAP1_T5,YAP1,-0.0426443374084937,0.882831606533997,0.92824284810461
YBOX1_S10,YBOX1,-0.0143552929770701,0.954429077600079,0.971895246161284
YBOX1_S11,YBOX1,-0.150559676575381,0.719609571987825,0.812707044323855
YBOX1_S18,YBOX1,-0.739848102699327,0.0223,0.0906480519480519
YBOX1_S9,YBOX1,-0.669026765509631,0.0121,0.0630559833506764
YETS2_S3,YETS2,0.0426443374084937,0.831818693430665,0.891097060780398
YJ005_S3,YJ005,-0.0976107966264223,0.765886047281456,0.846799694239898
YRDC_S6,YRDC,-0.443606651475615,0.0454,0.140695049504951
YTDC1_S10,YTDC1,-0.298658315564515,0.285023510437383,0.440857081865539
YTDC1_S3,YTDC1,-0.0426443374084937,0.881240848540196,0.927320030029492
YTDC2_S3,YTDC2,-0.970853654340484,0.0307,0.110370136396267
Z3H7B_S2,Z3H7B,-0.485426827170242,0.0118,0.0622046315789474
ZBT17_S8,ZBT17,-0.0840642647884746,0.643494405157627,0.754558452934995
ZBT20_S32,ZBT20,-0.400537929583729,0.164796345289139,0.306575073257061
ZBT20_T5,ZBT20,0.111031312388744,0.569263428338812,0.695164898590776
ZBT21_S1,ZBT21,-1.6959938131099,0.0136,0.067301185770751
ZBT21_S5,ZBT21,-0.985500430304885,6.19e-05,0.00333328172043011
ZBT21_S8,ZBT21,-1.1243281350022,0.00386,0.0306353090332805
ZBT38_S5,ZBT38,0.659924558402378,0.0242,0.0952779874213836
ZBT7A_S22,ZBT7A,-0.389566811762726,0.0578,0.162073012318029
ZBT7A_S8,ZBT7A,-0.238786859587116,0.359245719858954,0.516093679017109
ZBTB3_S19,ZBTB3,-0.028569152196771,0.890987420773977,0.933095985620259
ZC11A_S3,ZC11A,-0.16349873228288,0.122231890362727,0.25663146263708
ZC3H1_S3,ZC3H1,0.22650852980868,0.309270371184507,0.465252634091923
ZC3H3_S4,ZC3H3,-0.344828496997441,0.18848289940489,0.335676515014114
ZC3H4_S21,ZC3H4,-0.20163386116965,0.286901578964477,0.442501726964614
ZC3H4_T1,ZC3H4,0.150559676575381,0.544998990660555,0.674914674883299
ZC3HD_S1,ZC3HD,0.422233000683048,0.0631,0.171835127786841
ZC3HD_S2,ZC3HD,0.613531652917927,0.0535,0.154425360230548
ZC3HD_S3,ZC3HD,0.948600847493356,0.00672,0.0438852083333333
ZC3HD_S4,ZC3HD,0.20163386116965,0.232757635258691,0.38661552270166
ZC3HD_S6,ZC3HD,0.27500704749987,0.0195,0.083681233933162
ZC3HD_S7,ZC3HD,0.333423733725192,0.0114,0.061256652360515
ZC3HD_T4,ZC3HD,0.176322772640463,0.293097004125052,0.449466643710617
ZC3HD_T5,ZC3HD,0.545968369105292,0.00626,0.041855914552737
ZC3HE_S10,ZC3HE,0.0143552929770701,0.882188490448815,0.927761436406482
ZCCHV_S10,ZCCHV,-0.286881147788162,0.321959818755029,0.479018054760899
ZCCHV_S14,ZCCHV,-0.111031312388744,0.765496786459284,0.846799694239898
ZCCHV_S2,ZCCHV,1.29278174922785,0.00228,0.0227454980079681
ZCCHV_S4,ZCCHV,-0.286881147788162,0.512377930354074,0.648960211232474
ZCCHV_S5,ZCCHV,0.53605290024021,0.00142,0.0179579797979798
ZCCHV_S6,ZCCHV,0.545968369105292,0.0559,0.158790243902439
ZCH18_S11,ZCH18,-0.713695814843359,0.0141,0.0688233918128655
ZCH18_S2,ZCH18,-0.0976107966264223,0.806527409498583,0.872789083196475
ZCH18_S3,ZCH18,0.37851162325373,0.593573175843965,0.714495254367855
ZCH24_S3,ZCH24,0.0143552929770701,0.979493190664873,0.987129321014188
ZCHC8_S3,ZCHC8,0.22650852980868,0.264589608761884,0.420255236498419
ZCHC8_S7,ZCHC8,0,0.92780116056763,0.955233115354456
ZCHC8_T2,ZCHC8,-0.150559676575381,0.583293956694529,0.705077512702438
ZDHC5_S1,ZDHC5,-0.333423733725192,0.012,0.0627962382445141
ZDHC5_S12,ZDHC5,0.0426443374084937,0.69256263690516,0.79150015646304
ZDHC5_S3,ZDHC5,-0.263034405833794,0.19553176532139,0.344433021712811
ZDHC5_S6,ZDHC5,0.400537929583729,0.0602,0.167211092623405
ZDHC8_S3,ZDHC8,0.298658315564515,0.184453621155699,0.330735314983079
ZEB2_S4,ZEB2,-0.286881147788162,0.133389887852825,0.270495973278456
ZEP1_S7,ZEP1,-0.565597175854225,0.0636,0.172633495934959
ZEP3_S3,ZEP3,0.176322772640463,0.306250190600894,0.462097304769291
ZFAN5_S2,ZFAN5,0.411426245726465,0.42838976992346,0.579023915359351
ZFN2B_S3,ZFN2B,-0.36737106564853,0.289020455428685,0.444810829989814
ZFP91_S3,ZFP91,-0.150559676575381,0.604089226786963,0.722713532668206
ZFY26_S8,ZFY26,0,0.988849774038614,0.992615688191096
ZGPAT_S3,ZGPAT,-0.669026765509631,0.202390602636541,0.352546830610016
ZHX3_S13,ZHX3,0.0285691521967709,0.872329677494248,0.921258193633737
ZKSC1_S6,ZKSC1,0.238786859587116,0.105877214659691,0.235220843388034
ZMYM3_S3,ZMYM3,-0.53605290024021,0.256483936760612,0.411821595157789
ZMYM4_S3,ZMYM4,-0.0426443374084937,0.897361391592157,0.936062851530312
ZMYM4_S6,ZMYM4,0.516015147003665,0.00319,0.0276393079584775
ZN185_S2,ZN185,1.13750352374994,0.0012,0.0165553719008264
ZN316_S6,ZN316,0.863938450423972,0.00782,0.0479933333333333
ZN318_S1,ZN318,0.475084882948783,0.261660207336364,0.417550605398982
ZN318_S2,ZN318,0.464668267003444,0.345554322663694,0.502916607933676
ZN318_T1,ZN318,-0.27500704749987,0.679616575486367,0.781879120155232
ZN592_S5,ZN592,0.6959938131099,0.249832355386466,0.403929404111642
ZN592_S9,ZN592,-0.137503523749935,0.392611736870653,0.54891110503859
ZN609_S3,ZN609,0.443606651475615,0.0468,0.143348256880734
ZN609_S4,ZN609,0.111031312388744,0.536142543396704,0.66774480411109
ZN609_S6,ZN609,-0.0976107966264223,0.694870404075633,0.7934133569564
ZN638_S10,ZN638,0.356143810225275,0.297701165399803,0.454123495681454
ZN639_S3,ZN639,0.565597175854225,0.0961,0.221171323529412
ZN687_S26,ZN687,0.0565835283663675,0.939101494647816,0.961762839508438
ZN687_S9,ZN687,0.124328135002202,0.287279831494512,0.44291746698281
ZN740_S3,ZN740,1.06350294230616,0.0111,0.0604226086956522
ZN768_S5,ZN768,0.773996325111173,0.00256,0.0241440301318267
ZN777_S2,ZN777,-0.659924558402378,0.408179461753586,0.563246240546106
ZNF22_S1,ZNF22,1.55090066464752,0.000426,0.00943985840707965
ZNRF2_S1,ZNRF2,-1.48026512205446,0.00234,0.0229778823529412
ZNRF2_S3,ZNRF2,-0.22650852980868,0.120862625363501,0.255284701737838
ZNRF2_S7,ZNRF2,-0.250961573533219,0.497797581514718,0.636774019981024
ZNT10_S8,ZNT10,-0.978195629681652,0.0234,0.0935252992817239
ZNT1_S7,ZNT1,-1.56071495447448,0.151771986536794,0.292111494456673
ZO1_S1,ZO1,0.613531652917927,0.0907,0.212652434456929
ZO1_S13,ZO1,-0.238786859587116,0.113324873053087,0.245047912024983
ZO1_S2,ZO1,0.978195629681652,0.0155,0.0727497656982193
ZO1_S3,ZO1,1.09761079662642,0.000568,0.0110368615384615
ZO1_S4,ZO1,-0.344828496997441,0.261664627566853,0.417550605398982
ZO1_S5,ZO1,-0.214124805352847,0.180930025831307,0.326639354492857
ZO1_T6,ZO1,-0.411426245726465,0.294107774457197,0.45057877236031
ZO2_S1,ZO2,-1.14404636961671,0.000316,0.00831170680628272
ZO2_S11,ZO2,-0.545968369105293,0.0519,0.151377518928363
ZO2_S15,ZO2,0.0143552929770701,0.918278369956949,0.949171945664479
ZO2_S2,ZO2,-1.33342373372519,0.0408,0.131230828516378
ZO2_S20,ZO2,-0.669026765509631,0.0189,0.0825926701570681
ZO2_S3,ZO2,-1.50080205305716,0.00817,0.0493550784077201
ZO2_S3_S11,ZO2,-0.799087306074004,0.00265,0.024621892393321
ZO2_S5,ZO2,-0.948600847493355,0.0072,0.0457583756345178
ZO2_Y3,ZO2,-0.918386234446348,0.0598,0.166469371873263
ZO3_S1,ZO3,-0.773996325111173,0.00212,0.021935867768595
ZO3_S11,ZO3,0.37851162325373,0.373514098932259,0.530654924100072
ZO3_S2,ZO3,0.0285691521967709,0.952836011302048,0.970865258311426
ZO3_S3,ZO3,-0.356143810225275,0.043,0.135949494949495
ZO3_S4,ZO3,0.124328135002202,0.570860949299712,0.696436451666981
ZRAB2_S11,ZRAB2,-0.0976107966264223,0.773953174122048,0.852795928713579
ZRAB2_S5,ZRAB2,0.985500430304885,0.0519,0.151377518928363
ZRAB2_S6,ZRAB2,-0.321928094887362,0.106241420519999,0.23584088384936
ZRAB2_S7,ZRAB2,0.333423733725192,0.266686782774199,0.422319692668519
ZSWM8_S3,ZSWM8,0.632268215499513,0.126236031972075,0.261915853681162
ZSWM8_S8,ZSWM8,-0.432959407276106,0.220561503990881,0.373532311495944
ZSWM8_S9,ZSWM8,-0.36737106564853,0.0925,0.215260223048327
ZYX_S1,ZYX,1.41142624572647,0.000106,0.00431583739837398
ZYX_S10,ZYX,0.970853654340484,0.000328,0.00838073469387755
ZYX_S13,ZYX,-0.27500704749987,0.452588930709553,0.599937894386829
ZYX_S14,ZYX,0.286881147788162,0.221023167421914,0.3739473048814
ZYX_S3,ZYX,-0.485426827170242,0.068,0.17989646064448
ZYX_S4,ZYX,0,0.994250110788854,0.996464481357758
ZYX_S5,ZYX,0.933572638261024,0.01058799601735,0.0588509256990997
ZYX_S9,ZYX,0.286881147788162,0.557310211055662,0.684910315820063
ZYX_T11,ZYX,0.0976107966264223,0.569609709502945,0.695248702215635
ZZEF1_S2,ZZEF1,-0.0565835283663676,0.818505718822547,0.881901170366462
