Gene,Log2change,p-value,adj_pvalue
1433B,-0.22650852980868,0.00033701307682692,0.00300155924147352
1433E,-0.321928094887362,3.23874880836435e-08,1.952589894625e-06
1433F,0.443606651475615,2.74157435945141e-08,1.71716169635883e-06
1433G,-0.250961573533219,0.00105739824420123,0.00725395910358529
1433S,-0.485426827170242,0.0323768233833439,0.0932104063323174
1433T,-0.344828496997441,1.43424732430464e-05,0.000235094497583893
1433Z,-0.20163386116965,0.00011784418372341,0.00128118130493472
1A01,0.321928094887362,0.00101504028946095,0.00704492827928573
1A02,0.070389327891398,0.531746378629762,0.671239407006994
1A03,-0.286881147788162,0.391250748764311,0.544373445634866
1A11,0.0565835283663675,0.769045013955798,0.851285969085071
1A23,0.0285691521967709,0.90643675500412,0.944439918927744
1A24,0.286881147788162,0.466797826328439,0.61287756030326
1A25,0.333423733725192,0.119584465270272,0.238112711191714
1A29,0.739848102699327,0.062723594571591,0.150887320430696
1A33,0.650764559116902,0.0982973468676114,0.207588475950679
1A68,0.575312330687437,0.115178148861846,0.231921709051663
1A80,-0.263034405833794,0.0048699487193598,0.0235223103034156
1B07,0.0565835283663675,0.741151100171948,0.832336454187272
1B08,-0.31034012061215,0.467126212020318,0.612896749589847
1B13,0.432959407276106,0.0147707648662588,0.0526093261810716
1B15,0.214124805352847,0.381198728579077,0.535513312358353
1B27,0.31034012061215,0.405317859081697,0.557104154570097
1B35,0.176322772640463,0.40165276310773,0.553349944023954
1B38,0.956056652412403,0.122493173328689,0.242343966955372
1B44,-0.137503523749935,0.485140331811935,0.6296363066508
1B73,1.57531233068744,0.0345193692347633,0.0975916405815106
1C07,0.214124805352847,0.0677925346533649,0.159814469696917
2A5A,-0.0426443374084937,0.23688184019073,0.387068582206267
2A5D,-0.176322772640463,0.00055156116466994,0.00434926019715171
2A5E,-0.0840642647884746,0.233487138773857,0.38304619188965
2A5G,0.594548549550354,0.0121397570869493,0.0458904262011077
2AAA,-0.111031312388744,1.52181267066862e-05,0.00024507773218105
2AAB,0.176322772640463,0.144161209621548,0.272544284398627
2ABA,-0.150559676575381,0.0003600037006024,0.00315525427695209
2ABD,-0.16349873228288,0.195326211433541,0.337397563426906
2B11,0.214124805352847,0.0594595982852552,0.145606085565673
2B13,0.286881147788162,0.0715372109803492,0.166150941631779
2B14,0.124328135002202,0.294440903008886,0.449449716025452
2B17,-0.111031312388744,0.716090209074185,0.812806313868206
2B18,0.286881147788162,0.488002975210977,0.632499145529167
2B1B,0.782408564927373,0.200391351209596,0.344063955809835
2B1E,0.799087306074004,0.131719231534981,0.255390174927965
2B1F,0.411426245726465,0.503869427439356,0.648481468258069
2B1G,1.18903382439002,0.291796982494023,0.447159904713038
3BHS1,-0.150559676575381,0.660293497945231,0.773783031338373
3BHS7,0.137503523749935,0.189294241940358,0.330985664981507
3BP1,0.189033824390017,0.0729013945559962,0.168050749492717
3BP2,-0.0426443374084937,0.7748261875648,0.855562698724268
3HAO,-0.485426827170242,1.5164597677233e-08,1.05250504959823e-06
3HIDH,-0.0426443374084937,0.562684731597577,0.696485085512168
3MG,-0.124328135002202,0.00046369710319804,0.00383708107737669
41,0.070389327891398,0.427325465970288,0.577260282278643
4EBP2,-0.238786859587116,0.0862990465931595,0.188559884922878
4ET,-0.111031312388744,0.302496466242424,0.458284609605259
4F2,0.27500704749987,1.06214503342763e-05,0.000186501383190605
5NT3A,-0.250961573533219,0.118716393651216,0.236756690833282
5NT3B,-0.070389327891398,0.332975643354143,0.488085275748123
5NTC,-0.20163386116965,0.00451806721584074,0.0223218552771918
5NTD,0.0143552929770701,0.837403578638408,0.899733801114151
68MP,0.739848102699327,0.154527550295642,0.286835591113066
6PGD,-0.16349873228288,0.0132928131226787,0.0490224185242301
6PGL,-0.137503523749935,0.00385107671543347,0.0197265259412895
A16A1,-0.411426245726465,0.00014334602625062,0.00149639266427477
A16L1,0.16349873228288,0.0620159667509864,0.149818440843399
A1AG1,0.443606651475615,0.0179279055491474,0.0605674465875834
A1AG2,0.176322772640463,0.262680863542809,0.416312152383008
A1AT,0.411426245726465,0.0038176197945638,0.0195942324432508
A1ATR,-0.855989697308481,0.0451868630092331,0.119015245341242
A1BG,0.22650852980868,0.0227116022001898,0.0721824188738706
A1CF,-0.0840642647884746,0.116925379309661,0.234642647096022
A2AP,0.27500704749987,0.00423118794083197,0.0212220520157353
A2GL,0.298658315564515,0.0243752690896783,0.0758022360938272
A2MG,0.176322772640463,0.111816058443531,0.226991018247421
A4,0.176322772640463,0.0481947132004905,0.12476212046256
AAAD,0.214124805352847,0.0221374760683262,0.0710021297378789
AAAS,0.37851162325373,1.10867343076536e-05,0.000191937530575648
AAAT,-0.0143552929770701,0.943008750372599,0.966444769435581
AACS,-0.111031312388744,0.189755103423001,0.331415397136885
AACT,0.622930350920177,0.00054223761057839,0.00431519103654864
AADAT,-0.286881147788162,0.00096631144074823,0.00678002125639742
AAGAB,-0.124328135002202,0.260708155233686,0.414635761337803
AAK1,-0.070389327891398,0.353339862889323,0.50873617230127
AAKB1,0.22650852980868,0.166723452615617,0.302873321288467
AAKB2,-0.286881147788162,0.00827968031163272,0.034204761278064
AAKG1,-0.432959407276106,1.09680323021138e-09,1.3852085386145e-07
AAMDC,-0.0565835283663676,0.665167653445581,0.778082539044148
AAMP,-0.150559676575381,0.0372010319296688,0.103018242266775
AAPK1,-0.0565835283663676,0.184117964444558,0.325113797230305
AAPK2,0.0976107966264223,0.217590935019898,0.363784844486392
AAR2,-0.0426443374084937,0.567403555470528,0.699740193908268
AASD1,-0.0426443374084937,0.424202307256214,0.574849838366778
AASS,-0.36737106564853,0.00012215657777385,0.00131621576946817
AATC,-0.432959407276106,1.91507830302745e-06,4.82149125703382e-05
AATF,0.263034405833794,0.00317115492730998,0.0169774687699764
AATM,0.422233000683048,0.0058788584280769,0.0270231058054322
AB17B,-0.27500704749987,0.109257587976042,0.223327263934048
AB1IP,0.16349873228288,0.0643835409061343,0.153790467722206
ABC3C,-0.0143552929770701,0.88987400135007,0.933326930586589
ABC3F,0.263034405833794,0.0219683973013229,0.0704891848435617
ABCA1,0.137503523749935,0.0102179071301732,0.0399790535961678
ABCA2,-0.16349873228288,0.334968008869863,0.489862099531781
ABCA6,-0.214124805352847,1.10124066607803e-05,0.000191080137195161
ABCA8,-0.22650852980868,0.0327611941225039,0.0938610039121495
ABCA9,-0.0426443374084937,0.594090033536604,0.721927148593499
ABCB5,0.214124805352847,0.0896565131029992,0.19318944552219
ABCB6,0.0285691521967709,0.580869083672439,0.711506292896079
ABCB7,0.0426443374084937,0.45426428161237,0.602142468262508
ABCB8,0.0840642647884745,0.241790546366669,0.392919637427173
ABCBA,0.176322772640463,0.00297918114384448,0.0161859037603511
ABCBB,-0.0143552929770701,0.740168238187989,0.831717635210074
ABCC8,-0.678071905112638,0.0478732895226622,0.124204888111979
ABCC9,-0.356143810225275,0.00025953273940983,0.00244729525631987
ABCCB,-0.150559676575381,0.341515085714273,0.496702325909526
ABCD1,-0.0143552929770701,0.826806246373785,0.892617057464075
ABCD3,-0.238786859587116,0.00209517580442409,0.0122097083186711
ABCD4,-0.124328135002202,0.24459059723526,0.396583852758089
ABCE1,0.0285691521967709,0.363950163578148,0.518664185787637
ABCF1,0.0285691521967709,0.453594421032623,0.601461518009523
ABCF2,0.20163386116965,0.0086635642366393,0.0352346528713725
ABCF3,-0.070389327891398,0.00297556974890266,0.0161859037603511
ABCG8,0.20163386116965,0.0227983022534899,0.0724280909529428
ABD12,0.111031312388744,0.0649899001367105,0.154866127637865
ABHD2,0.298658315564515,0.00749919132806983,0.0320965388841389
ABHD4,0.0426443374084937,0.817503398358831,0.885676582893606
ABHD5,0.16349873228288,0.0725983231622833,0.167708187091723
ABHD6,0.070389327891398,0.359517443330733,0.514340275472603
ABHDA,-0.214124805352847,0.00426689681681346,0.0213733244972242
ABHDB,0.176322772640463,0.00714189152069022,0.0309680438555057
ABHEB,-0.356143810225275,1.15276922626953e-05,0.000197793632943886
ABHGA,0.0143552929770701,0.750934219530742,0.84026103518734
ABI1,-0.124328135002202,0.0493477686233226,0.126979027880453
ABI2,0.27500704749987,0.00748117397505388,0.032037223070492
ABI3,0.150559676575381,0.0800114230959701,0.178589566020111
ABL1,0.485426827170242,0.0491911053345033,0.126743056816838
ABLM1,0.0285691521967709,0.430786543746969,0.580307664456487
ABLM2,-0.111031312388744,0.119679411127672,0.23814547571769
ABLM3,-0.0840642647884746,0.0726648401495548,0.167708187091723
ABR,0.0840642647884745,0.182749243956995,0.323357872173792
ABRAL,-0.333423733725192,0.0910126034831219,0.195190234834019
ACACA,-0.111031312388744,0.0253785492010375,0.0780816066472815
ACACB,-0.137503523749935,0.011204808042925,0.0430470032255938
ACAD8,-0.137503523749935,0.0280102238632339,0.0836074252779364
ACAD9,0.0426443374084937,0.357285182218344,0.512059870040332
ACADL,-0.111031312388744,0.395008063963215,0.547721764717892
ACADM,0.070389327891398,0.436778685538166,0.58704518377286
ACADS,-0.22650852980868,0.0361407898500892,0.100724870070427
ACADV,0.0976107966264223,0.29266532364082,0.448071075780778
ACAP1,0.137503523749935,0.105514864217265,0.218243243495113
ACAP2,-0.0976107966264223,0.0786266359156663,0.176600467374429
ACATN,-0.137503523749935,0.163216642710777,0.298744301184829
ACBD4,0.0565835283663675,0.832712619331034,0.897037582242647
ACBD5,0.0565835283663675,0.555851256442661,0.691069632825911
ACBD6,-0.0426443374084937,0.654498075032318,0.770152924236778
ACBG1,-0.941106310946431,0.00033470965402754,0.0029844944150789
ACBG2,-1.16349873228288,0.00110731584355736,0.0075260386372938
ACBP,-0.918386234446348,1.150959942886e-12,5.9766735235198e-10
ACD10,0.124328135002202,0.127869267717738,0.250379416333589
ACD11,-0.137503523749935,0.0845150231197986,0.186189230230177
ACDSB,-0.37851162325373,0.00038814704539899,0.00335987060421777
ACE,-0.028569152196771,0.722313693778406,0.81754511500482
ACES,0.622930350920177,0.00047306655165878,0.00388954611950826
ACINU,0.150559676575381,0.0215043961650779,0.069405055741835
ACL6A,-0.176322772640463,0.0337022871147088,0.095950635599304
ACLY,-0.20163386116965,0.00142221591395954,0.00901790238777308
ACMSD,-0.111031312388744,0.154550173768216,0.286835591113066
ACO12,0.111031312388744,0.232196859987749,0.381262949177417
ACO13,-0.333423733725192,0.00412031221686181,0.0208286649072857
ACOC,-0.36737106564853,3.3535769330317e-10,5.87180833910823e-08
ACOD,-0.454175893185802,0.020998364696359,0.068257975367405
ACON,-0.0840642647884746,0.31015364276868,0.46577459335086
ACOT1,-0.150559676575381,0.119068561521059,0.237223097185416
ACOT2,-0.704871964456353,0.0007032262677884,0.00526497100781519
ACOT4,-0.028569152196771,0.871687648873364,0.92232957655822
ACOT8,0.0426443374084937,0.650881855580427,0.766695827627824
ACOT9,0.176322772640463,0.00136402987923427,0.00878635969031841
ACOX1,-0.214124805352847,0.0109139868890232,0.0421883366748794
ACOX2,-0.298658315564515,0.00017563426204511,0.00176873875098973
ACOX3,0.0285691521967709,0.661704555929414,0.774501959720481
ACPH,-0.150559676575381,0.00035291267014342,0.00311080001233971
ACPM,-0.422233000683048,1.33681297463897e-05,0.000222917903822914
ACS2A,-0.263034405833794,0.0181660806470435,0.0610342282184139
ACS2B,-0.16349873228288,0.116028437204406,0.233385679462633
ACS2L,0.070389327891398,0.283451600327745,0.437396096407074
ACSA,-0.321928094887362,0.00077841532874885,0.00571678903020128
ACSF2,-0.0565835283663676,0.447917568389485,0.596500768690163
ACSF3,0.150559676575381,0.00702576949125033,0.0306839728801545
ACSL1,-0.454175893185802,3.59303550820136e-05,0.00048392911809761
ACSL3,-0.150559676575381,0.00538409519583251,0.0253075469119546
ACSL4,-0.55581615506164,0.00013294596179366,0.00141331943937775
ACSL5,0,0.944684406832345,0.966606838090658
ACSL6,-0.27500704749987,0.0613859981793204,0.148891071903315
ACSM1,0.070389327891398,0.764870644852848,0.849728637375295
ACSM3,-0.137503523749935,0.0702907232129483,0.164395789809518
ACSM5,-0.0976107966264223,0.299308436916826,0.455166245165264
ACSS3,0.176322772640463,0.123271430293973,0.243508486919171
ACTA,-0.0426443374084937,0.492403466557107,0.637309967960967
ACTB,-0.20163386116965,0.00028620524230786,0.0026311756405009
ACTBL,-0.124328135002202,0.310719727182139,0.466268086455242
ACTBM,0.070389327891398,0.257871680473873,0.411568971694783
ACTC,1.18269229751619,0.00051769592215823,0.00416197414484219
ACTG,-0.22650852980868,0.206267459754402,0.351377405403069
ACTN1,-0.0976107966264223,0.0157496504205458,0.0550773067816091
ACTN2,-0.321928094887362,1.15138865057081e-05,0.000197793632943886
ACTN3,-0.604071323668861,6.48783471736395e-07,2.14516217435931e-05
ACTN4,-0.028569152196771,0.510103355673782,0.653230759991824
ACTY,-0.0976107966264223,0.035867766502684,0.100226794753964
ACTZ,-0.137503523749935,0.00043137948959565,0.00365044345476539
ACY1,-0.400537929583729,8.24280066881503e-07,2.54010145410204e-05
ACY2,-0.389566811762726,5.29879515010228e-05,0.000665936669435367
ACY3,-0.411426245726465,0.00010952664668767,0.00121584046985852
ACYP1,-0.16349873228288,0.0422467050539921,0.113324726927561
ACYP2,-0.250961573533219,4.55990567275651e-05,0.000587831168337373
ADA,0.070389327891398,0.445748267368811,0.594845773741438
ADA10,0.070389327891398,0.256606535425628,0.409906250630691
ADA17,-0.0426443374084937,0.642706275405975,0.760353659242739
ADA2A,-0.0426443374084937,0.696211225888618,0.799226834189527
ADAL,-0.36737106564853,0.0230286947299885,0.0730395488677774
ADAM9,0.16349873228288,0.0478679698197513,0.124204888111979
ADAP1,0.678071905112638,0.00047473346087697,0.00389713533665475
ADAP2,0.0565835283663675,0.456585138427601,0.603971824595851
ADAS,0.0976107966264223,0.0626658406227506,0.150868011299272
ADCK1,0.070389327891398,0.570159248023267,0.702127053512028
ADCK5,0.37851162325373,0.0135781057449061,0.0496232099899225
ADCY1,-0.454175893185802,0.00186853899353188,0.0110308232997468
ADCY9,-0.0143552929770701,0.899195488540141,0.940206233252329
ADDA,-0.137503523749935,0.0221718967366821,0.0710238222284403
ADDG,-0.111031312388744,0.0831305203140281,0.184086671025948
ADH1A,-0.613531652917927,4.47106420937905e-05,0.000580861360355079
ADH1B,-0.505890929729957,0.00021574924463744,0.00209865174329146
ADH1G,-0.632268215499513,1.45754381535473e-05,0.000237871363405073
ADH4,-0.344828496997441,0.039785776782938,0.108557271147285
ADH6,-0.37851162325373,0.00330461146180116,0.0175094406476727
ADH7,0.0426443374084937,0.76736616841635,0.850232497482074
ADHX,-0.36737106564853,1.14758843759304e-06,3.23846934916366e-05
ADIPO,0.27500704749987,0.372830642970833,0.52750914112898
ADIRF,-0.422233000683048,0.00038316958527619,0.00332051573112235
ADK,-0.344828496997441,2.27351982118067e-06,5.45644757083361e-05
ADNP,-0.0426443374084937,0.433890229454405,0.583978044674482
ADPGK,0.137503523749935,0.239594088937822,0.390404581467213
ADPPT,-0.0143552929770701,0.853919093685365,0.910153942688441
ADPRH,-0.070389327891398,0.385758372319844,0.539753450844911
ADRM1,0.176322772640463,0.203440615032829,0.347981016477112
ADRO,0.16349873228288,0.0755280385145644,0.171845247701183
ADSV,0.55581615506164,0.0150251909545592,0.053092459127065
ADT1,-0.495695162624069,2.54380489146581e-06,5.93485278277553e-05
ADT2,-0.22650852980868,0.00127629022158347,0.00834680803656965
ADT3,0.321928094887362,0.00641146235464661,0.0287802180861764
ADX,-0.124328135002202,0.266432109224238,0.420699522333169
AEBP1,0.344828496997441,0.00059287706876391,0.0045997229987484
AEDO,-0.53605290024021,0.00095045495835068,0.00672387970535688
AES,0.333423733725192,0.0554015617488401,0.138534416884404
AF10,-0.0143552929770701,0.937217742697822,0.963964705102236
AFAD,0.0285691521967709,0.330834839046237,0.486310169817251
AFAM,0.214124805352847,0.00299174551782461,0.0162093529778646
AFAP1,-0.214124805352847,0.108360765923645,0.222142453612496
AFF4,0.111031312388744,0.754827460148403,0.842781268548304
AFG32,-0.0976107966264223,0.178649806388718,0.31888742085697
AFTIN,0.0565835283663675,0.44113970741847,0.590964960909922
AGAL,0.422233000683048,0.00052677973338226,0.00421861857170159
AGAP3,0.189033824390017,0.0144061587829315,0.0516863898256373
AGFG1,-0.0840642647884746,0.141184501650642,0.268100912180563
AGFG2,-0.189033824390017,0.00851628291005799,0.0348615534214064
AGK,-0.0565835283663676,0.334596656135356,0.489504868755561
AGM1,-0.189033824390017,0.00950019886964222,0.0379220373532247
AGO1,-0.124328135002202,0.00065036408054432,0.0049461055049491
AGO2,-0.124328135002202,0.033778074671424,0.0959789664131823
AGO3,0.0976107966264223,0.0631532396928858,0.151567775262926
AGR2,-0.443606651475615,0.0870418060945733,0.189694504710776
AGRA2,0.150559676575381,0.104588559969091,0.216832687298675
AGRE2,0.7311832415722,0.00438508963610349,0.0218093806046103
AGRF5,0.070389327891398,0.445411384136035,0.594800408407195
AGRIN,-0.0426443374084937,0.548254588796585,0.685007030828558
AGRL2,-0.214124805352847,0.00814391792588123,0.033859009012946
AGT2,-0.400537929583729,3.29078381810168e-05,0.000451106735492088
AHDC1,-0.27500704749987,0.00866688307259227,0.0352346528713725
AHNK,-0.189033824390017,0.00411711568612711,0.0208261715337645
AHR,-0.0143552929770701,0.865084693375878,0.917861587851391
AHSA1,0.124328135002202,0.30532613644777,0.460229417960012
AHSP,-0.31034012061215,0.0718242630115282,0.166717120289489
AIDA,0.22650852980868,0.00110666142057384,0.0075260386372938
AIF1,0.0976107966264223,0.452796591076367,0.600841581123287
AIFM1,0.111031312388744,0.193264136309626,0.335339393272378
AIFM2,0.137503523749935,0.0692164772387879,0.162592477507737
AIG1,-0.37851162325373,0.012544517602704,0.0469596519005013
AIM1,0.286881147788162,0.28951157853769,0.444251016878523
AIMP1,-0.0426443374084937,0.371824571953608,0.526375689513156
AIMP2,-0.176322772640463,0.00028976055648139,0.00265751824658646
AINX,-0.400537929583729,0.00220067870390723,0.012737812723442
AIP,-0.22650852980868,3.14877643902363e-05,0.000437873171231734
AK17A,0.214124805352847,0.0548299360217259,0.137503198929484
AK1A1,-0.189033824390017,0.00417328280102947,0.0209862733023049
AK1BA,0.27500704749987,0.11637698615974,0.233923232664971
AK1BF,-0.344828496997441,0.0532806522691642,0.134625826527268
AK1C1,0.0426443374084937,0.760565666607167,0.846856177994163
AK1C2,0.111031312388744,0.450551802182636,0.599180232006737
AK1C3,-0.028569152196771,0.832763861396601,0.897037582242647
AK1C4,-0.516015147003665,1.89163736871562e-09,1.96934787683583e-07
AK1D1,-0.389566811762726,1.56929386429996e-05,0.000251245467282231
AKA10,0.0426443374084937,0.425799309741268,0.575804437817576
AKA11,0.0143552929770701,0.957808453250774,0.973793901035252
AKA12,-0.176322772640463,0.0146531225783639,0.0523112401963464
AKA7A,-0.485426827170242,0.00066262200460683,0.00501950828268537
AKA7G,0.27500704749987,0.0492396117669776,0.126743056816838
AKAP1,0.0285691521967709,0.615073930540247,0.737858854076933
AKAP2,0,0.917503563807014,0.95352049852546
AKAP8,0.0285691521967709,0.694505937938986,0.798446098032555
AKAP9,0.0143552929770701,0.695787939041139,0.799171421206985
AKIB1,0.111031312388744,0.214370360620953,0.360181855711743
AKIP,0.367371065648529,0.0459329499572835,0.120445012413517
AKNA,-0.070389327891398,0.454406541035044,0.602227419943915
AKP13,0.0840642647884745,0.277436147911726,0.431529998690074
AKP8L,0.0143552929770701,0.861075480099981,0.914870431483968
AKT1,-0.238786859587116,0.00331019256486652,0.0175175297556993
AKT2,-0.20163386116965,0.0072039821977369,0.0311270212290326
AKT3,0.0285691521967709,0.872767341579979,0.922568661575442
AKTIP,-0.16349873228288,0.0232655334620322,0.0734881794963083
AKTS1,-0.0143552929770701,0.876716660665368,0.924982902460421
AL1A1,-0.6959938131099,1.88510806414032e-15,3.63071813153426e-12
AL1A2,-0.298658315564515,0.109602627600961,0.223642282260587
AL1A3,0.16349873228288,0.0739497656295705,0.169614539631099
AL1B1,-0.0143552929770701,0.904994439573133,0.943447518602357
AL1L1,-0.124328135002202,0.144241058943715,0.272628341045726
AL1L2,0.333423733725192,4.36621975896175e-07,1.52205235398377e-05
AL3A1,0.238786859587116,0.0451058660322397,0.118908343591161
AL3A2,0.0285691521967709,0.757281292295747,0.844541846532489
AL3B1,0.111031312388744,0.262674972220486,0.416312152383008
AL4A1,-0.0565835283663676,0.521952023696648,0.663550889531184
AL5AP,0.27500704749987,0.119690976373169,0.23814547571769
AL7A1,-0.22650852980868,0.00210291497628788,0.0122455457122614
AL8A1,-0.526068811667588,4.31936733980966e-09,3.96147690308257e-07
AL9A1,-0.20163386116965,0.00122894249588013,0.00809706733769601
ALAT1,-0.344828496997441,8.67079223368681e-06,0.000156074260206363
ALAT2,-0.0426443374084937,0.579540479139575,0.710386611183975
ALBU,0.137503523749935,0.359412989874758,0.514286343609795
ALDH2,-0.344828496997441,0.00172973523563731,0.010427136350039
ALDOA,-0.028569152196771,0.662236036389939,0.775006292624653
ALDOB,-0.650764559116902,1.85662892234334e-07,7.81610339766836e-06
ALDOC,-0.286881147788162,2.06651377658825e-05,0.000312165139898743
ALDR,0.0143552929770701,0.824230062240051,0.891209599929453
ALG1,0,0.997025294638016,0.997911670806301
ALG11,0.0285691521967709,0.853885664063933,0.910153942688441
ALG12,-0.250961573533219,0.0058306416920307,0.0268495299434576
ALG13,-0.0426443374084937,0.455970772898094,0.603479898792314
ALG1L,-0.526068811667588,8.7464414788173e-06,0.00015706896306016
ALG2,0.150559676575381,0.0371690153816377,0.103003631115157
ALG3,-0.27500704749987,0.0377987550645026,0.104298570564802
ALG5,-0.16349873228288,0.00967445854088023,0.0383860945746405
ALG6,0.16349873228288,0.656277285599449,0.771367076721108
ALG9,0,0.986078698898952,0.992261010490795
ALKB4,0.31034012061215,0.282852158099157,0.436954687386386
ALKB5,0.27500704749987,0.106840154342575,0.220121604600256
ALKB7,0.150559676575381,0.359403509598157,0.514286343609795
ALKMO,-0.214124805352847,0.00050936178003516,0.0041133366387745
ALR,0.344828496997441,0.0293723744226021,0.086632761313831
ALS,-0.150559676575381,0.0417182608860728,0.112341973884935
ALS2,0.150559676575381,0.353875727065594,0.509200336442536
AMACR,0.124328135002202,0.169785468783938,0.307120744661061
AMBP,-0.475084882948783,0.0001758636920117,0.00176873875098973
AMFR,0.16349873228288,0.0515673877403088,0.131243857004076
AMOL1,-0.124328135002202,0.652368980740292,0.768126337707964
AMPB,-0.286881147788162,7.66144339937536e-09,6.41562608138998e-07
AMPD2,-0.0565835283663676,0.18183782083889,0.322337453231203
AMPD3,-0.111031312388744,0.131486382484143,0.255092191049569
AMPE,-0.124328135002202,0.155772038943249,0.288200717583763
AMPH,0.400537929583729,6.5504367693634e-05,0.000787751561873705
AMPL,-0.0976107966264223,0.103464881777011,0.215547173934584
AMPN,-0.0565835283663676,0.247987227220469,0.400216327771603
AMRP,0.0285691521967709,0.700136950632342,0.80156262756723
AN13A,0.0426443374084937,0.445037210439991,0.594800408407195
AN32A,0,0.944380530656838,0.966587964418796
AN32B,-0.344828496997441,0.00024623200143954,0.00234193992480274
AN32E,-0.20163386116965,0.0017004193550329,0.0103149848119476
ANAG,-0.238786859587116,0.00424022037010211,0.0212535183677727
ANCHR,0.0840642647884745,0.228649852682607,0.377198814789466
ANDR,-0.333423733725192,0.013686925262586,0.049902542462358
ANFY1,-0.0426443374084937,0.304898967465311,0.459675468757878
ANGE1,-0.16349873228288,0.272058052172189,0.426094916143231
ANGE2,0.111031312388744,0.466449426170032,0.612844634423299
ANGI,0.137503523749935,0.0503323451860689,0.128824048941354
ANGL1,0.111031312388744,0.352800903790688,0.508436648635035
ANGL2,-0.028569152196771,0.847763952363814,0.906328196183702
ANGL3,-0.27500704749987,0.00146378711665803,0.00919307047057946
ANGL4,-0.250961573533219,0.00644487378450121,0.028843871557851
ANGL6,-0.250961573533219,0.0256518196300998,0.0786084401075135
ANGL8,0.400537929583729,0.0429107346705858,0.114547574463684
ANGT,-0.0426443374084937,0.584398941757751,0.71414234363325
ANK1,0.22650852980868,0.0652372737382309,0.155167631021714
ANK2,-0.298658315564515,7.26954698183468e-06,0.000135933470747705
ANK3,-0.31034012061215,4.34954786647405e-05,0.00056794774175112
ANKH1,0.0426443374084937,0.483857402968652,0.628394712149443
ANKL2,0.432959407276106,0.0135748368194024,0.0496232099899225
ANKY2,-0.0840642647884746,0.31790260103046,0.474022936929436
ANKZ1,0.20163386116965,0.0878436573103427,0.191111530196555
ANM1,-0.124328135002202,0.0168549080582884,0.0579688445004705
ANM3,0.344828496997441,0.0957863798506605,0.203400846298095
ANM5,-0.189033824390017,1.16784527086979e-06,3.27166544246577e-05
ANO1,-0.0565835283663676,0.377301069113825,0.531880592214622
ANO10,0.176322772640463,0.0543648651311001,0.136737486441396
ANO6,0.0285691521967709,0.693722054152563,0.798054000628786
ANPRB,0.356143810225275,0.0737524666993726,0.169406381470473
ANPRC,-0.53605290024021,0.00096754305314715,0.00678248560641096
ANR11,-0.0840642647884746,0.618836516585314,0.741103143754587
ANR12,0.516015147003665,0.240968713598372,0.391981201343298
ANR17,0.176322772640463,0.0133792685059256,0.0492312744298173
ANR28,0.0143552929770701,0.843636193255999,0.904118597207731
ANR44,0.111031312388744,0.326438604971336,0.481593836212021
ANR50,0.659924558402378,0.0249830524491693,0.077142058544449
ANR54,0.27500704749987,0.00753394668168019,0.0322273876933171
ANS1A,-0.27500704749987,1.25562116719116e-06,3.47960628490672e-05
ANT3,0.22650852980868,0.0302574491009385,0.0886661802486231
ANTR1,0.111031312388744,0.425100480401119,0.575162293819849
ANTR2,-0.298658315564515,0.0694631433944905,0.163004586265962
ANX11,-0.0840642647884746,0.235076911919877,0.385080274171961
ANX13,0.0976107966264223,0.351070965635995,0.506488898737772
ANXA1,0.286881147788162,0.0186892352682,0.0623298132061527
ANXA2,0.150559676575381,0.049500302915778,0.127201578940345
ANXA3,0.189033824390017,0.188049518291588,0.329482258111984
ANXA4,-0.250961573533219,0.012696328258127,0.047366834334436
ANXA5,0.0565835283663675,0.52541371449099,0.666161605863412
ANXA6,-0.0565835283663676,0.209837164605453,0.355292603185268
ANXA7,0,0.984813974671413,0.991787365161515
ANXA8,-0.0143552929770701,0.922262494361768,0.955882779195221
ANXA9,0.0143552929770701,0.918259340830137,0.954005568507513
AOAH,0.298658315564515,0.0632046988503067,0.151644036107992
AOC2,-0.250961573533219,0.0132719596684948,0.0489924184408644
AOC3,-0.37851162325373,4.83499090942292e-06,9.75098690214507e-05
AOFA,-0.286881147788162,0.00057166499273553,0.00446664006494374
AOFB,-0.028569152196771,0.659854059929399,0.773746678492556
AOXA,-0.263034405833794,0.00705135798736934,0.0307608504726463
AP180,-0.400537929583729,0.0128463481136972,0.0477876706267133
AP1B1,-0.150559676575381,0.00017868857566087,0.00178087553284779
AP1G1,-0.31034012061215,2.08883156410673e-08,1.36375918388799e-06
AP1G2,0.111031312388744,0.32205047743935,0.477865346339128
AP1M1,0.0426443374084937,0.30279434810943,0.45835243115968
AP1S1,-0.176322772640463,0.0522510225710817,0.132764471598817
AP1S2,-0.070389327891398,0.344924758139471,0.500338982622196
AP2A1,-0.028569152196771,0.345222127628393,0.500505969771164
AP2A2,-0.176322772640463,3.96088791386468e-07,1.39975598570704e-05
AP2B1,-0.0976107966264223,0.0329647948255353,0.0943390710757518
AP2M1,0.250961573533219,0.0597621967955742,0.145985132097653
AP2S1,0.111031312388744,0.26347895888162,0.417062235303883
AP3B1,0,0.884965299184685,0.930881030163683
AP3D1,0,0.922788088610881,0.955882779195221
AP3M1,-0.0840642647884746,0.295211253189384,0.450268757586817
AP3S1,0.0840642647884745,0.566188899277498,0.698689617176653
AP4A,-0.16349873228288,0.13173942824036,0.255390174927965
AP4B1,0.150559676575381,0.245640504888598,0.397585103219794
AP4E1,0.22650852980868,0.0996001892162761,0.20956862044741
AP4M1,0.298658315564515,0.0208333643431941,0.0678647944608742
AP4S1,0.250961573533219,0.387728606482336,0.541428527159673
AP5B1,-0.0565835283663676,0.610637650438078,0.734710676085421
AP5Z1,-0.0143552929770701,0.918570324994362,0.95411430278503
APAF,0.124328135002202,0.139214823843727,0.265538747930694
APBA1,-0.124328135002202,0.064336191390553,0.153744592743166
APBB2,0.0426443374084937,0.696901073115074,0.799661284968503
APC1,0.0426443374084937,0.673479871983498,0.783497492892317
APC16,0.20163386116965,0.00083678484709982,0.00605313658409109
APC4,0.0565835283663675,0.561415619571043,0.695557160462384
APC5,-0.16349873228288,0.139004489579292,0.265203216374162
APC7,0.16349873228288,0.0288356461636287,0.0855409387926821
APEX1,-0.150559676575381,0.00328213929544295,0.0174143258485485
API5,-0.0840642647884746,0.334733046291805,0.489611427498019
APLP2,0.137503523749935,0.248161136781535,0.400216327771603
APMAP,-0.0565835283663676,0.350213625472236,0.505849701276139
APOA,-0.545968369105293,0.00015929346546608,0.00162327626713053
APOA1,-0.111031312388744,0.536088746547884,0.675100077597666
APOA2,0.0426443374084937,0.810829859840709,0.881670182104844
APOA4,0.137503523749935,0.176705023968855,0.316368929736477
APOA5,0.464668267003444,0.205404745753267,0.350484642587634
APOB,0.22650852980868,0.0163837789182988,0.0567028898412282
APOBR,0.286881147788162,0.0080137338991985,0.033498538230833
APOC1,0.37851162325373,0.0787615868199462,0.176667700205779
APOC2,-0.028569152196771,0.832365255423058,0.896859010878215
APOC3,-0.422233000683048,3.05044213676582e-06,6.69532940787575e-05
APOC4,0.238786859587116,0.332992758220682,0.488085275748123
APOD,-0.333423733725192,0.0163147222630348,0.0565856260401625
APOE,0.298658315564515,6.51650525216364e-05,0.000785651900824236
APOF,-0.37851162325373,0.0462937997705609,0.12118499267156
APOH,0.214124805352847,0.0293376144386441,0.0866231156325414
APOL1,0.16349873228288,0.271955260274368,0.426094916143231
APOL2,0.367371065648529,0.00347501028186795,0.0182118906200753
APOL3,0.298658315564515,0.00853569753756199,0.0348854184771234
APOL6,0.250961573533219,0.0402077890068194,0.109186043887394
APOM,-0.028569152196771,0.753034281009657,0.841777184807857
APT,-0.344828496997441,5.04083438742867e-11,1.38694957574109e-08
AQP1,-0.263034405833794,0.147012140463584,0.276509162629749
AQP9,0,0.989185226787964,0.993570141743739
AQR,0.070389327891398,0.264607030172083,0.418503913045725
AR2BP,0.0143552929770701,0.886482179458502,0.931459180380292
AR6P1,-0.16349873228288,0.0092069202589645,0.0370198923147508
AR6P4,0.176322772640463,0.0344540716443338,0.0974785780198118
ARAF,-0.27500704749987,0.0001806546704408,0.0017981441615968
ARAP1,0.111031312388744,0.00542592154111169,0.0254575514937421
ARAP3,-0.0426443374084937,0.785467132572976,0.863394357422783
ARBK1,-0.028569152196771,0.617294156742263,0.739946193176038
ARC1A,-0.37851162325373,4.68016380022395e-13,3.2778165379023e-10
ARC1B,0.0285691521967709,0.665056160674228,0.778070259959644
ARF1,-0.432959407276106,1.03278529244912e-09,1.34857252424204e-07
ARF3,-1.0071955014042,2.25001745873904e-09,2.28080717133231e-07
ARF4,-0.0143552929770701,0.851473654149372,0.908678907267871
ARF5,-0.22650852980868,5.45446035813926e-06,0.000107196843365063
ARF6,-0.321928094887362,3.91103999862762e-06,8.27765168940307e-05
ARFG1,-0.20163386116965,0.186273565028447,0.327404576287434
ARFG2,0.0143552929770701,0.635569943156941,0.754690327077847
ARFG3,-0.028569152196771,0.357263269521821,0.512059870040332
ARFP1,0.16349873228288,0.00754446479900453,0.0322544710385854
ARFP2,0.298658315564515,0.0324230314262626,0.0933085670929873
ARFRP,0.0426443374084937,0.713014703947639,0.810784543057212
ARG35,0.565597175854225,1.73240605998499e-06,4.44881876204145e-05
ARGAL,-0.111031312388744,0.0222494611221696,0.0711539429162285
ARGI1,-0.6959938131099,1.29286091609363e-09,1.53233853809005e-07
ARGL1,0,0.992374858713893,0.995476030147374
ARH,-0.070389327891398,0.349328180906757,0.505188560012431
ARH37,-0.0976107966264223,0.33050051880346,0.485911449782797
ARH40,0.176322772640463,0.0439656566390167,0.116435688809551
ARHG1,0.0426443374084937,0.317193102062348,0.473301502670604
ARHG2,0.111031312388744,0.0707390222031146,0.165084424756863
ARHG5,0.263034405833794,0.0308613954182837,0.0898536996637758
ARHG6,0.0143552929770701,0.785197513961735,0.863394357422783
ARHG7,-0.214124805352847,2.13161689622379e-07,8.68887649127412e-06
ARHGA,-0.250961573533219,0.0530429932273054,0.134245473003667
ARHGB,-0.238786859587116,0.000494735241798,0.00402475216769989
ARHGC,-0.070389327891398,0.146837969188735,0.276249014561664
ARHGG,0.0285691521967709,0.740816263448366,0.832245164822826
ARHGH,-0.0840642647884746,0.279611253756939,0.433774687664812
ARHGI,-0.286881147788162,0.00547413533679676,0.0255902540258994
ARHL2,-0.31034012061215,7.33779918173868e-08,3.89864861352516e-06
ARI1,-0.070389327891398,0.300776853891064,0.456678140003303
ARI1A,0.150559676575381,0.208999335720135,0.354264220547397
ARI1B,-0.070389327891398,0.318284068016497,0.474194635466852
ARI2,-0.0143552929770701,0.92044765501776,0.955291490537091
ARI3A,0.238786859587116,0.0115622664896984,0.0441187226531137
ARID2,0.782408564927373,0.00174479882350333,0.0104851249112868
ARK72,-0.263034405833794,6.46307083631542e-06,0.000122941969686356
ARK73,-0.36737106564853,2.34922351860914e-05,0.000348046499757016
ARL1,-0.111031312388744,0.16589247944056,0.301798396061869
ARL15,0.0426443374084937,0.48702658979814,0.631555902661292
ARL2,0.286881147788162,0.0310837047779272,0.0903315207880615
ARL3,-0.176322772640463,0.00771696737024573,0.0327196018824288
ARL8A,-0.028569152196771,0.703324651567327,0.803918859892387
ARL8B,0.238786859587116,0.00329518268821942,0.0174714985753905
ARLY,-0.622930350920177,8.78869394944936e-11,1.99141465254582e-08
ARM10,-0.16349873228288,0.00443825537901656,0.0220311336597575
ARMC1,0.0285691521967709,0.783515284899717,0.861822066657256
ARMC6,0.124328135002202,0.0607549850148365,0.147698455208047
ARMC7,0.250961573533219,0.113410550009657,0.229562500597582
ARMC8,0.0840642647884745,0.399445337955062,0.551537950979836
ARMT1,-0.356143810225275,4.57253842317582e-06,9.34398833213435e-05
ARMX2,0.526068811667588,0.121689448831576,0.241142021360543
ARMX3,0.0285691521967709,0.657671129706498,0.77243900264453
ARP10,-0.0426443374084937,0.540781828655342,0.678560195150183
ARP19,0.20163386116965,0.0427379243251599,0.114323947569803
ARP2,-0.0426443374084937,0.385949191823738,0.539922384930103
ARP3,0,0.95449788113068,0.972678793152217
ARP3B,-0.150559676575381,0.108091492210764,0.221708428112813
ARP5,0,0.977762399187361,0.987763116094863
ARP5L,-0.356143810225275,4.28865324046656e-05,0.000560947106359157
ARP8,0.0285691521967709,0.771789093165425,0.853554862725586
ARPC2,0.0426443374084937,0.561062051324356,0.695370341602773
ARPC3,0.214124805352847,0.036150605626263,0.100724870070427
ARPC4,0.333423733725192,0.0749457729774952,0.17102554354817
ARPC5,0.0285691521967709,0.687765218410643,0.794027160592776
ARPIN,-0.214124805352847,0.0096432096339772,0.0383339974304233
ARRB1,-0.124328135002202,0.0839373169397948,0.185348429406225
ARRB2,0.321928094887362,3.18452888740479e-05,0.000441387789813457
ARRC,-0.389566811762726,0.0289224807305955,0.0856995352109645
ARRD1,-0.070389327891398,0.621480983459543,0.742884328405325
ARSA,-0.0143552929770701,0.859634538471619,0.913969705269853
ARSB,0.250961573533219,0.00427734059463934,0.0213978129487672
ARSD,0.137503523749935,0.424164819939848,0.574849838366778
ARSE,-0.22650852980868,0.00326499227973376,0.0173536268550795
ARVC,0.176322772640463,0.0111356403183973,0.0428573335450915
ARY1,-0.0840642647884746,0.265368144298056,0.4195025196432
ARY2,0.214124805352847,0.20835210843028,0.353600985772468
AS3MT,-0.659924558402378,7.87360759525779e-07,2.44336598603007e-05
ASAH1,0.070389327891398,0.671285885110264,0.782743523367561
ASAP1,0.070389327891398,0.23400270660183,0.38350816241249
ASAP2,0,0.969790062963529,0.982672977123639
ASAP3,0.070389327891398,0.556950012251732,0.69184032178094
ASB9,-0.0143552929770701,0.868620207011612,0.920601193399018
ASC,-0.189033824390017,0.0318657251543143,0.0920381223880373
ASCC1,-0.238786859587116,0.0163352066865682,0.0565856260401625
ASCC2,-0.0976107966264223,0.245804685359269,0.397726005338302
ASCC3,0.0285691521967709,0.468434589357717,0.61370958291433
ASGL1,-0.16349873228288,0.229589670673687,0.378344133234243
ASGR1,-0.214124805352847,0.014859695933115,0.0527387801382643
ASGR2,-0.37851162325373,0.00078390420425764,0.00575158633911238
ASH2L,-0.0143552929770701,0.802742842412145,0.87535942098073
ASHWN,0.443606651475615,0.0776834652087106,0.175156705158724
ASM,-0.070389327891398,0.320870364034205,0.476757046194699
ASM3A,-0.250961573533219,0.00302095392167879,0.0163398907260968
ASML,-0.22650852980868,1.75065414233202e-07,7.57698849018308e-06
ASNA,-0.0565835283663676,0.153306627803605,0.285214745375265
ASNS,0.070389327891398,0.588516155356418,0.717166792291339
ASPC1,-0.263034405833794,0.00015413744636541,0.00158119159360735
ASPD,-0.16349873228288,0.0615870575654261,0.1492033621019
ASPG,0.27500704749987,0.00919820246162338,0.0370041523573611
ASPH,0.150559676575381,0.00304738577265358,0.016429013290779
ASPN,-0.298658315564515,0.0589574033780129,0.144975370451392
ASPP1,0.238786859587116,0.126335565994814,0.248161448348814
ASPP2,0.263034405833794,0.283909251696632,0.437885260274445
ASSY,-0.84799690655495,2.18171331584517e-11,7.29623754617805e-09
ASTER,-0.333423733725192,0.0475359770097496,0.123762253149032
ASUN,-0.028569152196771,0.790313092161757,0.866453972109602
AT11A,0.411426245726465,8.02186439649655e-06,0.000147143912644308
AT11B,0.0143552929770701,0.901166734514281,0.941751020441945
AT11C,0.0143552929770701,0.932562551240366,0.961132026054285
AT12A,-0.22650852980868,3.08202304734797e-05,0.000430923875803426
AT131,-0.070389327891398,0.13100015983981,0.254533475764413
AT133,0.0976107966264223,0.207907128750487,0.35318997131064
AT1A1,-0.16349873228288,2.50032735357912e-06,5.87272010121145e-05
AT1B1,-0.27500704749987,1.37057062416274e-05,0.000226585323788621
AT1B3,0.0840642647884745,0.272149278588768,0.426094916143231
AT2A1,-0.333423733725192,6.47042905240271e-09,5.53868726885672e-07
AT2A2,-0.0426443374084937,0.465010624190954,0.61158338857319
AT2A3,-0.16349873228288,0.0572619735878201,0.141909208836387
AT2B1,0.0143552929770701,0.636991514072819,0.755160383184926
AT2B2,-0.111031312388744,0.291776950593726,0.447159904713038
AT2B4,-0.20163386116965,0.00032923557666609,0.00294591275567428
AT2C1,0.214124805352847,0.00244446705024277,0.0138505988814257
AT2L1,-0.464668267003444,6.29963329998155e-05,0.000769134309715655
AT2L2,-0.0976107966264223,0.0627326177751193,0.150887320430696
AT5EL,-0.028569152196771,0.84380019490766,0.904118597207731
AT5F1,-0.070389327891398,0.150269075650692,0.280988582236148
AT5L2,-0.0426443374084937,0.570877298348801,0.702647800874998
AT5SL,0.150559676575381,0.0966535282136424,0.204734336364559
AT8B2,-0.321928094887362,0.15720201390347,0.290147293517464
ATAD1,-0.0840642647884746,0.109399358835946,0.223385727529353
ATAD2,-0.0840642647884746,0.603401236538433,0.728392843355075
ATD3A,0.0426443374084937,0.580731617034017,0.711506292896079
ATD3B,0.111031312388744,0.518024887785062,0.660458082220524
ATE1,-0.137503523749935,0.00197174639509207,0.0115603761246494
ATF1,-0.16349873228288,0.014970603144417,0.0529781932129484
ATF7,0.0285691521967709,0.770356779814612,0.85221548416022
ATG12,-0.22650852980868,8.55452174400162e-08,4.30745330168552e-06
ATG2A,0.0143552929770701,0.875183886050444,0.924378483429205
ATG2B,-0.321928094887362,0.00075692220607797,0.00558621857908157
ATG3,0.20163386116965,0.0274935165461658,0.0825126807447064
ATG4B,-0.0840642647884746,0.660461407469577,0.773783031338373
ATG5,-0.0426443374084937,0.672329369147428,0.78294077937704
ATG7,0.0565835283663675,0.246575868138283,0.39832679558342
ATG9A,-0.137503523749935,0.340455329408844,0.495909974998248
ATGA1,0.124328135002202,0.147692435494321,0.277517688548353
ATIF1,0.0143552929770701,0.956485374698923,0.9735451614058
ATL1,-0.176322772640463,0.0643396374615743,0.153744592743166
ATL2,0.0565835283663675,0.593721039567064,0.721683005494582
ATL3,-0.454175893185802,0.0271832687350242,0.0820289472521059
ATL4,0.20163386116965,0.0423699198204191,0.11353512816321
ATL5,0.321928094887362,0.563436054843824,0.697191032206364
ATLA1,-0.432959407276106,0.0176335287856937,0.0599244401257099
ATLA2,-0.070389327891398,0.316737494871955,0.472896445832082
ATLA3,0.0143552929770701,0.75617359403975,0.843917335721025
ATM,0.111031312388744,0.0502887272433284,0.128755186002859
ATNG,-0.400537929583729,0.00966718391030389,0.0383860945746405
ATOX1,0.344828496997441,0.0415122828198321,0.111939316361213
ATP5E,1.61353165291793,0.0259462632832147,0.079133021509852
ATP5H,-0.16349873228288,0.0283529331721305,0.0844014672171922
ATP5I,0.0143552929770701,0.789653770993731,0.866224213546306
ATP5J,-0.238786859587116,0.00949834090023011,0.0379220373532247
ATP5L,-0.0976107966264223,0.135606439578574,0.260917085542791
ATP5S,0.150559676575381,0.0490281545472353,0.126452260673552
ATP6,-0.411426245726465,0.00324279743940009,0.017265039027739
ATP7B,-0.124328135002202,0.561653691886885,0.695655955353145
ATP8,-0.124328135002202,0.0669825894532818,0.158487060549166
ATP9A,-0.0565835283663676,0.359796275344056,0.514548079682682
ATPA,0.0840642647884745,0.400536566339969,0.552242395872923
ATPB,-0.0565835283663676,0.419289540283385,0.570597333099478
ATPD,-0.16349873228288,0.0345484472178211,0.0976380181093521
ATPF1,-0.0143552929770701,0.766428069374586,0.84982179713037
ATPF2,-0.124328135002202,0.129771287959274,0.252591713602387
ATPG,-0.070389327891398,0.366991791560879,0.520924380736944
ATPK,-0.464668267003444,2.87524249143249e-07,1.07528486184446e-05
ATPO,0.176322772640463,0.0348102724581101,0.0982338238158536
ATR,-0.0143552929770701,0.886302509170117,0.93139742608738
ATRAP,0,0.930311535333739,0.960482453526015
ATRN,0.0840642647884745,0.606929423029212,0.731550179579511
ATRN1,0.263034405833794,0.0886343397026013,0.19191651294796
ATRX,-0.214124805352847,0.0133378073820613,0.0491413046730752
ATS13,-0.632268215499513,9.47290292327133e-05,0.00107639003128145
ATS2,0.321928094887362,0.137624438943782,0.263614788071332
ATTY,-0.344828496997441,0.00601815804040858,0.027483040630295
ATX10,0.0143552929770701,0.642959162591741,0.760353659242739
ATX2,0.0565835283663675,0.319947380943132,0.475752677627078
ATX2L,0.16349873228288,1.1836310546802e-05,0.00020218832916311
AUHM,0.0143552929770701,0.842293914448912,0.903513271639434
AUP1,-0.176322772640463,0.022561155941717,0.0718821941170338
AVEN,0.545968369105292,0.00090784319949701,0.00647594815641201
AVIL,-0.250961573533219,0.126785207198002,0.248854327707874
B2CL1,0.0426443374084937,0.591216292325674,0.719680242772497
B2L13,-0.20163386116965,0.0096219427809859,0.0382692035026925
B2MG,0.214124805352847,0.102349075246706,0.213858767480505
B3A2,0.400537929583729,0.0154100082721901,0.0541352958180358
B3AT,0.189033824390017,0.294085546501068,0.449085242863078
B3GA3,0.176322772640463,0.221435525097346,0.368196451728188
B3GLT,0.070389327891398,0.394798685333802,0.547616746288869
B4GA1,0.443606651475615,0.00036554787107442,0.00319294875142555
B4GT1,0.20163386116965,0.0735407349930378,0.169020830067531
B4GT4,0.286881147788162,0.00052364407843593,0.00420148843310792
B4GT7,0.070389327891398,0.373287283867716,0.527864397011175
BAAT,0,0.976024956202724,0.986525355888977
BABA1,-0.176322772640463,0.00043539732408216,0.00367796160606246
BACD3,0.0285691521967709,0.759776981845355,0.846344978041731
BACH,0.0285691521967709,0.610947750661995,0.734854249976582
BACH1,0.137503523749935,0.184121430077339,0.325113797230305
BAD,0.464668267003444,0.0056758017730538,0.0262620882039679
BAF,-0.584962500721156,6.34902650232906e-08,3.46900001233639e-06
BAG1,-0.150559676575381,0.00568791405807152,0.0263023348759802
BAG2,-0.111031312388744,0.160904379389474,0.295496385891897
BAG3,0.214124805352847,0.0844094861521745,0.18606314200754
BAG4,0.124328135002202,0.426000048789905,0.575974793941282
BAG5,-0.0565835283663676,0.721492633281298,0.816808118559753
BAG6,-0.150559676575381,0.0160851637711179,0.0560217457923564
BAIP2,-0.070389327891398,0.110865975502579,0.225512006082298
BAP1,-0.111031312388744,0.14904437618731,0.279512627591781
BAP18,-0.0426443374084937,0.385569814416943,0.539609146188892
BAP29,-0.070389327891398,0.29296464564088,0.448279350549716
BAP31,-0.070389327891398,0.128089786688274,0.250583389122932
BASI,0.070389327891398,0.251438863458059,0.404064456420711
BASP1,0.137503523749935,0.366422261785158,0.520545289469456
BAX,0.070389327891398,0.57112935216501,0.702647800874998
BAZ1A,0.27500704749987,0.249089611517645,0.401377612870098
BAZ1B,0.0143552929770701,0.761690758199624,0.847741346600679
BBIP1,-0.20163386116965,0.388870996622034,0.542330117219936
BBS1,-0.0840642647884746,0.197626654006214,0.340607548649636
BBS10,0.16349873228288,0.281942534001762,0.435986608179361
BCAM,-0.400537929583729,7.72747768350423e-06,0.000143106942484896
BCAP,-0.238786859587116,1.44396006570241e-05,0.000236184041319987
BCAR1,0.111031312388744,0.17503880118161,0.314115752225279
BCAS3,0.0426443374084937,0.619105388001872,0.741220470837223
BCAT1,0.111031312388744,0.129270861892126,0.252083569927763
BCAT2,-0.111031312388744,0.0700179905832935,0.163957021110545
BCCIP,0,0.987445269885147,0.993117279268299
BCDO2,-0.0565835283663676,0.373012909716358,0.527670116866475
BCKD,0.0840642647884745,0.393280373048467,0.546309411100864
BCL10,-0.238786859587116,0.0122324264036396,0.046082451351413
BCL2,-0.713695814843359,4.69881602204228e-06,9.53243958963736e-05
BCLF1,0,0.95583321439953,0.973267127112606
BCR,0,0.935581724406523,0.963200111669617
BCS1,-0.0565835283663676,0.176095620000129,0.315571215743427
BD1L1,-0.111031312388744,0.0657750372630476,0.156157438235599
BDH,-0.137503523749935,0.267269880879295,0.421590328070043
BDH2,-0.238786859587116,0.00129242385582482,0.00841785073743957
BECN1,0.0426443374084937,0.51894283265795,0.661092016534358
BET1,0,0.933186266361888,0.961646200649008
BET1L,-0.028569152196771,0.826342263373007,0.892491349646102
BGAL,-0.0143552929770701,0.818774821995227,0.886804615303139
BGH3,0.214124805352847,0.0276717645768019,0.0828861875193164
BGLR,0.0285691521967709,0.765830730876411,0.84982179713037
BHMT1,-0.584962500721156,2.96147936538735e-07,1.09688639571847e-05
BHMT2,-0.622930350920177,1.33249693220868e-09,1.55538732814177e-07
BI1,0.238786859587116,0.091323520833968,0.195653836306243
BI2L1,0.070389327891398,0.452331476957094,0.600510373682139
BICC1,0.748461233004036,0.0303800080835449,0.0889238534481877
BICD2,0.0285691521967709,0.6940044422846,0.79812064835954
BID,-0.028569152196771,0.560189335381362,0.694512172477955
BIEA,0.0285691521967709,0.698436187990398,0.800470443510709
BIG1,-0.111031312388744,0.00053063772840919,0.00424510182727352
BIG2,-0.0143552929770701,0.682516921222215,0.790128015151457
BIG3,1.08406426478847,0.012076993178053,0.0457204695055137
BIN1,-0.111031312388744,0.0383799277610325,0.105696511538119
BIN2,0.0285691521967709,0.800230435804036,0.874071281056914
BIN3,0.0143552929770701,0.722461986364592,0.81754511500482
BIRC1,0.0840642647884745,0.505202483425745,0.649546050118815
BIRC2,-0.0565835283663676,0.456056590182873,0.603479898792314
BIRC6,-0.0426443374084937,0.559454361195184,0.693935984325825
BL1S1,0.0565835283663675,0.220756933931842,0.367396262324656
BL1S3,-0.27500704749987,0.00319948764888651,0.0171009010918762
BL1S4,0.454175893185802,6.57546053644213e-07,2.16484393045941e-05
BL1S5,0.367371065648529,0.00121847377933731,0.00805761544722286
BL1S6,0.0565835283663675,0.583397137370385,0.713411356555785
BLK,0.432959407276106,1.95444667229179e-05,0.000298159547788831
BLM,0.0143552929770701,0.945351399189835,0.966732437790307
BLMH,-0.0426443374084937,0.43068453719307,0.580271716428019
BLNK,0.214124805352847,0.0428051881057917,0.114352839512953
BLVRB,-0.321928094887362,1.05007454926703e-07,5.04059738346573e-06
BMI1,0.31034012061215,0.168209077785107,0.304913584766227
BMP2K,0.37851162325373,6.45946791252841e-05,0.000781220420692604
BMPER,0.137503523749935,0.451573367140151,0.600005746870351
BMS1,0.0976107966264223,0.393174067468723,0.546260237291081
BNIP2,0.263034405833794,0.00446915460753806,0.0221702299397767
BNIP3,-0.22650852980868,0.0536897802571881,0.135314472435261
BODG,-0.505890929729957,5.80712018178412e-06,0.000112974883536527
BOK,-0.0840642647884746,0.248827558362303,0.401057240655484
BOLA2,-0.070389327891398,0.363997903272137,0.518664185787637
BOLA3,0.0143552929770701,0.888574949992544,0.932640519719695
BOP1,-0.298658315564515,0.00111287054359259,0.00754050542465903
BORC5,-0.263034405833794,0.108785508590035,0.222716863719806
BORC6,-0.31034012061215,0.0002293976670922,0.00221741483974694
BORC8,-0.0143552929770701,0.930151630656116,0.960482453526015
BORG1,0.124328135002202,0.195314564776659,0.337397563426906
BORG3,0.150559676575381,0.51914716990105,0.661092016534358
BORG4,-0.22650852980868,0.0138721361906924,0.0504108194401388
BORG5,0,0.971255175835966,0.983395962740383
BPHL,-0.028569152196771,0.801680868937736,0.875180588677387
BPI,0.526068811667588,0.053503779980591,0.134968277986402
BPL1,0.286881147788162,0.191175652612782,0.332990555670105
BPNT1,-0.214124805352847,7.06690866988622e-07,2.30692645732218e-05
BPTF,-0.16349873228288,0.284114941846237,0.437939478187957
BRAF,-0.20163386116965,0.00159337204723616,0.00978114601745608
BRAP,0.443606651475615,0.00046778149060803,0.00386258156875055
BRAT1,0.0976107966264223,0.557324220611646,0.692073790392025
BRCC3,-0.214124805352847,0.00527865916613052,0.0249489510526807
BRD2,0.0426443374084937,0.507441483452039,0.651337752168362
BRD3,0.238786859587116,0.0290990208368224,0.0861360742434926
BRD4,-0.070389327891398,0.60771364026897,0.732257810124683
BRD8,0.0285691521967709,0.68368865646845,0.790980238689434
BRD9,0.238786859587116,0.137250951566886,0.26309562848253
BRDT,0.22650852980868,0.124382532769637,0.245012281374913
BRE,-0.286881147788162,2.83380938224916e-06,6.30973048579408e-05
BRE1A,0.124328135002202,0.235913580889959,0.38586511253636
BRE1B,0.286881147788162,0.00958710629096863,0.038229330675788
BRK1,0.321928094887362,0.139640077376363,0.266066134742162
BROX,-0.20163386116965,0.00159545183071106,0.00978611536926593
BRWD1,-0.454175893185802,0.00023814179434364,0.00228880612220514
BRX1,0.0565835283663675,0.284451642232715,0.438283090352167
BSDC1,-0.124328135002202,0.0654605445202909,0.155506640451533
BST1,0.189033824390017,0.164474088241379,0.299956754354286
BST2,-0.070389327891398,0.237784764175928,0.388277622554334
BT2A1,0.22650852980868,0.240172716705412,0.391099262206403
BT3A1,0.0285691521967709,0.689874619866532,0.795746978806971
BT3A2,0.137503523749935,0.513125505470175,0.655792782704417
BT3A3,0.0426443374084937,0.741114380984217,0.832336454187272
BT3L4,0.124328135002202,0.0231106970926319,0.0732092148033043
BTAF1,0.16349873228288,0.0718596120798244,0.166748931163544
BTD,-0.16349873228288,0.263286394340811,0.417014469983883
BTF3,0.485426827170242,1.05339587063601e-07,5.04059738346573e-06
BTK,0.678071905112638,0.00452846450290461,0.0223350131436473
BUB3,0.176322772640463,0.0274152952473662,0.0823478359322215
BUD31,-0.070389327891398,0.344368713340323,0.499975312751892
BUP1,-0.622930350920177,1.05067140167632e-07,5.04059738346573e-06
BYST,0.0840642647884745,0.118186052990341,0.236126906700619
BZW1,-0.0143552929770701,0.771507678725379,0.853366138822731
BZW2,0.0143552929770701,0.883542725294344,0.929765490461361
C10,-0.0143552929770701,0.910117717452888,0.946994448305922
C102A,-0.584962500721156,0.00083430390741499,0.00604086212662132
C163A,0.150559676575381,0.038807839374003,0.106397008732142
C163B,0.111031312388744,0.0523394905613546,0.132857804047669
C170B,0.189033824390017,0.0567156415230835,0.14081124791938
C170L,0.0840642647884745,0.553161402980018,0.688969749505052
C19L1,0.070389327891398,0.360816796089248,0.51543345022651
C1QA,-0.298658315564515,0.00087209716207378,0.00626738482893321
C1QB,-0.321928094887362,0.00706319272511036,0.0307776225985578
C1QBP,0.124328135002202,0.194776796761192,0.337204593763646
C1QC,0.150559676575381,0.174569719746424,0.313346952685566
C1QR1,0.0285691521967709,0.560615227615737,0.694928352944753
C1R,0.16349873228288,0.00511486630897661,0.0243390549996021
C1RL,-0.176322772640463,0.138046817552217,0.264029960879414
C1S,0.238786859587116,8.18351364860912e-05,0.000950916880073675
C1TC,-0.22650852980868,0.00096031781951877,0.00676879092550101
C1TM,0.0426443374084937,0.688723116140476,0.794894814493817
C2C2L,0.22650852980868,0.0108044901500215,0.0417860402187579
C2CD2,-0.0976107966264223,0.199283122668724,0.342893431057147
C2CD5,-0.0976107966264223,0.0928362214717015,0.198283961801494
C2D1A,0,0.961912650845353,0.976489005417394
C2D1B,-0.238786859587116,2.7992970998103e-06,6.269123504924e-05
C3AR,-0.137503523749935,0.303511990409584,0.458785991978488
C43BP,-0.16349873228288,0.00016971309486402,0.00171583947878269
C4BPA,0.321928094887362,0.00220303715502099,0.0127418905722836
C4BPB,-0.0143552929770701,0.886251833887461,0.93139742608738
C560,0.0285691521967709,0.804022832735497,0.876247263176442
C5AR1,0.0976107966264223,0.476226507059915,0.620996785780228
C99L2,-0.27500704749987,0.0605635183011946,0.14737250315616
CA050,0,0.996952970494967,0.997911670806301
CA053,-0.321928094887362,0.0101099692426997,0.0397383689008972
CA122,0.20163386116965,0.192420593658283,0.3344938266408
CA123,-0.238786859587116,0.00339322617209966,0.0178779258035723
CA174,-0.070389327891398,0.831011432286183,0.895901493749336
CA198,0.22650852980868,0.0286351934284566,0.0851041149083923
CA2D1,-0.111031312388744,0.187494210310419,0.328733590403156
CAB39,-0.124328135002202,0.0943420183619227,0.20094302169208
CAB45,0.16349873228288,0.0360082451584533,0.100582857396927
CACO1,0.0143552929770701,0.908478243390214,0.946055202362559
CACO2,0.22650852980868,0.0134841695920091,0.0494912065444679
CACP,-0.0143552929770701,0.871312123601202,0.922058873657096
CAD11,-0.321928094887362,0.00122388164837594,0.00808643586542731
CAD13,-0.16349873228288,0.0308188146538159,0.089832821828603
CADH1,-0.238786859587116,5.53971034946433e-08,3.07035457066714e-06
CADH2,-0.176322772640463,0.00081904066049276,0.00595272570607191
CADH5,0,0.943390497366455,0.966444769435581
CADH6,-0.124328135002202,0.142363577135936,0.269940683794056
CADM1,-0.189033824390017,0.0174985158041732,0.0596234258095313
CAF17,-0.16349873228288,0.00184495182950445,0.0109166734980816
CAF1A,0.641546029087524,0.0155890970312176,0.0545653809761474
CAH1,0.298658315564515,0.218126002710234,0.364363123347711
CAH2,-0.37851162325373,7.43050140045945e-06,0.000138606737988231
CAH3,-0.16349873228288,0.318235200339495,0.474194635466852
CAH5A,-0.0840642647884746,0.435923986365571,0.586203245062028
CALD1,0.286881147788162,0.00805409613897444,0.0336125442332931
CALL3,-0.238786859587116,0.155092487598698,0.287426635665232
CALL4,-0.16349873228288,0.0219625825039062,0.0704891848435617
CALM,0.31034012061215,0.0399979663264221,0.108923412010872
CALR,-0.070389327891398,0.47529911258896,0.619997352418786
CALR3,-0.790772037862,3.14860670067679e-05,0.000437873171231734
CALRL,-0.20163386116965,0.0603736473623298,0.147003343640768
CALU,0.111031312388744,0.313745187951586,0.469557983090346
CALX,-0.137503523749935,0.00139355704758848,0.00888801014881129
CAMLG,0.20163386116965,0.0754761652809071,0.171777954896339
CAMP,0.622930350920177,0.00681028835027202,0.0300219646668494
CAMP1,-0.422233000683048,0.00359969247248574,0.0187252064875288
CAMP2,-0.150559676575381,0.110882590737246,0.225512006082298
CAMP3,0.0143552929770701,0.930690281922502,0.960532407894791
CAN1,-0.137503523749935,0.00771373103289256,0.0327196018824288
CAN15,0.333423733725192,0.177882553320739,0.317886149566916
CAN2,-0.53605290024021,3.38036842087049e-15,4.34039305239771e-12
CAN5,-0.344828496997441,8.18548725004706e-10,1.12608917454219e-07
CAN6,-0.111031312388744,0.566648873508962,0.699145246879091
CAN7,0.0143552929770701,0.799867610093701,0.873944131068199
CANB1,1.13750352374994,1.32395598034952e-05,0.000221733845056798
CAND1,-0.389566811762726,4.61938645896512e-16,1.18625844266224e-12
CAND2,-0.238786859587116,0.0173124047765655,0.0591200205667822
CANT1,0.286881147788162,0.0346872816430075,0.0979226155286661
CAP1,-0.250961573533219,7.70684839972915e-07,2.42855146141181e-05
CAP2,-0.070389327891398,0.104544908001515,0.216800530617408
CAP7,0.604071323668861,0.00645266262978827,0.0288516035402721
CAPG,0.505890929729957,0.00028900722818869,0.00265376839805205
CAPON,-0.214124805352847,0.0154002262028319,0.0541256125303909
CAPR1,-0.0565835283663676,0.203813059482326,0.348386024018602
CAPS1,-0.176322772640463,0.0805335967593582,0.179367108827434
CAPS2,-0.27500704749987,0.0368312526176552,0.102157390046102
CAPZB,-0.0840642647884746,0.0417524860402637,0.112390339781339
CAR16,-0.111031312388744,0.115390638564044,0.232288863208099
CAR19,-0.0565835283663676,0.345720996893578,0.500980552469546
CARD8,0.0143552929770701,0.790847969619246,0.866670378086297
CARF,-0.16349873228288,0.0006109522923839,0.00470207438613943
CARL1,-0.16349873228288,0.0104237518213121,0.0407017658547331
CARM1,0.0976107966264223,0.107865109648982,0.221361961836909
CARME,-0.124328135002202,0.164533265923502,0.299956754354286
CASC3,0.150559676575381,0.186147930732193,0.327341624825568
CASC4,0.16349873228288,0.232993310710878,0.382317458086604
CASP,0.137503523749935,0.028644206899982,0.0851041149083923
CASP1,-0.0565835283663676,0.286540493387287,0.44088435411537
CASP2,0.400537929583729,2.33888009775172e-05,0.000347181739365689
CASP3,0.0976107966264223,0.41594172423134,0.567844659267407
CASP4,-0.150559676575381,0.00410747466008217,0.020804723722073
CASP6,-0.0840642647884746,0.146814666980673,0.276249014561664
CASP7,0.16349873228288,0.0132582600597231,0.048965309443963
CASP8,0.16349873228288,0.00367702880025254,0.0190247346387814
CASP9,0.0976107966264223,0.428571360461604,0.578347952201501
CASPA,0.0426443374084937,0.624712660512304,0.74559044718618
CATA,-0.124328135002202,0.128194492437027,0.250662530389557
CATB,-0.31034012061215,1.63177808184637e-05,0.000258667044085276
CATC,0.344828496997441,0.00257266834815763,0.0144215148369472
CATD,0.250961573533219,0.172968356212822,0.311506111922919
CATF,-0.137503523749935,0.0701110317152319,0.16407620420608
CATG,0.622930350920177,0.00277833309558961,0.0153435685795142
CATH,-0.0976107966264223,0.256617062148471,0.409906250630691
CATIN,0.189033824390017,0.00696804934109575,0.0305357520613206
CATK,-0.0976107966264223,0.692590168073376,0.797804224706533
CATL1,0.070389327891398,0.419430516269775,0.570597333099478
CATO,-0.189033824390017,0.268001194704289,0.422138868125504
CATS,0.0426443374084937,0.797000052716767,0.871732658144985
CATZ,0.400537929583729,0.0131516917870644,0.0486884351405786
CAV1,-0.53605290024021,4.11344097426931e-06,8.5889039411607e-05
CAV2,-0.344828496997441,0.0712187960021736,0.165743821480452
CAYP1,-0.0426443374084937,0.812465898471822,0.882277378920459
CAZA1,0.0285691521967709,0.491709384736194,0.636553369182934
CAZA2,-0.0143552929770701,0.82848375828875,0.894052230544408
CB069,-0.137503523749935,0.246324732016556,0.398255138605571
CB072,0.0426443374084937,0.657447493913542,0.77243900264453
CB39L,-0.495695162624069,0.00535009586069944,0.025163088223949
CBG,0.367371065648529,0.00727430886337846,0.0313605346857681
CBL,0.250961573533219,0.243156775106491,0.39470707868108
CBLB,0.344828496997441,0.17969892654645,0.319870732466232
CBP,0.111031312388744,0.176332667350554,0.3159225277369
CBPA3,-0.150559676575381,0.304678790401666,0.459613354465329
CBPB2,-0.0143552929770701,0.807204245025139,0.878720008997269
CBPC1,0.0565835283663675,0.702616657540111,0.803467230175006
CBPD,0.0840642647884745,0.316959140671858,0.473044017771405
CBPM,0.27500704749987,0.00125642538929929,0.00824489028889415
CBPN,0.333423733725192,0.00177661039705519,0.0106275127143955
CBPQ,0.22650852980868,0.0065442662133417,0.0292103284516712
CBR1,-0.389566811762726,2.89540546659195e-05,0.000408538529571875
CBR3,-0.238786859587116,0.0117612363686627,0.0447670775613525
CBR4,-0.137503523749935,0.0586026267442659,0.144379480792397
CBSL,-0.443606651475615,1.06140675106901e-08,7.99891292178511e-07
CBWD1,0.070389327891398,0.424834618322536,0.575057694386199
CBX1,-0.0426443374084937,0.468905066199275,0.613943682868663
CBX3,0.321928094887362,0.00279733262628729,0.0154153437431454
CBX5,0.238786859587116,0.121863985609167,0.24134708101106
CBX8,0.400537929583729,0.0204959362398653,0.0671346482958853
CC038,0.0426443374084937,0.562093998973765,0.695977526212453
CC115,-0.070389327891398,0.445568934396244,0.594800408407195
CC117,0.0565835283663675,0.520909081741189,0.662878431227214
CC124,0.238786859587116,0.00043961077726664,0.0037094867777242
CC126,0.584962500721156,0.0001146167541774,0.00125605615104223
CC127,0.37851162325373,0.0630295306959909,0.151412380568105
CC28A,0.111031312388744,0.500233342073485,0.644987057294415
CC50A,-0.176322772640463,0.0405697728358381,0.109975204056051
CC88B,0.356143810225275,0.00012631881162383,0.00135349113317105
CC90B,0.0976107966264223,0.212494721193299,0.3583755105239
CCAR1,-0.0143552929770701,0.700884383291475,0.802200756035882
CCAR2,0.0285691521967709,0.391221138914244,0.544373445634866
CCD12,0.321928094887362,0.00641428276920624,0.0287802180861764
CCD22,-0.070389327891398,0.0792012242310424,0.177219352737714
CCD25,0.0143552929770701,0.934423312808594,0.962148783998584
CCD43,-0.356143810225275,0.0428080982808096,0.114352839512953
CCD47,-0.111031312388744,0.0141693443847554,0.0511770413221545
CCD50,0.0285691521967709,0.670833287867039,0.782403271634303
CCD51,0.454175893185802,0.0002935897797354,0.00268089741979993
CCD58,0.0426443374084937,0.556221888017824,0.691328829159595
CCD80,0.505890929729957,0.00120968248491986,0.00802704036504961
CCD86,0.356143810225275,0.123542055814973,0.243855495259685
CCD91,-0.111031312388744,0.1666493453555,0.30287014782231
CCD93,0.0840642647884745,0.0502345531565153,0.128659241196075
CCD94,0.0426443374084937,0.824663867110891,0.89142843162934
CCDC6,0.189033824390017,0.00063356598221009,0.00483745522987763
CCDC8,-0.111031312388744,0.729492839142719,0.823324470078451
CCDC9,0.250961573533219,0.506421638249232,0.650679169625097
CCGL,0.20163386116965,0.128383526415845,0.250968456611944
CCHL,0.0840642647884745,0.500942330892649,0.645685079002337
CCL14,0.0143552929770701,0.922299693544962,0.955882779195221
CCL18,0.37851162325373,0.335577476312685,0.490474080347738
CCL19,-0.070389327891398,0.824467987133516,0.891341758753383
CCL21,-0.400537929583729,0.0273790356939921,0.0822973433423781
CCM2,0.0976107966264223,0.416611369498643,0.568267349613588
CCNH,0.0840642647884745,0.541627287502541,0.679149840969983
CCNK,0.0285691521967709,0.850695788133541,0.908047279664596
CCNL1,-0.238786859587116,0.0995529643131093,0.20956862044741
CCNT1,-0.250961573533219,0.00842942593950378,0.034597920851325
CCNY,-0.0565835283663676,0.388898945392317,0.542330117219936
CCPG1,0.516015147003665,0.0387349622043587,0.106272845022215
CCRL2,1,0.00058718940470246,0.0045694011856846
CCS,-0.16349873228288,0.0181479224530846,0.0610264489648903
CCYL1,0.16349873228288,0.0252383746541354,0.0777313070237623
CCZ1B,-0.0143552929770701,0.806759338777475,0.878359800161344
CD032,-0.250961573533219,0.0651303402813719,0.155104835093567
CD109,0.137503523749935,0.0950689317867541,0.202211775396232
CD11A,0.0426443374084937,0.509418044302996,0.652787194496055
CD11B,0,0.980632770526302,0.989624687468513
CD123,0.263034405833794,0.0172441112479317,0.0589411865927501
CD14,0.124328135002202,0.0144408128100118,0.0517455683286405
CD151,-0.0426443374084937,0.452930806347946,0.600891842966175
CD166,0.070389327891398,0.182541823731371,0.323128735433988
CD177,0.632268215499513,0.0763734919452332,0.173206176610561
CD180,0.0976107966264223,0.480483091056523,0.625434855351417
CD2,0.367371065648529,0.0262788097104923,0.0798627021734251
CD209,-0.16349873228288,0.0601865557017561,0.146701235895935
CD248,-0.176322772640463,0.0222289890539747,0.0711284092738847
CD276,0.687060688339892,0.00010039791061581,0.00113245315283192
CD2AP,-0.0143552929770701,0.810729444954571,0.881670182104844
CD2B2,-0.0565835283663676,0.311742486129622,0.467367070755423
CD302,-0.111031312388744,0.0596890962702164,0.145936146514042
CD34,0.0426443374084937,0.776489497773071,0.856417335840192
CD36,-0.124328135002202,0.126220609404684,0.247998871424046
CD37L,-0.356143810225275,0.00094082565439208,0.0066680044539435
CD38,0.16349873228288,0.303617664074186,0.458785991978488
CD4,0.0976107966264223,0.170334652271593,0.307822339642535
CD44,0.31034012061215,0.00170919119492691,0.0103376520859562
CD47,-0.124328135002202,0.207135827835482,0.352268083365244
CD48,-0.0565835283663676,0.677049283936517,0.786250781345633
CD5,0,0.981321375434386,0.99004543737524
CD59,0.0285691521967709,0.77321626339531,0.854680117329102
CD5L,0.0143552929770701,0.875784878893328,0.924650817291859
CD63,0.16349873228288,0.173362348315117,0.311979334599314
CD68,-0.111031312388744,0.652962719038479,0.768590494648196
CD81,-0.933572638261024,2.6892306888543e-13,2.07178332269335e-10
CD82,-0.27500704749987,0.0207965010703164,0.0678020500405068
CD8A,0.0143552929770701,0.938294891966565,0.964183099284935
CD9,0,0.992115853988273,0.995475454431578
CD97,-0.111031312388744,0.164038844646588,0.299610066182388
CD99,0.176322772640463,0.0240664433941174,0.0751247487472773
CDAN1,-0.176322772640463,0.258299437099117,0.411995623894741
CDC16,-0.0976107966264223,0.529750236058109,0.669377696997158
CDC23,-0.150559676575381,0.107349504308656,0.220833266006378
CDC26,0.263034405833794,0.00162838042409638,0.00995638316447501
CDC27,-0.321928094887362,0.00154877685953265,0.00957606494850685
CDC37,-0.0565835283663676,0.206451898304238,0.351535455986226
CDC42,-0.27500704749987,2.81163628552322e-05,0.000401126776734646
CDC5L,0.111031312388744,0.00715889565675602,0.0309843438986789
CDC73,-0.028569152196771,0.525633840897204,0.666161605863412
CDD,0.286881147788162,0.0663034403636532,0.157363433321499
CDHR2,0.250961573533219,0.0593172485351323,0.145442419705493
CDHR5,0.0426443374084937,0.736854425024461,0.82932454205821
CDIPT,-0.111031312388744,0.152575950418132,0.28392394251722
CDK12,0.263034405833794,0.0524892381481902,0.133150178035449
CDK13,0.0840642647884745,0.556436349491346,0.69141703814215
CDK17,0.0143552929770701,0.877965277444321,0.925539750606329
CDK18,0.214124805352847,0.00639735939650564,0.0287377590616207
CDK2,-0.0976107966264223,0.170642266731074,0.308091873188703
CDK4,-0.111031312388744,0.0712083791378487,0.165743821480452
CDK5,-0.028569152196771,0.768809322227295,0.85123699603896
CDK6,0.189033824390017,0.187610476378233,0.328862596136043
CDK7,-0.0976107966264223,0.331073200737795,0.486382139299003
CDK9,0.176322772640463,0.0888536949338792,0.192121489130117
CDKA1,0,0.985096367446237,0.991787365161515
CDKA2,0.111031312388744,0.810347281304773,0.88164319378223
CDKAL,-0.124328135002202,0.17594484676964,0.315521205659522
CDN1B,-0.250961573533219,0.0139789884926915,0.0506457685824869
CDN2A,0.0565835283663675,0.549119964385314,0.685532361955025
CDN2C,0.22650852980868,0.0393914448079483,0.107766935653563
CDNF,0.111031312388744,0.680560905979152,0.788664443391003
CDO1,-0.739848102699327,0.0014822411502156,0.00927634916430624
CDS2,-0.454175893185802,1.35354979192187e-05,0.000225221330388036
CDV3,0.214124805352847,0.00078912293161339,0.00577341221761591
CDYL1,-0.070389327891398,0.643548767112904,0.760764109534727
CE022,0.150559676575381,0.493403561632955,0.638210382609182
CE051,-0.495695162624069,6.30215599103649e-06,0.000120475954726911
CE170,0.411426245726465,0.00718053509309866,0.0310605515762112
CEAM1,0.400537929583729,0.011933961679521,0.0452902663936107
CEAM8,-0.0143552929770701,0.940435798840167,0.965398126752212
CEBPA,0.214124805352847,0.206133485030106,0.351339019617685
CEBPB,0.344828496997441,0.0010525074985579,0.00723974800793756
CEBPG,-0.0840642647884746,0.584269925351901,0.714138585580048
CEBPZ,0.137503523749935,0.164127742295943,0.299630361764916
CECR1,0.124328135002202,0.226497586070934,0.374289447252354
CECR5,0.137503523749935,0.0241753866639786,0.0754037161373648
CEGT,0.516015147003665,0.00257393339833883,0.0144215148369472
CELF1,0.22650852980868,0.0143534215760615,0.0516673275398407
CELF2,0.411426245726465,0.00034653576977804,0.00307216521331418
CENPB,0.0976107966264223,0.623371799812865,0.744682329936162
CENPV,0.070389327891398,0.214941133847538,0.36098174851263
CEP41,-0.189033824390017,0.214380020719341,0.360181855711743
CEP44,0.16349873228288,0.0298930002176239,0.0877950041744037
CEP57,0.124328135002202,0.686371716261635,0.793571779134835
CEPT1,-0.028569152196771,0.775481846768096,0.855692438879548
CERS2,0.124328135002202,0.155409050537605,0.28773643963992
CERS4,-0.422233000683048,0.00027553050930269,0.00256914312005102
CERS6,0.250961573533219,0.0543892192923256,0.13675409446086
CERU,0.20163386116965,0.0101853406411277,0.0399124436923946
CES1P,-0.16349873228288,0.103885476414956,0.216158958761315
CETN2,0.189033824390017,0.164977042178636,0.300512361908811
CF089,0.37851162325373,0.072172866616506,0.167173711489345
CF106,0.137503523749935,0.297780619307056,0.453559092752384
CF203,0.137503523749935,0.178812225881665,0.319029501665666
CFA20,0,0.949876837362673,0.969801418028272
CFAB,0.632268215499513,2.25356302899294e-05,0.000339090812018781
CFAD,0.0143552929770701,0.924453534383683,0.95674234670767
CFAH,0.250961573533219,0.00026248829006054,0.00246912061859145
CFAI,0.0840642647884745,0.224970469459433,0.372484955236508
CFDP1,0.0976107966264223,0.235956716661318,0.38586511253636
CG025,0.0426443374084937,0.69611912598366,0.799226834189527
CG050,-0.176322772640463,0.00311537514805303,0.0167270706622672
CG073,0.321928094887362,0.128919474960957,0.251824451090064
CGBP1,-0.0976107966264223,0.205467827950735,0.350514647150678
CGL,-0.505890929729957,8.58483899031753e-07,2.60384250320497e-05
CGNL1,0.0143552929770701,0.729952569089206,0.823602019956538
CGRE1,0.286881147788162,0.125132894193074,0.24617564271283
CH033,0.31034012061215,0.0002816877697045,0.00260518916903177
CH082,-0.0565835283663676,0.321703588462215,0.477534575243334
CH10,0.111031312388744,0.333421429117352,0.48843481458834
CH3L1,0.298658315564515,0.0198633757448273,0.0655589356063505
CH60,0.356143810225275,0.0569426971333575,0.141283909409142
CHAC2,0,0.965129742103178,0.979367694041476
CHAP1,0.070389327891398,0.155276125060498,0.287594151111235
CHC10,0.790772037862,0.0222820641695907,0.0711695780939166
CHCH1,0.321928094887362,0.0193858921373066,0.0642084750755847
CHCH2,-0.0976107966264223,0.297886939189576,0.453601079715288
CHCH5,0.137503523749935,0.283348747632239,0.437396096407074
CHD1,0.0976107966264223,0.524447623291304,0.665379518279364
CHD1L,-0.16349873228288,0.0513699170888587,0.130957591413821
CHD2,0.0565835283663675,0.455735168045521,0.603365481117493
CHD3,0.286881147788162,0.0125619295020705,0.0470019936298937
CHD4,0.0840642647884745,0.0496694876782387,0.127551244357717
CHDH,-0.16349873228288,0.0566823030871289,0.140773843643856
CHERP,-0.150559676575381,0.00231229947093581,0.0132544308958999
CHID1,-0.150559676575381,0.00959382279827202,0.0382363222130821
CHIO,0.27500704749987,0.01248253067518,0.0467958230275361
CHIP,0,0.948333215939595,0.968703141818966
CHIT1,0.367371065648529,0.0007739310176799,0.00569123942390358
CHKA,0.250961573533219,0.0377948646679717,0.104298570564802
CHKB,-0.070389327891398,0.334419449637216,0.489407000181939
CHLE,0.0426443374084937,0.464246428252273,0.611222320733501
CHM1A,0.070389327891398,0.132916301931498,0.256831499894723
CHM1B,-0.0143552929770701,0.750903055244599,0.84026103518734
CHM2A,0.150559676575381,0.0149702897075952,0.0529781932129484
CHM2B,0.0285691521967709,0.436381875256721,0.586716573643591
CHM4A,0.0426443374084937,0.475646379568891,0.620345303571819
CHM4B,0.20163386116965,0.00060894746827834,0.00469133129561633
CHMP3,0.0143552929770701,0.840425197550794,0.902011106426765
CHMP5,0.176322772640463,0.0780833774182989,0.175686348307528
CHMP6,0.27500704749987,0.0143762427105404,0.0516820223247799
CHMP7,-0.124328135002202,0.258557829668832,0.412247531704973
CHP1,0.0285691521967709,0.3310662333115,0.486382139299003
CHP3,-0.028569152196771,0.844259867184608,0.904237177365525
CHPF2,0.250961573533219,0.120822188214401,0.239865560420941
CHRD,-0.432959407276106,0.0426433133026233,0.114110484780622
CHRD1,0,0.954999667154985,0.9727644893514
CHSP1,-0.0840642647884746,0.446583322909174,0.595238394410428
CHSS1,0.815575428862573,0.00049846878248179,0.00404872023712181
CHSS2,0.0143552929770701,0.872671278676461,0.922568661575442
CHST4,-0.910732661902913,1.74712169828576e-07,7.57698849018308e-06
CHSTB,-0.028569152196771,0.937559012776937,0.964088979502606
CHSTD,0.0840642647884745,0.610498186486026,0.734670112146574
CHSTE,-0.0840642647884746,0.447676528298965,0.596282844746754
CHSTF,-0.0143552929770701,0.93109629010035,0.960777634467331
CHTOP,0.298658315564515,0.00634057093217743,0.0285659406207573
CHUR,0.485426827170242,0.112822332419665,0.228672257027387
CI064,-0.485426827170242,2.25371524037057e-11,7.29623754617805e-09
CI078,0.111031312388744,0.237618043780059,0.388087642417124
CI114,0.214124805352847,0.277657808346939,0.431787596993302
CI129,-0.070389327891398,0.311606869514787,0.467319315308919
CIA30,-0.22650852980868,0.00213089202347992,0.0123710566306626
CIAO1,0.389566811762726,0.095492494971108,0.202888632448267
CIB1,-0.0143552929770701,0.936264795476929,0.963272433807994
CIDEB,-0.286881147788162,0.0141587317184056,0.0511626966034694
CILP1,0.189033824390017,0.476970147096283,0.621756009006728
CING,0,0.971044915702632,0.983395962740383
CIP4,-0.070389327891398,0.289535871722101,0.444251016878523
CIR1,0.464668267003444,0.0894768202732364,0.193023658931634
CIRBP,0.070389327891398,0.27844190987647,0.432570371786313
CISD1,0.137503523749935,0.0745316624995541,0.170485284100423
CISD2,-0.124328135002202,0.0324765186625599,0.0933730784525428
CISD3,0.422233000683048,0.00181025694610001,0.0107609718462612
CISY,0.0565835283663675,0.268995902878505,0.423359435296425
CIZ1,0.321928094887362,0.0222322442278705,0.0711284092738847
CJ011,0.137503523749935,0.120065626584539,0.238767575427798
CJ076,-0.298658315564515,0.0081120681591313,0.0337630324678269
CK052,0.0976107966264223,0.232551714681608,0.381755467698084
CK054,-0.333423733725192,2.19824913015775e-06,5.32556959079727e-05
CK068,-0.263034405833794,0.0011172970227653,0.00756296194647803
CK096,-0.722466024471091,1.32601179500051e-07,6.09044974508124e-06
CK098,0,0.980513988759363,0.989624687468513
CK5P2,0.070389327891398,0.306619360874826,0.461817313036102
CK5P3,-0.250961573533219,6.19007848959107e-07,2.06443137159349e-05
CKAP4,0.464668267003444,4.67274672433773e-07,1.6215694037972e-05
CKAP5,0.111031312388744,0.00553433402600011,0.025777817011067
CL004,0.389566811762726,0.0206300644139038,0.0673126810520089
CLAP1,0.0143552929770701,0.666273852904914,0.778909960132788
CLAP2,0.0285691521967709,0.635553219173518,0.754690327077847
CLC11,0.298658315564515,0.0358128302677311,0.100226794753964
CLC14,0.070389327891398,0.596060568251903,0.72327147862855
CLC4G,-0.31034012061215,0.00350498702886682,0.0183191452309294
CLC4M,-0.16349873228288,0.503592865945238,0.648245148514682
CLCA,0.214124805352847,0.00075701092894096,0.00558621857908157
CLCB,0,0.955087045360071,0.9727644893514
CLCC1,0.0565835283663675,0.56443064184967,0.697413578959079
CLCN3,0.650764559116902,3.48973678575394e-05,0.000472494414717897
CLCN7,-0.298658315564515,4.98647065140924e-06,9.95353088017757e-05
CLD1,-0.584962500721156,0.0013848430608512,0.00886115526644323
CLH1,-0.0426443374084937,0.206591974395189,0.35165368332756
CLH2,-1.28688114778816,2.2718466637432e-08,1.45852555812313e-06
CLIC1,0.22650852980868,0.0136772915181305,0.049891029287726
CLIC2,-0.16349873228288,0.0583255247537248,0.143834776793437
CLIC4,-0.0976107966264223,0.0884659168233371,0.191767423524758
CLIC5,-0.0840642647884746,0.447131282729203,0.595659588819952
CLIC6,-0.137503523749935,0.211196918618541,0.356889901521658
CLIP1,-0.0426443374084937,0.29998004705356,0.455827669132273
CLIP2,0.0840642647884745,0.439646053106504,0.589767228475101
CLM8,0.298658315564515,0.00836617593579388,0.0344668552991209
CLMN,-0.111031312388744,0.0205510126607752,0.0672570250524557
CLN5,-0.0565835283663676,0.543216554472033,0.680314721827009
CLN6,0.0426443374084937,0.753693068988116,0.842141713361768
CLN8,0.475084882948783,0.00278058364297105,0.0153449974107801
CLP1L,0.0143552929770701,0.766856731025964,0.849891107826656
CLPB,0.0426443374084937,0.599285422992703,0.725901777376481
CLPP,-0.070389327891398,0.348813149490958,0.504649108671989
CLPT1,-0.214124805352847,0.00604499950303697,0.0275115814461751
CLPX,-0.028569152196771,0.489886622718537,0.634620235652196
CLU,-0.31034012061215,8.56926899208047e-09,6.91236232608686e-07
CLUS,-0.20163386116965,0.0899049930659186,0.193417499743043
CLYBL,-0.070389327891398,0.426947331818795,0.576850621594528
CMA1,-0.16349873228288,0.2251424666111,0.372609573098156
CMBL,-0.650764559116902,5.91482219793898e-06,0.000114491935208346
CMC1,-0.124328135002202,0.0921001689717934,0.197039628369535
CMC2,-0.189033824390017,0.0210327303327639,0.0683408496345901
CMC4,0.0426443374084937,0.382519081378358,0.536780874852253
CMPK2,-0.16349873228288,0.00613179812946218,0.0277715301524848
CMS1,-0.321928094887362,0.00060767403178262,0.00468620694780111
CMTD1,0.214124805352847,0.106314539496731,0.219406667350991
CMTR1,-0.16349873228288,0.0142571648928366,0.0513897884847743
CN142,-0.263034405833794,0.00184460840087529,0.0109166734980816
CN159,0.070389327891398,0.464931083774527,0.61158338857319
CN166,-0.0976107966264223,0.17535092688858,0.314602594492226
CN37,0.0426443374084937,0.292043516717461,0.447207961198831
CNBP,0.0143552929770701,0.802593107636167,0.87535942098073
CNDP2,-0.356143810225275,1.17359680088004e-08,8.61084738474269e-07
CNGA1,1.58014548442338,0.134273103505616,0.258998495094458
CNIH4,0.27500704749987,0.0316631428444488,0.0916548103058596
CNN1,0.298658315564515,0.494493330348165,0.638976285978239
CNN2,0.111031312388744,0.217365297835505,0.363515744351303
CNN3,-0.0143552929770701,0.875364892520688,0.924442924191827
CNNM3,-0.189033824390017,0.0101065198843888,0.0397383689008972
CNO10,-0.124328135002202,0.0261675695224963,0.0796503182936829
CNO11,-0.124328135002202,0.307272267767507,0.46252941595953
CNO6L,0.176322772640463,0.0182915145152399,0.0612656867084709
CNOT1,-0.137503523749935,0.0126001245303466,0.0471220191173739
CNOT2,0.070389327891398,0.364578378144047,0.519170392832114
CNOT3,0.0426443374084937,0.693739309736628,0.798054000628786
CNOT4,0.0565835283663675,0.672044390874875,0.78294077937704
CNOT7,0.214124805352847,0.103136370468842,0.215063818102812
CNPY2,0.22650852980868,0.0100630170746156,0.0396224013599102
CNPY3,0,0.940711803936767,0.965398126752212
CNPY4,0.250961573533219,0.00592730156152653,0.0271624293666073
CNRP1,0.150559676575381,0.327808432845858,0.482933913229612
CNTFR,-0.411426245726465,3.47261779712931e-05,0.000471004357554299
CNTN4,0.137503523749935,0.229314741093238,0.378030312024789
CNTRB,0.137503523749935,0.622990950656015,0.744342785957497
CO052,0.189033824390017,0.104359042104612,0.216561115649766
CO1A1,-0.137503523749935,0.442951298299729,0.592756088605369
CO1A2,0.400537929583729,0.0210440586805175,0.0683436394021999
CO2,0.321928094887362,4.55451673587097e-06,9.33191407796541e-05
CO2A1,0.545968369105292,0.177586180657387,0.317438202051323
CO3,0.356143810225275,0.00526643880787079,0.0249064730361182
CO3A1,0.189033824390017,0.117679662673906,0.235603981611167
CO4A,0.263034405833794,0.00232285339966142,0.0132754173523676
CO4A1,-0.22650852980868,0.0358211626779431,0.100226794753964
CO4A2,-0.22650852980868,0.00474705266580068,0.0230879379654851
CO4B,0.475084882948783,0.00120298861293301,0.00799357558116579
CO5,0.070389327891398,0.336879810550706,0.492097470702055
CO5A1,0.432959407276106,0.00045260240380718,0.00379005317275056
CO5A2,-0.070389327891398,0.64407578943814,0.761088186459799
CO6,0.111031312388744,0.05952863532903,0.14568253067816
CO6A1,0.356143810225275,0.00992893046193123,0.0392873550481347
CO6A2,0.137503523749935,0.2530646065521,0.405914996643218
CO6A3,0.137503523749935,0.210709699608921,0.356444096899516
CO6A6,0.0840642647884745,0.26965091271282,0.423870819676344
CO7,0.286881147788162,0.00472410812886039,0.0230053912925034
CO8A,0.111031312388744,0.104131360896319,0.21627834790667
CO8B,0.0840642647884745,0.0777187049845261,0.175174050088001
CO8G,0.111031312388744,0.0690335737830663,0.162293149961777
CO9,0.111031312388744,0.220018734608619,0.366808987540533
COA3,-0.16349873228288,0.057368074614322,0.142110497372584
COA4,-0.137503523749935,0.275641380794875,0.429431991434523
COA5,0.0426443374084937,0.752924689672109,0.841777184807857
COA6,0,0.975484297503582,0.986319013342905
COA7,0.263034405833794,0.00051122754486958,0.00412408063421492
COAA1,-0.36737106564853,0.0161434722303309,0.056199417109114
COAC,0,0.980585992071865,0.989624687468513
COASY,-0.0840642647884746,0.0177342570115575,0.0601173026088335
COBL,0.0565835283663675,0.424766555910285,0.575057694386199
COBL1,-0.150559676575381,0.00028591219837823,0.0026311756405009
COCA1,-0.0840642647884746,0.284614915707588,0.438360676410532
COEA1,0.475084882948783,0.00021132287753574,0.00205819399309146
COF1,0.286881147788162,0.0165782652698784,0.057247402796568
COF2,0.0426443374084937,0.650254445205602,0.766365798283262
COFA1,-0.176322772640463,0.0558001773784866,0.139166256563244
COG1,0.214124805352847,0.0342060250641772,0.0970262213160608
COG2,0.0285691521967709,0.732366216459353,0.825841529801355
COG3,0.111031312388744,0.0251805746995717,0.0776585858628905
COG4,0.0426443374084937,0.522729266723896,0.664032363751096
COG5,0.0976107966264223,0.211067359393236,0.356749218246049
COG6,0.214124805352847,0.00092552305884426,0.00657164022611629
COG7,0.0143552929770701,0.836584924818106,0.899142056473031
COG8,0.0426443374084937,0.43811257403748,0.588119754379639
COGA1,0.389566811762726,0.044294539538907,0.117105398973143
COIA1,0.0143552929770701,0.885975434048518,0.931307783314201
COL10,-0.070389327891398,0.568478081092877,0.700728821878324
COL11,-0.344828496997441,0.00153378103916898,0.00952155449295554
COLA1,-0.464668267003444,2.04580032500198e-05,0.000309643334063168
COMD1,-0.0976107966264223,0.107698640433772,0.221256086907141
COMD2,0.16349873228288,0.0607536788552805,0.147698455208047
COMD3,-0.0143552929770701,0.865579596588786,0.918136474200745
COMD4,-0.20163386116965,0.0337234659309059,0.0959754641786845
COMD5,-0.0143552929770701,0.911638817168797,0.948064990209019
COMD6,-0.0840642647884746,0.442031425161492,0.591730686263099
COMD7,0.124328135002202,0.315410361175708,0.471463217403503
COMD8,0.0976107966264223,0.12797833812691,0.250430560561269
COMD9,0.0285691521967709,0.78613747664732,0.863869003078402
COMDA,0.0840642647884745,0.271139693366675,0.425272040478299
COMP,-0.356143810225275,0.00303311910056178,0.0163865003862047
COMT,-0.443606651475615,3.76143658851036e-07,1.335396657967e-05
COPA,0,0.988609083862403,0.993570141743739
COPB,-0.124328135002202,0.00456094154951171,0.0224520726501203
COPB2,0,0.951796242786395,0.971048703529192
COPD,0.0285691521967709,0.35922400738025,0.514206940330257
COPE,0.0285691521967709,0.527175056399117,0.667497900345431
COPG1,0.0143552929770701,0.715170655634645,0.812037543258556
COPG2,-0.124328135002202,0.00288494451047814,0.0157740330083205
COPRS,0.137503523749935,0.434522891280291,0.584726843117854
COPZ1,0.344828496997441,0.00460492218383292,0.0225579810396184
COPZ2,0,0.985309672521629,0.991787365161515
COQ3,0.0565835283663675,0.507967140033693,0.651655186147407
COQ5,-0.124328135002202,0.0547137239348331,0.137345887648731
COQ6,-0.0976107966264223,0.117155756904108,0.234860252716432
COQ7,0.150559676575381,0.0893368790274461,0.192937543906805
COQ8A,0.0976107966264223,0.0348792319016476,0.0983563699012786
COQ8B,0.367371065648529,0.0208992900028296,0.0680220237354454
COQ9,-0.028569152196771,0.540407060041593,0.678282175066867
COR1A,0.150559676575381,0.0863009026788768,0.188559884922878
COR1B,-0.0143552929770701,0.85497278915993,0.910576047837396
COR1C,0.111031312388744,0.0641626035282466,0.153464358143934
CORO7,0.0840642647884745,0.258181686260916,0.41189308572253
COT1,-0.111031312388744,0.167945330672773,0.304722286270147
COT2,-0.454175893185802,4.48486197785974e-05,0.000581419298018347
COTL1,0.070389327891398,0.36979223029108,0.524172832044615
COX1,-0.0565835283663676,0.791717380215745,0.867376379007693
COX11,0.150559676575381,0.0438134666439711,0.116135005486145
COX15,-0.028569152196771,0.811136510580925,0.881879152909321
COX16,0.176322772640463,0.199614675375394,0.343189345925471
COX17,-0.475084882948783,1.58824732708686e-06,4.24049679893554e-05
COX18,0.111031312388744,0.36093976099374,0.515513518482717
COX19,0.0285691521967709,0.691884606576791,0.79734914122178
COX2,-0.432959407276106,4.1138441774251e-06,8.5889039411607e-05
COX20,-0.111031312388744,0.231877940435103,0.380892889789346
COX3,-0.823749360308273,6.21595271546271e-06,0.000119123631144091
COX41,0.0285691521967709,0.773425095055357,0.85471075864518
COX5A,-0.124328135002202,0.097385922667385,0.206002511869724
COX5B,-0.150559676575381,0.00502813637858046,0.0240601010314186
COX6C,0,0.942474214282283,0.96643436002006
COX7B,0,0.98297208287291,0.990813195245645
COX7C,-0.0565835283663676,0.515110000023502,0.657783431158803
COX7R,-0.137503523749935,0.0879049663415283,0.191111530196555
COX8A,-0.070389327891398,0.355671916949067,0.510735591458642
COXM1,-0.0426443374084937,0.668224127282362,0.780117999179166
COXM2,0.263034405833794,0.0735644775159859,0.169024973093694
CP013,-0.0426443374084937,0.573368519825368,0.704614942851274
CP062,-0.0426443374084937,0.55041301567168,0.686368059685112
CP070,-0.070389327891398,0.418633867964302,0.570218408556751
CP135,0.263034405833794,0.0451013305191709,0.118908343591161
CP1A2,-0.333423733725192,0.071425805098971,0.166042366470269
CP20A,-0.286881147788162,9.72384725804359e-07,2.87021146651218e-05
CP250,0.0426443374084937,0.785505068948116,0.863394357422783
CP27A,-0.22650852980868,0.00697624438864081,0.0305542846902153
CP2A6,-0.75702324650746,2.31800652375856e-10,4.25188625215142e-08
CP2A7,-0.443606651475615,0.296277124358847,0.45153688745016
CP2B6,-0.321928094887362,0.00766622469061012,0.0326482006724491
CP2C8,-0.565597175854225,1.09343341246135e-05,0.000191016122666717
CP2C9,-0.6959938131099,1.20475691899249e-08,8.75608236218693e-07
CP2CI,-0.263034405833794,0.00331974685455439,0.0175534178225717
CP2CJ,0,0.931962740256025,0.960899484867829
CP2D6,-0.238786859587116,0.0452374471255894,0.119107755521374
CP2E1,0.0565835283663675,0.587976249854111,0.716622216243644
CP2J2,-0.505890929729957,5.02574252650772e-07,1.70565288212403e-05
CP2S1,-0.111031312388744,0.540980882478248,0.678560195150183
CP343,-0.389566811762726,0.0628124647375329,0.150985094645227
CP39A,-0.0426443374084937,0.666331136277122,0.778909960132788
CP3A4,-0.238786859587116,0.110441931167586,0.224912671878161
CP3A5,0.137503523749935,0.505967871762038,0.650421572510386
CP3A7,-1.02147972741045,2.61495944936796e-05,0.00037867758642727
CP4AB,-0.36737106564853,2.37341345984815e-06,5.63611834298878e-05
CP4F2,-0.344828496997441,0.00020793391220367,0.00203289702997091
CP4F3,-0.37851162325373,1.24447230202329e-09,1.49803353356054e-07
CP4F8,-0.475084882948783,1.42781170386087e-06,3.88687680796613e-05
CP4FB,-0.070389327891398,0.364183008682457,0.518799167694092
CP4FC,-0.31034012061215,0.00387481177343698,0.0197954574950653
CP4FN,-0.028569152196771,0.882713130483582,0.929146325624473
CP4V2,-0.028569152196771,0.761343900869975,0.847600204089926
CP51A,-0.333423733725192,7.76033979113939e-06,0.000143285616829433
CP7B1,-0.27500704749987,1.79211919404532e-06,4.55060712456973e-05
CP8B1,-0.31034012061215,0.00999801863226227,0.0394796184228337
CPEB2,0,0.981646706590651,0.990129121180201
CPIN1,-0.150559676575381,0.012304913720232,0.0463102370789777
CPN2,0,0.953862714687891,0.97216012090958
CPNE1,-0.22650852980868,0.00036108507668847,0.00315992066523088
CPNE2,-0.565597175854225,8.47247424611306e-07,2.59015641238314e-05
CPNE3,-0.150559676575381,0.00876948532673126,0.0355766798089192
CPNE5,0.137503523749935,0.12613328259976,0.247890512537896
CPNE8,0.400537929583729,0.00808125588650009,0.0336711710922643
CPNS1,-0.0840642647884746,0.155070659583265,0.287426635665232
CPPED,-0.0976107966264223,0.21738279260468,0.363515744351303
CPSF1,0.070389327891398,0.217227985377108,0.363515744351303
CPSF2,0.150559676575381,0.198251328644848,0.341531358649354
CPSF3,0.150559676575381,0.0255468628738097,0.0784904012751538
CPSF4,-0.137503523749935,0.0823543135889297,0.182682877019613
CPSF5,-0.189033824390017,0.0144409361249451,0.0517455683286405
CPSF6,-0.0143552929770701,0.693307093801416,0.797914229256963
CPSF7,0.0426443374084937,0.443621739048399,0.593344075977234
CPSM,-0.516015147003665,4.90661730676967e-05,0.000624802970766174
CPT1A,-0.028569152196771,0.676418580505351,0.7859922691121
CPT2,0.070389327891398,0.437484215070749,0.58763064691695
CPTP,0.0976107966264223,0.547785967746073,0.684532537796553
CPVL,-0.124328135002202,0.229644816616987,0.378354077676918
CPZIP,-0.0426443374084937,0.590317136912854,0.718906611251443
CQ062,-0.0976107966264223,0.185837156277072,0.327088356554292
CQ10A,0.22650852980868,0.21385976908142,0.359811238480729
CR025,0.124328135002202,0.401589956466588,0.553349944023954
CR032,-0.111031312388744,0.333313284795641,0.488369255622978
CR1,0.505890929729957,0.233893163521934,0.383467318955731
CR3L3,0.070389327891398,0.6120600397488,0.735503126848347
CRADD,-0.111031312388744,0.0166978942260436,0.0575830694348433
CRBG3,0.16349873228288,0.300480730237192,0.4564084277893
CRBN,0.16349873228288,0.183152679793869,0.32395020853506
CRCM,0.070389327891398,0.34314819323031,0.49870093956731
CREB1,-0.0143552929770701,0.661174067065671,0.77435162856095
CREG1,0.137503523749935,0.101327492416269,0.212357726217339
CREL1,0.0840642647884745,0.074284846600179,0.170214715665282
CREL2,0.0285691521967709,0.613691022161622,0.737003216638057
CRIM1,0.0840642647884745,0.428581056479539,0.578347952201501
CRIP1,0.823749360308273,0.0143654485449557,0.0516673275398407
CRIP2,0.575312330687437,0.018724744352075,0.0623883246457532
CRIS3,0.367371065648529,0.0831004305996843,0.184086671025948
CRK,-0.189033824390017,0.00018714038926681,0.00184940952091122
CRKL,-0.189033824390017,0.0775678895503151,0.175123487888396
CRLF3,0.150559676575381,0.482736354756299,0.627256008946286
CRNL1,0.0426443374084937,0.618220923753941,0.740711352503944
CROCC,-0.189033824390017,0.116845968124477,0.234544382082066
CRP,0.475084882948783,0.00085312406631475,0.0061597636428199
CRTAP,0.27500704749987,0.0124612960837001,0.046760670572541
CRTC1,0.400537929583729,0.0248236662067192,0.0768346823851204
CRTC2,0.0426443374084937,0.740853756536207,0.832245164822826
CRTC3,0.286881147788162,0.0852917158878604,0.187257731319486
CRYAB,-0.16349873228288,0.185994795684713,0.327221718646958
CRYL1,-0.36737106564853,1.7424306536626e-09,1.89065996560798e-07
CRYM,-0.0840642647884746,0.373578118856944,0.527984925274976
CS012,-0.0565835283663676,0.460865971954395,0.607850670532221
CS025,0.344828496997441,0.00471938822518483,0.0229969430024187
CS043,0.0285691521967709,0.595420605728238,0.723089263537358
CSAD,0.0143552929770701,0.93139610193495,0.960798824030142
CSCL1,-0.0143552929770701,0.755682566646737,0.843491523246372
CSCL2,-0.0426443374084937,0.619176156364212,0.741220470837223
CSDE1,-0.028569152196771,0.475236883783387,0.619997352418786
CSF1R,0.137503523749935,0.139395954276247,0.265818423699061
CSF2R,0.505890929729957,0.107560505789566,0.221039297928853
CSK,-0.0976107966264223,0.0474048245349446,0.123505839775858
CSK21,0.238786859587116,0.00039665459613914,0.00341815101639366
CSK22,0.124328135002202,0.028242177257268,0.0841042650135263
CSK2B,-0.028569152196771,0.262406717850123,0.416059533173233
CSKI2,-0.150559676575381,0.0516401840915762,0.131385725971434
CSKP,-0.0565835283663676,0.143765971398056,0.272011592604269
CSN1,-0.389566811762726,5.17683954629063e-09,4.63748510053756e-07
CSN2,-0.0840642647884746,0.311127540303854,0.466782194839511
CSN3,-0.422233000683048,1.19831185121773e-16,4.6158972508907e-13
CSN4,-0.0565835283663676,0.103911959778483,0.216158958761315
CSN5,-0.0976107966264223,0.139736484865011,0.266138412707057
CSN6,0.0143552929770701,0.899322395227987,0.940206233252329
CSN7A,-0.31034012061215,2.45791746489399e-05,0.000360681831419872
CSN7B,0.124328135002202,0.186581124516684,0.327654657687835
CSN8,-0.124328135002202,0.0511257474753363,0.130507872282966
CSPG2,0.31034012061215,0.0289657028573479,0.085794607771245
CSPG4,0.137503523749935,0.0451308406880262,0.118908343591161
CSRP1,-0.124328135002202,0.389883991531222,0.543267228454512
CSRP2,-0.37851162325373,0.00488690499620614,0.0235894211095063
CSTF1,-0.0840642647884746,0.243567946164182,0.395207973304309
CSTF2,-0.070389327891398,0.445366009344951,0.594800408407195
CSTF3,-0.16349873228288,0.00234248921253209,0.0133480302465586
CSTFT,0.0285691521967709,0.857625786372758,0.912715714631265
CT024,0.22650852980868,0.00323373154444105,0.0172286776060677
CT027,0.189033824390017,0.00230708153323332,0.0132343679315186
CT2NL,-0.111031312388744,0.155584960682791,0.287923741796834
CTBL1,-0.0426443374084937,0.385242370299004,0.539333784642719
CTBP1,0,0.974863296548567,0.985868579234728
CTBP2,-0.22650852980868,0.0216492156587416,0.0697555656356944
CTCF,0.189033824390017,0.0308726301934079,0.0898536996637758
CTCFL,-0.124328135002202,0.0996158214016633,0.20956862044741
CTDP1,0.124328135002202,0.215106109555685,0.361116098942685
CTDS1,0.344828496997441,0.00479098195773751,0.0231990729116341
CTDSL,0,0.962941461044818,0.977404613424147
CTF8A,-0.650764559116902,3.41006073971481e-05,0.000464153850508178
CTGE2,-0.298658315564515,0.00265606090984497,0.0148062903396857
CTGE3,0.333423733725192,0.00790994863894398,0.0332962507240833
CTGE4,0.0565835283663675,0.694701998327131,0.798446098032555
CTGE5,0.137503523749935,0.0245491074900151,0.0761525699555717
CTGF,-0.20163386116965,0.0771524633195098,0.174612978088573
CTHR1,0.356143810225275,0.0036472024549189,0.0189212442509732
CTIF,-0.070389327891398,0.458108593702111,0.605675888882967
CTL1,0.20163386116965,0.00832231560758613,0.0343412530481219
CTL2,-0.0143552929770701,0.904950939049176,0.943447518602357
CTNA1,-0.176322772640463,7.99266402909414e-10,1.11955424872984e-07
CTNB1,0.0565835283663675,0.487572047185527,0.632153324052053
CTND1,-0.124328135002202,0.00038183983975097,0.00331271860973139
CTND2,-0.250961573533219,0.00041106911165281,0.00352266566871329
CTNL1,0.0840642647884745,0.444418335978187,0.594306346185723
CTR2,-0.16349873228288,0.150698365292287,0.281462324832649
CTR9,0.0976107966264223,0.261489521644123,0.415192760664947
CTSL2,0.464668267003444,0.00074274290147737,0.00549672556482388
CTU2,-0.189033824390017,0.11465601310375,0.231150760899891
CUL1,-0.214124805352847,1.45766885036541e-08,1.03026429570781e-06
CUL2,0,0.931573367845302,0.960798824030142
CUL3,-0.250961573533219,3.41512474172024e-07,1.22944490701929e-05
CUL4A,-0.176322772640463,0.00014646562479499,0.00151053704607845
CUL4B,0,0.979486855159147,0.989116100687648
CUL5,-0.0426443374084937,0.319068919087284,0.47499651258907
CUL7,0.0976107966264223,0.294065404999965,0.449085242863078
CUTA,0,0.98511543184387,0.991787365161515
CUTC,0.0143552929770701,0.873009615822537,0.922587939684064
CUX1,-0.238786859587116,0.230408752544814,0.379288254189155
CWC15,0.111031312388744,0.0100515958311268,0.0396224013599102
CWC22,0.137503523749935,0.135971355683881,0.261312592441465
CWC27,0.367371065648529,0.0144110027706995,0.0516863898256373
CX038,-0.028569152196771,0.75126994649857,0.840514619202002
CX6A1,-0.356143810225275,7.28206698310794e-05,0.000863092985197901
CX6B1,-0.286881147788162,0.00029398239700864,0.00268089741979993
CX7A1,-0.454175893185802,0.0012926164878493,0.00841785073743957
CX7A2,-0.22650852980868,0.0107758645016952,0.0417224072951804
CXAR,-0.176322772640463,0.0005941295758191,0.00460017512774909
CXB1,-0.411426245726465,7.35942865662675e-05,0.000869586478077492
CXCL6,0.344828496997441,0.0747526213588597,0.170736494203574
CXCL7,0.367371065648529,0.118915073535262,0.237030200909614
CY1,0.0143552929770701,0.654589998429702,0.770152924236778
CY24A,0.150559676575381,0.278613270577831,0.432749321881373
CY24B,0.263034405833794,0.0307328232952025,0.0896839661614546
CYB,0.0426443374084937,0.778684440642532,0.857978393980273
CYB5,-0.622930350920177,2.58240308595137e-06,5.99241969101487e-05
CYB5B,-0.0840642647884746,0.28074360082446,0.434830860625581
CYBP,0.0285691521967709,0.527549732032726,0.66771426648946
CYBR1,-0.344828496997441,0.0273231761076559,0.0822802044522626
CYC,0.594548549550354,0.00136370509029261,0.00878635969031841
CYFP1,0,0.948158425535376,0.968653031471229
CYFP2,-0.565597175854225,0.0002265287628736,0.00219795666143352
CYGB,-0.16349873228288,0.181673817168505,0.3221858330973
CYH1,-0.0426443374084937,0.679003965373215,0.787452438542112
CYHR1,0.432959407276106,0.0044985382263716,0.0222729681850686
CYLC1,1.13750352374994,0.0123272996102741,0.0463662150307292
CYLD,0.31034012061215,0.155548166103979,0.287923741796834
CYR61,0.0285691521967709,0.671521630439732,0.7828999153916
CYTA,-0.22650852980868,0.0069310049828361,0.0304080081934905
CYTB,-0.37851162325373,7.10302011430363e-05,0.000844470169144987
CYTC,0.0976107966264223,0.130266147344085,0.253426868469402
CYTSA,0.189033824390017,0.00025457462894692,0.00241235294146011
CYTSB,0.22650852980868,0.00228280147539947,0.0131342065470332
D19L1,-0.150559676575381,0.0403050020461293,0.109372925594709
D19L3,0.176322772640463,0.0164307273047061,0.0568398397644615
D2HDH,0.0426443374084937,0.502237518180965,0.647029739141497
D39U1,-0.0426443374084937,0.568266450947673,0.700580050904284
DAAF5,-0.0565835283663676,0.413831409390241,0.565777671329621
DAAM1,-0.0426443374084937,0.678900476520063,0.787450959215683
DAB1,-0.622930350920177,0.0206376625966829,0.0673126810520089
DAB2,0.238786859587116,0.00039182011638657,0.00338406073614589
DAB2P,0.176322772640463,0.219091959794021,0.36581804470159
DAD1,-0.485426827170242,1.36188675996542e-05,0.000225633883844593
DAF,0.0143552929770701,0.872526038925325,0.922568661575442
DAG1,-0.176322772640463,0.00066778381856429,0.00505364100021541
DAP1,-0.31034012061215,0.0230878446897739,0.0731970187201721
DAPK1,-0.0426443374084937,0.718767593538113,0.814988945912975
DAPK3,-0.176322772640463,0.31371518659621,0.469557983090346
DAXX,-0.028569152196771,0.754399375562704,0.842547519474496
DAZP1,0,0.984609154495434,0.991787365161515
DBLOH,-0.0426443374084937,0.571027537079263,0.702647800874998
DBNL,-0.028569152196771,0.674189097444759,0.783874555797528
DBR1,-0.028569152196771,0.756464798758629,0.844120047745724
DC1I2,-0.333423733725192,4.20874469274396e-09,3.95416696498774e-07
DC1L1,-0.137503523749935,0.0125235040948014,0.0469265931645671
DC1L2,0.0426443374084937,0.322723059273335,0.478402626253949
DC8L1,-0.36737106564853,0.00692208026759196,0.0303861574823524
DCA11,-0.0426443374084937,0.584259579925067,0.714138585580048
DCA13,0.0426443374084937,0.676864616690806,0.786250781345633
DCAF5,0.432959407276106,8.55498623451677e-07,2.60384250320497e-05
DCAF6,0.0143552929770701,0.864253007871989,0.917108150502177
DCAF7,0.124328135002202,0.0929705142317995,0.198350828480139
DCAF8,-0.16349873228288,0.00657226892345212,0.0293183322445137
DCAKD,-0.0143552929770701,0.81253348954318,0.882277378920459
DCDC2,0.189033824390017,0.529450241553536,0.669108376136555
DCK,0.475084882948783,0.00115090374213529,0.00771676451645803
DCLK1,0.150559676575381,0.186267459953507,0.327404576287434
DCMC,-0.176322772640463,0.0198341897952923,0.0655242702328181
DCNL1,0.0426443374084937,0.294382769496249,0.449449716025452
DCNL3,0.070389327891398,0.280054220439606,0.43437441398565
DCNL5,-0.16349873228288,0.129394106370009,0.252112340787696
DCP1A,-0.137503523749935,0.0308569940029118,0.0898536996637758
DCP1B,0.0285691521967709,0.766931851195601,0.849891107826656
DCPS,-0.298658315564515,1.12581685172448e-06,3.21233075025385e-05
DCTD,-0.111031312388744,0.0337744651608694,0.0959789664131823
DCTN1,-0.0565835283663676,0.0422986433191347,0.113424555562344
DCTN2,-0.0565835283663676,0.126587250282178,0.248529096884276
DCTN3,0.070389327891398,0.490024961118393,0.634692720318779
DCTN4,0.070389327891398,0.0928982333974587,0.198297567300994
DCTN5,-0.321928094887362,3.54898341750735e-05,0.000478833069150204
DCTN6,0.20163386116965,0.496797442678813,0.640986015474389
DCTP1,-0.0840642647884746,0.265401775797113,0.4195025196432
DCUP,-0.0565835283663676,0.208547389769445,0.353731636015809
DCXR,-0.124328135002202,0.288509616066605,0.443382821100564
DD19A,-0.0426443374084937,0.147872038241533,0.277787413463246
DD19B,-0.0143552929770701,0.825286446090795,0.891726056196842
DDA1,-0.189033824390017,0.162659819943905,0.298213046478506
DDAH1,-0.443606651475615,5.70922626688555e-10,8.77578277121542e-08
DDAH2,-0.333423733725192,2.72987066916062e-06,6.1363865996707e-05
DDB1,-0.27500704749987,4.37891672921745e-10,7.31088568010651e-08
DDB2,-0.150559676575381,0.0479208347333161,0.124261901980972
DDC,-0.0143552929770701,0.928448774108193,0.959459336784644
DDHD2,-0.189033824390017,0.0435879080987804,0.115873445132162
DDI1,0.0426443374084937,0.876647313557594,0.924982902460421
DDI2,-0.028569152196771,0.693421722962708,0.797926953503316
DDRGK,-0.124328135002202,0.00769241465127898,0.0326694390702609
DDTL,-0.871843648509318,2.98529716363748e-07,1.10041767218484e-05
DDX1,-0.028569152196771,0.416446812523322,0.568143482146214
DDX10,0.070389327891398,0.465490491417515,0.61196906926289
DDX17,0.0285691521967709,0.424796291774947,0.575057694386199
DDX18,-0.070389327891398,0.0754111821973883,0.171777954896339
DDX20,0.0565835283663675,0.353690288642532,0.509068491537106
DDX21,0.0976107966264223,0.0150696861034193,0.0532066277455281
DDX23,0.137503523749935,0.00100625121021695,0.00700285395077812
DDX24,0.250961573533219,0.0231339278820515,0.0732470985624107
DDX27,0.111031312388744,0.0217221272416333,0.0698735984423979
DDX28,-0.150559676575381,0.0930626490401411,0.198460018036468
DDX3X,0.0285691521967709,0.527728745803829,0.66771426648946
DDX3Y,0.189033824390017,0.0352781350825308,0.099118436424441
DDX41,0.0976107966264223,0.313770054121119,0.469557983090346
DDX42,0.0565835283663675,0.136440963475954,0.261934010121792
DDX46,-0.0143552929770701,0.67845081868124,0.787284998813115
DDX47,0.111031312388744,0.153517508725929,0.285331456507734
DDX49,-0.321928094887362,0.00312824612101871,0.016782735457053
DDX5,0.070389327891398,0.0693146076757567,0.162755177547708
DDX50,0.0426443374084937,0.259701081675678,0.413631824111934
DDX51,0,0.970173382399368,0.982932106523505
DDX52,0.124328135002202,0.134874825782166,0.260028943399852
DDX54,0.137503523749935,0.00335093332451574,0.0176940303852428
DDX55,0.124328135002202,0.0831176245194989,0.184086671025948
DDX56,-0.070389327891398,0.287053917359711,0.441586138046968
DDX58,0.0840642647884745,0.196530492506958,0.339249588678827
DDX6,0,0.871126023594818,0.922058873657096
DDX60,-0.189033824390017,0.0267237274897316,0.0809593380184397
DECR,-0.028569152196771,0.868097680015972,0.920173985531515
DECR2,-0.0143552929770701,0.85545629577846,0.91078431490841
DEF1,1.41683974191283,0.00431260084419379,0.0215327807674455
DEF3,0.925999418556223,0.00109343238261379,0.00746791052806439
DEF4,0.411426245726465,0.00023780210917957,0.00228880612220514
DEFB1,0.321928094887362,0.205966054513396,0.351131330819031
DEFI6,0.189033824390017,0.0128094287747563,0.0477425444028653
DEFM,0.189033824390017,0.00759127256455354,0.0324006447852191
DEGS1,0.344828496997441,0.0164746189237551,0.0569660970325894
DEK,-0.0565835283663676,0.319877311425119,0.475740310273961
DEMA,-0.137503523749935,0.174382802812393,0.313299470750711
DEN1A,0.0143552929770701,0.87757074703703,0.925377092139786
DEN1B,-0.070389327891398,0.277873298965365,0.432035498532628
DEN2A,-0.028569152196771,0.888834020167746,0.932785355043225
DEN2D,-0.263034405833794,0.003275371303534,0.0173903931925747
DEN4B,-0.189033824390017,0.0245194183493063,0.0761070100576373
DEN4C,-0.111031312388744,0.204495818206166,0.34916573214989
DEN5B,-0.22650852980868,0.108777123927774,0.222716863719806
DEN6A,0.250961573533219,0.154118311719954,0.286309976727882
DEND3,-0.238786859587116,0.0254721602212117,0.0783383322731397
DENR,0.0143552929770701,0.757491136108685,0.844640375999376
DEOC,-0.150559676575381,0.00111814819016595,0.00756296194647803
DEPD5,0.0976107966264223,0.590549481619776,0.719075897960922
DEPD7,-0.070389327891398,0.606966348373862,0.731550179579511
DERL1,-0.176322772640463,0.0576177005229903,0.142637135227865
DERM,0.0285691521967709,0.73664300883755,0.82932454205821
DESI1,0.16349873228288,0.078092722764909,0.175686348307528
DESM,0.250961573533219,0.437053218913678,0.587311703909118
DESP,-0.0565835283663676,0.173447019456517,0.312058813146429
DEST,-0.344828496997441,0.00095573966028152,0.00674887107498518
DFFA,-0.176322772640463,1.15752013878417e-06,3.25457487196834e-05
DFFB,0.070389327891398,0.643456882069859,0.760764109534727
DFNA5,0.0565835283663675,0.418579980800688,0.570218408556751
DGC14,0.124328135002202,0.37353678418992,0.527984925274976
DGCR8,0.0143552929770701,0.888475032362362,0.932640519719695
DGKA,0.111031312388744,0.38986001218588,0.543267228454512
DGKQ,-0.124328135002202,0.507586082290974,0.651414822250485
DGLB,0.0565835283663675,0.657261575009645,0.772352528046721
DGUOK,0.150559676575381,0.255213250015566,0.408680706322993
DHB11,-0.464668267003444,5.80951351677033e-10,8.77578277121542e-08
DHB12,-0.0426443374084937,0.419723553598833,0.570794396632906
DHB13,-0.37851162325373,0.00287393291840926,0.0157585617106227
DHB2,-0.422233000683048,7.4952791726472e-07,2.38610044405265e-05
DHB4,-0.0143552929770701,0.845680671415671,0.905184181913469
DHB7,0.0143552929770701,0.922597393747326,0.955882779195221
DHB8,-0.070389327891398,0.437595667362739,0.58763064691695
DHC24,-0.27500704749987,0.00297759348826281,0.0161859037603511
DHCR7,-0.722466024471091,7.52042256359614e-10,1.07677783326707e-07
DHE3,-0.0143552929770701,0.909625137227316,0.946929019467752
DHE4,-0.150559676575381,0.0106781361141855,0.0414290537206647
DHI1,-0.16349873228288,0.0325365425972135,0.0934466117464854
DHI2,-0.748461233004036,4.56286394945157e-05,0.000587831168337373
DHPR,-0.298658315564515,2.62431355438785e-06,6.07138487177297e-05
DHR11,0,0.957068735331785,0.9736755988551
DHR13,-0.124328135002202,0.246379532641128,0.398257146078311
DHRS1,-0.214124805352847,0.00351804292274846,0.0183622180217378
DHRS2,0.150559676575381,0.398778849297725,0.550967047164576
DHRS3,-0.214124805352847,0.0123318243247617,0.0463662150307292
DHRS4,-0.20163386116965,0.0255380923068413,0.0784904012751538
DHRS7,-0.137503523749935,0.0113168771954061,0.0433110888789909
DHRSX,0.0285691521967709,0.797410131594843,0.872001086416845
DHSD,0.111031312388744,0.636092860610005,0.755078489697917
DHSO,-0.286881147788162,0.00068554543314825,0.00515262635802353
DHTK1,-0.111031312388744,0.200013739106768,0.343532887084205
DHX15,0,0.965257227461803,0.979368060103481
DHX16,0.20163386116965,0.0435769133122062,0.115873445132162
DHX29,0.0976107966264223,0.0358432750306544,0.100226794753964
DHX30,-0.0976107966264223,0.0120520045036341,0.0456707539085082
DHX35,0.0426443374084937,0.523249786128887,0.6643237231933
DHX36,0.0565835283663675,0.207809564801321,0.353102092463471
DHX40,-0.485426827170242,0.00530457732106452,0.0250560782841699
DHX57,-0.111031312388744,0.263382678620658,0.417062235303883
DHX8,0.0565835283663675,0.446212403832737,0.595077572642972
DHX9,0.0143552929770701,0.824031113309088,0.891119553191074
DHYS,-0.070389327891398,0.372050657586821,0.526598983290257
DI3L2,0.321928094887362,2.36025295561846e-05,0.000348784243684237
DIA1,0.0976107966264223,0.325470963867466,0.481137603660026
DIAC,0.298658315564515,0.0017409766696317,0.0104851249112868
DIAP1,-0.214124805352847,6.09618748097644e-09,5.27696947791489e-07
DIAP2,-0.0976107966264223,0.0344419859124129,0.0974785780198118
DIC,-0.137503523749935,0.0197632442200231,0.0653179036769875
DICER,-0.070389327891398,0.196189552196516,0.338736958790219
DIDO1,-0.028569152196771,0.506059903169977,0.650431347017268
DIM1,-0.0840642647884746,0.337695276178302,0.493101669385451
DIP2A,-0.124328135002202,0.0647048319678478,0.154377833843388
DIP2B,0.0565835283663675,0.24800630521742,0.400216327771603
DIP2C,0.111031312388744,0.737377196884245,0.829428226718678
DJB11,0.0976107966264223,0.206476887115482,0.351535455986226
DJB12,0.070389327891398,0.659179242810432,0.773544080215014
DJB14,0.400537929583729,0.281809168634089,0.435867864918093
DJC10,0.22650852980868,0.00077419767864109,0.00569123942390358
DJC11,0.0285691521967709,0.525735016050045,0.666161605863412
DJC12,-0.028569152196771,0.677155674860065,0.786255812979946
DJC13,-0.0143552929770701,0.559428252972079,0.693935984325825
DJC16,0.286881147788162,0.0293578601916622,0.0866231156325414
DJC17,-0.137503523749935,0.189073937881957,0.330675509067559
DJC21,-0.0976107966264223,0.519159748187028,0.661092016534358
DJC25,-0.0426443374084937,0.557476392231919,0.692151188679243
DJC30,0,0.941369865615465,0.965845572801134
DKC1,0.250961573533219,0.0861801026950719,0.188522047349594
DLDH,-0.0976107966264223,0.180428434169798,0.320872727803353
DLG1,0.0565835283663675,0.268434641513918,0.422648779526512
DLGP4,0,0.938200521077119,0.964183099284935
DLP1,0.150559676575381,0.0929198102228176,0.198297567300994
DLRB1,-0.137503523749935,0.00170952346281259,0.0103376520859562
DMA,0.879705766282288,0.00780531877001611,0.0329130683110039
DMB,0,0.957502775156136,0.973793901035252
DMD,-0.0976107966264223,0.0803409213625839,0.17904149788179
DMPK,-0.27500704749987,0.00489364830445872,0.0236071800485598
DMXL1,0.214124805352847,0.373386543052491,0.527907859731399
DMXL2,0.263034405833794,0.0760074753267679,0.172630185706787
DNJA1,-0.150559676575381,0.0256246554333557,0.0785877171411514
DNJA2,-0.189033824390017,1.54941589273196e-06,4.17367134182064e-05
DNJA3,-0.124328135002202,0.126898226744593,0.249012720030653
DNJA4,0.687060688339892,0.138312353028241,0.264374012307374
DNJB1,-0.111031312388744,0.014386181725203,0.0516863898256373
DNJB2,-0.028569152196771,0.788841390173471,0.865579557028403
DNJB4,0.070389327891398,0.362157727274956,0.51702110630968
DNJB6,-0.613531652917927,8.6497238643899e-05,0.00100206725791368
DNJB9,-0.263034405833794,0.331257533487334,0.486560159768622
DNJC1,0.0426443374084937,0.417346378431167,0.568867038116368
DNJC2,-0.070389327891398,0.340528934196458,0.495923423260777
DNJC3,0.0840642647884745,0.133999627227243,0.258600483005681
DNJC5,-0.31034012061215,0.0237534806801388,0.0744817347790331
DNJC7,-0.028569152196771,0.549888970743483,0.686211618758285
DNJC8,0.286881147788162,0.0014723432659587,0.00922939993567602
DNJC9,-0.0426443374084937,0.596051713040304,0.72327147862855
DNLI3,-0.0426443374084937,0.623965160963168,0.745275596908565
DNLZ,0.0285691521967709,0.620734874128038,0.742338011530954
DNM1L,-0.028569152196771,0.338919941680867,0.494288065557069
DNMBP,-0.0426443374084937,0.541904595919658,0.679386982419047
DNMT1,0.443606651475615,0.020614245635039,0.0673126810520089
DNPEP,-0.286881147788162,2.35737203079704e-07,9.36144027075278e-06
DNPH1,-0.137503523749935,0.0574090681332597,0.14216633265787
DNS2A,0.0840642647884745,0.537987751598407,0.676237173815325
DNSL1,0.137503523749935,0.461388182971151,0.608340674586642
DNSL3,0.505890929729957,0.129724475241679,0.252591713602387
DOC10,-0.0565835283663676,0.468274900501544,0.613640046515376
DOC11,0.0840642647884745,0.10209697696263,0.213563700928618
DOCK1,-0.111031312388744,0.0550777718139342,0.137900277560789
DOCK2,0.111031312388744,0.189337969430719,0.330987001700535
DOCK4,0.070389327891398,0.14942095087294,0.279810161770814
DOCK5,0.0285691521967709,0.667264915093925,0.779277297121535
DOCK6,0.214124805352847,0.0800222198729781,0.178589566020111
DOCK7,0,0.992303323997967,0.995476030147374
DOCK8,0,0.942017680479866,0.966094809693409
DOCK9,-0.070389327891398,0.0829598510263458,0.183920199225027
DOHH,0.22650852980868,0.00771541224762898,0.0327196018824288
DOK2,0.321928094887362,0.00068222327580679,0.00513266417657765
DOK3,0.0143552929770701,0.90877457310945,0.946235884745939
DOP1,-0.0426443374084937,0.802753674614338,0.87535942098073
DOP2,-0.0565835283663676,0.487029285787998,0.631555902661292
DOPD,-0.75702324650746,2.94297174232561e-07,1.09529730931771e-05
DOPO,-0.111031312388744,0.280202564732203,0.434428728564908
DOPP1,-0.27500704749987,0.00023965820328743,0.00229357366226877
DP13A,-0.0143552929770701,0.808563682177165,0.879951208856177
DP13B,0.0285691521967709,0.599113514602816,0.725832759317518
DPA1,-0.238786859587116,0.0537130437408073,0.135318930339823
DPB1,0.0976107966264223,0.319801625131668,0.475719582933842
DPEP1,0.137503523749935,0.377917187869189,0.532359483515127
DPH1,0.070389327891398,0.601382445331964,0.727095159892883
DPH2,-0.0143552929770701,0.843530092916379,0.904118597207731
DPH5,-0.0565835283663676,0.355660235163487,0.510735591458642
DPM1,-0.111031312388744,0.0210513312956153,0.0683436394021999
DPM3,-0.263034405833794,3.87468385310102e-05,0.00051555378936598
DPOD1,0.411426245726465,0.0570021921227663,0.141385991021826
DPOD2,0.333423733725192,0.00146345609454365,0.00919307047057946
DPOE4,0.189033824390017,0.0983359989667608,0.207613191570273
DPOG1,-0.286881147788162,0.00320086959689583,0.0171009010918762
DPOG2,-0.27500704749987,0.0210796420015562,0.0683591965127447
DPOLB,0.238786859587116,0.00643794376192977,0.028843871557851
DPP2,0.0840642647884745,0.411500859081755,0.563291154649225
DPP3,-0.137503523749935,0.00943540355560667,0.037761220255789
DPP8,-0.028569152196771,0.869041663870381,0.920707857678979
DPP9,-0.20163386116965,0.00146066668040549,0.00919307047057946
DPS1,0.111031312388744,0.269570743802264,0.423870819676344
DPTOR,-0.150559676575381,0.0691728068117929,0.162570867503982
DPY30,0.176322772640463,0.0803021294410822,0.179006830212412
DPYD,-0.27500704749987,9.63200984631042e-07,2.85403860984521e-05
DPYL1,-0.124328135002202,0.0349329637018933,0.0984358274906313
DPYL2,0.070389327891398,0.327397737847718,0.482639145116498
DPYL3,-0.0426443374084937,0.612596331971938,0.735987181157476
DPYL5,-0.250961573533219,0.202563466600845,0.346711607796692
DPYS,-0.298658315564515,0.00033865610465049,0.00301270973467364
DQA1,0.0426443374084937,0.760011275668844,0.846467406982066
DQA2,0.070389327891398,0.76519010855326,0.849777133846325
DQB1,0.389566811762726,0.00157404448018477,0.00970065656115664
DR4L2,-1.63691458035588,0.00011278803816711,0.00124665573319859
DR9C7,0,0.973230082181435,0.984604668828073
DRA,0.0976107966264223,0.36522237757793,0.519557243030199
DRB3,0.0840642647884745,0.751627887259365,0.840792978575018
DRB4,0.411426245726465,0.222011077880314,0.368932990506889
DREB,0.176322772640463,0.0511437159729972,0.130510496143084
DRG1,-0.20163386116965,1.37440887879267e-05,0.000226733319105326
DRG2,0.176322772640463,0.0155102965331304,0.0543636599141204
DRS7B,-0.111031312388744,0.023405364501288,0.0738088121645201
DSC2,-0.176322772640463,0.0796430286108521,0.177897910240071
DSCR3,0.0426443374084937,0.503986821473305,0.648487303752665
DSG2,0.0143552929770701,0.722856847681349,0.817631648001338
DSN1,-0.0426443374084937,0.891677454364485,0.93449640979785
DSRAD,0.0976107966264223,0.0169536948926062,0.058126953917507
DTBP1,-0.0143552929770701,0.86808851464508,0.920173985531515
DTD1,0.389566811762726,0.188567980648512,0.330117592544447
DTNA,-0.070389327891398,0.331041024900268,0.486382139299003
DTNB,0.111031312388744,0.320587651616693,0.476428871152585
DTX3L,-0.0840642647884746,0.051419917955153,0.131041696303837
DUOX1,0.111031312388744,0.706808697741101,0.806704327021843
DUS12,0.20163386116965,0.00603380780917992,0.0274893290135554
DUS23,0.070389327891398,0.24071864401849,0.391739846539596
DUS2L,-0.31034012061215,0.00016897259214727,0.00171284848671391
DUS3,0.0565835283663675,0.349407940445297,0.505188560012431
DUS3L,0.263034405833794,0.338815643739187,0.494269214044063
DUS6,-0.0143552929770701,0.869079379678289,0.920707857678979
DUT,-0.0976107966264223,0.184072676503185,0.325113797230305
DVL1,-0.22650852980868,0.0813183076323021,0.180749060011326
DVL2,-0.0976107966264223,0.630343216024179,0.750102585148328
DVL3,-0.070389327891398,0.53544916493976,0.674476842167415
DX39A,-0.028569152196771,0.532871824094678,0.672103447620162
DX39B,-0.0426443374084937,0.677340570822896,0.786351982763651
DYH10,0,0.947967346824461,0.968586265243455
DYHC1,-0.124328135002202,7.87513748589721e-06,0.00014479727730633
DYHC2,-0.333423733725192,0.00271823547194747,0.0150873818990514
DYL1,0.124328135002202,0.176960272902744,0.316752310047105
DYL2,0.20163386116965,0.298022945328183,0.453659112983268
DYLT1,-0.0143552929770701,0.846562473163159,0.905318891344944
DYLT3,-0.344828496997441,0.00776038705841265,0.0327594640537047
DYM,0.0976107966264223,0.644119285529321,0.761088186459799
DYN1,-0.0840642647884746,0.292863235810229,0.448279350549716
DYN2,-0.0565835283663676,0.0780465446144018,0.175686348307528
DYN3,-0.37851162325373,0.0119335022866719,0.0452902663936107
DYR,-0.214124805352847,0.00872308173419202,0.0354257362573618
DYR1A,0.124328135002202,0.358787757983,0.513773399163761
DYSF,0.20163386116965,0.00039726001002737,0.00341954314776632
DYST,0.0285691521967709,0.272034940341613,0.426094916143231
E2AK2,-0.0143552929770701,0.810104154804137,0.881503165058061
E2AK4,0.0143552929770701,0.874725269641912,0.924020770234648
E2F4,0.070389327891398,0.497384742301408,0.641636311903893
E41L1,-0.214124805352847,0.0195027597614417,0.0645677959613867
E41L2,-0.16349873228288,0.00737398254479067,0.0317015410296135
E41L3,0.20163386116965,0.00161094002647079,0.00985757105951626
E41L5,0.0840642647884745,0.341358052009027,0.496661460373474
E4F1,0.55581615506164,0.0986197429767893,0.20804121026648
EAA1,0.16349873228288,0.18007321137144,0.320388919262257
EAA3,-0.16349873228288,0.275717392355222,0.429463564639028
EAF6,0.344828496997441,0.00154310211776758,0.00956400540247903
EBP,-0.286881147788162,0.0726404194720328,0.167708187091723
EBP2,0.189033824390017,0.036459048441965,0.101327745020526
ECD,0.070389327891398,0.541393603332277,0.678967331934212
ECE1,0.0565835283663675,0.603870108750119,0.72884463697492
ECH1,0.16349873228288,0.279084897666008,0.433132564790275
ECHA,0.070389327891398,0.428095524690651,0.5779964812858
ECHB,0.0976107966264223,0.294053493632832,0.449085242863078
ECHD1,-0.238786859587116,0.00085511631023778,0.00616836709182758
ECHD2,-0.176322772640463,0.02633996790219,0.079985460275314
ECHD3,-0.189033824390017,0.162786265859217,0.298241472575364
ECHM,0.0976107966264223,0.512481523407589,0.655187131817469
ECHP,0.0285691521967709,0.756741305593945,0.844184045510535
ECI1,0.189033824390017,0.107339256343468,0.220833266006378
ECI2,0.0565835283663675,0.669111599177516,0.780917400403512
ECM1,0.214124805352847,0.186822018264275,0.327778826852192
ECM29,-0.124328135002202,0.00248754330706641,0.0140601860877767
ECP,0.37851162325373,0.00438341331989783,0.0218093806046103
ECSIT,0.070389327891398,0.383420719447864,0.53775227064015
EDC3,-0.150559676575381,0.174504860141972,0.313303528905559
EDC4,0.189033824390017,0.00452000184740644,0.0223218552771918
EDEM2,-0.36737106564853,0.00913804932458279,0.0368391062253196
EDEM3,0.27500704749987,0.0342663594345612,0.0971615874434522
EDF1,0.189033824390017,0.00582585326647614,0.0268435248594092
EEA1,0.0426443374084937,0.134775687564856,0.259902852815933
EEPD1,0,0.945400076104903,0.966732437790307
EF1A1,-0.0840642647884746,0.038974856969131,0.106816897221695
EF1A2,0.659924558402378,0.00476940272272668,0.0231527905330097
EF1A3,0.0840642647884745,0.344250842626025,0.499975312751892
EF1B,-0.070389327891398,0.182105784318432,0.322595862950458
EF1D,0.0840642647884745,0.0715312656838369,0.166150941631779
EF1G,0.0426443374084937,0.299840919195671,0.455706143516167
EF2,-0.150559676575381,1.63934768737599e-05,0.00025880193818739
EF2K,0.214124805352847,0.0818740575180147,0.18180774634053
EFGM,-0.189033824390017,0.00010678700895256,0.00118885421527532
EFHD1,-0.333423733725192,0.00154655249144712,0.00957606494850685
EFHD2,0.286881147788162,0.00798317390795271,0.0334673614061534
EFL1,0.0143552929770701,0.815370401192033,0.884211780505497
EFNB1,0.0143552929770701,0.836415139998266,0.899142056473031
EFR3A,-0.137503523749935,0.0588687510732385,0.144803594593943
EFTS,-0.0976107966264223,0.241660399881307,0.392857505947582
EFTU,-0.124328135002202,0.0059303227147759,0.0271624293666073
EGFL7,0.238786859587116,0.0438650921155218,0.116209308685688
EGFR,-0.22650852980868,9.839180488367e-07,2.88380984760763e-05
EGLN,0.111031312388744,0.129300503763606,0.252083569927763
EGLN1,-0.16349873228288,0.016876158555614,0.0579901541090322
EH1L1,-0.16349873228288,0.0110130612303914,0.0424860409208489
EHBP1,-0.16349873228288,0.00201386929382505,0.0117625845637818
EHD1,-0.124328135002202,0.00612001212283103,0.0277439832563749
EHD2,-0.432959407276106,2.70275497635785e-06,6.10767874677159e-05
EHD3,0,0.918960696685043,0.954235029915739
EHD4,-0.0976107966264223,0.0885446622352892,0.191776237801706
EHMT1,-0.0840642647884746,0.474813158746832,0.619850140795331
EI24,-0.16349873228288,0.0725553554935023,0.167708187091723
EI2BA,-0.20163386116965,8.99614582523764e-05,0.00103570229541965
EI2BB,-0.150559676575381,0.124841394070853,0.245727669882946
EI2BD,0.0143552929770701,0.718917178055785,0.814988945912975
EI2BE,0,0.930089684078621,0.960482453526015
EI2BG,-0.0143552929770701,0.803894372546453,0.8762312176143
EID3,0.150559676575381,0.168094483037193,0.304892329041564
EIF1,-0.20163386116965,0.0840459627042696,0.18538307705709
EIF1B,0.214124805352847,4.44264083339952e-05,0.000578143665211316
EIF2A,-0.0143552929770701,0.614086286862732,0.737212598201458
EIF2D,0.0143552929770701,0.700165742883081,0.80156262756723
EIF3A,-0.028569152196771,0.345757216703086,0.500980552469546
EIF3B,-0.150559676575381,0.00036699964747293,0.00320199918927684
EIF3C,0.0840642647884745,0.0521233176998981,0.132527405795384
EIF3D,0.0976107966264223,0.0458834380442903,0.120397141244282
EIF3E,-0.111031312388744,5.2169567843381e-06,0.000103054961709079
EIF3F,-0.0840642647884746,0.110418437608891,0.224912671878161
EIF3G,-0.189033824390017,0.00337365094959441,0.0177896009005307
EIF3H,0.0565835283663675,0.273572664043046,0.427592575327171
EIF3I,-0.16349873228288,6.36670649761618e-07,2.1141856404153e-05
EIF3J,-0.124328135002202,0.028222969484225,0.0840795657024244
EIF3K,-0.0976107966264223,0.0354329740168039,0.0994809153882862
EIF3L,-0.20163386116965,5.15668861316082e-05,0.00065126441107854
EIF3M,-0.31034012061215,1.03131441023047e-08,7.94524621641554e-07
EKI1,0.0840642647884745,0.287508668052205,0.441932717213525
ELAV1,-0.0565835283663676,0.138441470433349,0.264522095292292
ELL2,0.070389327891398,0.66573227457746,0.778552372829808
ELMD2,-0.0565835283663676,0.472905687013969,0.618236112804279
ELMO1,0,0.997298563134186,0.997946243718115
ELMO2,-0.0426443374084937,0.455676326017197,0.603365481117493
ELMO3,0.070389327891398,0.516579201078125,0.659158852602548
ELN,-0.20163386116965,0.0393121211819515,0.107588128449646
ELNE,0.594548549550354,0.020142391259116,0.0662300393769653
ELOA1,-0.22650852980868,0.00522411515275096,0.0247671280841806
ELOB,-0.16349873228288,0.00740912541013185,0.0318171138013689
ELOC,-0.0565835283663676,0.394832604976723,0.547616746288869
ELOV1,0.443606651475615,2.52833771920069e-05,0.000366823235192507
ELOV2,0.367371065648529,0.065286695182568,0.155237252989662
ELP1,-0.028569152196771,0.569044162206816,0.701205304041639
ELP2,-0.0426443374084937,0.524707782612232,0.665516752921409
ELP3,0.0143552929770701,0.706733897991522,0.806704327021843
ELP4,-0.070389327891398,0.309252574312516,0.464965228825844
ELP5,0.0143552929770701,0.892113797514996,0.934826536460219
ELYS,-0.028569152196771,0.595632555415026,0.723089263537358
EM55,-0.028569152196771,0.702151074664936,0.803292527356499
EMAL1,-0.22650852980868,0.00022545635568603,0.00219030991703049
EMAL2,-0.389566811762726,2.97764908099301e-15,4.34039305239771e-12
EMAL3,-0.137503523749935,0.0350353285872806,0.0985908777576696
EMAL4,0.0840642647884745,0.0763567893660509,0.173206176610561
EMC1,0.070389327891398,0.344653025861944,0.500038966335295
EMC10,0.0565835283663675,0.554052672144466,0.689790204622005
EMC2,0.0143552929770701,0.770068586311502,0.852141394562455
EMC3,0.238786859587116,0.00474452650524313,0.0230879379654851
EMC4,0.137503523749935,0.273217050522494,0.427247189677922
EMC6,-0.286881147788162,0.00414683868068119,0.0209142662596188
EMC7,0.526068811667588,0.0205061528028846,0.0671395670180293
EMC8,-0.0426443374084937,0.324964544616975,0.481130703178584
EMC9,-0.124328135002202,0.209882741056095,0.355292603185268
EMD,-0.0976107966264223,0.200950846011017,0.344717282936735
EMIL1,-0.333423733725192,0.00065176659943695,0.00495188351288192
EMIL2,0.0143552929770701,0.836219008144562,0.899131768663039
EMIL3,0.344828496997441,0.284029261292747,0.437939478187957
EMSA1,0.422233000683048,0.00011889245572663,0.00128825243167083
EMSY,0.27500704749987,0.263445291639011,0.417062235303883
ENAH,0.070389327891398,0.360224075494669,0.514873149835052
ENASE,-0.111031312388744,0.119073431570094,0.237223097185416
ENC1,0.687060688339892,0.0217901484780666,0.0700047138761572
ENDD1,0.16349873228288,0.0726222335831969,0.167708187091723
ENDOV,0,0.969341139298002,0.982406095631315
ENL,0.214124805352847,0.217258686943995,0.363515744351303
ENOA,0.367371065648529,1.09696378592953e-05,0.000191080137195161
ENOB,0.189033824390017,0.0085334890919698,0.0348854184771234
ENOF1,-0.37851162325373,2.46972593751825e-05,0.000361036112269489
ENOG,0.604071323668861,1.79834445217656e-05,0.000278761482083868
ENOPH,0.0565835283663675,0.335209921582728,0.490029836029096
ENPL,0.0285691521967709,0.666380522746003,0.778909960132788
ENPLL,-0.0565835283663676,0.353355043871248,0.50873617230127
ENPP1,-0.0840642647884746,0.209588169334886,0.354949935492627
ENPP4,0.0426443374084937,0.59811317943143,0.725076936953538
ENPP7,0.0565835283663675,0.812157799745446,0.88224248297221
ENSA,0.31034012061215,5.13811490135037e-06,0.000101900070409362
ENTP1,0.0426443374084937,0.48882018718987,0.633451761498866
ENTP5,-0.070389327891398,0.255490094918743,0.408826708489403
ENTP8,-0.0976107966264223,0.509988476806523,0.653192223660425
ENY2,0.0840642647884745,0.367867494677194,0.522020847116062
EOGT,0.0143552929770701,0.953344403816047,0.971760424318448
EP15R,-0.070389327891398,0.27441064128871,0.428207328435937
EP300,0.150559676575381,0.0957484762390676,0.203376416031369
EP400,-0.0976107966264223,0.190091829108725,0.331853036812512
EPAB2,0.903038270112912,0.036895873453103,0.102283486535698
EPB42,0.0840642647884745,0.446848798582975,0.595489213679855
EPCAM,-0.22650852980868,0.0280291835671652,0.0836316151051281
EPCR,0.137503523749935,0.111083363832414,0.225741554989427
EPDR1,0.575312330687437,0.0049875637789539,0.0239552315168709
EPG5,0.545968369105292,0.0892158506086862,0.192742263906146
EPHA2,0.070389327891398,0.69425144020149,0.798285536613773
EPHA3,0.0976107966264223,0.651185258027675,0.766849774968696
EPHB2,0.321928094887362,0.178163151994855,0.318278579076626
EPHB3,0.124328135002202,0.536593561101093,0.675251254554793
EPHB4,0.137503523749935,0.398489772743528,0.550765197204187
EPIPL,0.070389327891398,0.179090230703469,0.319445760616314
EPM2A,-0.22650852980868,0.0335137139460134,0.0956612272101101
EPMIP,0.070389327891398,0.352920153436569,0.508488289048576
EPN1,-0.0976107966264223,0.0232098174353171,0.0734024768151408
EPN2,-0.250961573533219,0.00635800408895614,0.0286110184003026
EPN3,-0.0840642647884746,0.671799002790784,0.78294077937704
EPN4,0.0840642647884745,0.30343707093695,0.458785991978488
EPS15,0,0.949911928925408,0.969801418028272
EPS8,0,0.981142106610119,0.99000900973469
EPT1,0.070389327891398,0.47140832005311,0.616697180792861
ERAL1,-0.22650852980868,0.0201742247959005,0.0663064111892566
ERAP1,-0.0840642647884746,0.364020931016842,0.518664185787637
ERAP2,-0.124328135002202,0.238468791494606,0.389147123421827
ERBB2,0.0426443374084937,0.753942804892782,0.842281811034512
ERBB3,-0.137503523749935,0.523557635161995,0.664495555401649
ERBIN,-0.0426443374084937,0.338956886077102,0.494288065557069
ERC2,0.0840642647884745,0.312774810467332,0.468432569953407
ERCC1,0.124328135002202,0.211447556769638,0.357078469389148
ERCC2,-0.389566811762726,0.00095913952440741,0.00676667664472041
ERCC3,0.150559676575381,0.0163271576624041,0.0565856260401625
ERCC5,0.0976107966264223,0.242661619266786,0.394069374964443
ERF1,-0.111031312388744,0.183906094735667,0.324972722439839
ERF3A,-0.0840642647884746,0.0332461209437827,0.0950030102933613
ERF3B,-0.0426443374084937,0.559254565592902,0.693935984325825
ERG1,-0.070389327891398,0.347146074084996,0.50252035978031
ERG24,-0.214124805352847,0.0111110164897805,0.0427996355186345
ERG28,-0.070389327891398,0.438413112030456,0.588318170193805
ERG7,-0.263034405833794,0.00065263975136267,0.00495363216206701
ERGI1,0.0143552929770701,0.872722378180462,0.922568661575442
ERGI2,0.475084882948783,0.0360483034206977,0.100621786069947
ERGI3,-0.344828496997441,0.00960349271132688,0.0382550712761439
ERH,0.0426443374084937,0.540890918601727,0.678560195150183
ERI3,-0.903038270112912,3.61081978024939e-18,2.78177555870413e-14
ERIC5,-0.0840642647884746,0.424654369330232,0.575057694386199
ERLEC,0.111031312388744,0.164022724830577,0.299610066182388
ERLN1,0.0426443374084937,0.364676240653308,0.519213778967489
ERLN2,0.124328135002202,0.241440860393809,0.392583450501035
ERMP1,-0.0426443374084937,0.45485171248312,0.602610076177121
ERO1A,-0.0143552929770701,0.887720246917329,0.93221132094009
ERO1B,0.176322772640463,0.0751620291259883,0.171468247671488
ERP29,0.0143552929770701,0.830597717865157,0.895674547215232
ERP44,0.0285691521967709,0.582720393102796,0.712923282271548
ES1,0.150559676575381,0.224708885873868,0.372131826477274
ES8L2,0.0840642647884745,0.366146266007669,0.520366683562582
ESAM,-0.111031312388744,0.377564995190414,0.53198751358921
ESF1,0.137503523749935,0.270296163961866,0.424538562112582
ESPN,0.250961573533219,0.0555644284986843,0.13875797638699
ESRP1,0.124328135002202,0.302216808913511,0.458232295979077
ESRP2,-0.111031312388744,0.135386661013421,0.260754709111849
EST1,-0.070389327891398,0.521837982126595,0.663550889531184
EST1A,-0.028569152196771,0.697881478714039,0.800309454006097
EST2,0.0285691521967709,0.777840817759062,0.857539447626762
EST3,0,0.998111376518488,0.998629875934861
ESTD,-0.475084882948783,2.36767833144407e-11,7.29623754617805e-09
ESYT1,-0.0565835283663676,0.0175405194035006,0.0597117998362598
ESYT2,0.0976107966264223,0.0442510693640803,0.117030634528278
ETFA,0.124328135002202,0.469484098234145,0.614597364961063
ETFB,0.286881147788162,0.0766236156722298,0.173569048850002
ETFD,-0.0565835283663676,0.480235866815796,0.625272455289656
ETFR1,-0.0143552929770701,0.919271462230554,0.954235029915739
ETHE1,-0.028569152196771,0.748516037977216,0.838285732893803
ETV6,0.0426443374084937,0.737580571988765,0.829535872496561
EVA1A,-0.214124805352847,0.507894589266885,0.651655186147407
EVA1B,0.070389327891398,0.403438240338925,0.555214041366752
EVI2B,0.214124805352847,0.066620084343931,0.157871771696599
EVI5,-0.22650852980868,0.00673875309980078,0.0298180105858588
EVL,-0.0143552929770701,0.903564307355149,0.942849712022764
EWS,-0.0976107966264223,0.12931389776149,0.252083569927763
EX3L2,-0.0143552929770701,0.917821860192313,0.95372263432986
EX3L4,-0.16349873228288,0.0397484036126857,0.108536805601224
EXC6B,-0.070389327891398,0.321923347686508,0.477768728679803
EXD2,-0.22650852980868,0.00395393819878876,0.0201729403201779
EXOC1,-0.111031312388744,0.00372944486523593,0.0192184904627275
EXOC2,-0.028569152196771,0.318110008774002,0.47411868980362
EXOC3,-0.0840642647884746,0.0764534023066248,0.17328538139754
EXOC4,-0.16349873228288,0.0106346681515844,0.0413367726739688
EXOC5,-0.111031312388744,0.010201063153567,0.0399494111357655
EXOC6,0,0.973477176091492,0.984725336739608
EXOC7,-0.070389327891398,0.178267402481262,0.318278579076626
EXOC8,0.137503523749935,0.053444204306694,0.134862151974704
EXOG,0.516015147003665,0.159605101344974,0.293600215081585
EXOS1,0.0143552929770701,0.810671788684333,0.881670182104844
EXOS2,0.0143552929770701,0.7649101895376,0.849728637375295
EXOS3,-0.0143552929770701,0.857139290112396,0.912416972240141
EXOS4,0.111031312388744,0.174374870469708,0.313299470750711
EXOS5,0.0285691521967709,0.611320299631565,0.735064196944385
EXOS6,0.0426443374084937,0.381085804748824,0.535452314387186
EXOS7,0,0.959951683169621,0.975030768549399
EXOS8,0.111031312388744,0.281455920778389,0.435505031461319
EXOS9,0.0285691521967709,0.649218864630379,0.765470176478794
EXOSX,0,0.996100016057926,0.997911670806301
EYA3,-0.111031312388744,0.292975925495563,0.448279350549716
EZRI,0.0143552929770701,0.834256259162275,0.897891900053949
F107B,0.0143552929770701,0.906268147583207,0.944391966587451
F10A1,0.137503523749935,0.302831499818636,0.45835243115968
F111A,0.622930350920177,0.0484254403587953,0.125191138430926
F1142,-0.0565835283663676,0.146685037224604,0.276096146293269
F118B,-0.0976107966264223,0.532037158181815,0.671496439487664
F120A,-0.0143552929770701,0.848786918578291,0.907068167669185
F120C,0.150559676575381,0.221903566334244,0.368833888897307
F122A,-0.150559676575381,0.270855587727519,0.42498400159935
F133B,1.48542682717024,0.0110014333303231,0.0424624460805657
F134A,-0.0143552929770701,0.929951371008717,0.960482453526015
F134C,-0.137503523749935,0.102347986986333,0.213858767480505
F136A,0.150559676575381,0.024969594948956,0.077142058544449
F13A,0.0565835283663675,0.628473617891532,0.748803085715491
F13B,0.298658315564515,0.0244382182403775,0.0759467661653361
F150B,-1.15055967657538,0.00015377970788501,0.00157962515939482
F151A,0,0.996894048487197,0.997911670806301
F162A,-0.0143552929770701,0.903095619605805,0.942727873341664
F169A,-0.124328135002202,0.218071090061997,0.364363123347711
F16A2,-0.16349873228288,0.00470735676484117,0.0229528332381876
F16B1,-0.22650852980868,0.00014557693569278,0.00151053704607845
F16B2,-0.333423733725192,0.00096201099821183,0.00677452717570744
F16P1,-0.298658315564515,0.00342987958618363,0.0180454046213707
F16P2,-0.613531652917927,2.64796329021682e-06,6.07946790468838e-05
F1711,0.0565835283663675,0.83517478712949,0.898754932259476
F175B,0.111031312388744,0.018811987356661,0.0626307478806034
F177A,-0.20163386116965,0.135534558776462,0.260917085542791
F185A,0.0840642647884745,0.254366518555152,0.407452818297601
F192A,0.124328135002202,0.0879648865624331,0.191111530196555
F206A,-0.0976107966264223,0.39637777296289,0.54885422351151
F210A,-0.0840642647884746,0.460452273086036,0.607730736997571
F210B,-0.53605290024021,3.30374283551611e-05,0.000452078770955881
F213A,-0.150559676575381,0.0316699253678866,0.0916548103058596
F234A,-0.0976107966264223,0.420437041671055,0.571361257546976
F261,-0.286881147788162,2.97543759569198e-05,0.000417715609145336
F262,0,0.971675170983719,0.983548221949622
F8I2,0.16349873228288,0.0809693454443437,0.180129320618892
F91A1,0.111031312388744,0.0776053462683002,0.175123487888396
FA10,0.0565835283663675,0.587376045653424,0.716367442659932
FA11,-0.0565835283663676,0.536345855051783,0.675244537456042
FA12,0.150559676575381,0.0436523382870216,0.115924720497489
FA20A,-0.124328135002202,0.427718360600178,0.577689735284672
FA26E,0.176322772640463,0.0897488350887743,0.19318944552219
FA45A,-0.16349873228288,0.0131327764133323,0.0486515056167994
FA49A,0.20163386116965,0.00438313827829248,0.0218093806046103
FA49B,0.111031312388744,0.263185423128314,0.416940263166879
FA5,0.0426443374084937,0.571967590595133,0.703454393030796
FA50A,0,0.92384066126285,0.956350114869253
FA65A,0.070389327891398,0.519070390998501,0.661092016534358
FA69A,0.298658315564515,0.220799248984844,0.367396262324656
FA7,0.20163386116965,0.0320463200277687,0.0923624577231313
FA83G,0.286881147788162,0.00685625075009019,0.0301487190517665
FA83H,0.124328135002202,0.0532273762299433,0.134535336770172
FA84B,0.0285691521967709,0.693090771416382,0.797857542827543
FA89A,0.333423733725192,0.0147250036452293,0.0524948764844269
FA89B,0.298658315564515,0.0743980390346282,0.170280003779791
FA8A1,0.214124805352847,0.0524090633712059,0.132990587685036
FA9,-0.37851162325373,2.46653427999605e-09,2.46781559650514e-07
FA96A,0.31034012061215,0.00422870113421582,0.0212220520157353
FA98A,0.150559676575381,0.0464961231411055,0.12163196355826
FA98B,-0.070389327891398,0.141937511124297,0.269265349840331
FA98C,-0.0426443374084937,0.555729680153076,0.691069632825911
FAAA,-0.594548549550354,1.84938503588872e-07,7.81610339766836e-06
FAAH1,-0.176322772640463,0.0291738200139759,0.0862783529319272
FABD,-0.028569152196771,0.603201438785464,0.728265770945497
FABP4,-0.55581615506164,1.84033503032498e-05,0.00028412707562372
FABP5,0.0565835283663675,0.522054583198304,0.663571771813188
FABPH,0.0143552929770701,0.946628693896686,0.967603483850348
FABPL,-1.35049724708413,2.31743866252033e-08,1.47155767041607e-06
FACE1,0.124328135002202,0.050856484314151,0.129992818565434
FAD1,0.0285691521967709,0.654374258443914,0.770134324328126
FADD,0.0143552929770701,0.714646143456038,0.811920644327579
FADS2,-0.111031312388744,0.669036986034118,0.780917400403512
FAF1,-0.22650852980868,0.00744193355405639,0.0318869055063684
FAF2,-0.028569152196771,0.451907725496973,0.600258123660117
FAH2A,-0.321928094887362,2.76445491107753e-05,0.00039512728450726
FAH2B,0.176322772640463,0.424195572903226,0.574849838366778
FAHD1,-0.070389327891398,0.351834452786442,0.507400341495086
FAK1,-0.176322772640463,0.0113151582161216,0.0433110888789909
FAK2,0.0426443374084937,0.776784559592625,0.8566201327085
FAKD1,0.070389327891398,0.572410066572338,0.70375036124965
FAKD2,-0.0840642647884746,0.572482283742414,0.70375036124965
FAKD5,0,0.985308741324378,0.991787365161515
FAM3C,0.27500704749987,0.014788481177225,0.0526199011157729
FAM9B,-0.20163386116965,0.342613402652786,0.498111653903956
FARP1,-0.0976107966264223,0.0420542149968117,0.113005117661471
FARP2,-0.356143810225275,0.0003541980432284,0.00311500196921415
FAS,-0.739848102699327,1.60769209931224e-06,4.256240526839e-05
FAT1,0.27500704749987,0.00053271997845474,0.00425733891495365
FAT4,0.475084882948783,0.0210820290348519,0.0683591965127447
FBLI1,-0.0426443374084937,0.670551453898034,0.782242338102734
FBLL1,0.16349873228288,0.040056391147645,0.109004502196793
FBLN1,-0.176322772640463,0.0154455419316442,0.0541859995634731
FBLN2,-0.0143552929770701,0.932273475989839,0.961091243011604
FBLN3,-0.464668267003444,3.67685977143738e-06,7.83612228225447e-05
FBLN4,-0.0840642647884746,0.276609794340935,0.430592413740667
FBLN5,-0.659924558402378,3.68208238081012e-06,7.83612228225447e-05
FBN1,0.0426443374084937,0.747363120003623,0.837481523855696
FBN2,-0.20163386116965,0.22878034041378,0.377333278216177
FBN3,0.0426443374084937,0.765920934180122,0.84982179713037
FBP1L,0.0565835283663675,0.336383646297663,0.491465884899904
FBRL,-0.111031312388744,0.0101525389086117,0.039844706954633
FBW1A,-0.214124805352847,0.0386814036860613,0.106170105611877
FBX11,-0.0840642647884746,0.80029707590208,0.874071281056914
FBX2,0.344828496997441,0.00045338061491333,0.00379244761920987
FBX21,-0.432959407276106,0.0121832664761452,0.0459421854783273
FBX22,-0.124328135002202,0.00687106963547616,0.0301794301435053
FBX3,0.356143810225275,0.174044082058155,0.313059913186091
FBX30,0.189033824390017,0.241137554318763,0.392173045909173
FBX38,0.16349873228288,0.157640010743686,0.290679426225313
FBX4,-0.20163386116965,0.015756928514938,0.0550777573861535
FBX44,-0.286881147788162,0.00486748297433769,0.0235223103034156
FBX6,-0.333423733725192,0.016353379335353,0.0566231165840717
FBX7,-0.443606651475615,3.26158599767325e-07,1.19086533298932e-05
FBXL8,-0.137503523749935,0.0994332948937434,0.209527927752024
FBXW5,-0.250961573533219,0.0214277636401439,0.0692157195319365
FCERG,0.411426245726465,0.017547704417094,0.0597117998362598
FCF1,-0.0840642647884746,0.622795204190948,0.744339784841307
FCG2A,0.495695162624069,1.23261243797324e-07,5.75517952857324e-06
FCG2B,0.356143810225275,0.0148297527528911,0.0526942216982014
FCG3A,0.286881147788162,0.0778198653679149,0.175350758348762
FCG3B,0.941106310946431,0.00675021277494347,0.0298357080999223
FCGBP,0.367371065648529,0.00082800596736317,0.00600858593048716
FCGR1,0.16349873228288,0.144289002590783,0.272652066705762
FCGRN,0.0565835283663675,0.437182575852235,0.587383077147823
FCHO2,-0.028569152196771,0.574301490706795,0.705199025247872
FCL,-0.27500704749987,5.05044183955103e-05,0.000639944143616795
FCN1,0.214124805352847,0.350299604920587,0.505849701276139
FCN2,0.344828496997441,0.00282542648717964,0.0155306496081083
FCN3,0.286881147788162,0.115006216161431,0.231696623772925
FCSD1,-0.0565835283663676,0.405765796030916,0.557421485845609
FCSD2,0.111031312388744,0.137621031171,0.263614788071332
FDFT,-0.22650852980868,0.00607953016341488,0.0276286055439968
FDX2,-0.0143552929770701,0.831307002737847,0.895969382917232
FEN1,0.263034405833794,0.00524310975561528,0.02482662419008
FER,0.37851162325373,0.0454469022177932,0.11959592126962
FERM1,-0.37851162325373,0.00308576132914336,0.0165894663501189
FERM2,-0.333423733725192,5.48080080783026e-08,3.05971662489307e-06
FES,0.0976107966264223,0.0827733139129183,0.183559473340565
FETUA,0.526068811667588,0.0157931320011448,0.0551542560910333
FEZ2,0.0840642647884745,0.331561408885035,0.486913666422095
FGD2,0.0143552929770701,0.721234467731745,0.816635852352346
FGD3,0.0285691521967709,0.754790444337946,0.842781268548304
FGD4,-0.111031312388744,0.0530401627427562,0.134245473003667
FGD5,0.16349873228288,0.449800981006403,0.598501624926771
FGF23,-0.0565835283663676,0.3505849093759,0.506097572629834
FGFR2,-0.20163386116965,0.0217478832408903,0.0699115845854689
FGFR3,-0.0565835283663676,0.65632284370546,0.771367076721108
FGGY,-0.22650852980868,1.24142601987318e-05,0.000209735659146995
FGL1,-0.16349873228288,0.105768807679916,0.218691061289875
FGL2,0.0143552929770701,0.880264592674926,0.927582878124419
FGR,0.16349873228288,0.188830196415509,0.330399235336153
FHIT,-0.0840642647884746,0.564296686479196,0.697363942382037
FHL1,0.0143552929770701,0.940356601099836,0.965398126752212
FHL2,-0.263034405833794,0.0148356395201712,0.0526942216982014
FHL3,0.0565835283663675,0.564669666575461,0.697485186996529
FHOD1,0.0565835283663675,0.648615092736956,0.765109581143088
FHR1,-0.0840642647884746,0.446993157649164,0.595578569098782
FHR2,-0.070389327891398,0.508230642703669,0.651807702911448
FHR3,-0.37851162325373,0.0719511443260738,0.166860811525609
FHR5,-0.070389327891398,0.540045466486966,0.678270341345873
FIBA,0.53605290024021,0.0107382228366149,0.0416133142521535
FIBB,0.389566811762726,0.0258854235719253,0.0790413409425733
FIBG,0.443606651475615,0.0180315298494666,0.0607942695668668
FIBP,-0.16349873228288,0.0788108598829701,0.176705141018161
FIG4,-0.22650852980868,0.169615168879692,0.306884748954708
FIGL1,-0.070389327891398,0.405270880086971,0.557104154570097
FIL1L,0.356143810225275,0.00026583376801732,0.00249449859781417
FINC,0.22650852980868,0.0325320833060311,0.0934466117464854
FIP1,0.137503523749935,0.116782209302671,0.234538618474395
FIS1,-0.0565835283663676,0.481321584522208,0.625945558264532
FKB10,0.31034012061215,0.00138249324273085,0.00886083855407526
FKB11,0.367371065648529,7.79820376479273e-05,0.000914419509953778
FKB15,0.16349873228288,0.00154000108564048,0.0095524705022337
FKB1A,0.0285691521967709,0.804763868080184,0.876854520215403
FKB9L,0.189033824390017,0.00792444492963527,0.0333060140414131
FKBP2,-0.31034012061215,9.85695883157402e-08,4.8368159769711e-06
FKBP3,0.0976107966264223,0.0470387141377114,0.122634942036186
FKBP4,-0.0143552929770701,0.770315709346599,0.85221548416022
FKBP5,-0.20163386116965,2.53723054445e-07,9.92224574337198e-06
FKBP7,0.298658315564515,0.00930393482912405,0.0372931914274567
FKBP8,-0.0426443374084937,0.290169429041991,0.445134464623556
FKBP9,0.0840642647884745,0.102507161938184,0.21413101289907
FKBPL,0.321928094887362,0.0353136036951594,0.0991819186538491
FL2D,0.27500704749987,0.00398998478894427,0.0203030665878644
FLCN,-0.0840642647884746,0.325998404477733,0.481313090857887
FLII,-0.0565835283663676,0.00736408137774039,0.0316766515545014
FLIP1,0.189033824390017,0.422576567093092,0.573560583665465
FLNA,-0.0976107966264223,0.154901804568316,0.287349747747245
FLNB,-0.0143552929770701,0.579003547822833,0.710067388160953
FLNC,0.189033824390017,0.163835838460838,0.299381238022366
FLOT1,0.150559676575381,0.00508028596155169,0.0242505153335261
FLOT2,-0.0840642647884746,0.148649049219682,0.278839122276219
FLRT2,0.16349873228288,0.100993446741212,0.212003682205531
FLT3,0,0.999051381995547,0.999181078397208
FMC1,-0.464668267003444,9.67654869265399e-06,0.000172166584591701
FMNL1,0.27500704749987,0.00037602064408614,0.00326780442398118
FMNL2,-0.0143552929770701,0.792914343530945,0.868440731100711
FMNL3,-0.20163386116965,0.0931555611121014,0.198580642724856
FMO1,-0.176322772640463,0.329234023549163,0.484511732076934
FMO2,0.53605290024021,0.0275519884924486,0.0826559654773458
FMO3,-0.333423733725192,0.00212197906806747,0.0123324834221729
FMO4,-0.16349873228288,0.0243818718899927,0.0758022360938272
FMO5,-0.400537929583729,0.00400974362114664,0.0203632596290796
FMOD,0.475084882948783,9.00727593368592e-05,0.00103570229541965
FMR1,0.0840642647884745,0.0541213941719239,0.136214054459491
FMT,0.176322772640463,0.313103208124629,0.468833258579619
FN3K,-0.16349873228288,0.00350281886679867,0.0183191452309294
FNBP1,-0.150559676575381,0.102780374811777,0.214527230438886
FNBP4,0.0840642647884745,0.765682227831924,0.84982179713037
FND3A,-0.238786859587116,0.00606184079593242,0.027568135473355
FND3B,0.070389327891398,0.120835700933758,0.239865560420941
FNDC1,0.31034012061215,0.0546268314201756,0.137213848758657
FNIP2,0.189033824390017,0.0947468442898486,0.201693751978169
FNTA,-0.22650852980868,0.00037282784808068,0.00324549801312267
FNTB,0.0840642647884745,0.340006593447825,0.495537418827477
FOCAD,-0.22650852980868,0.00175722467920819,0.0105269509553809
FOH1B,-0.0840642647884746,0.257678915952223,0.411431786216772
FOLC,0.0143552929770701,0.779268581564628,0.858253774463745
FOLH1,-0.0426443374084937,0.659536865354255,0.773680880374923
FOLR2,0,0.966051435941043,0.979915768596418
FOXA1,0.0143552929770701,0.936007993750343,0.963272433807994
FOXA3,-0.189033824390017,0.434781193887322,0.584870668361783
FOXK1,0.16349873228288,0.0152301539185361,0.0536523690535885
FOXO1,0.526068811667588,0.191172937052344,0.332990555670105
FOXP1,0,1,1
FPGT,-0.111031312388744,0.0895214866774052,0.193023658931634
FPPS,-0.53605290024021,0.00020331940051188,0.00199030833741236
FPR1,0.22650852980868,0.0995327515615495,0.20956862044741
FPRP,-0.137503523749935,0.0021534332914589,0.0124831076579378
FR8P1,-0.485426827170242,0.00042374263043423,0.00361118719564746
FRDA,-0.454175893185802,8.1950484013456e-11,1.91317129951414e-08
FRG1,-0.189033824390017,0.0851446374867769,0.187041427772492
FRIH,-0.028569152196771,0.874249131473132,0.92364444718445
FRIL,-0.454175893185802,0.0307931000164511,0.0897918404718922
FRK,0.176322772640463,0.10003885641287,0.210171625253545
FRM4A,-0.0426443374084937,0.829004808723946,0.894489222186174
FRMD8,-0.0976107966264223,0.37588703405506,0.530372474424942
FRY,0.137503523749935,0.101812649888822,0.213142569223773
FRYL,-0.16349873228288,0.0839408969623988,0.185348429406225
FSCN1,-0.0840642647884746,0.194826187393289,0.337214322102426
FSTL1,0.422233000683048,0.00548402979544458,0.025605433663094
FTCD,-0.36737106564853,2.37764597802616e-06,5.63611834298878e-05
FTO,-0.16349873228288,0.0182376384347097,0.0611679436225527
FUBP1,-0.028569152196771,0.660211567261316,0.773783031338373
FUBP2,-0.137503523749935,0.00044665873920837,0.00375251791369824
FUBP3,0.0426443374084937,0.180751279725906,0.321088357501964
FUCM,-0.111031312388744,0.207067157260695,0.352229052668667
FUCO,-0.0565835283663676,0.554660038462873,0.690211748718781
FUCO2,0.070389327891398,0.309704669558726,0.465281742254373
FUK,-0.150559676575381,0.00033317022103918,0.00297421017715625
FUMH,-0.16349873228288,0.033787848577452,0.0959789664131823
FUND1,-0.263034405833794,0.0246119640321656,0.0762189996006336
FUND2,-0.0840642647884746,0.21158842729383,0.357238054760391
FURIN,-0.137503523749935,0.158882316213515,0.292619977076003
FUS,-0.137503523749935,0.0428580274212165,0.114446531456864
FUT11,0.0426443374084937,0.602144268340503,0.727480622447372
FUT8,0.495695162624069,0.0801237483379294,0.178710548112049
FWCH2,0.111031312388744,0.412970215742271,0.565101694862958
FXL15,-0.31034012061215,0.152254200594522,0.283599216968133
FXL18,-0.0976107966264223,0.288711279677848,0.443604247833694
FXL20,0.150559676575381,0.231737643820571,0.380743614415372
FXR1,0.298658315564515,6.82914531350498e-08,3.67914234232464e-06
FXR2,0.0285691521967709,0.714061583325869,0.811615585414945
FXRD1,-0.0426443374084937,0.595474251727823,0.723089263537358
FXRD2,-0.27500704749987,0.0675007495260507,0.159468192072583
FYB,0.0840642647884745,0.334292165844855,0.489407000181939
FYCO1,-0.0840642647884746,0.00850820818996833,0.0348615534214064
FYN,-0.214124805352847,0.0168531872446693,0.0579688445004705
FYV1,0.411426245726465,0.206292835493001,0.351377405403069
G3BP1,0.124328135002202,0.0005645175213513,0.00442876067667048
G3BP2,0.111031312388744,0.0312203216992178,0.0905918487272218
G3P,-0.27500704749987,1.32813545842893e-07,6.09044974508124e-06
G3PT,-0.669026765509631,1.70020400207938e-05,0.000266769279674532
G3ST4,-0.16349873228288,0.322560564022113,0.478253769289138
G45IP,0.0976107966264223,0.24811396897051,0.400216327771603
G6PC,-0.356143810225275,0.00017062249684181,0.00172277289078546
G6PD,0.070389327891398,0.433365586826799,0.583373839055331
G6PE,0.0976107966264223,0.267758423303274,0.421929002480757
G6PI,-0.400537929583729,8.88552779542536e-07,2.67398852093582e-05
G6PT1,-0.432959407276106,5.02560250279085e-10,8.06609201697931e-08
GAB1,-0.584962500721156,2.6411701859467e-06,6.07946790468838e-05
GABP1,0.214124805352847,0.0921828949039472,0.197107139145159
GABPA,-0.070389327891398,0.448084847626552,0.596620405481327
GABT,-0.400537929583729,1.46045112786344e-05,0.000237871363405073
GAK,0.0143552929770701,0.714222250100458,0.811678450328061
GALC,-0.124328135002202,0.12735097549605,0.249583290567685
GALE,-0.16349873228288,0.00681183725826231,0.0300219646668494
GALK1,-0.31034012061215,1.36403568292231e-07,6.19604220891901e-06
GALK2,0,0.993470644434184,0.996056460791379
GALM,-0.641546029087524,8.68847582169091e-09,6.91236232608686e-07
GALNS,0.070389327891398,0.419376632196695,0.570597333099478
GALT,-0.150559676575381,0.0135751225885341,0.0496232099899225
GALT1,-0.189033824390017,0.10739019117548,0.220857990607554
GALT2,0.356143810225275,4.29619914103331e-06,8.92127174731014e-05
GAMT,-0.659924558402378,4.32293521064241e-06,8.95265937171751e-05
GAN,-0.189033824390017,0.355232799781642,0.510390430719465
GANAB,0.0976107966264223,0.29871236223747,0.454528943053026
GANC,0.367371065648529,0.0689892746692791,0.162238514057426
GANP,0.0976107966264223,0.257751369174934,0.411462193975071
GAPD1,-0.0426443374084937,0.330268299115423,0.48575543649966
GAPR1,0.505890929729957,1.96391604348365e-07,8.22283108641198e-06
GAR1,0.189033824390017,0.0746552886472209,0.170597222225839
GARS,0,0.979954865896434,0.989329352229869
GAS2,0.0426443374084937,0.542782719809836,0.680039959503673
GAS7,0.622930350920177,0.00246415850344614,0.0139484769364798
GATA,0.250961573533219,0.00050058711961058,0.00405494056645389
GATB,0.150559676575381,0.155148545237747,0.287461373860414
GATC,-0.263034405833794,0.00053521297056599,0.00427282976708848
GATM,-0.0976107966264223,0.493665236765364,0.638334505545546
GBA2,0.111031312388744,0.240053576776632,0.390987897565999
GBA3,-0.831877241191673,7.96969041706892e-13,4.72296115177684e-10
GBB1,-0.0976107966264223,0.167522594763626,0.30409850849646
GBB2,-0.321928094887362,0.00108205842589369,0.00740993610051999
GBB4,-0.214124805352847,0.0336087567308649,0.095790551925484
GBF1,0.189033824390017,0.0139625992351687,0.0506223241510778
GBG10,0.124328135002202,0.156511314709831,0.289151838974709
GBG11,-0.150559676575381,0.163571459364282,0.299087012919956
GBG12,-0.137503523749935,0.00549889498236331,0.0256421521663091
GBG2,-0.028569152196771,0.852126260765123,0.909249406223616
GBG5,-0.20163386116965,0.0232894856543419,0.0735035630811348
GBP1,0,0.933616764840158,0.961855211943483
GBP2,0.238786859587116,0.00273010750252589,0.015131473524791
GBP3,0.070389327891398,0.262004173302117,0.415752863258395
GBP4,0.189033824390017,0.0853992713662938,0.187440452024481
GBP5,-0.124328135002202,0.356058402833727,0.511004831488643
GBP7,0.124328135002202,0.539380208785489,0.6777662907329
GBRAP,-0.238786859587116,0.0095501133277948,0.0381015396568261
GBRL1,0.214124805352847,0.0222641862274504,0.0711695780939166
GBRL2,0.0426443374084937,0.70449120142208,0.804774646464369
GCC1,0.111031312388744,0.133172631383174,0.257133321347362
GCC2,0.16349873228288,0.0975944162607474,0.206330236792755
GCDH,0.070389327891398,0.426820156170866,0.576779947928495
GCFC2,-0.263034405833794,0.0214609451772871,0.0692938481332019
GCH1,0.0565835283663675,0.582506229782897,0.712774459060902
GCKR,-0.22650852980868,0.00116020872342612,0.0077656368421154
GCN1,-0.137503523749935,1.07152429900072e-07,5.08365255168136e-06
GCOM2,-0.0426443374084937,0.76847718566513,0.850991553595539
GCP2,-0.111031312388744,0.12757414654844,0.249957076553708
GCP3,-0.070389327891398,0.180680923830856,0.321088357501964
GCP4,-0.189033824390017,0.0743032306311453,0.170214715665282
GCP6,0.124328135002202,0.127170376694009,0.249356218389067
GCP60,0.070389327891398,0.301400751949036,0.457264945453992
GCR,-0.0976107966264223,0.27190016529046,0.426094916143231
GCSH,-0.298658315564515,0.00442509754051263,0.0219799815938809
GCSP,-0.443606651475615,0.0043242199560123,0.0215762892105691
GCST,-0.20163386116965,0.00232838281442838,0.013287304594338
GCYA2,0.0285691521967709,0.92546228279853,0.957237404495657
GCYA3,-0.321928094887362,0.00012103932353774,0.00130783583244705
GCYB1,-0.286881147788162,0.00057711958932664,0.00450469028994168
GDAP1,0.37851162325373,0.182319585266745,0.322820060881407
GDC,-0.31034012061215,0.00015496065492205,0.00158541419059691
GDE,-0.356143810225275,1.95179547243798e-08,1.29626140686743e-06
GDF15,0.189033824390017,0.0477567834389431,0.124204888111979
GDIA,-0.0143552929770701,0.811379177300303,0.881926933484624
GDIB,-0.0143552929770701,0.766785713498876,0.849891107826656
GDIR1,-0.0565835283663676,0.239061915556036,0.389784761363746
GDIR2,-0.16349873228288,0.0510730403864245,0.130416540648662
GDN,0.485426827170242,2.66056287007511e-06,6.08218882820731e-05
GDPP1,-0.070389327891398,0.316953985256035,0.473044017771405
GDS1,0.070389327891398,0.4079351350989,0.559603326353619
GELS,-0.286881147788162,0.00276997229647024,0.0153083691334338
GEM,0.250961573533219,0.162923459217139,0.298350922226964
GEMI4,-0.028569152196771,0.696538766708499,0.799364614735927
GEMI5,-0.0426443374084937,0.52310007640386,0.664243116633482
GEMI6,0,0.983878964290442,0.991472013197327
GEPH,-0.189033824390017,0.00027491935264028,0.00256914312005102
GET4,-0.31034012061215,0.0001314559719102,0.00140268255899748
GFAP,-0.27500704749987,0.0433087439115789,0.115370180876488
GFPT1,-0.356143810225275,1.39032033857161e-10,2.81869154956729e-08
GFPT2,0.443606651475615,0.034305541672723,0.0972368995756652
GFRP,-0.0143552929770701,0.800365149326772,0.874071281056914
GG6L6,0.111031312388744,0.823866534903667,0.891119553191074
GGA1,-0.189033824390017,0.00054514916021984,0.00431611816292746
GGA2,0.400537929583729,0.00319077668951565,0.0170706552889087
GGA3,-0.189033824390017,0.152223885274994,0.283599216968133
GGACT,-0.16349873228288,0.0260514952961978,0.0793911075007547
GGCT,-0.137503523749935,0.179907579467839,0.32016816637104
GGH,0.238786859587116,0.0845450391602505,0.186202110260312
GGT1,0.070389327891398,0.278137474816491,0.432271758318791
GGT5,-0.27500704749987,0.00063978014005581,0.004870421145247
GGT7,0.298658315564515,0.136410974954664,0.261934010121792
GGYF1,0.16349873228288,0.577368109060875,0.7085128882136
GGYF2,0.20163386116965,5.4112301122323e-05,0.00067347523076959
GHC1,0.124328135002202,0.168604314184933,0.305342123758251
GHC2,-0.321928094887362,0.00140990361470459,0.00896196159049848
GHDC,-0.189033824390017,0.00838422543057622,0.0344789180481429
GID8,-0.111031312388744,0.174421265582788,0.313299470750711
GILT,0.411426245726465,0.00010130026625633,0.00114096089362393
GIMA1,-0.176322772640463,0.00918435756112191,0.036967758960754
GIMA2,0.238786859587116,0.0274503856486203,0.0824153433503394
GIMA4,0.0565835283663675,0.404406319582003,0.556347551082098
GIMA5,0.0565835283663675,0.532462311315344,0.671905313908503
GIMA7,-0.389566811762726,0.00413401258405581,0.0208705327310393
GIMA8,0.0565835283663675,0.282965314304413,0.43697675967589
GIPC1,-0.0976107966264223,0.234017636487684,0.38350816241249
GIPC2,-0.189033824390017,0.00452676913174344,0.0223350131436473
GIPC3,-0.22650852980868,0.11306979697597,0.22905330420796
GIT1,-0.028569152196771,0.659326372383082,0.773598899305401
GIT2,0.0426443374084937,0.281676363245769,0.435749940250081
GL8D1,0.238786859587116,0.00079427614759287,0.00580009804839381
GL8D2,-0.0565835283663676,0.646938457158313,0.763599490416369
GLCE,0.070389327891398,0.690377773518477,0.796208138800351
GLCM,0.111031312388744,0.181696515869675,0.3221858330973
GLCNE,-0.333423733725192,3.48489816048091e-07,1.2487281594579e-05
GLCTK,-0.150559676575381,0.0148226784168354,0.0526942216982014
GLD2,-0.36737106564853,9.66384834497345e-05,0.00109324945153708
GLE1,0.137503523749935,0.386902740711657,0.540863493820106
GLGB,-0.27500704749987,3.64315810953578e-07,1.29939305906776e-05
GLIP1,0.321928094887362,0.0349816080873413,0.0985008438248821
GLMN,-0.356143810225275,0.0111951545100665,0.04303765985307
GLMP,0.622930350920177,0.0357299954700546,0.100095958218655
GLNA,0.238786859587116,0.00859347307918755,0.0350286331227835
GLO2,-0.189033824390017,0.0236753623149748,0.0743619409038642
GLOD4,-0.321928094887362,2.02857381251117e-07,8.35729018801393e-06
GLOD5,-0.214124805352847,0.0665315641441576,0.157759055145149
GLP3L,-0.137503523749935,0.270539532803292,0.424574569304657
GLPK,-0.176322772640463,0.148245001857412,0.278216685580877
GLPK2,-0.111031312388744,0.378399248256568,0.532551663969419
GLPK3,-0.0976107966264223,0.193592134498184,0.335606166555808
GLRX1,-0.0976107966264223,0.429810908340389,0.579265803137865
GLRX2,-0.028569152196771,0.693138776171732,0.797857542827543
GLRX3,-0.150559676575381,0.0149400173733774,0.0529429134519317
GLRX5,-0.0143552929770701,0.883520818805561,0.929765490461361
GLSK,-0.070389327891398,0.150646184364659,0.281462324832649
GLSL,-0.36737106564853,0.00012623686263263,0.00135349113317105
GLTD2,0.963474123974886,0.00012492735844468,0.00134231571751439
GLTP,-0.189033824390017,0.0210845595359379,0.0683591965127447
GLU2B,-0.028569152196771,0.531384608455612,0.671002626379616
GLYAT,-0.070389327891398,0.38488072053995,0.539112922007232
GLYC,-0.31034012061215,0.00028089071654042,0.00260406989197039
GLYG,-0.238786859587116,0.00595537858975827,0.027260984346701
GLYG2,-0.189033824390017,0.0499298728583558,0.127963985529199
GLYL1,0.0426443374084937,0.692001523042067,0.797364602679642
GLYM,0.0426443374084937,0.723476219401905,0.818091999746408
GLYR1,0.0565835283663675,0.414488281406861,0.566474670916881
GMDS,-0.070389327891398,0.19448725409703,0.336779007768829
GMEB1,-0.389566811762726,0.00023849158060256,0.00228880612220514
GMEB2,-0.27500704749987,0.00179901677791319,0.0107272641308384
GMFB,0.250961573533219,0.0031156991693086,0.0167270706622672
GMFG,0.0143552929770701,0.923950403033729,0.956350114869253
GMIP,-0.0143552929770701,0.852296605724138,0.909300886456768
GMPPA,-0.20163386116965,4.46279097895613e-06,9.19287211280161e-05
GMPPB,-0.111031312388744,0.00994148936730815,0.039316855280155
GMPR1,-0.22650852980868,0.0189720032912092,0.0631089435904472
GMPR2,-0.070389327891398,0.157441505502578,0.290382896430898
GNA1,-0.464668267003444,7.32812884274721e-07,2.36217174077508e-05
GNA11,0.0840642647884745,0.217192390715191,0.363515744351303
GNA12,0.0426443374084937,0.583363519128102,0.713411356555785
GNA13,0.0565835283663675,0.304135389150123,0.459316387067809
GNAI1,0.070389327891398,0.508353827160698,0.65185717117943
GNAI2,-0.0976107966264223,0.0555100908454215,0.138712208846295
GNAI3,-0.20163386116965,3.22660215023776e-05,0.000444682342852088
GNAL,0.0143552929770701,0.877007958009578,0.92500906628968
GNAO,-0.0840642647884746,0.084701293829815,0.186439647904256
GNAQ,0.0285691521967709,0.699103873170345,0.800995871342108
GNAS1,-0.344828496997441,5.85839358990951e-06,0.000113685300293861
GNAS2,1.40599235967584,0.0147211596285044,0.0524948764844269
GNAZ,-0.20163386116965,0.105908272350405,0.218803252933097
GNB1L,0.070389327891398,0.811629013680774,0.881926933484624
GNL1,-0.189033824390017,4.98710140154276e-06,9.95353088017757e-05
GNL3,0.0976107966264223,0.0620815925937373,0.149882980050815
GNL3L,0.22650852980868,0.064859987814165,0.154652227211491
GNMT,-0.31034012061215,0.00019565272991646,0.0019176954596392
GNPAT,0.0426443374084937,0.554196344028214,0.689857591596924
GNPI1,0.176322772640463,0.0195421927105446,0.0646705552586063
GNPI2,-0.124328135002202,0.252508306676927,0.405175802805507
GNS,0.0565835283663675,0.467899698354032,0.613357031839282
GNTK,-0.344828496997441,5.45028660029812e-07,1.83358113400422e-05
GOGA1,0,0.978571240602014,0.988446235840255
GOGA2,0.0565835283663675,0.219871894935251,0.366643523502419
GOGA3,0.0143552929770701,0.631874433900855,0.751460425867889
GOGA4,0.0285691521967709,0.564207461276623,0.697363942382037
GOGA5,0.176322772640463,0.0112285462557671,0.0430817986269929
GOGA7,0.070389327891398,0.184943649332384,0.325759482580344
GOGB1,0.0285691521967709,0.346229513815061,0.501570548031446
GOLI4,0.124328135002202,0.135654342313054,0.260924230998379
GOLM1,-0.0840642647884746,0.344481158277581,0.49997792829135
GOLP3,-0.137503523749935,0.00708174935696375,0.03082361415031
GOPC,-0.150559676575381,0.0423988270671799,0.11353512816321
GORAB,0.22650852980868,0.132304155713353,0.256098295380822
GORS1,0.344828496997441,0.00163193557713668,0.00997020752280807
GORS2,0.214124805352847,0.0057045694601677,0.0263477236937242
GOSR1,0.0426443374084937,0.460794284113786,0.607850670532221
GOSR2,0.0565835283663675,0.545446086639679,0.682161794070144
GOT1B,0.0285691521967709,0.600545425186812,0.726430271169768
GP107,0.411426245726465,8.85345708954042e-06,0.000158621007948417
GP180,0.0976107966264223,0.466593648391283,0.612844634423299
GP1BA,0.526068811667588,0.214214076831724,0.360171376672109
GP1BB,0.713695814843359,0.0124044318581194,0.0465937313676021
GPAA1,0,0.926063697545163,0.957636875958112
GPAM1,0.070389327891398,0.609416404405314,0.733699637371236
GPAT1,-0.0976107966264223,0.168643657397632,0.305342123758251
GPAT3,0.475084882948783,0.438871292624423,0.588830449038411
GPAT4,0.189033824390017,0.0927578915236882,0.198171601857597
GPBP1,0.250961573533219,0.273439748170479,0.427471554363914
GPC1,-0.0565835283663676,0.382806640752312,0.537086570816939
GPC4,-0.176322772640463,0.0557782877247674,0.139156712639769
GPC5C,0.176322772640463,0.0050263173464465,0.0240601010314186
GPC6,-0.0565835283663676,0.564168350828728,0.697363942382037
GPD1L,-0.189033824390017,0.0175918620014383,0.0598356312843623
GPDA,-0.321928094887362,5.95432327265195e-05,0.000731612543740201
GPDM,-0.0565835283663676,0.374637782508536,0.529191323147371
GPHRA,-0.0976107966264223,0.284615797430618,0.438360676410532
GPI8,0.263034405833794,0.00648917696221536,0.0289812285895114
GPKOW,0.124328135002202,0.0381908755661938,0.105229794478525
GPM6A,-0.137503523749935,0.469614447137485,0.614663557721234
GPN1,0,0.943864284168395,0.966444769435581
GPNMB,0.070389327891398,0.742758460617567,0.833655475028808
GPS2,-0.454175893185802,0.0218602287586779,0.0702005845589223
GPSM3,0.124328135002202,0.154433580708091,0.286757364611987
GPT,0.0426443374084937,0.716445739841614,0.812886300403504
GPTC1,1.33913738491959,0.00620221271999468,0.0280409899030745
GPTC8,0.250961573533219,0.300872943933645,0.456734021687646
GPV,0.321928094887362,0.05332775254629,0.134700657579219
GPX1,0.0565835283663675,0.30858123465516,0.464137022995578
GPX2,-0.137503523749935,0.0457178944389731,0.120126418403086
GPX3,0.263034405833794,0.0604843148320216,0.147226275344674
GPX4,-0.028569152196771,0.667198457671873,0.779277297121535
GPX7,0.150559676575381,0.0131860323672178,0.0487921197680336
GPX8,0.367371065648529,0.0229320477559507,0.0727629719571022
GRAA,-0.0840642647884746,0.350906761381679,0.506346823316062
GRAK,0.565597175854225,0.00743776989300982,0.0318867998084294
GRAM,-0.0976107966264223,0.452286416769365,0.600510373682139
GRAM4,-0.250961573533219,0.0170066719118022,0.0582567365089036
GRAN,0.321928094887362,0.0579324153065415,0.143232133350961
GRAP1,0.0143552929770701,0.765773244437636,0.84982179713037
GRAP2,-0.799087306074004,0.000587015458392,0.0045694011856846
GRAPL,-0.070389327891398,0.732957977334964,0.826266938453111
GRB10,-0.0143552929770701,0.870033087286056,0.92133813119612
GRB14,0.0565835283663675,0.422145893122415,0.573177997993494
GRB2,0,0.972805413811799,0.984306390108336
GRDN,0.238786859587116,0.240386649705007,0.3912822204368
GREM1,0.722466024471091,0.00159011445397658,0.00977271113755381
GRHPR,-0.344828496997441,5.93506371305823e-06,0.000114595816655139
GRIN3,0.27500704749987,0.0182101807267568,0.0611290772631522
GRK5,-0.214124805352847,0.00200361120763505,0.0117293470696204
GRK6,0.137503523749935,0.220660282936658,0.367396262324656
GRN,0.464668267003444,0.00046616680068004,0.00385337879017063
GROA,0.367371065648529,0.103332281352579,0.215387417624532
GRP4,0.189033824390017,0.218364899714811,0.364683110210905
GRP75,0.0143552929770701,0.827421584581484,0.893156212360341
GRP78,0.176322772640463,0.00393496556949059,0.0200894464859877
GRPE1,-0.124328135002202,0.13888133467883,0.265095606617287
GRSF1,0.137503523749935,0.149624923542023,0.279992645432564
GRWD1,-0.124328135002202,0.13672622071479,0.262220264970561
GSCR2,-0.189033824390017,0.309339172435323,0.464993096654999
GSDMD,-0.286881147788162,3.6012043755025e-05,0.00048418287100997
GSE1,0.286881147788162,0.027977112280175,0.08360576920344
GSH0,-0.028569152196771,0.615325850443309,0.737931250282574
GSH1,-0.27500704749987,2.0811808019125e-05,0.000313765497024147
GSHB,-0.028569152196771,0.643004165364284,0.760353659242739
GSHR,-0.16349873228288,0.0003111661838192,0.00281694980040319
GSK3A,0.0285691521967709,0.715920160084964,0.812768775905476
GSK3B,-0.070389327891398,0.571679411016483,0.703212227761614
GSKIP,-0.150559676575381,0.0762911327657723,0.173167565024597
GSLG1,0.263034405833794,1.81344775336348e-05,0.000280538182568519
GST2,0.0565835283663675,0.821985941475701,0.889407260270899
GSTA1,-0.863938450423972,1.4942076418988e-07,6.65397437756552e-06
GSTA2,-0.27500704749987,0.108508811813669,0.222341439013715
GSTA3,-0.903038270112912,0.0199197981668954,0.0656101432568457
GSTA4,-0.176322772640463,0.303403704189909,0.458785991978488
GSTCD,-0.22650852980868,0.0013746217093727,0.00882507137417273
GSTK1,-0.0976107966264223,0.239049280436614,0.389784761363746
GSTM1,-0.400537929583729,0.0687351198539524,0.16173957341321
GSTM2,-0.765534746362977,2.33034833580946e-08,1.47155767041607e-06
GSTM3,-0.75702324650746,3.70929181593433e-08,2.19818339615062e-06
GSTM4,-0.722466024471091,0.0886800076745912,0.191961443980065
GSTM5,-0.75702324650746,0.0373421990253894,0.103372009087891
GSTO1,-0.22650852980868,0.00055283324884679,0.00435483369030232
GSTO2,-0.613531652917927,3.74088184061783e-06,7.93932608818726e-05
GSTP1,-0.505890929729957,2.21463384963321e-07,8.91123466935487e-06
GSTT1,-0.250961573533219,0.00800116244648198,0.0334751239529096
GT251,0.0840642647884745,0.184452463035355,0.325474524787992
GT252,0.53605290024021,1.63376268926051e-06,4.31044786235033e-05
GT253,0.214124805352847,0.0745654763153279,0.170511258395158
GTF2I,0.0143552929770701,0.78616116051177,0.863869003078402
GTPB1,0.16349873228288,0.0236242302452577,0.0743467801515649
GTPB3,0.0976107966264223,0.419118155491699,0.570597333099478
GTPBA,-0.389566811762726,0.00597552896493811,0.0273326148674698
GTR1,0.565597175854225,0.086960028733769,0.189623566760531
GTR14,0.7311832415722,0.0133912230858095,0.0492439058009911
GTR2,-0.464668267003444,6.32032397914624e-05,0.000770439492647826
GTR3,0.432959407276106,0.118411998179303,0.236362653239762
GTR9,-0.422233000683048,0.00014918900362899,0.00153451546589818
GUAA,-0.0426443374084937,0.250257537152955,0.402754139591887
GUAD,-0.356143810225275,2.49019271654233e-06,5.86680265695477e-05
GUF1,0,0.982685450965036,0.990813195245645
GWL,0.0285691521967709,0.846206515929485,0.90531523381763
GXLT1,0.263034405833794,5.29669806313963e-05,0.000665936669435367
GYS1,-0.389566811762726,1.38728519951293e-06,3.80239098161126e-05
GYS2,-0.443606651475615,1.39893584698475e-09,1.60856742763739e-07
H10,-0.111031312388744,0.43795730839164,0.588013785961867
H11,0.214124805352847,0.245842580142912,0.397726005338302
H12,0.526068811667588,0.0112401888941142,0.0430817986269929
H13,0.422233000683048,0.0649611907094828,0.154845610527802
H14,0.137503523749935,0.661359275905131,0.774450807352657
H15,0.807354922057604,5.84379122747195e-07,1.95741598332365e-05
H17B6,-0.575312330687437,7.86438287391919e-07,2.44336598603007e-05
H1BP3,0.124328135002202,0.0126439428583493,0.047240027051757
H1X,0.137503523749935,0.284353075795696,0.4382188629586
H2A1A,-0.0840642647884746,0.518378476033157,0.66070802399983
H2A1B,-0.0426443374084937,0.779898206572418,0.858824440170656
H2A1D,0.150559676575381,0.302442411709825,0.458284609605259
H2A2A,-0.111031312388744,0.135677890625585,0.260924230998379
H2A2B,0.933572638261024,0.0492396074893184,0.126743056816838
H2AV,-0.137503523749935,0.0418414683114503,0.112590524579606
H2AW,0.16349873228288,0.127887201878592,0.250379416333589
H2AX,0.286881147788162,0.188108819877898,0.329511220631952
H2AY,0.137503523749935,0.0775998274499845,0.175123487888396
H2B1A,0.0565835283663675,0.693984788413633,0.79812064835954
H2B1B,0.22650852980868,0.00302237075346417,0.0163398907260968
H2B1C,1.68706068833989,3.47235395366111e-05,0.000471004357554299
H2B1D,1.19534759832222,0.0773202894643059,0.174850114454963
H2B1H,0.985500430304885,0.403017892265272,0.554734651065152
H2B1J,3.29130885982897,0.0249742420112113,0.077142058544449
H2B1M,0.925999418556223,0.192758024008191,0.334762808151286
H2B2C,-0.0143552929770701,0.843934493789003,0.904118597207731
H31,-0.400537929583729,0.0423883596483511,0.11353512816321
H31T,1.08406426478847,7.43367498685474e-07,2.37630838583937e-05
H32,0.321928094887362,0.00431270518226484,0.0215327807674455
H33,-0.37851162325373,1.76828702600936e-07,7.61054930076878e-06
H4,0.526068811667588,5.51903728275026e-05,0.000683579794635177
H4G,1.11103131238874,0.103815736656954,0.21611146289785
H90B2,-0.286881147788162,2.16996103957003e-06,5.30710471391984e-05
H90B3,0.0565835283663675,0.325279891469832,0.481137603660026
H90B4,1.02856915219677,0.0258833161493434,0.0790413409425733
HABP2,0.298658315564515,0.0590053863090209,0.145047063217836
HABP4,0.137503523749935,0.0163330563779047,0.0565856260401625
HACD2,-0.0840642647884746,0.0893813725601487,0.192937543906805
HACD3,-0.298658315564515,0.00886271902480135,0.0359359933510893
HACD4,-0.214124805352847,0.373234403611476,0.527864397011175
HACL1,-0.0840642647884746,0.206898245442042,0.35209721291926
HAOX1,-0.22650852980868,0.00815464497151939,0.0338783089340222
HAOX2,-0.422233000683048,2.09247806471947e-06,5.18342476225042e-05
HAP28,0.176322772640463,0.00123074582716018,0.00809706733769601
HAT1,-0.214124805352847,0.00376106145351075,0.0193555226705724
HAUS1,0.0976107966264223,0.716164233974219,0.812806313868206
HAUS7,0.111031312388744,0.149623604990468,0.279992645432564
HAX1,0.150559676575381,0.0597689473160017,0.145985132097653
HBA,0.863938450423972,0.0385937872329716,0.106036568060918
HBAP1,0.333423733725192,0.026337686946641,0.079985460275314
HBAT,0.454175893185802,0.117069778415994,0.234809141839018
HBAZ,0.176322772640463,0.674802698355034,0.784351235384306
HBB,0.321928094887362,0.410721828175173,0.562524615868717
HBD,0.250961573533219,0.374053244267754,0.528462533254865
HBG1,0.286881147788162,0.563882223792455,0.697363942382037
HBG2,-0.0426443374084937,0.891507283656061,0.93449640979785
HBM,-0.0976107966264223,0.495378773855613,0.639691262786397
HBS1L,-0.0840642647884746,0.0248631275523236,0.0769259175353819
HCD2,-0.124328135002202,0.0608306017441787,0.1478356327562
HCDH,0.0426443374084937,0.776351306609827,0.856387523786098
HCFC1,-0.070389327891398,0.110715257638034,0.225290635193717
HCK,0.189033824390017,0.0590703754693711,0.145063159799423
HCLS1,0.189033824390017,0.0104546813932459,0.0407811976980083
HD,0,0.996352616707262,0.997911670806301
HDA10,-0.176322772640463,0.0142048282676621,0.0512811607188701
HDAC1,-0.137503523749935,0.0406859259871069,0.110212508370138
HDAC2,-0.111031312388744,0.184336713803713,0.325344797971089
HDAC3,-0.0426443374084937,0.750241052976025,0.839851361831923
HDAC4,0.176322772640463,0.507281708538978,0.651337752168362
HDAC5,-0.356143810225275,0.00248122415362642,0.0140347656971644
HDAC6,-0.0565835283663676,0.481029508850352,0.625762100454816
HDAC7,-0.0565835283663676,0.649167283982397,0.765470176478794
HDAC8,0.16349873228288,0.188217426274521,0.329626517849263
HDC,0,0.998695678288471,0.998955012403841
HDGF,-0.238786859587116,0.00025836270033377,0.00244224078941272
HDGR2,0.124328135002202,0.0320184833959676,0.0923167650009485
HDGR3,-0.584962500721156,3.11538449094414e-05,0.000434799313736117
HDHD1,-0.124328135002202,0.110560355467647,0.225034868830318
HDHD2,-0.0426443374084937,0.565744643315189,0.698477040400676
HDHD3,0.20163386116965,0.10993781948276,0.224180594600409
HEAT1,0.0285691521967709,0.584528423462506,0.71414234363325
HEAT3,-0.22650852980868,0.00946352347332452,0.0378540938932981
HEAT6,-0.124328135002202,0.10904607729718,0.223013267719
HEBP1,-0.263034405833794,5.34406356420125e-07,1.80573095169326e-05
HEBP2,-0.454175893185802,1.18439828985359e-09,1.4717103911342e-07
HECD1,-0.0976107966264223,0.00120360172302081,0.00799357558116579
HECD3,-0.0976107966264223,0.0676686854544869,0.159669082003481
HECD4,-0.070389327891398,0.555887657661237,0.691069632825911
HECW2,0.321928094887362,0.20108586465959,0.344718625130726
HELZ,-0.16349873228288,0.0311819311185972,0.0905145430812633
HELZ2,0.111031312388744,0.2358063605579,0.38586511253636
HEM1,-0.0143552929770701,0.805406246325742,0.877382596393314
HEM2,-0.356143810225275,2.82264955884923e-08,1.75368485494955e-06
HEM3,-0.0426443374084937,0.579420558086296,0.710352638366777
HEM4,-0.20163386116965,0.0834750895072636,0.18469043353359
HEM6,-0.111031312388744,0.0531217754622441,0.134356585082445
HEMH,0.070389327891398,0.463802925417408,0.611001665084766
HEMO,-0.028569152196771,0.789939238308249,0.866229042975508
HEP2,-0.176322772640463,0.0295561102230448,0.0870746742479301
HEPC,0.27500704749987,0.440663576688308,0.590663310501776
HEPH,-0.0840642647884746,0.635760962489782,0.754800809835303
HEPS,0.124328135002202,0.0422465951324702,0.113324726927561
HERC1,-0.0426443374084937,0.737214948796789,0.829366817396388
HERC2,-0.0976107966264223,0.295593076829513,0.450761889131941
HERC4,0.070389327891398,0.0904425436106027,0.194356863591655
HERP1,0,0.956809120973431,0.973617417511466
HERP2,0.250961573533219,0.543644164836902,0.680681723696326
HEXA,0.250961573533219,0.0242598519339168,0.0755753737561242
HEXB,0.150559676575381,0.179145099624652,0.319445760616314
HEXDC,0.124328135002202,0.219565942549764,0.366263042317296
HEXI1,0.22650852980868,0.222763893788617,0.369864878824893
HFE,-0.27500704749987,0.016574285565168,0.057247402796568
HG2A,0.0976107966264223,0.21079430237204,0.356444096899516
HGB1A,-0.31034012061215,0.00059587070338772,0.00460902399487851
HGD,-0.53605290024021,8.89294439737608e-10,1.18122833857561e-07
HGF,-0.0565835283663676,0.691367675719684,0.796957978892624
HGFL,-0.111031312388744,0.170453024521684,0.307822339642535
HGH1,0.0840642647884745,0.323792109304595,0.479729533021154
HGS,0.070389327891398,0.235877590114141,0.38586511253636
HIBCH,-0.0976107966264223,0.394171027206472,0.547144597977851
HID1,-0.0143552929770701,0.921618623708807,0.955882779195221
HIG1A,0,0.971524336298649,0.983524768310748
HIG2A,0.137503523749935,0.0699025083181834,0.163736370958737
HIKES,0.150559676575381,0.0759529908417739,0.172557310954004
HINT1,-0.739848102699327,1.47673249432733e-07,6.61438786994055e-06
HINT2,0.111031312388744,0.263106066339606,0.416900274594884
HINT3,-0.0840642647884746,0.152553303472775,0.28392394251722
HIP1,0,0.889155393756983,0.932995526219531
HIP1R,0.137503523749935,0.0601534261082911,0.146698953699992
HKDC1,-0.028569152196771,0.739119289729654,0.830781296772287
HLAE,0.0426443374084937,0.626056037722805,0.746384356950865
HLTF,-0.0426443374084937,0.682541788789323,0.790128015151457
HM13,-0.321928094887362,0.00015925719914866,0.00162327626713053
HM20A,0.0426443374084937,0.706287231010324,0.806348077608704
HMCES,0.505890929729957,0.0879512922663606,0.191111530196555
HMCN1,0.286881147788162,0.00128817395996614,0.00840312632309834
HMCS1,-0.298658315564515,0.0281929674951209,0.0840226775947433
HMCS2,-0.31034012061215,0.00741889801938613,0.0318315987400912
HMDH,-0.545968369105293,0.00108418617329898,0.00741791321411664
HMGA1,0.356143810225275,0.0045849457575454,0.0225178665498649
HMGB1,0.176322772640463,0.186795410498598,0.327778826852192
HMGB2,0.150559676575381,0.108884089653626,0.222800272693635
HMGB3,0.214124805352847,0.0245703916704762,0.0761525699555717
HMGC2,-0.176322772640463,0.272128252431344,0.426094916143231
HMGCL,-0.124328135002202,0.213966898345532,0.359834312345335
HMGN1,0.22650852980868,0.0155324698544723,0.0543918853449339
HMGN2,0.286881147788162,0.0255623593976325,0.0784904012751538
HMGN3,0.333423733725192,0.0601924463482671,0.146701235895935
HMGN4,0,0.993323753015057,0.996038812082259
HMGN5,0.070389327891398,0.357971998080963,0.512891254085129
HMHA1,0.214124805352847,0.160813761214917,0.295400385407659
HMOX1,0.0976107966264223,0.246089328867695,0.397958058269673
HMOX2,0.0426443374084937,0.50802713499498,0.651655186147407
HMX3,-0.0426443374084937,0.930230320602118,0.960482453526015
HN1,0.622930350920177,1.31069061073617e-08,9.34959302325135e-07
HN1L,0.238786859587116,0.0110613064003674,0.0426508030572725
HNF1A,-0.0565835283663676,0.629013588516678,0.749258772816562
HNF1B,-0.0840642647884746,0.532831493187514,0.672103447620162
HNF4A,0.0565835283663675,0.625641506296746,0.746121078097543
HNMT,-0.214124805352847,0.00239025636465461,0.0136000997291722
HNRC1,-0.176322772640463,0.0004296328918478,0.00364326753952018
HNRDL,0.0285691521967709,0.731392421438772,0.824988368197969
HNRH1,-0.389566811762726,4.46017168957692e-10,7.31088568010651e-08
HNRH2,-0.0143552929770701,0.804807672954714,0.876854520215403
HNRH3,-0.0426443374084937,0.340972011334744,0.496381023303641
HNRL1,0.124328135002202,0.0275996785695029,0.0827668056440056
HNRL2,0.0285691521967709,0.74332042335506,0.834043189852517
HNRLL,0.137503523749935,0.136201913714257,0.261670709041056
HNRPC,0.0976107966264223,0.0619923763785094,0.149818440843399
HNRPD,-0.0143552929770701,0.801832597956758,0.87522220666745
HNRPF,-0.263034405833794,0.00062611516684731,0.00479482231152254
HNRPK,-0.0976107966264223,0.027995926736224,0.0836074252779364
HNRPL,-0.0976107966264223,0.0157755330241463,0.0551177806884459
HNRPM,0.0565835283663675,0.0402317274965599,0.109212554134425
HNRPQ,0.0285691521967709,0.6255863067777,0.746121078097543
HNRPR,-0.0565835283663676,0.213933158323056,0.359834312345335
HNRPU,0.16349873228288,0.00647907752713614,0.0289529079286873
HOGA1,-0.0426443374084937,0.587579693616615,0.716367442659932
HOIL1,-0.0976107966264223,0.172298174806362,0.31064477854159
HOME2,0.0426443374084937,0.77325031383487,0.854680117329102
HOME3,0.475084882948783,5.54202139435784e-06,0.000108640541532145
HOOK1,-0.124328135002202,0.0267645079357557,0.0809975494018074
HOOK2,0.111031312388744,0.147165758590145,0.276730535557353
HOOK3,0.0143552929770701,0.831623672767869,0.896185309134657
HOP,-0.214124805352847,0.2264241822656,0.374248423122545
HORN,0.773996325111173,0.00195815611733034,0.0114894400060266
HOT,0.0143552929770701,0.876161859583407,0.924650817291859
HP1B3,-0.0426443374084937,0.580398789996811,0.711295793770367
HPBP1,-0.189033824390017,0.0297222644475065,0.0874304411239367
HPCA,-0.176322772640463,0.12083325563654,0.239865560420941
HPCL1,-0.0426443374084937,0.753583934463689,0.842141713361768
HPF1,-0.176322772640463,0.00785948219341746,0.0331052218797639
HPPD,-0.333423733725192,0.00035717247588313,0.00313402908018717
HPRT,-0.333423733725192,2.19226866746547e-06,5.32556959079727e-05
HPS3,-0.0976107966264223,0.493651756826834,0.638334505545546
HPS5,0.0565835283663675,0.602806625221414,0.727903172524416
HPS6,0.176322772640463,0.141001559791058,0.268017768722011
HPSE,0.344828496997441,0.141153951648424,0.268100912180563
HPT,0.150559676575381,0.395402804752576,0.547920863745978
HPTR,0.0426443374084937,0.70395077919269,0.804288284411686
HRG,-0.27500704749987,0.0199089042339464,0.0656101432568457
HS105,0.070389327891398,0.0996741815214637,0.209634150816641
HS12A,-0.22650852980868,0.00221591244500288,0.0128067437931749
HS12B,-0.124328135002202,0.154953698787221,0.287376816431572
HS2ST,0.6959938131099,1.60267489169028e-07,7.01534509408063e-06
HS71A,-0.0976107966264223,0.0561771824663337,0.139900383392805
HS71L,-0.0976107966264223,0.312748262514244,0.468432569953407
HS74L,-0.150559676575381,0.00604583429236428,0.0275115814461751
HS902,-0.189033824390017,0.0811305569063453,0.180383783667095
HS904,-0.0426443374084937,0.754340971451538,0.842547519474496
HS905,0.176322772640463,0.198128427852434,0.341395975883505
HS90A,0.0976107966264223,0.196946160335479,0.339814830733377
HS90B,0.55581615506164,2.95292555892946e-06,6.5184351020036e-05
HSBP1,-0.150559676575381,0.0677229896483548,0.159748289115409
HSC20,-0.0426443374084937,0.577724608955506,0.708801472661083
HSDL1,0.263034405833794,0.512216338596993,0.655031647436929
HSDL2,0.0840642647884745,0.308175825483592,0.463708312407342
HSF1,-0.333423733725192,0.00052409532505409,0.00420148843310792
HSP13,0.22650852980868,0.0065856932860648,0.0293612159003722
HSP72,0.16349873228288,0.0846166887303199,0.186306650465386
HSP74,-0.111031312388744,0.00694838877304714,0.030466924933156
HSP76,-0.53605290024021,1.30245513768321e-05,0.000219085466827761
HSP7C,-0.0840642647884746,0.0343384043382501,0.0972942504677745
HSP7E,-0.0143552929770701,0.834000007533667,0.897741519916078
HSPB1,-0.20163386116965,0.0077287944478173,0.0327257790093123
HSPB2,0.422233000683048,0.193060764469087,0.335061980056284
HSPB6,0.0840642647884745,0.503601663273672,0.648245148514682
HSPB8,0.0143552929770701,0.86953548950573,0.920942538574693
HTAI2,0.070389327891398,0.400302357134519,0.552180726833363
HTR5A,-0.150559676575381,0.153469018074542,0.285311158687454
HTR5B,-0.028569152196771,0.894256797250626,0.936405833271389
HTRA1,-0.298658315564515,0.00288078386230484,0.015762470792043
HTRA2,0.238786859587116,0.00210600225541687,0.0122542608578033
HTSF1,0.070389327891398,0.536677496318665,0.675251254554793
HUS1,0,0.996979384666513,0.997911670806301
HUTH,-0.55581615506164,0.00018271605853107,0.00181631550312692
HUTI,-0.575312330687437,3.02865109695645e-06,6.66649372884357e-05
HUTU,-0.432959407276106,1.79567051644496e-06,4.55060712456973e-05
HUWE1,-0.111031312388744,3.64359009710539e-05,0.000489028190036584
HV102,0.505890929729957,0.00096886682715799,0.00678559094220469
HV103,0.669026765509631,0.0184549686595096,0.0616285559396888
HV118,0.250961573533219,0.00172762337928003,0.0104225610916001
HV169,0.356143810225275,0.523013615410268,0.664242811262892
HV205,0.422233000683048,0.241825411499281,0.392919637427173
HV226,0.422233000683048,0.106308962667901,0.219406667350991
HV307,0.250961573533219,0.085980407640106,0.188205463753989
HV309,0.22650852980868,0.0859921122032762,0.188205463753989
HV311,0.389566811762726,0.0133005124156515,0.0490273433732915
HV313,0.485426827170242,0.00628554276161343,0.0283677922879144
HV315,0.6959938131099,0.00030646342779961,0.00278091195261272
HV320,0.176322772640463,0.0597128027318496,0.145947789418201
HV323,0.411426245726465,0.00079828651245203,0.00582386296584322
HV330,0.37851162325373,0.0729191494743911,0.168050749492717
HV343,0.55581615506164,0.0307064036001538,0.089640823545125
HV349,0.632268215499513,0.00702181568645401,0.0306839728801545
HV353,-0.16349873228288,0.191829550923416,0.333767588278218
HV364,0.411426245726465,0.0950131845219253,0.20214901230514
HV366,0.526068811667588,0.00032544572372175,0.00291982023981694
HV372,0.214124805352847,0.363000552757987,0.517784902508338
HV373,0.238786859587116,0.0210916160579951,0.0683591965127447
HV374,1.0496307677246,0.085510610985349,0.187577946193374
HV404,0.27500704749987,0.0357260864826724,0.100095958218655
HV428,0.27500704749987,0.11891251461009,0.237030200909614
HV434,0.214124805352847,0.240834023744211,0.391844840322154
HV551,0.389566811762726,0.0099164607181318,0.0392581774781538
HV5X1,0.887525270741587,0.0315851034285258,0.0915124621336453
HV601,0.0143552929770701,0.921421340787584,0.955882779195221
HVCN1,0.0976107966264223,0.249667120123272,0.40222406805305
HXK1,0.0565835283663675,0.190613893652354,0.33240372046533
HXK3,0.238786859587116,0.0363886605928828,0.101205141230169
HXK4,0.0840642647884745,0.591884135835245,0.720018219244391
HYCCI,-0.137503523749935,0.096890835176868,0.205124208354655
HYEP,-0.36737106564853,0.00013313855783671,0.00141331943937775
HYES,-0.111031312388744,0.241902627247804,0.392919637427173
HYI,0.16349873228288,0.00160228186766632,0.00981238434698039
HYOU1,-0.0565835283663676,0.178195148820679,0.318278579076626
HYPK,0.286881147788162,0.029289605805874,0.0865543241766219
I20L2,-0.028569152196771,0.744046095651651,0.83461431579795
I2BP1,0.0285691521967709,0.600549636173449,0.726430271169768
I2BP2,0.0840642647884745,0.117099782313799,0.234809141839018
I2BPL,-0.0565835283663676,0.332728562099167,0.488001329853624
I4E1B,0.704871964456353,0.126094613652769,0.24787775033961
I5P1,-0.356143810225275,0.00101736607645255,0.00705471489918132
I5P2,0.111031312388744,0.385248418599284,0.539333784642719
IAH1,-0.263034405833794,1.59624100686826e-06,4.24049679893554e-05
IASPP,0.150559676575381,0.00800378742487791,0.0334751239529096
IBP2,-0.176322772640463,0.192451214117791,0.3344938266408
IBP3,-0.356143810225275,0.00567028989819564,0.0262523517882808
IBP4,0.176322772640463,0.272301776134736,0.426211475689152
IBP5,-0.31034012061215,0.0173259775434236,0.0591401555137507
IBP7,0.189033824390017,0.0709478466965481,0.16541303410483
IBTK,0.20163386116965,0.0324557089695416,0.09336773035898
IC1,0.475084882948783,2.18059228479185e-06,5.31622878545456e-05
ICAL,-0.0565835283663676,0.11248177454924,0.228102024513647
ICAM1,0.0976107966264223,0.06329908490784,0.151728733705663
ICAM2,-0.0565835283663676,0.445522117099463,0.594800408407195
ICAM3,0.263034405833794,0.0674275599375464,0.159352793265785
ICE1,0.367371065648529,0.0948292788951414,0.201813470886235
ICLN,-0.0976107966264223,0.101989449182315,0.213396718223942
ICMT,0.344828496997441,0.034163435839157,0.0969411085469118
ICOSL,-0.028569152196771,0.71960534193529,0.815340442625505
ICT1,-0.111031312388744,0.070591003646213,0.164847860591217
IDE,-0.0976107966264223,0.0849209864668106,0.18674198554706
IDH3A,0.0426443374084937,0.552611452526815,0.688440916925385
IDH3B,0.0426443374084937,0.461540651367346,0.608437573260444
IDH3G,-0.070389327891398,0.346314989358085,0.501600052268225
IDHC,-0.53605290024021,1.80306162783412e-08,1.20789450268122e-06
IDHP,-0.0840642647884746,0.446142624491097,0.595077572642972
IDI1,-0.613531652917927,6.93448146627641e-06,0.000129983565002904
IDUA,0.0143552929770701,0.859119369612864,0.91371496505449
IF122,-0.411426245726465,0.0110835140651432,0.0427150537057845
IF16,-0.0565835283663676,0.371323000941057,0.525955579931955
IF1AX,0.16349873228288,0.0252278894535923,0.0777313070237623
IF1AY,-0.137503523749935,0.182159252278311,0.322610317138416
IF2A,-0.0840642647884746,0.0755658010774257,0.171880404930761
IF2B,0.0565835283663675,0.296434502403695,0.451687382618288
IF2B2,0.111031312388744,0.199765727344886,0.343372414873941
IF2B3,0.150559676575381,0.387122755153044,0.541072878392426
IF2G,0.214124805352847,0.213547673969651,0.359443146222895
IF2GL,-0.0143552929770701,0.714623691001502,0.811920644327579
IF2M,0.137503523749935,0.331691594536252,0.487012015305372
IF2P,0.0143552929770701,0.61800327661038,0.740565755639503
IF3M,-0.189033824390017,0.232719702408841,0.381949848180169
IF4A1,-0.070389327891398,0.118376889805181,0.236362653239762
IF4A2,0.111031312388744,0.00735950646674151,0.0316746579998752
IF4A3,0.0976107966264223,0.040769400267014,0.110399810072786
IF4B,0.0143552929770701,0.820531016888154,0.887957712334083
IF4E,-0.0840642647884746,0.0921672098755069,0.197107139145159
IF4E2,0.356143810225275,5.87306698160209e-08,3.23186485901875e-06
IF4E3,-0.0840642647884746,0.339912640052075,0.495494224969004
IF4G1,-0.111031312388744,0.0083778651645362,0.0344789180481429
IF4G2,0.176322772640463,5.04095012648588e-05,0.000639793735987598
IF4G3,0.137503523749935,0.0495944644649425,0.127401051763227
IF4H,-0.286881147788162,0.00014179759783508,0.00148829522305376
IF5,-0.0143552929770701,0.763906605106372,0.848907166050903
IF5A1,-0.321928094887362,9.27459934367739e-06,0.000165780773419236
IF6,-0.344828496997441,8.70325993808963e-09,6.91236232608686e-07
IFG15,0.0285691521967709,0.812968814810467,0.882525516497602
IFI44,0.20163386116965,0.426649097267587,0.576751122188014
IFIH1,0.22650852980868,0.0152980841759452,0.0538380502766823
IFIT1,0.124328135002202,0.0710479547155472,0.165563654908825
IFIT2,0.0976107966264223,0.376157810039759,0.530460151328907
IFIT3,-0.124328135002202,0.0734336711548863,0.16882512759691
IFIT5,-0.0565835283663676,0.487926383347846,0.632499145529167
IFM3,0.20163386116965,0.0067384773275035,0.0298180105858588
IFRD2,-0.124328135002202,0.282979887593849,0.43697675967589
IFT20,-0.31034012061215,0.0396408596580803,0.108333871162061
IFT25,-0.16349873228288,0.177087350416062,0.316758984816657
IFT27,-0.028569152196771,0.747704312533965,0.837742004619207
IGA2,0.963474123974886,0.00045133509028288,0.00378355335749653
IGBP1,0.176322772640463,0.165017363775123,0.300512361908811
IGD,0.22650852980868,0.384228996887809,0.538591737995575
IGE,-0.263034405833794,0.210463354572842,0.356118972903399
IGF1R,-0.356143810225275,0.01365640232596,0.0498384289527219
IGG1,0.31034012061215,0.065356986755849,0.155308521272998
IGHA1,0.7311832415722,5.60167176958551e-06,0.000109531165768748
IGHG2,0.748461233004036,0.00056155985193381,0.00441454806050824
IGHG3,0.400537929583729,0.0336316255849601,0.0958202823618833
IGHG4,0.713695814843359,0.0244628405297999,0.0759926304199913
IGHM,0.137503523749935,0.325745146843391,0.481308134116127
IGJ,0.613531652917927,0.00010261677416701,0.00115079255801245
IGK,0.286881147788162,0.00807494542814182,0.0336644206783961
IGKC,0.389566811762726,0.0148662309227461,0.0527387801382643
IGL1,0.389566811762726,0.00266611311954938,0.014851580240787
IGLC2,0.485426827170242,0.00010458398490158,0.00116770292707503
IGLC3,1.37295209791183,0.226015271487232,0.373893418839947
IGLC6,0.150559676575381,0.399875342365561,0.551789295644686
IGLC7,-0.111031312388744,0.536496860561842,0.675244537456042
IGLL1,0.7311832415722,6.55437112098968e-05,0.000787751561873705
IGM,1.31614574229336,0.138815265590186,0.265039109320147
IGSF6,0.641546029087524,2.82377686808857e-05,0.000402114177296753
IGSF8,-0.028569152196771,0.674485776345503,0.784101165077072
IKBB,0.16349873228288,0.395586314266765,0.548030383943743
IKBE,0.22650852980868,0.14384413658746,0.272011592604269
IKIP,0.516015147003665,2.01520952128144e-08,1.32693796170532e-06
IKKA,0.0426443374084937,0.289006705177802,0.443792636374285
IKKB,0.0565835283663675,0.413406597098608,0.565297199866467
IKZF1,-0.0565835283663676,0.734092204063021,0.827252694323915
IL16,0.0976107966264223,0.145011989904667,0.273615569489482
IL18,0.526068811667588,0.00684013379104702,0.0300995518444716
IL1AP,0.238786859587116,0.0202273850020128,0.0664244561191418
IL1RA,-0.0143552929770701,0.891059225074549,0.934229759114633
IL27B,-0.389566811762726,0.00967624554308824,0.0383860945746405
IL32,1.01435529297707,0.105131163314206,0.2176647358701
IL33,-0.214124805352847,0.0479585124181443,0.124317758973548
IL6RB,0.298658315564515,0.00297119356579202,0.0161859037603511
IL8,0.687060688339892,0.0231416715863068,0.0732470985624107
ILEU,0.545968369105292,0.00067064408956306,0.00507030624729521
ILF2,0.111031312388744,0.079003965814321,0.177008367328201
ILF3,-0.0976107966264223,0.0180874146770824,0.0609289118925955
ILK,-0.20163386116965,0.00860146833178095,0.0350426821935698
ILKAP,0.0426443374084937,0.245645625923786,0.397585103219794
ILVBL,-0.0840642647884746,0.034376316718081,0.0973658617632706
IMA1,0.0426443374084937,0.508609824198143,0.652076898922033
IMA3,0.0143552929770701,0.666927403739187,0.779277297121535
IMA4,-0.16349873228288,0.0243479726939965,0.0757579893515949
IMA5,-0.124328135002202,0.024305361689512,0.0756559622044446
IMA6,-0.189033824390017,0.010672646776116,0.0414290537206647
IMA7,-0.0565835283663676,0.592348523417521,0.720355647104748
IMB1,-0.0840642647884746,0.0107786239593832,0.0417224072951804
IMDH1,0.150559676575381,0.0467560719731131,0.122055368306855
IMDH2,-0.0976107966264223,0.00085161084439617,0.00615460595237157
IMP3,-0.0143552929770701,0.852925564435298,0.909598359414388
IMPA1,-0.176322772640463,0.00152248738280487,0.00946670120833633
IMPA2,-0.20163386116965,0.00011453003220945,0.00125605615104223
IMPA3,0.22650852980868,0.0401267871534403,0.109004502196793
IMPCT,-0.111031312388744,0.146044761590314,0.275260123054037
IN35,-0.0976107966264223,0.0337994465055768,0.0959789664131823
INADL,0.0285691521967709,0.722813009270213,0.817631648001338
INF2,0.0840642647884745,0.200679173273039,0.344404622609822
ING1,-0.545968369105293,0.00105625029532173,0.00725395910358529
ING2,-0.137503523749935,0.077541165303197,0.175123487888396
INGR1,0.454175893185802,0.275034103353272,0.428957319640115
INHBC,-0.22650852980868,0.0396853640185255,0.108417037020823
INHBE,-0.111031312388744,0.183168108564216,0.32395020853506
INMT,-0.622930350920177,0.138042633902706,0.264029960879414
INO1,0.333423733725192,0.00581784446263383,0.0268226653142615
INO80,-0.263034405833794,0.384376836971413,0.538700955435286
INP4A,0.0565835283663675,0.570025056207932,0.702074026063295
INP4B,-0.176322772640463,0.0783702924508548,0.176076037632367
INP5K,-0.298658315564515,0.00136595710429442,0.0087914231674889
INPP,-0.687060688339892,7.35030286798896e-10,1.07677783326707e-07
INSR,0.0565835283663675,0.176076840523249,0.315571215743427
INSR2,0.137503523749935,0.281319460775473,0.435460141815199
INSRR,0.0976107966264223,0.646745248085718,0.763599490416369
INT1,0.111031312388744,0.0298917063558468,0.0877950041744037
INT10,-0.0565835283663676,0.529014622354912,0.668884919626757
INT11,0.0976107966264223,0.453371861218787,0.60126989478904
INT12,0.16349873228288,0.150634794218303,0.281462324832649
INT2,-0.150559676575381,0.21703978682904,0.363447189227066
INT3,-0.0565835283663676,0.329007598784873,0.484271024271812
INT4,-0.176322772640463,0.05599187435427,0.139553995478905
INT5,0.176322772640463,0.190596778553493,0.33240372046533
INT6,0.111031312388744,0.236893609177382,0.387068582206267
INT6L,-0.070389327891398,0.746597972397568,0.836757963452381
INT7,-0.263034405833794,0.0315561762778695,0.0914630481733283
INT8,-0.464668267003444,0.0745319881685129,0.170485284100423
INT9,-0.0565835283663676,0.53838741744663,0.676629145841572
IOD1,-0.137503523749935,0.209231146487117,0.354579136061757
IP3KB,-0.028569152196771,0.775186602025824,0.855607826757929
IP6K1,-0.20163386116965,0.333266728058308,0.488369255622978
IPO11,-0.16349873228288,0.0467286552413257,0.122055368306855
IPO13,0.0976107966264223,0.565932314092948,0.698484868274923
IPO4,-0.0426443374084937,0.22024925062442,0.366935638301005
IPO5,-0.150559676575381,1.584892938501e-06,4.24049679893554e-05
IPO7,0.0285691521967709,0.715111387361464,0.812037543258556
IPO8,0.189033824390017,0.00673831728642579,0.0298180105858588
IPO9,-0.0143552929770701,0.778094290958911,0.857573450292911
IPP2M,0.16349873228288,0.0315302060078453,0.0914221705248175
IPRI,0.20163386116965,0.386160296891274,0.540119630945965
IPSP,-0.0565835283663676,0.36896387589466,0.523480239390877
IPYR,-0.150559676575381,0.00192117994258108,0.0112982979218661
IPYR2,-0.22650852980868,0.00150845214635007,0.0094146028389808
IQCA1,0.22650852980868,0.60563020976976,0.730625608529006
IQEC1,-0.0840642647884746,0.208424464744649,0.353600985772468
IQGA1,0.0285691521967709,0.60042354315193,0.726430271169768
IQGA2,-0.189033824390017,0.00014619602889482,0.00151053704607845
IR3IP,-0.344828496997441,0.00543608912950735,0.025489732595085
IRAK1,-0.028569152196771,0.829217332313145,0.894593240182113
IRAK2,0.070389327891398,0.7313954510374,0.824988368197969
IRAK3,0.176322772640463,0.474766053399371,0.619850140795331
IRAK4,0.176322772640463,0.0324818081844256,0.0933730784525428
IREB2,-0.0976107966264223,0.174089759530931,0.313068979324531
IRF3,-0.516015147003665,2.63439734128761e-07,1.00972124961591e-05
IRF6,-0.189033824390017,0.0288911718113194,0.0856672137883145
IRF9,0.137503523749935,0.202313473700583,0.34638440644152
IRGQ,0.150559676575381,0.116819605375583,0.234544382082066
IRS1,0.0143552929770701,0.914111849756063,0.950252015992539
IRS2,-0.214124805352847,0.133065804391984,0.256991465789883
ISCA1,0.124328135002202,0.152531759260173,0.28392394251722
ISCA2,-0.0143552929770701,0.790801523518679,0.866670378086297
ISCU,-0.0976107966264223,0.271872102314762,0.426094916143231
ISG15,0,0.986763481938264,0.992769906338339
ISG20,-0.176322772640463,0.360096380921891,0.514873149835052
ISK1,0.0426443374084937,0.912623113206523,0.948832451301357
ISLR,0.0840642647884745,0.255364247819564,0.408826708489403
ISOC1,-0.333423733725192,3.03863043224432e-08,1.87276870800082e-06
ISOC2,-0.0426443374084937,0.646877424318167,0.763599490416369
IST1,-0.22650852980868,1.68651212973555e-09,1.88302745615691e-07
ISY1,-0.0565835283663676,0.48446624256019,0.629079375136306
ITA1,-0.31034012061215,1.5721223797267e-07,6.92093189337971e-06
ITA11,0.344828496997441,0.203897161786782,0.348452469921333
ITA2,0.250961573533219,0.0076799652734249,0.0326694390702609
ITA2B,0.286881147788162,0.146062225213513,0.275260123054037
ITA3,0.0285691521967709,0.766625584793216,0.849891107826656
ITA4,-0.214124805352847,0.0316630155953049,0.0916548103058596
ITA5,-0.028569152196771,0.378329524300948,0.532551663969419
ITA6,0.0143552929770701,0.660326971459933,0.773783031338373
ITA7,-0.137503523749935,0.575698211791716,0.706801438030818
ITA9,-0.0565835283663676,0.540316479457196,0.678282175066867
ITAD,0.0565835283663675,0.709225140043594,0.807897029122956
ITAE,-0.632268215499513,0.00707895930814415,0.03082361415031
ITAL,-0.137503523749935,0.0733167262344411,0.16866206999907
ITAM,0.20163386116965,0.048969978932722,0.126344513629501
ITAV,0.16349873228288,0.00711512335514851,0.0308990475355491
ITAX,0.443606651475615,1.74397886492774e-05,0.0002725276506167
ITB1,-0.176322772640463,0.00303813096796204,0.0163905889195935
ITB2,0.27500704749987,0.0298968550486095,0.0877950041744037
ITB3,0.422233000683048,0.0273404248770175,0.0822802044522626
ITB4,-0.0976107966264223,0.273167313657084,0.427247189677922
ITB5,0.0285691521967709,0.813418818952989,0.882616701579412
ITB6,-0.22650852980868,0.0168650531444654,0.0579778533801702
ITBP1,0.454175893185802,0.00303626240193557,0.0163905889195935
ITCH,-0.028569152196771,0.467469482487384,0.613210436417982
ITFG2,0.298658315564515,0.101148245546292,0.212181488050498
ITIH1,0.189033824390017,0.00731738427792054,0.0315109717591391
ITIH2,0.0976107966264223,0.171809297351128,0.309908411798897
ITIH3,0.16349873228288,0.0549149173312711,0.137626715393661
ITIH4,0.214124805352847,0.0105422479226077,0.0410604034356773
ITIH5,-0.0426443374084937,0.759155184061991,0.845774625887719
ITM2B,-0.0426443374084937,0.672456752005822,0.78294077937704
ITPA,-0.137503523749935,0.0460943774676407,0.120802329940963
ITPK1,0.070389327891398,0.316474944511343,0.472710386157617
ITPR1,0.0426443374084937,0.261009557352084,0.414772613415935
ITPR2,-0.028569152196771,0.547512956137253,0.684302370876281
ITPR3,0.214124805352847,0.0137089471092231,0.0499047597487196
ITSN1,0.0840642647884745,0.0179406392530686,0.0605674465875834
ITSN2,-0.0143552929770701,0.776142841336654,0.856280173228925
IVD,0.137503523749935,0.0871550639689831,0.189833930680533
IWS1,-0.124328135002202,0.17275974159389,0.311331239588147
IYD1,-0.137503523749935,0.163658621844562,0.299128356510203
JAG1,0.0426443374084937,0.787722319219934,0.86490675973491
JAGN1,-0.31034012061215,1.59414583381856e-05,0.000254271211257519
JAK1,0,0.928672247510767,0.959561560464451
JAK3,0.150559676575381,0.0861857023319405,0.188522047349594
JAM1,0.0143552929770701,0.824832806186477,0.89148596224195
JCAD,0.475084882948783,0.0741209812363211,0.169898256306045
JHD2C,-0.22650852980868,0.0862630274559225,0.188559884922878
JIP3,1.01435529297707,0.0455224171410637,0.119694437424831
JIP4,-0.16349873228288,0.00017763751522708,0.00177990264930725
JMJD6,-0.150559676575381,0.0374745005782081,0.103626544312461
JMY,-0.0143552929770701,0.855136150599002,0.910576047837396
JUNB,0.263034405833794,0.157299454347517,0.290190372675592
K0100,0.0426443374084937,0.836788692409498,0.89923560975349
K0513,-0.070389327891398,0.714977745811102,0.812037543258556
K0907,0.0426443374084937,0.865201304643925,0.917861587851391
K0930,0.137503523749935,0.107997071281472,0.221573751571894
K1143,-0.475084882948783,0.00075871261860607,0.00559341819496762
K1161,-0.176322772640463,0.0999120408607856,0.210019744281444
K1211,0.124328135002202,0.398645841363439,0.550882073876939
K132L,0.286881147788162,0.156312692605745,0.288854157791955
K1468,-0.137503523749935,0.00187761788806125,0.0110590557781411
K1522,-0.0143552929770701,0.931827251717685,0.960888388064924
K1671,0.16349873228288,0.10259326942637,0.214252791450462
K1C10,0.604071323668861,0.00014400495853694,0.00150123707790066
K1C12,0.137503523749935,0.458865715927929,0.606333691862036
K1C13,-0.137503523749935,0.299172743415223,0.455065854742417
K1C14,0.584962500721156,0.00159790988683774,0.00979339520143035
K1C16,-0.111031312388744,0.635032932925175,0.754285185824167
K1C17,0.831877241191673,0.00103187676250325,0.00712327829599018
K1C18,0.344828496997441,0.00099570718851133,0.00693573976518199
K1C19,0.0840642647884745,0.573503135083151,0.704667966934704
K1C23,0.344828496997441,0.0012762809802648,0.00834680803656965
K1C9,0.632268215499513,0.00054207600826076,0.00431519103654864
K2013,0.0143552929770701,0.816786155245156,0.885148479393541
K2026,1.57531233068744,0.298210952934796,0.45385562651317
K22E,1.0496307677246,0.00011874300112654,0.00128825243167083
K2C1,0.298658315564515,0.038529961581378,0.105936768031026
K2C3,-0.0976107966264223,0.321430227232074,0.477349439814879
K2C4,-0.37851162325373,0.0711870000329184,0.165743821480452
K2C5,0.422233000683048,0.057864934855641,0.143111222512956
K2C6A,-0.27500704749987,0.0581365801909763,0.143495507564957
K2C7,-0.0143552929770701,0.928246050690566,0.959378531596474
K2C72,0.748461233004036,0.00114770227482544,0.00771442658565313
K2C75,-0.028569152196771,0.853556750363782,0.910019541212645
K2C79,-0.22650852980868,0.315402515166011,0.471463217403503
K2C8,0.286881147788162,0.00213313481808695,0.0123747519868538
K2C80,-1.70929063572336,7.72000386335506e-06,0.000143106942484896
K319L,0.0285691521967709,0.787222984964166,0.864665793579118
KAD1,-0.150559676575381,0.00701307778915645,0.0306807219123573
KAD2,0.0426443374084937,0.670892524976143,0.782403271634303
KAD3,0.16349873228288,0.219596182822377,0.366263042317296
KAD4,-0.150559676575381,0.0884466000249655,0.191767423524758
KAD9,-0.782408564927373,0.00179266999070189,0.0107045630677647
KAIN,0.070389327891398,0.514862708781924,0.657576642648532
KALRN,0.0285691521967709,0.774118090400909,0.854962857055814
KANK1,0.0565835283663675,0.331998566215156,0.487276996403422
KANK2,-0.124328135002202,0.244849743598259,0.396869855813378
KANK3,-0.0840642647884746,0.149283573899132,0.279756909102144
KAP0,-0.070389327891398,0.0326745069767288,0.0936823229433266
KAP1,0.659924558402378,6.63853316525718e-05,0.000796623979830862
KAP2,-0.070389327891398,0.204078304172543,0.348660294552216
KAP3,-0.27500704749987,0.00062105056187827,0.00476076968030865
KAPCA,-0.124328135002202,0.0052089303642051,0.0247255696400715
KAPCB,0.0285691521967709,0.738506863103884,0.830335212106293
KAPCG,-0.669026765509631,0.00034703185263506,0.0030730268881615
KAT1,-0.0426443374084937,0.542866790102231,0.680039959503673
KAT2A,-0.028569152196771,0.548865639554227,0.685437005531815
KAT3,-0.20163386116965,0.00577592661883993,0.0266613173586236
KAT7,0.176322772640463,0.0722150833267314,0.16722122090446
KATL1,0.443606651475615,0.0326342269309831,0.0936261828389146
KATL2,-0.16349873228288,0.00183268801004271,0.0108607910995146
KBL,-0.028569152196771,0.687468636793103,0.794027160592776
KBP,0.0285691521967709,0.723466676739335,0.818091999746408
KBRS2,0.0426443374084937,0.565866076720029,0.698484868274923
KBTBB,-0.0426443374084937,0.722355892223885,0.81754511500482
KC1A,-0.0143552929770701,0.889344022122478,0.933066368845372
KC1AL,0.0840642647884745,0.309452181535589,0.464993096654999
KC1D,0.0426443374084937,0.303871625745917,0.459024902891479
KC1E,-0.0426443374084937,0.778032360415897,0.857573450292911
KC1G1,0,0.990139464062146,0.994269347123928
KC1G2,0.214124805352847,0.104648163399998,0.216839551057984
KC1G3,0.7311832415722,0.385089312334439,0.539307046396022
KCAB2,0.298658315564515,0.0414342798652348,0.111807247664367
KCC1A,0.0143552929770701,0.903325176662534,0.942727873341664
KCC1D,0.0840642647884745,0.354296462221347,0.509425148367536
KCC2A,-0.20163386116965,0.00027749717582456,0.00257881573287384
KCC2B,0.0976107966264223,0.152316856447817,0.283647343986943
KCC2D,0.0565835283663675,0.362295180883246,0.517044234583066
KCC2G,0.0840642647884745,0.189807717802739,0.331432152754375
KCD12,-0.238786859587116,0.00135170942125677,0.0087288930271267
KCD16,0.333423733725192,0.366998344414237,0.520924380736944
KCD21,0,0.982857177267304,0.990813195245645
KCMF1,-0.0426443374084937,0.429391567391377,0.578934657889949
KCNJ8,0.137503523749935,0.325000542489791,0.481130703178584
KCRB,-0.604071323668861,2.54989131762552e-06,5.93485278277553e-05
KCRS,0.432959407276106,0.230160959645314,0.378961323596388
KCTD3,-0.31034012061215,0.117876769739884,0.235692352472376
KCTD9,0.0976107966264223,0.415549576087888,0.567421824562405
KCY,-0.150559676575381,0.0761428976833477,0.172886791556885
KDEL1,0.367371065648529,0.106639321525486,0.219900785072897
KDEL2,0.0285691521967709,0.6005456369514,0.726430271169768
KDF1,0.0976107966264223,0.616879642807068,0.739564389695869
KDM1A,0.124328135002202,0.0397573812833144,0.108536805601224
KDM1B,0.286881147788162,0.0224297571083892,0.0715819588910648
KDM2A,0.0840642647884745,0.50184305659559,0.646629688578763
KDM3A,0.070389327891398,0.59571008367643,0.723089263537358
KDM3B,0,0.95674815249152,0.973617417511466
KDM5A,-0.0565835283663676,0.818906782561482,0.886822863769139
KDSR,-0.0840642647884746,0.12637594437186,0.248177485455215
KFA,-0.189033824390017,0.137906963440951,0.263959067415922
KGP1,-0.238786859587116,0.0758709931016249,0.172472744424585
KGUA,-0.432959407276106,0.00023885651675224,0.00228880612220514
KHDR1,-0.111031312388744,0.107755574803962,0.221293091790296
KHDR3,-0.070389327891398,0.109402174191102,0.223385727529353
KHK,-0.565597175854225,4.7016396611811e-07,1.62427945962956e-05
KI13A,-0.111031312388744,0.0242419465804897,0.0755501441974485
KI13B,-0.0565835283663676,0.116056663813778,0.233385679462633
KI16B,-0.31034012061215,0.00399632802271397,0.0203085165481454
KI21A,-0.0143552929770701,0.877101665270783,0.92500906628968
KIF1A,-0.0976107966264223,0.291970797993073,0.447207961198831
KIF1B,-0.176322772640463,0.207994438983281,0.35326039636843
KIF1C,-0.124328135002202,0.147541602799164,0.277369572465778
KIF2A,-0.150559676575381,0.0923804257594663,0.197474694797705
KIF3A,-0.0143552929770701,0.949328848309297,0.969591601136792
KIF3B,0.22650852980868,0.018081379380375,0.0609289118925955
KIF4A,0.124328135002202,0.719357017683589,0.815228959140096
KIF5A,0.0285691521967709,0.476361494431208,0.621067685411749
KIF5C,0.189033824390017,0.306031046588676,0.461201718098427
KIFA3,-0.070389327891398,0.558354792468927,0.693018418105464
KIFC3,0.150559676575381,0.14031495208469,0.267042092603867
KIME,-0.464668267003444,0.00042987152043404,0.00364326753952018
KINH,0.0285691521967709,0.474036998870117,0.619189731993113
KIRR1,0.16349873228288,0.532954304453734,0.672103447620162
KISHA,-0.669026765509631,0.00034788969384583,0.00307708633913694
KITM,0.0285691521967709,0.557885804394146,0.692547895109974
KJ01,0.0840642647884745,0.708068805637703,0.807032765116802
KKCC2,-0.22650852980868,0.0246148586456875,0.0762189996006336
KLC1,0,0.95099218542022,0.970624866257196
KLC2,0.20163386116965,0.00322643293538544,0.0172016881205602
KLC3,-0.286881147788162,0.131142417791484,0.25461723454274
KLC4,-0.356143810225275,0.00030030301211153,0.00272822453456041
KLD10,0.0976107966264223,0.669670910045087,0.781451785972031
KLDC2,0.454175893185802,0.00194615262513662,0.0114277132805278
KLDC4,0.0976107966264223,0.565326458557241,0.698098096755683
KLF8,0.0976107966264223,0.682679504922497,0.790168705817746
KLH22,0.124328135002202,0.282098194971015,0.436052266062741
KLH36,0,0.995849149367981,0.997791890587973
KLKB1,-0.0565835283663676,0.479745401618295,0.624745036864907
KMO,-0.389566811762726,0.0001925341942364,0.00189194315356789
KMT2A,-0.070389327891398,0.468660319283622,0.613727536930312
KNG1,0.400537929583729,0.00018591158946841,0.00184332417665976
KPB2,-0.150559676575381,0.124639274766094,0.245392530743161
KPBB,-0.443606651475615,2.01597404059025e-09,2.07080853449431e-07
KPCA,-0.150559676575381,0.0193229071394309,0.0640549382969775
KPCB,0.250961573533219,0.0494472874435747,0.127161998238602
KPCD,0.0840642647884745,0.242997338359606,0.394531400362994
KPCD1,-0.516015147003665,0.00095150806144535,0.00672515422511466
KPCD2,0.20163386116965,0.0236158645462528,0.0743467801515649
KPCD3,0.0143552929770701,0.938170983704893,0.964183099284935
KPCE,-0.356143810225275,0.0182219198058,0.0611418424145833
KPCI,0.070389327891398,0.400562111648221,0.552242395872923
KPCT,-0.0976107966264223,0.772715227936417,0.854333828361389
KPCZ,0.0565835283663675,0.613928245527436,0.73717319257222
KPRA,-0.321928094887362,3.33801379852395e-07,1.20732668093092e-05
KPRB,-0.0840642647884746,0.0165921231895443,0.0572695864929432
KPYM,0.0976107966264223,0.141050482147765,0.26804462616339
KPYR,-0.37851162325373,1.57191478751344e-05,0.000251245467282231
KRIT1,-0.214124805352847,0.0839359310466234,0.185348429406225
KRR1,-0.111031312388744,0.289425392570486,0.444251016878523
KRT81,1.50589092972996,0.366997841835643,0.520924380736944
KS6A1,-0.0143552929770701,0.691441735581295,0.796957978892624
KS6A2,-0.333423733725192,9.75276165956921e-05,0.00110169026136835
KS6A3,-0.16349873228288,0.00845247097196186,0.0346740342747573
KS6A4,0.16349873228288,0.0527341056508313,0.133639325636186
KS6A5,-0.238786859587116,0.0596277743277447,0.145832499498713
KS6B1,-0.831877241191673,1.58064374724021e-12,7.16310554631681e-10
KS6B2,0.0426443374084937,0.772079304752878,0.853753260200398
KSR1,0.137503523749935,0.62417771447619,0.74538841350628
KSYK,0.356143810225275,0.00159072946086351,0.00977271113755381
KT222,0.0143552929770701,0.901336960182829,0.941801158449548
KT3K,0.27500704749987,0.029325813204892,0.0866231156325414
KTAP2,0.27500704749987,0.0423491390082999,0.113520447780077
KTHY,0,0.897403075546014,0.939091726977247
KTN1,-0.0143552929770701,0.726601692397804,0.820903275881021
KV105,0.356143810225275,0.0004603393933562,0.00382738935243534
KV106,-0.111031312388744,0.199415633503033,0.342923669756109
KV108,-0.286881147788162,0.01607823427616,0.0560217457923564
KV109,0.37851162325373,0.0306218578901647,0.0894957485530458
KV112,0.214124805352847,0.0374561874495431,0.103613094474427
KV113,0.0285691521967709,0.861297979264785,0.914877617322608
KV116,0.321928094887362,0.0048474425497857,0.0234429989978337
KV117,0.0976107966264223,0.582261731390743,0.712588463643254
KV127,-0.0143552929770701,0.94152391637286,0.965845572801134
KV133,0.22650852980868,0.299416049664031,0.455240032881724
KV139,0.545968369105292,0.163254609032727,0.298744301184829
KV224,0.0976107966264223,0.624427522747953,0.74538841350628
KV228,0.6959938131099,0.00742076211542106,0.0318315987400912
KV229,0.454175893185802,0.11408864038844,0.230399587340197
KV230,0.641546029087524,0.00015773575486475,0.00161166612132365
KV240,0.0976107966264223,0.422524743695439,0.573560583665465
KV311,-0.176322772640463,0.256141066791506,0.409601219101625
KV315,0.485426827170242,0.00054757326942813,0.00432667124889673
KV320,0.214124805352847,0.153469553686502,0.285311158687454
KV401,0.298658315564515,0.0389919517324554,0.106825745429174
KV621,0.0143552929770701,0.934007157227027,0.961977425037034
KVD20,0.333423733725192,0.0139828076031866,0.0506457685824869
KXDL1,0.20163386116965,0.00063531432810364,0.00484120829249302
KYNU,-0.389566811762726,7.86595299517821e-09,6.51605396503795e-07
L10K,0.400537929583729,0.0337721647521292,0.0959789664131823
L2GL1,0.286881147788162,0.0067906664961132,0.0299801115679405
L2GL2,-0.16349873228288,0.0305007849037242,0.0892095850031478
L2HDH,-0.111031312388744,0.029155447967527,0.0862571317748956
LA,-0.0565835283663676,0.351258281773263,0.506664258150387
LACB2,0.0143552929770701,0.811786256401497,0.881963237810906
LACC1,0.641546029087524,3.15886645122903e-06,6.81678071155979e-05
LACE1,0.238786859587116,0.117861099437036,0.235692352472376
LACTB,0.16349873228288,0.0119817716263852,0.0454493198472041
LAD1,0.22650852980868,0.0676220384820687,0.15960789965253
LAGE3,-0.070389327891398,0.465755438174178,0.612212915149952
LAIR1,0.526068811667588,0.018924103711572,0.0629768012932832
LAMA1,-0.422233000683048,0.214977188755964,0.36098174851263
LAMA2,0.367371065648529,0.00032900880207251,0.00294591275567428
LAMA3,-0.028569152196771,0.815462707748125,0.884211780505497
LAMA4,0.0840642647884745,0.293170072054811,0.448314441392881
LAMA5,-0.238786859587116,0.00321581059240921,0.017156928534571
LAMB1,0.150559676575381,0.100274065793092,0.210608343203375
LAMB2,-0.20163386116965,0.0176942114091161,0.0600776574243413
LAMB3,0.0143552929770701,0.845920496593012,0.905184181913469
LAMC1,-0.0976107966264223,0.297925942803655,0.453601079715288
LAMC2,0.137503523749935,0.256342695836756,0.409722848283479
LAMC3,0.333423733725192,0.00180172268772637,0.0107350314089733
LAMP1,0.22650852980868,0.0134169106824994,0.0493148281955989
LAMP2,0.321928094887362,0.0178252233499629,0.0603363447663068
LANC1,-0.659924558402378,3.15469206375516e-14,3.03796845739622e-11
LANC2,-0.584962500721156,1.07981171322125e-08,7.99891292178511e-07
LAP2A,-0.0840642647884746,0.043611319605848,0.115895690321991
LAP2B,0.27500704749987,0.0131354013087932,0.0486515056167994
LAP4A,0.321928094887362,0.445076461981161,0.594800408407195
LAR1B,-0.238786859587116,0.00054567745206274,0.00431611816292746
LAR4B,0.333423733725192,0.00034271695406753,0.00304531881676615
LARP1,0.124328135002202,0.0002105875626348,0.00205362858549177
LARP4,-0.028569152196771,0.705577612277404,0.805657318065084
LARP7,0.137503523749935,0.0233091575427616,0.0735355240415378
LAS1L,-0.321928094887362,3.79732568032103e-05,0.000507892309742938
LASP1,0.214124805352847,0.0704104428230222,0.164575865142161
LAT3,-0.0565835283663676,0.479749693418067,0.624745036864907
LBH,0.150559676575381,0.255928514120491,0.40940059650836
LBP,0.31034012061215,0.0162795589287116,0.056570916547945
LBR,0.124328135002202,0.112438469524007,0.228074241498934
LC7L2,0.0565835283663675,0.38981618274988,0.543267228454512
LC7L3,0.0976107966264223,0.00363600243189556,0.0188758508998136
LCAP,0.367371065648529,5.16693768434629e-05,0.000651490800658
LCHN,0.286881147788162,0.0759028610275745,0.172494289485674
LCK,0.20163386116965,0.0111371212042151,0.0428573335450915
LCLT1,-0.028569152196771,0.738063908102632,0.829958305068264
LCMT1,-0.150559676575381,0.0168091858511199,0.0578891228417647
LCP2,0.111031312388744,0.109930591404551,0.224180594600409
LDAH,-0.176322772640463,0.0390585802285446,0.106960780438969
LDB1,-0.176322772640463,0.226084488597148,0.373927629916794
LDB3,0.0426443374084937,0.762673777841192,0.848345189790433
LDH6A,-0.925999418556223,7.50192967713831e-11,1.91317129951414e-08
LDH6B,-0.238786859587116,0.0907696783249304,0.194738618767712
LDHA,-0.545968369105293,2.11770335370313e-08,1.37099047369151e-06
LDHB,-0.111031312388744,0.0487235301936888,0.125750779434566
LDHD,-0.0840642647884746,0.245652270421368,0.397585103219794
LDLR,-0.0143552929770701,0.877958158068728,0.925539750606329
LECT2,0.263034405833794,0.113270407153821,0.229399373478716
LEG1,0,0.987321225087345,0.993117279268299
LEG10,0.815575428862573,0.0773480257090492,0.174850114454963
LEG3,-0.238786859587116,0.023479501091781,0.0740123062238465
LEG4,-0.400537929583729,0.00011494618184783,0.00125787696726659
LEG8,0.0976107966264223,0.0836408595029433,0.184905126029688
LEG9,0.27500704749987,0.0032153635414363,0.017156928534571
LEG9B,-0.0976107966264223,0.216538063496075,0.363074002934752
LEGL,-0.0840642647884746,0.303637650009363,0.458785991978488
LEMD2,-0.20163386116965,0.0115813823962836,0.0441479317075551
LENG1,-0.0840642647884746,0.266165109074392,0.420415688733625
LEO1,-0.0426443374084937,0.679781034310731,0.788019734140012
LEPR,-0.321928094887362,0.0177131043635767,0.0601153110207026
LETM1,0.111031312388744,0.108820663484712,0.222729647047349
LEUK,0.367371065648529,0.013701855312706,0.0499047597487196
LG3BP,0.150559676575381,0.0109286909609972,0.0422239895504124
LGAT1,0.070389327891398,0.295696767020991,0.450830772438099
LGMN,0.124328135002202,0.32884986530547,0.484143202114591
LGUL,-0.27500704749987,1.14391695444024e-06,3.23846934916366e-05
LHPP,-0.333423733725192,4.08555178444881e-07,1.43721876472117e-05
LICH,0.124328135002202,0.528323628020361,0.668342402342999
LIMA1,0.263034405833794,6.75011350526747e-05,0.000806246115419854
LIMC1,-0.20163386116965,0.162637555954642,0.298213046478506
LIMD1,-0.189033824390017,0.0245637034013474,0.0761525699555717
LIMD2,0.238786859587116,0.172978082399565,0.311506111922919
LIME1,0.0143552929770701,0.922878519165895,0.955882779195221
LIMK2,0.16349873228288,0.184736152009426,0.325751273765305
LIMS1,-0.070389327891398,0.264856008366283,0.41881171766294
LIMS2,0,0.95201594726843,0.971048703529192
LIMS3,-0.189033824390017,0.0100983979134916,0.0397334308097749
LIN7A,-0.028569152196771,0.591386424216103,0.719693163758846
LIN7C,-0.111031312388744,0.075376516102412,0.171754120098486
LIPA1,0.0426443374084937,0.387473435380151,0.541366584361386
LIPB1,0.070389327891398,0.180386412009344,0.320872066063262
LIPB2,0.070389327891398,0.136338341257709,0.261867509610917
LIPC,0.31034012061215,0.22050190890876,0.367217186820814
LIPS,0.526068811667588,0.255516692805877,0.408826708489403
LIRA1,0.622930350920177,0.0014653544311879,0.00919307047057946
LIRB1,-0.0840642647884746,0.388920950787202,0.542330117219936
LIRB4,0.150559676575381,0.375879809058481,0.530372474424942
LIRB5,-0.0143552929770701,0.783070381340288,0.86157872291425
LIS1,-0.070389327891398,0.163098109008808,0.298599769915365
LIX1L,-0.0565835283663676,0.520797845510173,0.662878431227214
LKHA4,-0.124328135002202,0.0134333377372125,0.0493516613864974
LLPH,0.443606651475615,0.0009646263599598,0.00677722690598848
LMA2L,-0.0840642647884746,0.545649330549807,0.682305217100424
LMAN1,0.070389327891398,0.370863728337543,0.525594952743273
LMAN2,-0.27500704749987,2.7411512775036e-07,1.04028716462501e-05
LMCD1,-0.070389327891398,0.405536257391419,0.557205515773764
LMF1,0.16349873228288,0.0328554366831252,0.0940960164337534
LMF2,-0.0840642647884746,0.141170972788064,0.268100912180563
LMNA,-0.298658315564515,0.00039041804497736,0.00337573582323859
LMNB1,0.137503523749935,0.0181927012897516,0.0610970229887735
LMNB2,-0.176322772640463,0.0358600920673221,0.100226794753964
LMO7,-0.150559676575381,1.75453200580819e-05,0.000273621752484743
LMOD1,0.31034012061215,0.043744265891391,0.116096738060722
LNP,-0.250961573533219,2.0318606619041e-05,0.000308138868884039
LNX2,0.0840642647884745,0.514445041008311,0.65737014362714
LONM,0.150559676575381,0.116480924282295,0.234055566163485
LONP2,0.0285691521967709,0.688017170576427,0.794199023392387
LOX5,0.189033824390017,0.0879592817606565,0.191111530196555
LOXL1,-0.214124805352847,0.0161789090358217,0.0562973420108267
LOXL2,0.150559676575381,0.424985461138527,0.575107674795576
LOXL4,0.432959407276106,0.0134822300784024,0.0494912065444679
LPAR1,0.669026765509631,0.00997887022524351,0.0394444413623787
LPIN1,0.0285691521967709,0.85345951816261,0.910019541212645
LPIN2,-0.124328135002202,0.279014083461347,0.433121616027572
LPIN3,-0.31034012061215,0.0400850437469654,0.109004502196793
LPP,-0.124328135002202,0.131949364727395,0.255539946168892
LPP60,-0.238786859587116,5.40728714111757e-05,0.00067347523076959
LPPRC,-0.0840642647884746,0.151575973611102,0.282667302996949
LPXN,0.0285691521967709,0.679799993911542,0.788019734140012
LRBA,-0.20163386116965,5.28164350370924e-06,0.000104065937474619
LRC14,-0.7311832415722,0.00018785324230656,0.00185303633640171
LRC17,-0.333423733725192,0.396394716980535,0.54885422351151
LRC25,0.31034012061215,0.219248265208649,0.365920414897624
LRC32,0.0565835283663675,0.427836985994127,0.577748666099694
LRC40,-0.124328135002202,0.0144929222581532,0.0518835841435001
LRC41,0.0426443374084937,0.390332088824843,0.543616093953907
LRC47,-0.20163386116965,1.00814742330985e-07,4.91567579061967e-06
LRC57,-0.0976107966264223,0.0398565993615096,0.108653659405899
LRC58,-0.713695814843359,4.724269089179e-08,2.69598289355815e-06
LRC59,0.0143552929770701,0.801156228753996,0.874731800782424
LRC8A,0.0426443374084937,0.50166201727248,0.646504546849646
LRC8C,0.344828496997441,0.140586220790938,0.267426233326762
LRC8D,0.0143552929770701,0.907545296074552,0.945339232146883
LRC8E,-0.070389327891398,0.337885506160614,0.493285946458475
LRCH1,-0.0426443374084937,0.583254855978222,0.713411356555785
LRCH3,0,0.958047252242571,0.973848269069372
LRCH4,0.124328135002202,0.0694948396178538,0.163010986561454
LRIQ1,0.464668267003444,0.464287775302758,0.611222320733501
LRMP,0.400537929583729,0.0626317080232284,0.150832972369788
LRP1,0.0426443374084937,0.0510242353649825,0.130335115799677
LRP1B,0.298658315564515,0.0258723075125068,0.0790413409425733
LRRC1,0,0.942695626102939,0.966444769435581
LRRF1,-0.137503523749935,0.0264269583665765,0.0801548375024037
LRRF2,-0.0565835283663676,0.164121008223518,0.299630361764916
LRRK2,0.214124805352847,0.0839222181552817,0.185348429406225
LRSM1,-0.344828496997441,0.00270150822668178,0.0150161755976598
LS14A,0.124328135002202,0.492459273010337,0.637309967960967
LS14B,0.0840642647884745,0.132544940167527,0.256371132073971
LSAMP,0.0285691521967709,0.944719571712466,0.966606838090658
LSG1,-0.400537929583729,3.83564905708666e-05,0.000512128948627307
LSM1,0.16349873228288,0.195101288129806,0.337323004256263
LSM12,0.0976107966264223,0.111154840379695,0.225827238999254
LSM2,0.070389327891398,0.473939310333858,0.619167109854509
LSM3,-0.0976107966264223,0.291834159888838,0.447159904713038
LSM4,-0.137503523749935,0.00921773687901151,0.0370440505560275
LSM5,0.070389327891398,0.334466232600975,0.489407000181939
LSM6,0.0285691521967709,0.655981501355886,0.771292564109669
LSM7,0.150559676575381,0.0299690864346612,0.0878880250828435
LSM8,-0.0565835283663676,0.600744880285796,0.726552363849572
LSMD1,-0.0976107966264223,0.110962813352189,0.225615601495187
LSP1,0.344828496997441,0.00011032012189045,0.00122112962506326
LSR,-0.189033824390017,0.0176778279789044,0.060048495039453
LST8,0.0143552929770701,0.819264309236207,0.886960685547462
LTBP1,-0.070389327891398,0.597357206362162,0.724388464947914
LTBP2,0.111031312388744,0.307630724108219,0.462978530675858
LTBP3,0.0976107966264223,0.270454272932297,0.424574569304657
LTBP4,-0.0565835283663676,0.441673297353042,0.591354028989891
LTMD1,-0.238786859587116,0.00639072303368353,0.0287246967628343
LTN1,0.214124805352847,0.174232378000515,0.313252331415628
LTOR1,0.238786859587116,1.98663110427328e-06,4.96915780107836e-05
LTOR2,-0.0426443374084937,0.352109134125223,0.507606431381122
LTOR3,0.238786859587116,0.00069347440444787,0.00520207089763037
LTOR5,0.286881147788162,0.0012938033949441,0.00841846398196735
LTV1,0.263034405833794,0.00383592632965637,0.0196619936418315
LUC7L,0.124328135002202,0.0678718860565688,0.159903672837861
LUM,0.176322772640463,0.191157743843211,0.332990555670105
LUZP1,0.298658315564515,0.0236772898542548,0.0743619409038642
LV136,0.948600847493356,0.0902839460746657,0.194070178727462
LV140,-0.321928094887362,0.0651615399755503,0.155131181697046
LV144,0.250961573533219,0.0882892656719787,0.191600141616035
LV147,0.505890929729957,0.00089464149837661,0.00640550009618346
LV151,0.526068811667588,0.00223859834098368,0.0129264557218062
LV208,-0.333423733725192,0.138329652597485,0.264374012307374
LV211,0.485426827170242,0.0372005415663815,0.103018242266775
LV214,-0.0565835283663676,0.677517177022676,0.786438501097287
LV218,0.650764559116902,0.0733189605953899,0.16866206999907
LV301,0.632268215499513,0.012154880388378,0.045925060574823
LV310,0.176322772640463,0.063607250115341,0.152325226884858
LV312,0.238786859587116,0.227706128635119,0.375883440112483
LV316,0.37851162325373,0.164734738540084,0.300240460305845
LV319,0.565597175854225,0.00339504224436998,0.0178779258035723
LV321,0.150559676575381,0.0773025961548575,0.174850114454963
LV325,-0.137503523749935,0.29918335335804,0.455065854742417
LV327,-0.214124805352847,0.157888290946919,0.290997941017958
LV460,0.594548549550354,0.0863839791453507,0.188632022227034
LV469,0.250961573533219,0.190247300950232,0.33204920854567
LV539,0.773996325111173,0.00298712137262261,0.0162061852497779
LV657,0.22650852980868,0.321179398052787,0.477124196413164
LV743,0.356143810225275,0.0484514059282825,0.125216246652629
LV746,0.641546029087524,0.233710840305253,0.383249960347311
LV861,0.111031312388744,0.625246560903694,0.745881001115215
LV949,0.0976107966264223,0.56232426275453,0.696150750483834
LVX54,0.356143810225275,0.13802701647013,0.264029960879414
LXN,0.31034012061215,0.0301906115755359,0.0885039846186943
LY6E,0.250961573533219,0.105381208867377,0.218123813303136
LY75,-0.0426443374084937,0.72565191316397,0.820070755319822
LYAG,0.0285691521967709,0.673899387706922,0.783655982323642
LYAR,0.37851162325373,8.83622742105981e-07,2.66958023732725e-05
LYN,0.0565835283663675,0.318473694190537,0.474385409907946
LYPA1,-0.028569152196771,0.585553230569852,0.714686642634686
LYPA2,-0.0976107966264223,0.0585812191077017,0.144372908511111
LYPL1,-0.263034405833794,0.00265577680252132,0.0148062903396857
LYRIC,-0.028569152196771,0.42542321265687,0.57539684520866
LYRM1,0,0.990477173620987,0.994459836332764
LYRM2,0.333423733725192,0.0765887743615859,0.173541152259311
LYRM4,0.16349873228288,0.11794086951258,0.235698173469498
LYRM7,0.0426443374084937,0.667254813126832,0.779277297121535
LYRM9,-0.0426443374084937,0.793533451307096,0.868871760783096
LYSC,0.389566811762726,0.0786701398550406,0.17660491648134
LYSM2,0.070389327891398,0.598090605358705,0.725076936953538
LYSM3,-0.111031312388744,0.342897373407853,0.498430446176245
LYST,0.286881147788162,3.18604410855423e-05,0.000441387789813457
LYVE1,-0.22650852980868,0.0109743139611874,0.0423790048907207
LZIC,-0.22650852980868,0.0061114866202579,0.0277284410615235
LZTL1,0.0565835283663675,0.267707057830268,0.421929002480757
LZTR1,-0.443606651475615,0.0208076086549704,0.0678095672918325
M1BL1,0.263034405833794,0.672149519000683,0.78294077937704
M1IP1,0.31034012061215,0.120165180745445,0.238903884506557
M2GD,-0.176322772640463,0.107192244154603,0.220745535676841
M2OM,-0.214124805352847,0.0018186062273269,0.0107856369325069
M3K2,0.0840642647884745,0.494313512878018,0.638851082572094
M3K4,-0.321928094887362,0.00231653203644116,0.0132589619678623
M3K5,-0.422233000683048,5.79752275892365e-05,0.000714625845355965
M3K6,-0.0565835283663676,0.529099779362079,0.668884919626757
M3K7,0.124328135002202,0.00544445686911819,0.0254938611558258
M4K1,-0.176322772640463,0.527740416491994,0.66771426648946
M4K4,-0.0143552929770701,0.838078320456254,0.900244754712072
M4K5,-0.0976107966264223,0.416852744780536,0.568495936588644
MA1A1,0.263034405833794,0.00502076832807374,0.0240601010314186
MA1A2,0.214124805352847,0.219590601122248,0.366263042317296
MA1B1,0.22650852980868,0.0358471942180231,0.100226794753964
MA2A1,0.189033824390017,0.00138450640992522,0.00886115526644323
MA2B1,0.0565835283663675,0.325425959416007,0.481137603660026
MA2B2,0.070389327891398,0.325991209227368,0.481313090857887
MA2C1,-0.137503523749935,0.00181607691635263,0.0107856369325069
MA7D1,0.422233000683048,3.24625103414207e-07,1.19086533298932e-05
MA7D3,0.650764559116902,0.00063517952567547,0.00484120829249302
MAAI,-0.124328135002202,0.07913131452236,0.17711436579903
MACD1,-0.0565835283663676,0.465038355433768,0.61158338857319
MACF1,-0.028569152196771,0.257964364413804,0.411631620431638
MACOI,0.070389327891398,0.51661489512126,0.659158852602548
MADD,0.150559676575381,0.474749070642448,0.619850140795331
MAEA,0.137503523749935,0.104152735038129,0.21627834790667
MAGD1,0.594548549550354,8.47701306580199e-08,4.30745330168552e-06
MAGD2,-0.028569152196771,0.844927661992386,0.904700862819922
MAGI1,0.0840642647884745,0.22625605414678,0.374079051692168
MAGT1,-0.070389327891398,0.266171178074817,0.420415688733625
MAIP1,-0.189033824390017,0.0411586142740457,0.111313283824915
MAK16,0.298658315564515,0.0262158145608499,0.079734163196521
MAL2,-0.22650852980868,0.00563629009862876,0.0261265838954939
MALD2,0.20163386116965,0.151189829640691,0.282094077876455
MALT1,-0.0976107966264223,0.401164067160497,0.552874413846953
MAMC2,-0.575312330687437,0.00112465111178133,0.00760027382909067
MAN1,0,0.943548874657887,0.966444769435581
MANBA,0.150559676575381,0.00422772585510816,0.0212220520157353
MANBL,0.855989697308481,0.117722165894735,0.235613161906236
MANF,0.0426443374084937,0.223650175873577,0.371016570829035
MAOM,0.356143810225275,4.58437471934829e-09,4.15506151033638e-07
MAON,0.0976107966264223,0.269637764616319,0.423870819676344
MAOX,-0.070389327891398,0.0548728098626508,0.137565937904934
MAP10,-0.137503523749935,0.304841989692349,0.459675468757878
MAP11,0.070389327891398,0.251661130909339,0.404252992603325
MAP1A,0.0143552929770701,0.849996951986203,0.90785755137969
MAP1B,0.0976107966264223,0.0804796211517786,0.179298727979555
MAP1S,0.189033824390017,0.00137323252884707,0.00882350575666207
MAP2,0.0840642647884745,0.253227437709403,0.40609162783373
MAP4,0.176322772640463,0.00034988185798825,0.00308761722100971
MAP7,0.22650852980868,0.00070064328541876,0.0052507352829437
MAPK2,0.27500704749987,0.00143811206903553,0.00908877389651331
MAPK3,0.55581615506164,0.00230337192021968,0.0132229338847783
MAPK5,-0.622930350920177,2.84954690942542e-09,2.80822692961168e-07
MARC1,-0.0976107966264223,0.0766594043864983,0.17359907448371
MARC2,-0.250961573533219,0.00079207751369497,0.00578953051755792
MARCO,-0.16349873228288,0.125657767057342,0.247082041196979
MARCS,-0.124328135002202,0.48197484815741,0.626673235598117
MARE1,0.454175893185802,4.84096468081324e-07,1.65754630671045e-05
MARE2,0.150559676575381,0.0960856529420318,0.203923931202593
MARE3,-0.0426443374084937,0.416318169696843,0.568143482146214
MARF1,-0.22650852980868,0.16546369063404,0.30114157161461
MARH5,0.286881147788162,0.00916891871880239,0.0369249084211467
MARK1,0.344828496997441,0.00898496117486822,0.0363551160142777
MARK2,0.333423733725192,2.33294852142188e-06,5.581688015228e-05
MARK3,-0.238786859587116,0.266624099346576,0.420830170326987
MASP1,-0.124328135002202,0.0782681936300596,0.175919225377284
MASP2,-0.20163386116965,0.0135628127399773,0.0496232099899225
MAST4,0.16349873228288,0.244621815719943,0.396583852758089
MAT1,-0.0976107966264223,0.314971603277344,0.471008047727875
MAT2B,-0.298658315564515,4.83220262617786e-07,1.65754630671045e-05
MATN2,-0.20163386116965,0.0280422420998583,0.0836381854964415
MATR3,0.0565835283663675,0.245282145758192,0.397319943423278
MAVS,0.124328135002202,0.0748502942543934,0.170908911362136
MAZ,0.250961573533219,0.0037691919321571,0.0193844156510937
MB12A,0.189033824390017,0.0928955959892349,0.198297567300994
MBB1A,0.124328135002202,0.0810392576407565,0.180232806254154
MBD1,-0.137503523749935,0.103963624930851,0.216158958761315
MBD2,0.150559676575381,0.546650577075727,0.683335396039494
MBD3,0.0426443374084937,0.664962413858091,0.778070259959644
MBD4,0.0285691521967709,0.641250920400517,0.758989945609143
MBL2,-0.189033824390017,0.0864542361612315,0.188680859882756
MBLC2,-0.0426443374084937,0.780992920222884,0.859784146527165
MBNL1,0.454175893185802,0.00587043845872626,0.0270005121707625
MBNL2,0,0.96186441762573,0.976489005417394
MBOA5,-0.422233000683048,1.51148345397095e-06,4.08577843136568e-05
MBOA7,-0.0143552929770701,0.83547213772829,0.898823816374633
MBP,0.150559676575381,0.386283356586541,0.540193679278038
MBRL,0.214124805352847,0.0146305300937999,0.052254800112487
MCA3,0.0976107966264223,0.3402997139531,0.495777041659357
MCAF1,-0.22650852980868,0.152107105274083,0.283462297782181
MCAT,-0.263034405833794,0.00138874980870024,0.00887877885993913
MCCA,0,0.99713448103153,0.997911670806301
MCCB,-0.111031312388744,0.0857060212106535,0.187899598009924
MCE1,0.137503523749935,0.060903201225556,0.147965393327557
MCEE,-0.27500704749987,2.27263334738731e-05,0.000340883019833161
MCES,0.176322772640463,0.0120716867829733,0.0457204695055137
MCF2L,0.150559676575381,0.218089702531209,0.364363123347711
MCFD2,-0.124328135002202,0.294569134818726,0.449552920581058
MCL1,0.22650852980868,0.478112316501875,0.623034047078898
MCLN1,0.0143552929770701,0.940047548167993,0.965359412301549
MCM10,0.839959587489532,0.0768887466308872,0.174067265367133
MCM2,0.411426245726465,0.151890108824695,0.283126396899456
MCM3,0.250961573533219,0.0225949282828416,0.0719240759340875
MCM4,0.214124805352847,0.0153760887375851,0.0540654439225722
MCM5,0.31034012061215,0.00461323017700606,0.0225652858943839
MCM6,0.137503523749935,0.259845125784491,0.413775702572079
MCM7,0.0840642647884745,0.343407465286635,0.498983612328977
MCMBP,0.176322772640463,0.0320169401938645,0.0923167650009485
MCP,-0.189033824390017,0.00354781396552964,0.018480296680487
MCRI1,0.298658315564515,0.00060334608533424,0.00465749322787073
MCRI2,0.22650852980868,0.0140789511167816,0.0509460964789504
MCTS1,-0.0426443374084937,0.39339966110055,0.546376598002278
MCU,0.0285691521967709,0.717371015737856,0.81381627230812
MCUR1,0.137503523749935,0.0545872004572381,0.137162358878853
MD1L1,0.150559676575381,0.529948833587776,0.669518828133851
MDC1,0.0840642647884745,0.280371188788256,0.434428728564908
MDHC,-0.36737106564853,7.60965501780722e-07,2.41254247971962e-05
MDHM,0.176322772640463,0.204154541630977,0.348660294552216
MDN1,-0.150559676575381,0.00146440858656568,0.00919307047057946
MDR1,0.111031312388744,0.0883422516979566,0.19166113970179
MDR3,0.321928094887362,0.00190951496815825,0.0112382760234463
ME15P,0.0143552929770701,0.943446861301313,0.966444769435581
MECP2,-0.150559676575381,0.250767594598462,0.403322244005543
MECR,0.137503523749935,0.127308747872067,0.249564018729365
MED1,0.16349873228288,0.0299218719082168,0.0878164194974866
MED10,0.545968369105292,0.0745878299165178,0.170511763108859
MED11,-0.411426245726465,0.0129308235997125,0.0479629585999928
MED12,-0.176322772640463,0.317768630752846,0.474022936929436
MED14,-0.321928094887362,0.0686455156557191,0.161578079013645
MED15,0.150559676575381,0.135981591783208,0.261312592441465
MED17,0.111031312388744,0.161559187777554,0.296628213212173
MED18,-0.111031312388744,0.625815575022703,0.746213154306594
MED19,0.895302621333307,0.0813986727714875,0.180823349201713
MED20,-0.0840642647884746,0.181559762336578,0.322181227665035
MED22,-0.124328135002202,0.340119238627792,0.495607833249198
MED23,0.0143552929770701,0.937313032959612,0.963964705102236
MED24,-0.189033824390017,0.01238184979154,0.0465315955092801
MED29,0.111031312388744,0.122345371755341,0.242175936280356
MED30,0.0285691521967709,0.689110318016477,0.795222571899182
MED4,0,0.972807483681837,0.984306390108336
MED8,-0.238786859587116,0.0541139049197467,0.136214054459491
MEGF6,-0.070389327891398,0.397773927174613,0.550269408323437
MEIS1,-0.0976107966264223,0.443464477326599,0.593339759174039
MEMO1,-0.0840642647884746,0.0202175445763039,0.0664204534822368
MEN1,0.111031312388744,0.5208605241335,0.662878431227214
MEP50,-0.150559676575381,0.129215971911887,0.252083569927763
MEPCE,-0.0143552929770701,0.922799594470165,0.955882779195221
MERL,-0.0426443374084937,0.6560093072769,0.771292564109669
MESD,-0.137503523749935,0.00104282231635087,0.00718595986150904
MESH1,0.0285691521967709,0.815956702481148,0.884622915270865
MEST,-0.400537929583729,0.00121079346173521,0.00802749813184859
MET,-0.823749360308273,0.00018724551224179,0.00184940952091122
MET13,0.400537929583729,6.64455143352071e-06,0.000125773032540156
MET14,0.0976107966264223,0.35904058001299,0.51403988634456
MET15,0.286881147788162,0.0205872593949171,0.0672907282046845
MET16,-0.250961573533219,0.00011790726183784,0.00128118130493472
MET2A,0.16349873228288,0.140567994686198,0.267426233326762
MET7A,-0.545968369105293,3.97222935814736e-10,6.80045666114828e-08
MET7B,-0.545968369105293,5.66222156006803e-09,5.0139948159499e-07
METH,0.0426443374084937,0.466817954810427,0.61287756030326
METK1,-0.356143810225275,4.06512491458343e-05,0.000538105194878879
METK2,0.0285691521967709,0.543262742559678,0.680314721827009
MFAP1,-0.070389327891398,0.530813192074664,0.670390956023477
MFAP2,0.6959938131099,0.0505905018539286,0.129441788868371
MFAP4,-0.632268215499513,0.00267586925094802,0.0148844019561758
MFAP5,-0.356143810225275,0.00768601767607226,0.0326694390702609
MFF,0.111031312388744,0.0187310741050918,0.0623883246457532
MFGM,-0.0143552929770701,0.885284303832658,0.930962363735572
MFN1,-0.028569152196771,0.604733860601826,0.729658521860058
MFN2,-0.0143552929770701,0.608125243942811,0.732603108574733
MFR1L,0.0426443374084937,0.712381453151717,0.810303663824129
MFRN2,0,0.989157745524901,0.993570141743739
MFS10,-0.678071905112638,2.18307168341212e-07,8.85178118368788e-06
MGA,0.0285691521967709,0.931221891202791,0.96077855227351
MGAT1,0.356143810225275,8.15060425233767e-06,0.000148094941415117
MGAT2,0.298658315564515,0.00027941185084954,0.00259348060113838
MGDP1,0.400537929583729,0.00013021593283155,0.00139331048129758
MGLL,-0.238786859587116,1.2201301097614e-05,0.000206590821222018
MGME1,0.389566811762726,0.105846257013808,0.218733788635831
MGMT,-0.321928094887362,2.82590390947992e-06,6.30973048579408e-05
MGN2,0,0.953010513437192,0.971677209571219
MGP,-0.495695162624069,0.00148183835156916,0.00927634916430624
MGRN1,0.0840642647884745,0.71088783147868,0.809321686672344
MGST1,-0.773996325111173,4.4197037520815e-08,2.54099982880865e-06
MGST2,-0.189033824390017,0.016311346510176,0.0565856260401625
MGST3,-0.739848102699327,4.22689623998079e-14,3.61822318142356e-11
MGT4B,0.613531652917927,0.00026055225547398,0.00245390534984296
MI4GD,-0.356143810225275,2.4015579386075e-05,0.000353759127323751
MIA2,-0.028569152196771,0.726140687512426,0.820502765707793
MIA3,0.0143552929770701,0.71893365477993,0.814988945912975
MIA40,-0.0840642647884746,0.480768445159501,0.62554299974815
MIB1,0.214124805352847,0.22300210294688,0.370021150355969
MIB2,-0.20163386116965,0.137731064176127,0.26368790219008
MIC1,-0.411426245726465,0.00025835223080655,0.00244224078941272
MIC10,-0.150559676575381,0.402995217603699,0.554734651065152
MIC13,-0.286881147788162,0.00050107780623885,0.00405494056645389
MIC19,0.137503523749935,0.0643987602377775,0.153790467722206
MIC25,-0.0840642647884746,0.184919001085525,0.325759482580344
MIC26,-0.150559676575381,0.0129147955270616,0.0479335879948755
MIC27,0.22650852980868,0.0024198576933875,0.0137482180456175
MIC60,0.137503523749935,0.00966180661810004,0.0383860945746405
MICA1,0.16349873228288,0.0554029774689577,0.138534416884404
MICA2,0.263034405833794,0.0002846534975394,0.00262317050842528
MICA3,-0.028569152196771,0.636534270895234,0.755131116584704
MICU1,0.31034012061215,0.0102303198101895,0.0400073014303045
MICU2,0.150559676575381,0.0669500632191988,0.158487060549166
MICU3,-0.137503523749935,0.278080182480589,0.432269920466194
MID51,0.238786859587116,0.165313088288268,0.300938570929304
MIDUO,0.454175893185802,0.0546433136022274,0.137213848758657
MIEN1,-0.20163386116965,0.0430335256363692,0.114757642283922
MIER1,0.238786859587116,0.0782083482936511,0.175866058159454
MIF,-0.20163386116965,0.172506367569843,0.310947369152567
MIGA2,-0.0426443374084937,0.696208695673213,0.799226834189527
MILK1,-0.0840642647884746,0.149380955273395,0.279807792570452
MILK2,0.0285691521967709,0.749372500856248,0.83912292828438
MIME,-0.0426443374084937,0.785155825183502,0.863394357422783
MIMIT,0.0143552929770701,0.923706757880422,0.956350114869253
MINA,-0.111031312388744,0.173303508084248,0.311946314551646
MINK1,0.070389327891398,0.34944831727755,0.505188560012431
MINP1,0.16349873228288,0.0168432386562181,0.0579688445004705
MINT,0.400537929583729,0.234932973631647,0.38492633535904
MINY1,0.250961573533219,0.189520801141651,0.331231454626878
MINY3,-0.070389327891398,0.247170851990753,0.399120570894312
MIO,-0.070389327891398,0.156795328697078,0.289537682713876
MIP18,0.704871964456353,0.591786190643876,0.720012762590085
MIPEP,-0.028569152196771,0.702975927364035,0.803644448990514
MIRO1,0.22650852980868,0.00103014276832056,0.00711768599743641
MIRO2,0.20163386116965,0.0466971149713884,0.122055368306855
MISP3,0.443606651475615,0.00386235024471331,0.019757998861402
MK,0.464668267003444,0.0277822314735037,0.0830878537546089
MK01,0.070389327891398,0.413246202234205,0.565261580789229
MK03,-0.0426443374084937,0.676862281475609,0.786250781345633
MK08,-0.0976107966264223,0.117789654926413,0.235640483394725
MK09,-0.16349873228288,0.00449716584295917,0.0222729681850686
MK13,-0.111031312388744,0.420786021138359,0.571633840037016
MK14,-0.124328135002202,0.0355644162655133,0.0998059994960395
MK15,-0.028569152196771,0.711956550008197,0.810216162300525
MK67I,0.321928094887362,8.97270309603385e-07,2.68971613431303e-05
MKL1,0.27500704749987,0.0610269367753954,0.148140218379154
MKLN1,0.150559676575381,0.0644956318504545,0.153974077401891
MKNK1,0.871843648509318,0.0185428343647552,0.0618951455572245
MKRN2,0.137503523749935,0.0567366720780996,0.140818080441263
MKS3,-0.137503523749935,0.1148439500689,0.231430235765317
ML12A,-0.55581615506164,8.30315665484302e-08,4.26450125792738e-06
MLEC,0.0143552929770701,0.896648387918664,0.93842944987439
MLF2,0.464668267003444,0.00134463364768369,0.0086977813784678
MLIP,-0.124328135002202,0.204848583286399,0.349690557420434
MLKL,0.0143552929770701,0.953154519934038,0.971695437550857
MLP3A,-0.150559676575381,0.0859782157795948,0.188205463753989
MLP3B,0.214124805352847,0.101186443707443,0.212181488050498
MLTK,-0.028569152196771,0.512844587391727,0.655542508920834
MLX,-0.298658315564515,8.59353078074376e-06,0.000155045810620257
MLXPL,-0.137503523749935,0.293956499871959,0.449085242863078
MMAA,-0.150559676575381,0.0203587541848305,0.0667704734950763
MMAB,0.0976107966264223,0.441152581800748,0.590964960909922
MMGT1,0.321928094887362,0.00157522343691679,0.00970065656115664
MMP14,0.411426245726465,5.3369453786011e-05,0.00066963887942578
MMP19,0.879705766282288,0.349750674510139,0.505435977570083
MMP2,0.22650852980868,0.075259159177037,0.171580392444945
MMP8,0.713695814843359,0.0401224931426512,0.109004502196793
MMP9,0.659924558402378,0.00256221315861781,0.0143767590487921
MMRN1,0.0565835283663675,0.518429387990521,0.66070802399983
MMRN2,0.0840642647884745,0.278267739360583,0.432386983467917
MMS19,-0.356143810225275,4.09061018135368e-08,2.38742885129915e-06
MMSA,-0.298658315564515,0.0005017501110175,0.00405612051970495
MMTA2,-0.176322772640463,0.0237450237487904,0.0744817347790331
MNDA,0.713695814843359,0.00087550676622367,0.00628602434947545
MO4L1,-0.53605290024021,2.69512357320331e-05,0.000388097794541277
MO4L2,0.286881147788162,0.138576352926704,0.264714163884782
MOB1A,0,0.94781036522047,0.968554324666203
MOB1B,0.839959587489532,0.131860135024462,0.255501586704495
MOB2,0.298658315564515,0.171291792245395,0.309119692541233
MOC2B,-0.124328135002202,0.13266422979013,0.256537456401396
MOCOS,0.0285691521967709,0.481099288810212,0.625762100454816
MOCS1,0.150559676575381,0.0450579317731831,0.118878872048152
MOCS3,-0.150559676575381,0.00532362130684549,0.0250845128733564
MOES,0.214124805352847,0.0004276736118795,0.00363664183876343
MOFA1,0.526068811667588,0.00048135463729546,0.00392418637642775
MOGS,-0.111031312388744,0.00430428818615679,0.0215186477522076
MON2,-0.176322772640463,4.54253645959195e-05,0.000587176189340543
MORC2,-0.189033824390017,0.249794571565013,0.402259837610601
MORC3,0,0.959903105581174,0.975030768549399
MOT1,-0.16349873228288,0.141881938719668,0.269226220664119
MOT2,0.22650852980868,0.0870224349823336,0.189694504710776
MOT8,-0.070389327891398,0.399726932183621,0.551683318800182
MOV10,0.0143552929770701,0.646762977438287,0.763599490416369
MOXD1,0.0976107966264223,0.327494215067939,0.482689005717123
MP2K1,-0.124328135002202,0.113640680971884,0.229907512134295
MP2K2,0.0426443374084937,0.353297641959163,0.50873617230127
MP2K3,-0.150559676575381,0.00369984906372914,0.0191299578436036
MP2K4,-0.286881147788162,5.23254629153101e-10,8.22684421019488e-08
MP2K7,-0.0426443374084937,0.79659374138465,0.871603207446008
MPC1,0.411426245726465,0.0128708771426408,0.047809661285875
MPC2,-0.111031312388744,0.494721104472919,0.639056235556567
MPCP,-0.189033824390017,0.025605719138534,0.0785609160666133
MPDZ,-0.070389327891398,0.335783780910987,0.490682520511806
MPI,-0.189033824390017,7.88832600578283e-05,0.000923581512895911
MPP10,0.20163386116965,0.00231544827731233,0.0132589619678623
MPP2,-0.0565835283663676,0.333504569136181,0.488449935430307
MPP5,0,0.942920458009139,0.966444769435581
MPP6,-0.333423733725192,6.87023998866124e-11,1.82511478871194e-08
MPP8,-0.124328135002202,0.191008186481474,0.332924676165899
MPPA,0.20163386116965,0.0203065961431311,0.0666277754202223
MPPB,0.070389327891398,0.375587568399112,0.530241273034041
MPPE1,-0.16349873228288,0.229228679773755,0.37799181270912
MPRD,-0.0143552929770701,0.763222096602071,0.848832543990523
MPRI,0.111031312388744,0.0485535026230499,0.125438022873232
MPRIP,0.0285691521967709,0.702335194186863,0.803383865778113
MPU1,-0.454175893185802,2.96696164772401e-05,0.000417715609145336
MPV17,0.0143552929770701,0.850763923237157,0.908047279664596
MPZL1,0.250961573533219,0.144566618939426,0.272975792232681
MRC1,0.238786859587116,0.0113819810400424,0.0434954275458763
MRC2,0.176322772640463,0.0309334135653428,0.0899966080466016
MRCKA,-0.0840642647884746,0.0738254556498135,0.169523490410183
MRCKB,-0.070389327891398,0.0474581082127616,0.123602861957781
MRE11,-0.0976107966264223,0.0961307940188902,0.203963546439419
MRM1,0.454175893185802,0.00906622317260887,0.0366454267165681
MRM2,0.545968369105292,0.0888317595522746,0.192121489130117
MRM3,0.298658315564515,1.71580295313715e-05,0.000268669633149768
MROH1,0.0285691521967709,0.549057624407672,0.685532361955025
MRP,0.0143552929770701,0.910533451396491,0.947075567972816
MRP1,0.6959938131099,0.00045409185693747,0.00379427729484411
MRP2,-0.176322772640463,0.00590962056588739,0.0271146207156391
MRP3,-0.137503523749935,0.00144312974936782,0.00911300949928663
MRP6,0.0143552929770701,0.707723308502633,0.807030842022541
MRP9,-0.124328135002202,0.179169928819197,0.319445760616314
MRRP1,-0.070389327891398,0.255499621884763,0.408826708489403
MRRP3,-0.189033824390017,0.117241045819987,0.234970087668361
MRT4,0.070389327891398,0.585318945127944,0.714513888966199
MRVI1,0.070389327891398,0.479288872898892,0.624356015693788
MS3L1,0.176322772640463,0.0446186835625739,0.11788146027643
MSH2,-0.0565835283663676,0.440290906744273,0.590323902812022
MSH3,0,0.94406269215069,0.966464406198727
MSH6,-0.0840642647884746,0.248596582501339,0.400834673836399
MSI1H,0,0.988201800563315,0.993542992924988
MSI2H,-0.0565835283663676,0.525727930307316,0.666161605863412
MSL1,0.238786859587116,0.0653394938551323,0.155308521272998
MSMO1,-0.454175893185802,9.58753124505134e-05,0.00108781061431334
MSPD2,0,0.975618000352931,0.986319013342905
MSRA,-0.286881147788162,0.00068786858006931,0.00516504828543271
MSRB1,0.176322772640463,0.153723192265458,0.285644831937551
MSRB2,0.111031312388744,0.24742265174983,0.399443442808192
MSRB3,0.0426443374084937,0.496383560685468,0.640666602700762
MSRE,-0.150559676575381,0.135265526180556,0.260651729288395
MSTN1,-0.55581615506164,0.00139107031164025,0.00888624019973175
MSTO1,-0.189033824390017,0.0256356236545455,0.0785900694924865
MT1A,0.0285691521967709,0.849928171468391,0.90785755137969
MT1B,-0.516015147003665,0.0027544145495617,0.0152552190437263
MT1DP,-0.464668267003444,0.161897548577549,0.297107840457703
MT1E,-0.0426443374084937,0.795715164323049,0.870889277730469
MT1F,-0.0426443374084937,0.782348321631749,0.860907223232538
MT1G,-0.124328135002202,0.518061810859116,0.660458082220524
MT1H,-0.124328135002202,0.731674670608403,0.825182500712507
MT1L,-0.27500704749987,0.0144032481308603,0.0516863898256373
MT1M,0.238786859587116,0.162520079678221,0.298108260438337
MT1X,1.08406426478847,0.0146065655837119,0.0521934050356755
MT2,0.782408564927373,0.0850651106422385,0.186920026351342
MTA1,-0.27500704749987,0.00082828637826809,0.00600858593048716
MTA2,-0.028569152196771,0.675501419753979,0.785044944604715
MTA3,-0.27500704749987,0.0551603559565933,0.138048508176003
MTA70,0.176322772640463,0.113002685302155,0.228977561169859
MTAP,-0.250961573533219,0.0007293866764372,0.0054291738698282
MTAP2,-0.0840642647884746,0.329402602342409,0.484667236143224
MTCH1,-0.070389327891398,0.419325559340463,0.570597333099478
MTCH2,0.0840642647884745,0.581314411752492,0.711881454163281
MTEF4,0.0285691521967709,0.881984563800595,0.928633193866309
MTFP1,0.454175893185802,0.0726525498525514,0.167708187091723
MTFR1,-0.286881147788162,0.00239594661301555,0.0136224152816766
MTG16,0.214124805352847,0.226834070762575,0.374684751534065
MTG2,-0.321928094887362,0.00476720545419266,0.0231527905330097
MTHFS,0.0976107966264223,0.450449639176877,0.599147793546039
MTHR,-0.16349873228288,0.216600222934595,0.363074002934752
MTM1,-0.124328135002202,0.00763031286667077,0.0325492415973597
MTMR1,-0.150559676575381,0.044694115213385,0.117968288021312
MTMR3,-0.22650852980868,0.14556716931563,0.274528634616307
MTMR5,-0.028569152196771,0.601721495140263,0.727276811823123
MTMR6,0.0426443374084937,0.456522624037222,0.603971824595851
MTMR9,0.124328135002202,0.0857980371997928,0.188047817521253
MTMRA,-0.176322772640463,0.00522367573228886,0.0247671280841806
MTMRC,-0.214124805352847,9.47150201666822e-05,0.00107639003128145
MTMRD,0.124328135002202,0.133420810454235,0.257547963853527
MTMRE,0.0976107966264223,0.151051186169575,0.281903667211823
MTNA,-0.389566811762726,2.27481563562093e-12,9.73621092045758e-10
MTNB,0.20163386116965,0.00670231604705082,0.0297434578493546
MTND,-0.632268215499513,1.07081834785217e-10,2.22961744644679e-08
MTO1,-0.22650852980868,0.0158832301831949,0.0554437722389368
MTOR,-0.0976107966264223,0.0363022148816774,0.101037667430796
MTP,0.0143552929770701,0.890968801932294,0.934229759114633
MTPN,-0.111031312388744,0.0240590105393661,0.0751247487472773
MTRR,0.0426443374084937,0.717497410711494,0.813839819216924
MTSS1,0.238786859587116,0.069522662765811,0.163010986561454
MTSSL,0.0143552929770701,0.816571496701155,0.885148479393541
MTU1,0.31034012061215,0.00078464657871328,0.00575158633911238
MTUS1,0.20163386116965,0.0328687173411851,0.094099070381453
MTX1,0.137503523749935,0.216108338023011,0.362501944112572
MTX2,0,0.978695208591571,0.988446235840255
MTX3,-0.111031312388744,0.396224471369333,0.548815772641018
MUC13,0.124328135002202,0.215150946799964,0.361116098942685
MUC18,0.124328135002202,0.106760137287964,0.220091008206175
MUC6,0.137503523749935,0.516832255956268,0.659326991205015
MUL1,0.505890929729957,0.15017200140794,0.280885226342946
MUTA,-0.344828496997441,2.53615587156326e-06,5.93485278277553e-05
MVD1,-0.485426827170242,0.00169464464617537,0.0102882860901616
MVP,0.16349873228288,0.00023009095475859,0.00222132921736864
MX1,0.16349873228288,0.114596043824069,0.231150760899891
MX2,0.137503523749935,0.129014976510826,0.251883268889864
MXRA5,0.321928094887362,0.0459218540160843,0.120445012413517
MXRA7,-0.411426245726465,0.00133615365541607,0.00866475400784967
MXRA8,0.0565835283663675,0.599042222106561,0.725832759317518
MY15B,0.333423733725192,0.111214532969051,0.22588894331494
MY18A,-0.137503523749935,6.83284742749519e-05,0.000814864652963203
MYADM,-0.432959407276106,1.36138927541671e-05,0.000225633883844593
MYCB2,-0.111031312388744,0.0306684638850841,0.0895640052201243
MYCBP,0.0976107966264223,0.338339454796832,0.493761538123659
MYCPP,-0.028569152196771,0.763910685840097,0.848907166050903
MYD88,0.0840642647884745,0.324882057773707,0.481130703178584
MYDGF,0.16349873228288,0.0293566751633706,0.0866231156325414
MYEF2,0.150559676575381,0.252299843432488,0.405025629048528
MYG1,-0.124328135002202,0.0132906274058552,0.0490224185242301
MYH10,-0.124328135002202,0.146162053611639,0.275367784774617
MYH11,0.0285691521967709,0.880720790245916,0.927682932465756
MYH13,-0.831877241191673,2.00899256425319e-07,8.32111758871321e-06
MYH14,0.070389327891398,0.160449771748801,0.294966929962425
MYH15,0.0285691521967709,0.76640149462675,0.84982179713037
MYH9,0.0285691521967709,0.736767998288412,0.82932454205821
MYL1,-0.176322772640463,0.0267018544584226,0.0809248964389015
MYL4,0.464668267003444,0.00686387586129666,0.0301650311668166
MYL6,0.0426443374084937,0.629412871863261,0.749458541705497
MYL6B,-0.176322772640463,0.0727549302398802,0.167815563643125
MYL9,0,0.996870352818072,0.997911670806301
MYLK,-0.286881147788162,5.03249271691932e-05,0.00063977432163608
MYO19,-0.16349873228288,0.300209708571133,0.456086687996846
MYO1A,-0.028569152196771,0.775020772007786,0.855607826757929
MYO1B,-0.0840642647884746,0.0618547995941525,0.149580024555509
MYO1C,-0.150559676575381,0.00061194067290465,0.00470498098209324
MYO1D,-0.250961573533219,9.06918827425191e-05,0.00103971765572674
MYO1E,0.0143552929770701,0.840424125142906,0.902011106426765
MYO1F,0.263034405833794,0.00121523825271211,0.00805003912200696
MYO1G,0.111031312388744,0.0709618480940374,0.16541303410483
MYO1H,-0.722466024471091,0.0727067080614004,0.167754560917948
MYO3B,-0.286881147788162,0.328165873538606,0.483309097637435
MYO5A,0.0976107966264223,0.261164114230181,0.41493263271382
MYO5B,-0.028569152196771,0.65037637450363,0.766365798283262
MYO5C,0.0565835283663675,0.70348631974739,0.803984365425588
MYO6,-0.124328135002202,0.00165202988713299,0.0100610579055119
MYO7A,0,0.957789722523432,0.973793901035252
MYO9B,0.176322772640463,0.0157266606881035,0.0550218864401223
MYOF,0.189033824390017,0.0257727689356738,0.07885361869755
MYOME,0.333423733725192,0.269580991634311,0.423870819676344
MYPN,-0.286881147788162,0.0106234373990842,0.0413139635146616
MYPT1,-0.0426443374084937,0.438380741225269,0.588318170193805
MYPT2,-0.321928094887362,0.00458599852242186,0.0225178665498649
MZB1,0.20163386116965,0.170437620020658,0.307822339642535
MZT1,0.823749360308273,0.179660778752242,0.319870732466232
MZT2A,-0.0143552929770701,0.888096417319119,0.932392313849345
N4BP1,0.124328135002202,0.186091993252172,0.327317971692861
N4BP2,0.7311832415722,0.0183876640612812,0.061493130511286
N6MT2,-0.565597175854225,1.07950913042037e-08,7.99891292178511e-07
NAA10,0,0.970779587925758,0.98328766044965
NAA15,0.0840642647884745,0.122174770249645,0.241900393215951
NAA16,-0.028569152196771,0.77417197440568,0.854962857055814
NAA25,-0.111031312388744,0.123155248840493,0.243341379088781
NAA30,0.111031312388744,0.146190841086213,0.275367784774617
NAA35,0.0426443374084937,0.592157079073338,0.720236523078781
NAA40,-0.0426443374084937,0.567020591994313,0.699379865629873
NAA50,0,0.949811872616134,0.969801418028272
NAAA,0.0840642647884745,0.531498948169612,0.671037020107947
NAC1,-0.7311832415722,4.82448508519699e-05,0.000615361475105258
NACA2,0.31034012061215,0.113835157585387,0.230173393381836
NACAM,0.0426443374084937,0.537931971594813,0.676237173815325
NACC1,0.505890929729957,0.00839196687605699,0.034480913500343
NADAP,0.16349873228288,0.00998698109120865,0.0394562576034213
NADC,-0.356143810225275,3.25946583363317e-06,7.01422479952792e-05
NADE,-0.27500704749987,0.00011330957337503,0.00125062600756623
NADK,-0.0426443374084937,0.671943326108735,0.78294077937704
NADL2,0.286881147788162,0.191649637303534,0.333589879301045
NAF1,-0.389566811762726,0.0063069562525657,0.0284477698886219
NAGA,0.124328135002202,0.154755449286647,0.28714739434112
NAGAB,0,0.988511453341122,0.993570141743739
NAGK,-0.124328135002202,0.0623656234931286,0.150333155003461
NAGPA,0.189033824390017,0.486492101791578,0.631071754874948
NAGS,-0.27500704749987,0.0066105574431307,0.0294550228697969
NAKD2,0.0840642647884745,0.412742386499817,0.564890272800602
NAMPT,-0.298658315564515,0.0174457484211291,0.0594955780804259
NAR4,-0.137503523749935,0.203305319505273,0.347826822444731
NARFL,-0.028569152196771,0.689705763302573,0.795671338796499
NASP,-0.0565835283663676,0.2517912924872,0.404293480058647
NAT10,0.0565835283663675,0.339832048978616,0.495470496845431
NAT8,-0.22650852980868,0.00325295386151192,0.017307152312906
NAV2,-0.214124805352847,0.238257344983103,0.388884446133438
NB5R1,-0.0143552929770701,0.797977459918891,0.872373825913883
NB5R2,-0.31034012061215,0.00723787761863358,0.0312559468463863
NB5R3,0.070389327891398,0.35556292719584,0.510735591458642
NB5R4,-0.22650852980868,0.206958659687217,0.352122242542032
NBAS,-0.0565835283663676,0.18210921702642,0.322595862950458
NBDY,0.516015147003665,0.0257904226001651,0.0788763063563604
NBEL1,-0.124328135002202,0.020622561116886,0.0673126810520089
NBEL2,0.250961573533219,0.0143651152480563,0.0516673275398407
NBN,0.0565835283663675,0.228176711992663,0.376579560666554
NBR1,0.910732661902913,0.0140597525417768,0.0509005326982371
NC2A,0.31034012061215,0.0137001853397209,0.0499047597487196
NC2B,0.0426443374084937,0.7199419619938,0.815488597665646
NCALD,-0.516015147003665,4.10556956570704e-05,0.000541597738599436
NCAM1,0.0565835283663675,0.703961046441848,0.804288284411686
NCAS2,0.238786859587116,0.0400407236112017,0.109001319682225
NCB2L,0.250961573533219,0.369152902002062,0.523555588553735
NCBP1,-0.20163386116965,0.0118706429462532,0.0450943950976009
NCBP2,0.0285691521967709,0.667301704194025,0.779277297121535
NCBP3,-0.0426443374084937,0.614287689888814,0.737212598201458
NCDN,0.070389327891398,0.57031873533774,0.702211209372215
NCEH1,0.321928094887362,0.00016224600338114,0.00165117993401361
NCF1B,0.411426245726465,0.0170944014816115,0.0585312306730378
NCF1C,0.124328135002202,0.535393020612383,0.674476842167415
NCF2,0.298658315564515,0.0856942381118341,0.187899598009924
NCF4,0.389566811762726,0.00154793932720753,0.00957606494850685
NCK1,-0.0565835283663676,0.262301819864988,0.416059533173233
NCK2,-0.124328135002202,0.107460606733338,0.220943825533396
NCKP1,-0.189033824390017,1.02494463348e-06,2.97968809672827e-05
NCKPL,0.0840642647884745,0.190623005843176,0.33240372046533
NCLN,-0.028569152196771,0.291324284707473,0.446728162696332
NCOA2,-0.16349873228288,0.607743566710439,0.732257810124683
NCOA4,0.356143810225275,0.00029101716438252,0.00266586948204867
NCOA5,0.27500704749987,4.70344477625345e-05,0.000603922309270943
NCOA7,-0.0143552929770701,0.86203267714549,0.915382459645604
NCOR1,-0.0565835283663676,0.577787285606386,0.708801472661083
NCOR2,0.37851162325373,0.0212479841285833,0.0687503022791288
NCPR,0.150559676575381,0.107823686662248,0.221335913148404
NDC1,0.070389327891398,0.194400470175385,0.336704411472834
NDE1,0.0143552929770701,0.932448790069923,0.961132026054285
NDK3,-0.111031312388744,0.0722716698631353,0.167251710611473
NDK6,0.0840642647884745,0.363543449479078,0.518367339401595
NDK7,-0.137503523749935,0.263706187664847,0.417336168810596
NDK8,-0.321928094887362,1.60856403214279e-05,0.000256040853380745
NDKA,-0.214124805352847,0.00713376855590974,0.0309625650449175
NDKB,-0.176322772640463,0.133004091694418,0.256936690675475
NDOR1,0.298658315564515,0.113892721977033,0.230175637489785
NDRG1,-0.124328135002202,0.00714709007984023,0.0309680438555057
NDRG2,-0.604071323668861,1.0872035958445e-09,1.3852085386145e-07
NDRG3,-0.0565835283663676,0.69843747680153,0.800470443510709
NDUA1,-0.176322772640463,0.365820030405685,0.520155427753257
NDUA2,-0.37851162325373,6.12789200168643e-06,0.000117728877758085
NDUA3,-0.150559676575381,0.16672971905301,0.302873321288467
NDUA4,-0.389566811762726,1.31716837916437e-05,0.000221077673051902
NDUA5,0.150559676575381,0.0994921868382752,0.20956862044741
NDUA6,-0.0840642647884746,0.378133354173561,0.532551663969419
NDUA7,-0.0976107966264223,0.195151691325307,0.337323004256263
NDUA8,-0.31034012061215,0.00097166673454403,0.00679886529059398
NDUA9,-0.298658315564515,3.2428293297149e-05,0.000446120663502207
NDUAA,-0.124328135002202,0.118426770704242,0.236362653239762
NDUAB,-0.150559676575381,0.203491275694165,0.347990407979544
NDUAC,-0.214124805352847,0.0746695006938643,0.170597222225839
NDUAD,-0.111031312388744,0.0799627497239805,0.178560296774941
NDUB1,-0.20163386116965,0.00192586444136359,0.0113172079757934
NDUB2,-0.028569152196771,0.695144070229893,0.798715871297702
NDUB3,0.0426443374084937,0.649668600364736,0.765883228341228
NDUB4,-0.0976107966264223,0.107234390778315,0.220773315488011
NDUB5,-0.286881147788162,0.0162983660715714,0.0565852240718279
NDUB6,-0.028569152196771,0.802365960110148,0.875344616438753
NDUB7,-0.028569152196771,0.763799131290594,0.848907166050903
NDUB8,-0.422233000683048,1.72259184313699e-09,1.89065996560798e-07
NDUB9,0,0.995027818704604,0.997358094626629
NDUBA,-0.20163386116965,0.00114855234861684,0.00771442658565313
NDUBB,-0.0840642647884746,0.40461382395958,0.556533636812106
NDUC1,-0.238786859587116,0.16275731103816,0.298241472575364
NDUC2,-0.333423733725192,0.00137263116552466,0.00882350575666207
NDUF3,0.214124805352847,0.00343153138243875,0.0180454046213707
NDUF4,0.0285691521967709,0.699475530244413,0.801183390574332
NDUF5,0.111031312388744,0.317922704454101,0.474022936929436
NDUF6,0.0976107966264223,0.360441038345678,0.515087694196829
NDUF7,0.111031312388744,0.506249674336272,0.650566720781758
NDUF8,0.27500704749987,0.0192423350607645,0.0638153031890356
NDUS1,-0.20163386116965,0.00017766681429352,0.00177990264930725
NDUS2,-0.150559676575381,0.00434125559975057,0.0216332685255358
NDUS3,-0.111031312388744,0.0442490123113408,0.117030634528278
NDUS4,-0.36737106564853,2.01425084968016e-05,0.000306070779998737
NDUS5,0.0976107966264223,0.231125563194512,0.379981079566906
NDUS6,0.16349873228288,0.0627529221106712,0.150889048670603
NDUS7,0.0285691521967709,0.569046671971486,0.701205304041639
NDUS8,-0.150559676575381,0.00838138665066497,0.0344789180481429
NDUV1,-0.150559676575381,0.00773408630684875,0.0327257790093123
NDUV2,-0.150559676575381,0.00924917460177043,0.0371510120605002
NDUV3,0.0426443374084937,0.709372954641027,0.807897029122956
NEB2,0.176322772640463,0.0216315587357412,0.0697278361925315
NEBL,0.111031312388744,0.393548802206205,0.546485214887636
NECP1,-0.189033824390017,0.0432936475110504,0.115369858327614
NECP2,-0.111031312388744,0.206220395147254,0.351377405403069
NECT2,-0.321928094887362,1.54636076647271e-05,0.00024819090301887
NED4L,0.189033824390017,0.104620359168807,0.216839551057984
NEDD1,-0.22650852980868,0.0232590492536434,0.0734881794963083
NEDD4,-0.432959407276106,1.80836179537517e-10,3.57221006963341e-08
NEDD8,0.250961573533219,0.0672077533610849,0.158922201317925
NEK4,-0.0840642647884746,0.419032768880549,0.570597333099478
NEK6,0.0426443374084937,0.371498313490647,0.526107170428666
NEK7,-0.286881147788162,2.12002402372231e-06,5.22279545363212e-05
NEK9,0,0.985350531275472,0.991787365161515
NELFA,0.214124805352847,0.34441445804443,0.499975312751892
NELFB,-0.0976107966264223,0.413917313549616,0.565794709649794
NELFD,0.0426443374084937,0.510658413781307,0.65350704647362
NELFE,0.20163386116965,0.0415501351787496,0.112002183840828
NEMF,0.111031312388744,0.406099371369121,0.557750075794712
NEMO,0.189033824390017,0.0445442237134525,0.117725111316788
NENF,-0.189033824390017,0.0385038863751316,0.10590287062978
NEO1,-0.0426443374084937,0.608274438562663,0.732668273090487
NEP,-0.176322772640463,0.0457914579409767,0.120237693243792
NEP1,0.111031312388744,0.102845017409643,0.214604012492928
NEST,-0.22650852980868,0.00044271201280284,0.00372748999632031
NET4,-0.028569152196771,0.936049936756439,0.963272433807994
NETO1,1.20789285164133,0.0862120475541483,0.188526146567459
NEUA,-0.189033824390017,0.00039777911244184,0.00342019004715618
NEUG,-0.0143552929770701,0.900360825004373,0.941036466671237
NEUL,-0.070389327891398,0.332745455052062,0.488001329853624
NEUR1,-0.0976107966264223,0.331796829298812,0.48707369910786
NEXN,0.0426443374084937,0.707640725283746,0.807030842022541
NF1,0.0285691521967709,0.826691264588328,0.892617057464075
NF2IP,0.0565835283663675,0.656059212436482,0.771292564109669
NFAC1,0.263034405833794,0.115909736294379,0.233211963544501
NFAC2,0.238786859587116,0.0627131083356949,0.150887320430696
NFASC,0.250961573533219,0.101041995050305,0.2120478152731
NFH,0.070389327891398,0.762022875531017,0.84786600708997
NFIA,-0.0565835283663676,0.323374092670655,0.479275492484557
NFIB,0.0565835283663675,0.482043820632716,0.626673235598117
NFIC,-0.37851162325373,1.64023010468038e-11,6.01730129831316e-09
NFIX,-0.070389327891398,0.454603500906428,0.602384824730499
NFKB1,-0.028569152196771,0.63080950336565,0.750541531108721
NFKB2,-0.0565835283663676,0.217959179597265,0.364321440576552
NFS1,-0.0976107966264223,0.150809604210374,0.281521005775799
NFU1,-0.214124805352847,0.00820085540570664,0.0339674140029914
NFX1,0.176322772640463,0.0707780185581411,0.165084424756863
NFXL1,0.0285691521967709,0.521611801827771,0.663446808862663
NFYB,-0.0143552929770701,0.855110051462734,0.910576047837396
NFYC,0.176322772640463,0.0420766881587473,0.113026082836468
NGAL,0.863938450423972,0.0297104962140053,0.0874292065823899
NGAP,0.189033824390017,0.22450227166727,0.371869598134734
NGBR,0.238786859587116,0.00705567297785583,0.0307622550206006
NGEF,-0.0976107966264223,0.174497468070227,0.313303528905559
NGF,-1.40053792958373,9.91593051075849e-07,2.89364881268498e-05
NGLY1,0.111031312388744,0.118461042373474,0.236369818815137
NH2L1,-0.37851162325373,8.2272845499822e-05,0.000954563255618417
NHEJ1,-0.443606651475615,0.00068163478999392,0.00513266417657765
NHLC1,0.298658315564515,0.0695982090540948,0.163122787512244
NHLC2,-0.27500704749987,1.0186672558751e-08,7.92708337299169e-07
NHLC3,0.238786859587116,0.00250885336903622,0.0141598581355715
NHP2,-0.238786859587116,0.00067171465782104,0.00507342129789538
NHRF1,-0.0426443374084937,0.332829879238991,0.488032240132696
NHRF2,-0.137503523749935,0.013713444494813,0.0499047597487196
NHRF3,0.0840642647884745,0.168628656968427,0.305342123758251
NHSL1,0.0840642647884745,0.687695391776285,0.794027160592776
NHSL2,-0.070389327891398,0.612041593061744,0.735503126848347
NIBAN,0.0565835283663675,0.540933875481883,0.678560195150183
NIBL1,-0.0840642647884746,0.266197784221524,0.420415688733625
NICA,0.0285691521967709,0.629050589638827,0.749258772816562
NID1,-0.0976107966264223,0.145716773517625,0.274743520112526
NID2,0.111031312388744,0.160432886406407,0.294966929962425
NIF3L,-0.189033824390017,0.00022883255914947,0.00221473120061246
NIN,-0.111031312388744,0.073107568669473,0.168423490661313
NINJ1,-0.0840642647884746,0.326066531971647,0.481321433667287
NIP7,0.286881147788162,0.00234036071792978,0.0133457727394012
NIPA,-0.36737106564853,0.00132362892900132,0.0085907643378485
NIPBL,0.0976107966264223,0.0982206356066768,0.207540256915479
NIPS1,0.124328135002202,0.285116146694756,0.439043532707655
NIPS2,-0.0840642647884746,0.155990092651211,0.288396369998783
NISCH,-0.028569152196771,0.657620999645255,0.77243900264453
NIT1,-0.36737106564853,3.00733948106663e-11,8.91097821620666e-09
NIT2,-0.263034405833794,4.40164698069947e-05,0.000573778144489149
NJMU,-0.028569152196771,0.778315026161525,0.85769402968794
NKRF,0.111031312388744,0.763632536347242,0.848907166050903
NLE1,-0.604071323668861,0.0105614407704239,0.0410936059067403
NLRX1,0.0840642647884745,0.10314911836577,0.215063818102812
NLTP,-0.16349873228288,0.0530716749843704,0.134273952078683
NMD3,0.0143552929770701,0.789479398394061,0.86615626391738
NMES1,-0.250961573533219,0.122707734066795,0.242643835536599
NMI,-0.028569152196771,0.757588914610032,0.844640375999376
NMNA1,-0.070389327891398,0.187079307782303,0.328080807456149
NMNA3,-0.411426245726465,0.0343925286020824,0.0973759795481231
NMRL1,-0.298658315564515,0.00370494573140076,0.0191434620487669
NMT1,-0.286881147788162,1.01261531408265e-05,0.000178516896560474
NMT2,-0.263034405833794,6.36210145754625e-06,0.000121320865418159
NNMT,-0.704871964456353,2.22480480398342e-07,8.91123466935487e-06
NNRD,-0.250961573533219,2.94716607739022e-06,6.5184351020036e-05
NNRE,-0.16349873228288,0.00224297330934432,0.0129340317179556
NNTM,0.0285691521967709,0.733597445878249,0.826866821221073
NO40,0.263034405833794,0.483221755801355,0.627780844299096
NO66,0.070389327891398,0.194393744649542,0.336704411472834
NOA1,-0.0565835283663676,0.413147399485334,0.565243751666669
NOB1,-0.0976107966264223,0.306553889576892,0.461808988130695
NOC2L,0.070389327891398,0.0303738812762748,0.0889238534481877
NOC3L,-0.0565835283663676,0.259238457355439,0.413151236132872
NOC4L,0.37851162325373,0.0387799522952674,0.106358402450246
NOG1,-0.124328135002202,0.330083046749405,0.48557567159775
NOG2,0.0565835283663675,0.557046406542987,0.69184032178094
NOL10,0.214124805352847,0.0154407742526915,0.0541859995634731
NOL11,-0.070389327891398,0.357283443746102,0.512059870040332
NOL3,0.0285691521967709,0.769228251214289,0.851333780685948
NOL6,0.137503523749935,0.164540140693304,0.299956754354286
NOL7,0.22650852980868,0.0307888188371107,0.0897918404718922
NOL9,0.150559676575381,0.0403533093943304,0.109465456188
NOLC1,0.0840642647884745,0.0631431808985917,0.151567775262926
NOM1,-0.0143552929770701,0.870438282083302,0.921640533970555
NOMO1,0.0565835283663675,0.0669788484439711,0.158487060549166
NOMO2,0.344828496997441,0.0176136602382753,0.05988333560268
NONO,0.124328135002202,0.00501198403433512,0.0240575233648086
NOP10,0.31034012061215,0.00612211468533715,0.0277439832563749
NOP14,0.0840642647884745,0.460019774159237,0.607362082894646
NOP16,0.31034012061215,0.0478827255571881,0.124204888111979
NOP2,0.0426443374084937,0.231051727422144,0.379940770130245
NOP56,0,0.930733959622873,0.960532407894791
NOP58,-0.070389327891398,0.0311030914105369,0.0903537768577588
NOP9,0.0426443374084937,0.502631916994433,0.647429575075257
NOS3,0.16349873228288,0.00102891091527105,0.00711768599743641
NOSIP,-0.0143552929770701,0.859159844281179,0.91371496505449
NOTC1,0.0976107966264223,0.274087622918013,0.427963325285848
NOTC2,-0.0143552929770701,0.902347153380962,0.942345461521883
NOTC3,0.286881147788162,0.390438358770764,0.543635842394716
NOVA2,-0.286881147788162,0.0475675015023733,0.123762253149032
NP1L1,0.286881147788162,2.47439080060086e-05,0.000361036112269489
NP1L4,0.137503523749935,0.00826932401087099,0.0341958519483361
NPA1P,0.238786859587116,0.0132429602395123,0.0489322617195217
NPC1,0.20163386116965,0.0162975638113332,0.0565852240718279
NPC2,-0.16349873228288,0.270140966592887,0.424409911545519
NPL,0.124328135002202,0.18391498829669,0.324972722439839
NPL4,0.0143552929770701,0.712094189373943,0.810216162300525
NPM,0.298658315564515,0.025195121196306,0.0776723544203047
NPM3,-0.0143552929770701,0.923023669960319,0.955904604567052
NPNT,-0.356143810225275,0.00155914274938967,0.00962470812604008
NPS3A,0.422233000683048,0.0367148018974806,0.101891510741423
NPTN,-0.0840642647884746,0.0400844741626924,0.109004502196793
NPY,-0.495695162624069,0.114649550707009,0.231150760899891
NQO1,-0.594548549550354,0.00904358967658347,0.0365731311645139
NQO2,0.0840642647884745,0.440221279313083,0.590323902812022
NR1H2,-0.124328135002202,0.0674312183341716,0.159352793265785
NR1H4,0.20163386116965,0.0384380525196737,0.105797340697237
NR1I2,-0.028569152196771,0.862431289583821,0.915679527970474
NR2CA,0.400537929583729,0.397272840680751,0.549773659889439
NR2F6,-0.286881147788162,0.00174753553172676,0.0104933856090592
NRBF2,0.37851162325373,0.00042138647794333,0.00359508463574243
NRBP,0.0285691521967709,0.744635930253143,0.835032781174704
NRBP2,-0.176322772640463,0.0498547408919923,0.127856499278265
NRDC,-0.137503523749935,0.00832091235316915,0.0343412530481219
NRDE2,-0.238786859587116,0.388937421812065,0.542330117219936
NRF1,-0.176322772640463,0.148035045766781,0.2779580776474
NRIP2,0.250961573533219,0.0763115113263897,0.173167565024597
NRK1,0.0285691521967709,0.766312091337952,0.84982179713037
NRM,-0.0976107966264223,0.516057009537786,0.658665208992562
NRP1,0.070389327891398,0.474954106356768,0.619862177769361
NRP2,0.137503523749935,0.246771171227489,0.398558721831567
NS1BP,0.189033824390017,0.194973918016201,0.337242717646343
NSA2,-0.0976107966264223,0.636495781870395,0.755131116584704
NSDHL,0.0143552929770701,0.887448805583448,0.93221132094009
NSE3,0.22650852980868,0.108544412270325,0.222341439013715
NSE4A,0.485426827170242,0.230689222271208,0.379511134598491
NSF,0,0.836468244439779,0.899142056473031
NSF1C,-0.137503523749935,0.00054562294299527,0.00431611816292746
NSMA3,0.137503523749935,0.0720934602571551,0.167040005359736
NSRP1,-0.0840642647884746,0.507437969486948,0.651337752168362
NSUN2,0.0426443374084937,0.583937119865771,0.71395835128486
NSUN4,-0.0565835283663676,0.695648952597772,0.799171421206985
NSUN5,0.16349873228288,0.460930734915669,0.607850670532221
NSUN6,-0.111031312388744,0.14920754237264,0.279750524808668
NT5C,0,0.941488741176568,0.965845572801134
NT5D1,-0.411426245726465,2.31144955729724e-11,7.29623754617805e-09
NT5D2,0.137503523749935,0.142668269600672,0.2703188266118
NTAN1,0.150559676575381,0.109321506243313,0.223385727529353
NTF2,-0.263034405833794,0.00348239454476053,0.0182381832582156
NTH,0.111031312388744,0.378952184042989,0.533135066812854
NTM1A,-0.0143552929770701,0.909830653023053,0.946951546999406
NTPCR,0.111031312388744,0.00048106707552385,0.00392418637642775
NTRI,0.124328135002202,0.619737060930648,0.741490032211479
NU107,0.176322772640463,0.0200965465557466,0.0661075126667258
NU133,0.070389327891398,0.0818890030895169,0.18180774634053
NU153,-0.0426443374084937,0.11858631089067,0.236558503133537
NU155,-0.250961573533219,0.00101330004860609,0.00704492827928573
NU160,-0.111031312388744,0.0151309096048139,0.0533738679466512
NU188,0.0840642647884745,0.179566685333084,0.319857050591001
NU1M,-0.070389327891398,0.407346264539865,0.558994588887624
NU205,-0.0840642647884746,0.195136749475969,0.337323004256263
NU214,-0.0143552929770701,0.767460642197604,0.850232497482074
NU2M,-0.321928094887362,0.0633317892446579,0.151759908037588
NU4M,-0.0840642647884746,0.415035774335304,0.566820706519976
NU5M,-0.0976107966264223,0.486189044204941,0.630891089195699
NUA4L,-0.176322772640463,0.121150487485656,0.240428479028721
NUB1,0.137503523749935,0.104481175293369,0.216726702870252
NUBP1,0.0565835283663675,0.229350165940273,0.378030312024789
NUBP2,-0.0565835283663676,0.0964485242708091,0.204412498206964
NUBPL,0.0143552929770701,0.842708407169217,0.903766044633754
NUCB1,-0.0565835283663676,0.153444433872139,0.285311158687454
NUCB2,0.0143552929770701,0.753054044353031,0.841777184807857
NUCG,-0.0840642647884746,0.27902162257851,0.433121616027572
NUCKS,0.189033824390017,0.121586113625,0.241044626702779
NUCL,0,0.885115834040849,0.93091227105129
NUD10,-0.286881147788162,0.0430341158564708,0.114757642283922
NUD12,-0.16349873228288,0.0807337019257988,0.179708881720992
NUD14,0.111031312388744,0.621137993976963,0.742704812292181
NUD16,0.0143552929770701,0.833437318034624,0.897261193144039
NUD19,0.263034405833794,0.00150621676093357,0.00941110618510318
NUDC,-0.150559676575381,0.00110780475268577,0.0075260386372938
NUDC1,-0.298658315564515,0.0335785628924765,0.0957399143314726
NUDC2,-0.124328135002202,0.0739531721989694,0.169614539631099
NUDC3,-0.124328135002202,0.225862396770843,0.373720769914642
NUDT3,-0.0143552929770701,0.841748946115171,0.903054432651619
NUDT4,-0.150559676575381,0.446388156190682,0.59516861407804
NUDT5,-0.124328135002202,0.0205815186014931,0.0672907282046845
NUDT6,0,0.923665592918258,0.956350114869253
NUDT7,-0.344828496997441,0.0103794126265727,0.0405491860421481
NUDT8,0.124328135002202,0.302699773772302,0.458333148023155
NUDT9,-0.028569152196771,0.509243149435406,0.652671639203189
NUFP2,-0.0976107966264223,0.0943975385749616,0.201005704030266
NUMA1,-0.124328135002202,0.0255826896729004,0.0785215303745118
NUMB,-0.0976107966264223,0.0859821054308395,0.188205463753989
NUMBL,-0.650764559116902,0.00032556147274179,0.00291982023981694
NUP37,-0.189033824390017,0.0475574668323264,0.123762253149032
NUP43,0.286881147788162,0.0566771850731188,0.140773843643856
NUP50,0.070389327891398,0.211643775140034,0.357253208518585
NUP53,-0.214124805352847,0.0001033643331456,0.00115576026495458
NUP54,-0.0143552929770701,0.830657807177268,0.895674547215232
NUP58,0.176322772640463,0.00041774651028695,0.00357194130438475
NUP62,-0.070389327891398,0.310389655645658,0.465947370828946
NUP85,-0.028569152196771,0.376123046592402,0.530460151328907
NUP88,0.0285691521967709,0.467150793560693,0.612896749589847
NUP93,-0.111031312388744,0.00644298326009204,0.028843871557851
NUP98,0,0.912111452823594,0.948428483270747
NUPL2,0,0.966264236413822,0.980002590486056
NUPR1,0.475084882948783,0.0478522563109261,0.124204888111979
NVL,0.0285691521967709,0.734154552322509,0.827252694323915
NXF1,-0.0143552929770701,0.921826132990375,0.955882779195221
NXN,-0.0426443374084937,0.645434232509882,0.762408053857119
NXP20,-0.27500704749987,2.6234070240782e-07,1.00972124961591e-05
NXT1,-0.298658315564515,0.0468332497196624,0.122140607935098
OAF,-0.411426245726465,0.0181593411106718,0.0610342282184139
OARD1,-0.214124805352847,0.00035389028832279,0.00311500196921415
OAS1,-0.454175893185802,0.00348491448901312,0.0182389818093458
OAS2,0.070389327891398,0.491704375853835,0.636553369182934
OAS3,-0.0565835283663676,0.434598377945591,0.584726843117854
OAT,0.16349873228288,0.0256793459367935,0.078661503418313
OBSL1,0.150559676575381,0.0267568672919853,0.0809975494018074
OCAD1,-0.070389327891398,0.208421097318308,0.353600985772468
OCAD2,0.124328135002202,0.0491462348950457,0.126671995192851
OCLN,0.0143552929770701,0.719667057353769,0.815340442625505
OCRL,0.31034012061215,0.00184984403284011,0.0109372205901767
OCTC,-0.321928094887362,3.95892564979208e-06,8.3560447139721e-05
ODB2,-0.176322772640463,0.0116500921381783,0.0443659465311545
ODBA,-0.0840642647884746,0.142909890011438,0.270634609620208
ODBB,-0.389566811762726,7.41424771051546e-07,2.37630838583937e-05
ODO1,-0.0840642647884746,0.0583482184783966,0.143844696050422
ODO2,-0.0840642647884746,0.204148079554017,0.348660294552216
ODP2,0.137503523749935,0.1507050999396,0.281462324832649
ODPA,0.0426443374084937,0.572212519184092,0.70364329573731
ODPAT,0.0426443374084937,0.673874369697443,0.783655982323642
ODPB,0.070389327891398,0.301169321301965,0.457003831260654
ODPX,0.0840642647884745,0.262409869858156,0.416059533173233
ODR4,-0.111031312388744,0.00264222595257954,0.014761210107812
OFUT1,-0.0976107966264223,0.0657140542520621,0.156060750295279
OFUT2,-0.028569152196771,0.788803863964804,0.865579557028403
OGA,-0.238786859587116,4.70187830226142e-06,9.53243958963736e-05
OGDHL,-0.263034405833794,0.00090321897322779,0.00644893324350963
OGFD1,0.356143810225275,0.00976044137334136,0.0386802676647232
OGFD2,0.31034012061215,0.0255582004892686,0.0784904012751538
OGFD3,0.356143810225275,0.266145095070022,0.420415688733625
OGFR,0.0285691521967709,0.549389169253578,0.685757316903688
OGT1,0.0565835283663675,0.348437051159911,0.504199669822681
OIT3,-0.0976107966264223,0.384115534919623,0.538530678984673
OLA1,-0.263034405833794,9.7988818498814e-09,7.70312099709044e-07
OLFL1,-0.238786859587116,0.099569636356553,0.20956862044741
OLFL3,0.0285691521967709,0.901500705202352,0.941844512188625
OLFM4,0.475084882948783,0.0707573727842509,0.165084424756863
OMA1,0.367371065648529,0.0144022008071416,0.0516863898256373
OMD,0.356143810225275,0.177523833138733,0.317438202051323
OPA1,-0.0426443374084937,0.301871087513362,0.45787446588786
OPA3,-0.0143552929770701,0.892779025367907,0.935396383984
OPLA,-0.0840642647884746,0.0060311229288123,0.0274893290135554
OPTN,0.070389327891398,0.197415362392461,0.340471894307481
ORC3,-0.344828496997441,0.043764464710089,0.116102422908583
ORC4,0.189033824390017,0.117925987779402,0.235698173469498
ORML1,-0.464668267003444,0.0473267300672751,0.123344089458149
ORN,0.214124805352847,0.0145704195774483,0.05208840483743
ORNT1,-0.344828496997441,0.00387430141533871,0.0197954574950653
OS9,-0.0565835283663676,0.178773458157301,0.319029501665666
OSB10,-0.150559676575381,0.0142367351212693,0.0513722751167488
OSB11,-0.0143552929770701,0.787844269441423,0.86490675973491
OSBL1,-0.028569152196771,0.600076423509934,0.726314024622236
OSBL2,0.22650852980868,0.00510134846110908,0.024319405045769
OSBL5,0.238786859587116,0.0174152164916166,0.0594184357180754
OSBL8,0,0.918341808937139,0.954005568507513
OSBL9,0.137503523749935,0.018448606483699,0.0616285559396888
OSBP1,-0.0840642647884746,0.103670652861121,0.215917466786179
OSCAR,0.613531652917927,0.0308483340415195,0.0898536996637758
OSGEP,-0.150559676575381,0.00086954955278186,0.00625491106875019
OSGP2,-0.214124805352847,0.0268239405538269,0.0811265395528417
OSMR,0.333423733725192,0.191521670964755,0.333442475279655
OST48,-0.150559676575381,0.00293988667797478,0.0160289362824612
OSTA,0.400537929583729,0.264227022739285,0.418074549842566
OSTB,0.7311832415722,0.110494478144497,0.224960216602855
OSTC,-0.27500704749987,0.0019965267161078,0.0116967618409844
OSTF1,-0.028569152196771,0.639351580059779,0.757196706038515
OSTM1,0.367371065648529,0.00110917936057808,0.00752873814439958
OTC,-0.028569152196771,0.780548262747285,0.859417438360023
OTU1,-0.298658315564515,0.18463646288117,0.325721199770753
OTU6B,0.124328135002202,0.157059481487421,0.289955965822931
OTUB1,0.111031312388744,0.046808507091329,0.122117419109922
OTUD4,-0.0426443374084937,0.79556926470394,0.870853312770553
OTUL,-0.0565835283663676,0.442471483796668,0.59221687129422
OVCA2,-0.070389327891398,0.280914594620727,0.434973652540153
OXA1L,-0.028569152196771,0.673367449032574,0.783497492892317
OXDA,-0.464668267003444,6.56991976251001e-08,3.56441280636459e-06
OXDD,-0.0840642647884746,0.222079561235838,0.368964888218182
OXLA,0.16349873228288,0.192282115830706,0.334464082266823
OXLD1,0.150559676575381,0.254393569056524,0.407452818297601
OXND1,0.0143552929770701,0.835368531315661,0.898823816374633
OXR1,0.150559676575381,0.0885185932204959,0.191776237801706
OXSM,-0.0143552929770701,0.85495837701872,0.910576047837396
OXSR1,-0.16349873228288,0.0289004528343496,0.0856672137883145
P121A,0.495695162624069,0.00105889560974886,0.00725776848532493
P121B,0.176322772640463,0.0217520857024103,0.0699115845854689
P20D2,-0.321928094887362,0.0781056260323578,0.175686348307528
P20L1,-0.0976107966264223,0.580466855585968,0.711295793770367
P2RX4,0.0143552929770701,0.872206135398008,0.922568661575442
P2Y12,0.321928094887362,0.135577412681739,0.260917085542791
P3C2A,-0.028569152196771,0.682368970116631,0.790128015151457
P3C2G,-0.0976107966264223,0.107330222255562,0.220833266006378
P3H1,0.333423733725192,3.67372032622877e-05,0.000492214632926373
P3H3,0.238786859587116,0.00792196930438312,0.0333060140414131
P4HA1,0.0840642647884745,0.260904958930678,0.414691933897657
P4HA2,0.16349873228288,0.00684116241947946,0.0300995518444716
P4HTM,-0.176322772640463,0.466506500400034,0.612844634423299
P4K2A,0.124328135002202,0.0257399352540804,0.0788014470023498
P4K2B,0.16349873228288,0.357325267567085,0.512059870040332
P4R3A,-0.150559676575381,0.00800293645228208,0.0334751239529096
P4R3B,0.0840642647884745,0.503549922824792,0.648245148514682
P55G,0.411426245726465,0.00169468263868316,0.0102882860901616
P5CR1,0.344828496997441,0.00035717517294968,0.00313402908018717
P5CR2,0.22650852980868,0.0147942245348863,0.0526199011157729
P5CR3,-0.070389327891398,0.0600247788051928,0.146524364992144
P5CS,-0.028569152196771,0.591430090830381,0.719693163758846
P5I11,0.070389327891398,0.587407368250979,0.716367442659932
P66A,0.0143552929770701,0.779171019658496,0.858253774463745
P66B,0.070389327891398,0.425195904322279,0.575190385759234
P85A,0.0565835283663675,0.308787578502683,0.464356725509403
P85B,-0.286881147788162,0.0031432325898472,0.0168514014420201
PA1B2,0,0.988994950428677,0.993570141743739
PA1B3,-0.124328135002202,0.0116432328360693,0.044361753594994
PA24A,0,0.92555314461165,0.957237404495657
PA24C,0.298658315564515,0.00794764434885388,0.0333623344147232
PA2G4,-0.238786859587116,3.58962084270701e-08,2.14375495908642e-06
PA2GA,-0.454175893185802,0.00715313473706441,0.030976812824252
PAAF1,0.0976107966264223,0.589783297378089,0.718370043162181
PAB4L,1.82781902461732,0.0253735119119619,0.0780816066472815
PABP1,-0.0565835283663676,0.117600970003062,0.235507635275173
PABP2,0.111031312388744,0.192472888564209,0.3344938266408
PABP4,-0.0143552929770701,0.823963676015071,0.891119553191074
PACE1,-0.238786859587116,0.00036135645198188,0.00315992066523088
PACN1,0.0565835283663675,0.555739989857954,0.691069632825911
PACN2,-0.0426443374084937,0.205326712952747,0.350429108681427
PACN3,0.0143552929770701,0.875845754238127,0.924650817291859
PACS1,0,0.977195438042076,0.987319823564086
PACS2,0.344828496997441,0.00971239594968857,0.0385096749338141
PADI1,0.22650852980868,0.193836191529973,0.335953660190531
PADI2,0.545968369105292,0.0597849288380185,0.145985132097653
PADI4,0.622930350920177,0.00140569317605015,0.00894257657166833
PAF1,-0.0976107966264223,0.108333824085038,0.222142453612496
PAFA2,0.111031312388744,0.398465629697527,0.550765197204187
PAG15,0.0840642647884745,0.44069739210335,0.590663310501776
PAHX,-0.298658315564515,0.00774997471243052,0.0327514016371721
PAI1,-0.0426443374084937,0.87287162178393,0.922568661575442
PAIP1,-0.400537929583729,4.13582908639142e-05,0.000543727428012961
PAIP2,-0.27500704749987,0.147933857446111,0.277835796627216
PAIRB,0,0.921816902310551,0.955882779195221
PAK1,-0.0143552929770701,0.878289846092487,0.925755229757357
PAK2,0.238786859587116,0.00061810350222642,0.0047476265016474
PAK4,0.298658315564515,0.00134360044546675,0.0086977813784678
PAL4A,-0.432959407276106,2.8424334306239e-07,1.07079526237445e-05
PAL4C,-0.910732661902913,1.77601209226045e-06,4.53059508568692e-05
PALD,0.111031312388744,0.216117786774279,0.362501944112572
PALLD,0.0976107966264223,0.170293449421853,0.307822339642535
PALM,0.070389327891398,0.544286006086458,0.68137461665422
PALM2,0.16349873228288,0.0685260393591428,0.161346151351723
PALM3,0,0.95818768509223,0.973862523212472
PALMD,0.263034405833794,0.0182592250155216,0.0612136943079105
PAMR1,0.6959938131099,0.00046112437875051,0.00382738935243534
PAN2,0.0840642647884745,0.620054881616937,0.74163993292608
PANK1,0.20163386116965,0.0849356071335539,0.18674198554706
PANK4,-0.0976107966264223,0.0181030996004869,0.0609289118925955
PANX1,0.137503523749935,0.424873883235494,0.575057694386199
PAPD1,-0.0565835283663676,0.475087953115668,0.619931841260689
PAPOA,0.137503523749935,0.00054899819578042,0.00433348575849627
PAPS1,-0.189033824390017,0.00058273758131349,0.00454393757736754
PAPS2,-0.150559676575381,0.0136265440602231,0.0497766218302318
PAR10,-0.298658315564515,0.0135408962188958,0.0496048808703629
PAR12,-0.0840642647884746,0.036174197781861,0.100754164754684
PAR14,0.0976107966264223,0.0138820385422169,0.0504230197686181
PAR3L,0.344828496997441,0.0859338396553929,0.188205463753989
PAR6B,-0.0565835283663676,0.743103138493177,0.833920841799189
PARD3,-0.111031312388744,0.00873817420203285,0.0354683319559858
PARK7,-0.36737106564853,9.33941746135587e-07,2.78879349311185e-05
PARL,-0.0976107966264223,0.267894755801226,0.422057504845122
PARN,0.526068811667588,0.00449612787186978,0.0222729681850686
PARP1,-0.0426443374084937,0.30465429891451,0.459613354465329
PARP4,0.150559676575381,0.06222899224691,0.150144740454179
PARP9,0.0285691521967709,0.687147339542815,0.793879019932212
PARVA,-0.137503523749935,0.113560064854758,0.229804764812465
PARVB,-0.321928094887362,0.0101517529250126,0.039844706954633
PARVG,0.389566811762726,0.00608230983938456,0.0276286055439968
PASD1,0.137503523749935,0.584556231047817,0.71414234363325
PATL1,0.189033824390017,0.274148101246195,0.427971017629318
PAWR,-0.176322772640463,0.0566124897633747,0.140691168108722
PAXB1,-0.0426443374084937,0.672179537258451,0.78294077937704
PAXI,-0.250961573533219,0.00017854039949343,0.00178087553284779
PAXI1,-0.111031312388744,0.701042536521975,0.802262581902153
PAXX,-0.150559676575381,0.00433596562588554,0.0216208926743186
PB1,0.0976107966264223,0.507141319095556,0.651278000052036
PBDC1,-0.0143552929770701,0.697734146140004,0.80025961915477
PBIP1,-0.0976107966264223,0.0376692136387316,0.104052930036855
PBLD,-0.214124805352847,0.00141491889129956,0.00898642633023233
PC11Y,-0.622930350920177,0.0386837339632059,0.106170105611877
PCAT1,0.464668267003444,0.00054427868227618,0.00431611816292746
PCAT2,0.189033824390017,0.0425762498257823,0.113970614544068
PCBP1,-0.0840642647884746,0.0906155123791598,0.194565748988029
PCBP2,-0.176322772640463,6.39696998610917e-05,0.000776098531858032
PCBP3,-0.20163386116965,0.0590916938319946,0.145063159799423
PCCA,0.298658315564515,0.0100314614119731,0.0395711104546036
PCCB,0.0840642647884745,0.392016649116362,0.545143730106941
PCDGK,0.070389327891398,0.671707009516424,0.78294077937704
PCDH1,-0.22650852980868,3.05017279094238e-05,0.000427246021480365
PCF11,0.124328135002202,0.221017884847502,0.367679072525406
PCGF5,-0.070389327891398,0.521377926862695,0.663258842230879
PCID2,0.0143552929770701,0.85241056619818,0.909300886456768
PCIF1,-0.0565835283663676,0.687589481746356,0.794027160592776
PCKGC,-0.333423733725192,0.00051808582618168,0.00416197414484219
PCKGM,-0.389566811762726,1.07233299298113e-05,0.000187755758589241
PCM1,0.0143552929770701,0.660749614188505,0.773972179976926
PCMD1,-0.526068811667588,0.00252866265500587,0.014250780610216
PCNA,-0.124328135002202,0.0240255958147737,0.0750580657571032
PCNP,0.176322772640463,0.0752780018774549,0.171580392444945
PCNT,0.16349873228288,0.0451274827741198,0.118908343591161
PCOC1,0.37851162325373,0.00017354322703391,0.0017499699228655
PCP,0.111031312388744,0.159557769957574,0.293583248090076
PCSK6,-0.344828496997441,0.00235506620912581,0.0134097783260201
PCSK9,0.124328135002202,0.360764130794584,0.51543345022651
PCTL,-0.0565835283663676,0.563666932475358,0.697363942382037
PCY1A,0.0565835283663675,0.390886550090554,0.544063230695145
PCY2,-0.263034405833794,1.61287721356698e-05,0.000256198062955052
PCYOX,-0.137503523749935,0.0115376591526069,0.0440466432664438
PCYXL,-0.22650852980868,0.0419558238142344,0.112802177284576
PDC10,0.27500704749987,0.00331068578975833,0.0175175297556993
PDC6I,-0.176322772640463,1.05734073180109e-06,3.0508438193991e-05
PDCD2,-0.344828496997441,0.0129166833693356,0.0479335879948755
PDCD4,-0.31034012061215,1.15535985815974e-05,0.000197797607716947
PDCD5,0.189033824390017,0.00228220047920883,0.0131342065470332
PDCD6,0.0565835283663675,0.468487286749633,0.61370958291433
PDCD7,0.485426827170242,0.00726570904721451,0.0313409980401683
PDCL3,-0.176322772640463,0.12812149140125,0.250583389122932
PDDC1,0.0143552929770701,0.88561456953265,0.931182563624885
PDE12,-0.137503523749935,2.32842503970167e-05,0.000346297036792696
PDE1A,0.124328135002202,0.43186517326885,0.58165896763343
PDE2A,0.0143552929770701,0.876993525661359,0.92500906628968
PDE3A,-0.0143552929770701,0.903215476921166,0.942727873341664
PDE3B,0.0285691521967709,0.817019110057013,0.885276402795953
PDE4D,0.22650852980868,0.0675371597466282,0.159505296961381
PDE6D,0,0.966417168659905,0.98002867807765
PDE8A,-0.0143552929770701,0.957383187694193,0.973793901035252
PDGFD,-0.150559676575381,0.356859252075231,0.51196344096603
PDIA1,0.0976107966264223,0.239282908259164,0.389980013799154
PDIA3,0.0285691521967709,0.587118922868074,0.71625719426376
PDIA4,-0.0565835283663676,0.179684068898119,0.319870732466232
PDIA5,-0.137503523749935,0.0403718616088115,0.109477234014179
PDIA6,0.137503523749935,0.0790941957390575,0.177082732918831
PDIP2,0.0285691521967709,0.659773039133933,0.773746678492556
PDIP3,0.0565835283663675,0.16049229349565,0.294966929962425
PDK1,0.250961573533219,0.0963118712135427,0.204235247957372
PDK2,0.189033824390017,0.024102074522884,0.0752055010628993
PDK3,0.111031312388744,0.145163067697109,0.27383356355008
PDK4,0.176322772640463,0.392483011629037,0.545595294404565
PDLI1,0.214124805352847,0.124177046750757,0.244732660058284
PDLI2,0,0.927257891778041,0.958485817557766
PDLI3,0.214124805352847,0.0412716743372718,0.111446540166261
PDLI4,0.189033824390017,0.0127078535017402,0.0473868845001968
PDLI5,0,0.889955819326205,0.933326930586589
PDLI7,0.389566811762726,0.00668203504829188,0.0296844164220413
PDP1,-0.16349873228288,0.167061576437643,0.303404616896653
PDPK1,0.0565835283663675,0.398202931594229,0.550598082630252
PDPR,0.0565835283663675,0.458921567659337,0.606333691862036
PDRG1,0.124328135002202,0.0026118931054072,0.0146129444328664
PDS5A,-0.0840642647884746,0.0879464311029322,0.191111530196555
PDS5B,-0.0840642647884746,0.0549733982218074,0.137728474764489
PDXD1,0.0143552929770701,0.692127118065119,0.797390057959276
PDXK,0.0285691521967709,0.52887425304974,0.668884919626757
PDZ11,-0.0565835283663676,0.379883897931451,0.534079334081444
PDZD8,0.0976107966264223,0.488977080701193,0.633548508194079
PEA15,-0.485426827170242,0.00013318664498809,0.00141331943937775
PEAK1,0.0143552929770701,0.922853475288511,0.955882779195221
PEAR1,0.0143552929770701,0.919305866048107,0.954235029915739
PEBB,0.124328135002202,0.166074629418582,0.301983845565091
PEBP1,-0.6959938131099,7.83963313314584e-13,4.72296115177684e-10
PECA1,-0.0565835283663676,0.123604780769728,0.243916811232066
PECR,-0.124328135002202,0.136517892491056,0.262016403525435
PEDF,0.367371065648529,1.90265613949398e-05,0.000292576105761709
PEF1,-0.0976107966264223,0.0835955211595535,0.184903788404594
PELO,-0.070389327891398,0.199353540719751,0.342893431057147
PELP1,-0.070389327891398,0.485120121536146,0.6296363066508
PEMT,-0.150559676575381,0.239119742788894,0.389796550665603
PEPD,0.137503523749935,0.103983008978379,0.216158958761315
PEPL,-0.150559676575381,0.00078707289119731,0.00576388740854
PEPL1,-0.0840642647884746,0.113407487692832,0.229562500597582
PERE,0.669026765509631,0.00913491666774355,0.0368391062253196
PERF,-0.0840642647884746,0.636569923612824,0.755131116584704
PERI,0.0976107966264223,0.630145861681574,0.749983580780913
PERM,0.887525270741587,0.00105650444414294,0.00725395910358529
PESC,-0.0565835283663676,0.399951458006862,0.551795492923507
PEX1,0.22650852980868,0.0331482718444279,0.0947585477883015
PEX12,0.189033824390017,0.280948714309424,0.434973652540153
PEX13,-0.189033824390017,0.104373237591846,0.216561115649766
PEX14,-0.028569152196771,0.612653919102141,0.735987181157476
PEX16,-0.298658315564515,0.162000588712886,0.297226133708996
PEX19,-0.0426443374084937,0.673559695667941,0.783497492892317
PEX26,0.0840642647884745,0.578972470419608,0.710067388160953
PEX3,-0.263034405833794,0.0002970805803865,0.0027021355269157
PEX5,-0.286881147788162,0.0531570413139734,0.134401656147966
PEX6,-0.028569152196771,0.633045689260761,0.752388767365767
PF4V,0.669026765509631,0.0126802242238295,0.0473296741377822
PFD1,-0.0426443374084937,0.374713627110941,0.529201426812592
PFD2,-0.0143552929770701,0.777059498315069,0.856800683414812
PFD3,0,0.897944291517807,0.939402881837749
PFD4,-0.0426443374084937,0.355183733488572,0.510390430719465
PFD5,0.16349873228288,0.0508299124750232,0.129968020480444
PFD6,0.070389327891398,0.299623960891593,0.455466257835208
PFKAL,-0.189033824390017,0.00031050192394606,0.00281424332009464
PFKAM,-0.111031312388744,0.0774089679052109,0.174936547005499
PFKAP,0.20163386116965,0.014519138975476,0.0519532961760646
PG12A,0.27500704749987,0.0190979431787987,0.0633637184536887
PG12B,-0.0840642647884746,0.372321175748413,0.526885073101722
PGAM1,-0.16349873228288,0.0151118910677742,0.0533311996271793
PGAM2,0.250961573533219,0.382153853814889,0.53656156183523
PGAM5,0.0426443374084937,0.383719348904415,0.538073145970079
PGBM,-0.20163386116965,0.0131083231187943,0.0485979409562999
PGDH,-0.526068811667588,0.00014327216270141,0.00149639266427477
PGES2,0.0143552929770701,0.830684662493878,0.895674547215232
PGFRA,-0.0840642647884746,0.23723644791959,0.38754656377704
PGFRB,0.111031312388744,0.0726202553641173,0.167708187091723
PGFS,0,0.95843725613764,0.973948746944517
PGGHG,-0.622930350920177,0.00415740119841249,0.0209337377990652
PGH1,0.20163386116965,0.039793059932494,0.108557271147285
PGK1,-0.20163386116965,1.47261967729242e-05,0.000238681107954594
PGK2,-1.36176835941915,0.00255471350237725,0.0143555892212358
PGLT1,-0.137503523749935,0.079387518799599,0.177533075422964
PGM1,-0.584962500721156,1.36549422705484e-12,6.57485470326905e-10
PGM2,-0.0426443374084937,0.275369746059397,0.429187895051712
PGM2L,0.0143552929770701,0.884655186211368,0.930681900119129
PGM5,-0.356143810225275,0.00117619059289844,0.00784534400665765
PGP,-0.137503523749935,0.301032133474835,0.456885649387338
PGPI,-0.584962500721156,3.33960453564945e-05,0.0004553683777459
PGRC1,-0.20163386116965,0.016558074326836,0.0572289836760631
PGRC2,-0.238786859587116,2.70057746704527e-05,0.00038815762697979
PGRP1,0.333423733725192,0.00097605119801028,0.00681113988176739
PGRP2,-0.475084882948783,0.00679458733089111,0.0299802410064061
PGS1,0.286881147788162,0.0181028903588332,0.0609289118925955
PGS2,0.250961573533219,0.0880090649668517,0.191153604878665
PGTA,-0.028569152196771,0.472663511739215,0.618171599412369
PGTB1,-0.028569152196771,0.650955011489304,0.766695827627824
PGTB2,-0.189033824390017,0.0211921516231261,0.0686272955462646
PH4H,-0.344828496997441,0.00187490535932355,0.0110590557781411
PHAG1,-0.0426443374084937,0.854210352983813,0.910338436766814
PHAR2,0.214124805352847,0.0349656900473821,0.0984920205210354
PHAR4,-0.286881147788162,0.011193705004715,0.04303765985307
PHAX,0.214124805352847,0.0982892300027318,0.207588475950679
PHB,0.0840642647884745,0.355947961236931,0.510941511714052
PHB2,0.238786859587116,0.00335583446939863,0.0177077731179774
PHC2,-0.070389327891398,0.356937656607867,0.51198058210892
PHF10,0.389566811762726,0.577238147853405,0.708466256342621
PHF14,0.0976107966264223,0.686443709262012,0.793571779134835
PHF2,0,0.976807972017152,0.98708505117103
PHF23,0.20163386116965,0.0694272714026569,0.162970048411356
PHF3,0.37851162325373,0.134266996706719,0.258998495094458
PHF5A,0.124328135002202,0.378388757461666,0.532551663969419
PHF6,0.263034405833794,0.0174532718667916,0.0594955780804259
PHIP,-0.0426443374084937,0.554318320345573,0.689897954756429
PHKG1,-0.443606651475615,0.0167588113613338,0.0577672853367855
PHKG2,0.0143552929770701,0.897645422709154,0.939217755880935
PHLA1,-0.27500704749987,0.0413604979359049,0.111647258618855
PHLB1,0.0285691521967709,0.611476789514452,0.735064196944385
PHLB2,0.16349873228288,0.200011600769813,0.343532887084205
PHLB3,-0.176322772640463,0.0562924061479108,0.14003122278447
PHLD,0.137503523749935,0.0667843367979272,0.158163704485469
PHLP,0.37851162325373,0.315994201621273,0.472152701569101
PHOCN,0.411426245726465,0.0106797436271075,0.0414290537206647
PHP14,0.137503523749935,0.377584076363681,0.53198751358921
PHRF1,0.0143552929770701,0.951704350666576,0.971048703529192
PHS,0.189033824390017,0.318702087611753,0.474633845536622
PHS2,-0.124328135002202,0.0984771489195054,0.207854234322156
PHX2B,-0.84799690655495,1.47471712599152e-05,0.000238681107954594
PHYD1,-0.333423733725192,1.65613877473474e-05,0.000260385573888907
PI3R4,-0.0565835283663676,0.201043080904267,0.344718625130726
PI42A,-0.028569152196771,0.548710117143035,0.685353881723402
PI42B,-0.0143552929770701,0.862595515235511,0.915727690419509
PI42C,-0.070389327891398,0.0478693792889164,0.124204888111979
PI4KA,-0.0426443374084937,0.345163541286731,0.500505969771164
PI51A,0.0426443374084937,0.668105561893561,0.780097794608668
PI51C,0.400537929583729,0.0006763259293377,0.00510324677729446
PIAS1,-0.0565835283663676,0.582102040828979,0.712506215847864
PICAL,0.150559676575381,0.00625716501883308,0.0282562715739098
PIEZ1,-0.028569152196771,0.898710449688793,0.939949131740763
PIGG,0.150559676575381,0.306765475309448,0.461947072279904
PIGN,-0.16349873228288,0.0487140513079885,0.125750779434566
PIGO,0.124328135002202,0.072333653930876,0.167302688468233
PIGQ,0.189033824390017,0.184676817315505,0.325721199770753
PIGR,0.389566811762726,0.00203011517555374,0.0118395210540999
PIGS,-0.028569152196771,0.814001609189133,0.883000337537747
PIGT,0.111031312388744,0.327848437979085,0.482933913229612
PIGU,0.0143552929770701,0.819522214895883,0.887115237256974
PIHD1,0.176322772640463,0.0671312229430885,0.158789972844198
PIMT,-0.111031312388744,0.0412304178555628,0.111413237165646
PIN1,0.0426443374084937,0.397453642433162,0.549925082849332
PIN4,0.0285691521967709,0.720009532881844,0.815488597665646
PININ,0.0565835283663675,0.140146187150575,0.266786811417848
PIPNA,-0.176322772640463,0.00287846821085669,0.0157609943826865
PIPNB,-0.0976107966264223,0.131571831290044,0.255193702985523
PIPSL,-0.36737106564853,0.00372400523332951,0.0192033040947594
PIR,0,0.979624916425765,0.989125865811808
PISD,0.070389327891398,0.251068079366446,0.40372124471699
PITH1,0.070389327891398,0.497497657564708,0.64167452768768
PITM1,0.20163386116965,0.0600767552146018,0.146558366742651
PJA1,-0.150559676575381,0.300759927498713,0.456678140003303
PJA2,0.37851162325373,0.26656411579472,0.420821710672648
PK1IP,-0.0840642647884746,0.757280099213426,0.844541846532489
PK3C3,-0.0143552929770701,0.787771107053841,0.86490675973491
PK3CA,-0.36737106564853,0.00141775606157484,0.00899702858185549
PK3CB,-0.0840642647884746,0.39822592372998,0.550598082630252
PK3CD,0.0143552929770701,0.938662955676846,0.964194588071256
PK3CG,0.238786859587116,0.0239582231798121,0.0748779518771896
PKCB1,-0.070389327891398,0.399381765350088,0.551537950979836
PKHA1,-0.0976107966264223,0.0325753355222235,0.0935023788611065
PKHA2,-0.0976107966264223,0.377488427894068,0.53198751358921
PKHA4,0.0565835283663675,0.480700472331049,0.62554299974815
PKHA5,0.0426443374084937,0.408136617956638,0.559632643000476
PKHA6,-0.298658315564515,2.27432336700733e-05,0.000340883019833161
PKHA7,-0.124328135002202,0.0438219705280664,0.116135005486145
PKHF1,-0.137503523749935,0.119612693706118,0.238112711191714
PKHF2,-0.189033824390017,6.29100213891669e-05,0.000769134309715655
PKHG1,0.20163386116965,0.0840263622321293,0.18538307705709
PKHG3,-0.028569152196771,0.702477458508789,0.803427307059339
PKHM1,-0.22650852980868,0.00778613197671568,0.0328501427977095
PKHM2,0.31034012061215,0.0586650814909945,0.144487144439457
PKHO2,0.0565835283663675,0.539669352437123,0.67790847728283
PKN1,0.22650852980868,0.00056671465511214,0.00443835371617499
PKN2,0.150559676575381,0.0782776615515743,0.175919225377284
PKP2,-0.0840642647884746,0.0952628208779909,0.202512354316789
PKP4,-0.31034012061215,5.51261353210641e-05,0.000683579794635177
PLAC9,-0.389566811762726,0.00589458066186361,0.0270681162267241
PLAK,-0.0976107966264223,0.0126160417832414,0.0471586540019853
PLAP,-0.0840642647884746,0.00494540660617937,0.0237972595215527
PLBL1,0.0143552929770701,0.919182495035747,0.954235029915739
PLBL2,0,0.944900843413908,0.966606838090658
PLCA,-0.176322772640463,0.00502239736841307,0.0240601010314186
PLCB,-0.150559676575381,0.120041754942681,0.238767575427798
PLCB1,-0.250961573533219,0.0105023817097756,0.040925821290901
PLCB2,0.111031312388744,0.2173448364066,0.363515744351303
PLCB3,-0.0840642647884746,0.345451408652981,0.50072580475307
PLCC,-0.263034405833794,0.00114490689105672,0.00770554914701567
PLCD1,0,0.991663473516755,0.995410475566525
PLCE,-0.214124805352847,0.00027238678320487,0.00255288050828506
PLCE1,0.070389327891398,0.70463847341618,0.80482354324659
PLCG1,-0.22650852980868,0.00493231772737527,0.0237491098573119
PLCG2,-0.250961573533219,0.00123005074967319,0.00809706733769601
PLCL1,-0.137503523749935,0.197365092979893,0.340461414311934
PLCL2,0.070389327891398,0.465295953163553,0.611817720288789
PLCX3,-0.526068811667588,2.7222937133349e-07,1.03824508750159e-05
PLD1,0.0143552929770701,0.773610867086298,0.85471075864518
PLD2,0.150559676575381,0.708248770113538,0.807032765116802
PLD3,0.22650852980868,0.121207703373015,0.240480079007393
PLEC,0.070389327891398,0.0801185375506298,0.178710548112049
PLEK,0.321928094887362,0.00114303939935094,0.00770554914701567
PLF4,0.641546029087524,0.123334652977365,0.243570921952735
PLGA,0.831877241191673,7.89717199534641e-07,2.44336598603007e-05
PLGB,0.150559676575381,0.151607125646858,0.282667302996949
PLIN1,0.0840642647884745,0.4963344002843,0.640666602700762
PLIN2,0.669026765509631,0.00663180359041942,0.0295326097460065
PLIN3,0.137503523749935,0.0236338609282428,0.0743467801515649
PLIN4,0.189033824390017,0.0533707075135491,0.134764972364596
PLM,-0.918386234446348,1.99047353582739e-07,8.28897736216984e-06
PLMN,0.20163386116965,0.00635593756569773,0.0286110184003026
PLOD1,0.298658315564515,2.36325772589787e-05,0.000348784243684237
PLOD2,0.37851162325373,0.00092912636812494,0.0065911505893504
PLOD3,0.37851162325373,1.26711159420799e-06,3.49886298271626e-05
PLP2,-0.16349873228288,0.364837286771644,0.519347091147218
PLPL4,-0.20163386116965,0.240269461645309,0.391174119297435
PLPL6,-0.0143552929770701,0.745375814217995,0.835619218966157
PLPL7,0.0565835283663675,0.370965444469477,0.525642410188128
PLPL8,0,0.992607573847403,0.995579839724045
PLPP,-0.124328135002202,0.0556464011116238,0.1388726511707
PLPP3,-0.485426827170242,0.00122847332266463,0.00809706733769601
PLPP6,-0.389566811762726,0.00665736447471302,0.0295951159337502
PLRG1,0.214124805352847,0.0739102265628628,0.169614539631099
PLRKT,0.124328135002202,0.170163936779757,0.307660870441504
PLS1,0.765534746362977,0.00040609878338336,0.00348783169139956
PLS4,-0.286881147788162,3.93505519864828e-05,0.000522683883627351
PLSI,-0.214124805352847,9.38854598067172e-07,2.79263931409633e-05
PLSL,-0.0840642647884746,0.391369425125351,0.544440240369394
PLST,-0.111031312388744,0.00531411371705288,0.0250703809407075
PLTP,0.111031312388744,0.388126396413287,0.541787598834565
PLVAP,-0.214124805352847,0.00798455481107346,0.0334673614061534
PLXA1,0,0.98406651614101,0.991531315766458
PLXA2,0.263034405833794,0.293713784587118,0.448962499297452
PLXB1,0.189033824390017,0.211803615920676,0.357444700340173
PLXB2,-0.150559676575381,2.83271829371542e-05,0.000402643205438812
PLXC1,0.53605290024021,2.24592459358271e-06,5.40706345905037e-05
PLXD1,0.0840642647884745,0.445402861167981,0.594800408407195
PM34,-0.516015147003665,2.12193013627577e-06,5.22279545363212e-05
PMF1,-0.0976107966264223,0.325821577568832,0.481313090857887
PMGE,0.464668267003444,0.00163972668423257,0.0100019432900457
PMGT1,0.0976107966264223,0.416390074368085,0.568143482146214
PML,-0.0143552929770701,0.763554940138663,0.848907166050903
PMM2,-0.214124805352847,0.00055653988530709,0.00437955390848399
PMVK,-0.124328135002202,0.0562058432677155,0.139906241206617
PNCB,-0.214124805352847,2.68684124392666e-06,6.10602505699439e-05
PNKD,0.0285691521967709,0.75782296153651,0.844779061738862
PNKP,-0.0426443374084937,0.327823458141553,0.482933913229612
PNO1,-0.070389327891398,0.248132529762888,0.400216327771603
PNPH,-0.22650852980868,6.81384545669814e-06,0.00012817922102013
PNPO,0.0840642647884745,0.319016106607922,0.47499651258907
PNPT1,0,0.891616977566662,0.93449640979785
PO210,0.20163386116965,6.02456757184873e-05,0.000739064786202589
PO2F1,-0.070389327891398,0.738786390684345,0.830528287440857
PODN,0.0976107966264223,0.139579373783914,0.266036490754892
PODXL,-0.214124805352847,0.0146931430898172,0.052429816750325
POF1B,0.0976107966264223,0.362347069381357,0.517044234583066
POGZ,0,0.965385277479046,0.979368998906844
POLK,0.0143552929770701,0.811638364279074,0.881926933484624
POMP,0.070389327891398,0.495140625908337,0.639490927409527
PON1,-0.321928094887362,0.00011696430516683,0.0012745304200923
PON2,0.070389327891398,0.319407187411793,0.475316394015927
PON3,-0.176322772640463,0.0427564847687002,0.114333897486313
POP1,0.150559676575381,0.050701455176612,0.129682606467669
PORED,0.0426443374084937,0.841548928074422,0.902965590791831
POSTN,0.0976107966264223,0.458187834944176,0.605675888882967
POTEE,-0.485426827170242,0.00011433077855364,0.00125605615104223
POTEF,-0.16349873228288,0.276794862611765,0.43079345890122
POTEI,-0.55581615506164,2.46927731459112e-05,0.000361036112269489
POTEJ,-0.333423733725192,0.00367671258718023,0.0190247346387814
PP12C,-0.028569152196771,0.690490305550121,0.796218726831033
PP13G,0.0840642647884745,0.275293390703024,0.429187895051712
PP14A,-0.55581615506164,6.20662300141546e-05,0.000760187974608978
PP14B,-0.432959407276106,9.19219489793641e-05,0.00105069242572258
PP16B,0.250961573533219,0.564299950260854,0.697363942382037
PP1A,-0.028569152196771,0.632150163371284,0.751672304153785
PP1B,-0.0565835283663676,0.340626744446234,0.495972110983517
PP1G,0.0426443374084937,0.641259807368888,0.758989945609143
PP1R7,-0.176322772640463,4.11699447943209e-05,0.000542176503752903
PP1R8,0.0976107966264223,0.0873842180051929,0.190225491808987
PP1RA,-0.0565835283663676,0.428919401447215,0.578632942616752
PP1RB,-0.422233000683048,0.00171900736134045,0.0103787090217608
PP2AA,-0.137503523749935,0.00460588060427308,0.0225579810396184
PP2AB,-0.16349873228288,0.0199169155281852,0.0656101432568457
PP2BA,-0.028569152196771,0.632793289553689,0.752204829921558
PP4C,-0.070389327891398,0.252551168882664,0.405175802805507
PP4R1,0.111031312388744,0.187931517164353,0.329350411336255
PP4R2,-0.0143552929770701,0.729862644138672,0.823602019956538
PP5D1,0.344828496997441,0.0813681541833492,0.180807689595766
PP6R1,0,0.983078226031291,0.990813195245645
PP6R2,-0.137503523749935,0.00031924852147356,0.00288334186334385
PP6R3,-0.16349873228288,0.0279057302061424,0.0834248139340788
PPA5,0.27500704749987,0.014921227870672,0.0529006624554335
PPA6,0.150559676575381,0.326645193454047,0.481806350827107
PPAC,-0.028569152196771,0.678730980561431,0.787385699773885
PPAL,0.111031312388744,0.195501746059547,0.337625073221867
PPBT,0.321928094887362,0.00081409819965321,0.00592239143543752
PPCE,-0.22650852980868,2.00520185222942e-10,3.86201876739386e-08
PPCEL,0.124328135002202,0.0611260290234636,0.148319662235201
PPCS,-0.0426443374084937,0.405027922995344,0.556904358157439
PPCT,-0.495695162624069,1.07018294212334e-11,4.1223446930591e-09
PPDPF,0.214124805352847,0.00450185866821172,0.0222750926010938
PPGB,0.367371065648529,0.00379407191078472,0.0194993529023919
PPHLN,0.0840642647884745,0.397955458169022,0.550421696541139
PPIA,0.298658315564515,0.00714667134882337,0.0309680438555057
PPIB,-0.070389327891398,0.142473464788903,0.270016131053803
PPIC,0.356143810225275,0.0277698470415432,0.08308306858565
PPID,0.0143552929770701,0.887803019436324,0.93221132094009
PPIE,-0.505890929729957,5.69920991853324e-06,0.000111156235980709
PPIF,0.400537929583729,0.0112366275542863,0.0430817986269929
PPIG,-0.028569152196771,0.660001368810071,0.773783031338373
PPIH,-0.0426443374084937,0.523494600373936,0.664495555401649
PPIL1,-0.0840642647884746,0.222952066991101,0.370017820788333
PPIL2,0.137503523749935,0.459407275658506,0.60676729841816
PPIL3,-0.250961573533219,0.00076487203717103,0.00563343611316024
PPIL4,-0.0840642647884746,0.022616162348234,0.0719384453884371
PPIP1,0.0565835283663675,0.905866434399901,0.944101056631066
PPIP2,0.422233000683048,0.00765800802611373,0.0326312465891483
PPM1A,-0.137503523749935,0.0011746649823658,0.00784195755991865
PPM1B,-0.0976107966264223,0.057840524139172,0.143111222512956
PPM1F,-0.0976107966264223,0.00591284563892442,0.0271146207156391
PPM1G,-0.0565835283663676,0.452814929906776,0.600841581123287
PPME1,-0.20163386116965,0.00018666614376601,0.00184842669868039
PPN,-0.238786859587116,3.33929234383386e-05,0.0004553683777459
PPOX,-0.028569152196771,0.65783648706526,0.77243900264453
PPP5,-0.189033824390017,5.14526575665133e-06,0.000101900070409362
PPP6,0.0426443374084937,0.460937645021967,0.607850670532221
PPR18,0.20163386116965,0.00124955511491295,0.00820679676495257
PPR1A,0.27500704749987,0.0561853305058852,0.139900383392805
PPR21,-0.0426443374084937,0.32640209628846,0.481593836212021
PPR3B,0.0840642647884745,0.31555416123311,0.471586665012586
PPR3D,0.0840642647884745,0.394380998041595,0.547246255207573
PPT1,0.263034405833794,0.00372055987300229,0.0191983879850031
PPTC7,0.0840642647884745,0.460670408793655,0.607850670532221
PPWD1,0.0143552929770701,0.831167676855007,0.895944561702949
PQBP1,0.0285691521967709,0.761938906040946,0.84786600708997
PQLC1,-0.422233000683048,8.55627787742579e-06,0.000154736067529785
PR38A,-0.0143552929770701,0.865767697784418,0.918209573751536
PR38B,-0.111031312388744,0.146436198603647,0.275762521154362
PR40A,0.0426443374084937,0.409317336018941,0.560900170168965
PRAF1,0.137503523749935,0.245197541682142,0.397319943423278
PRAF2,0.0426443374084937,0.618568901186838,0.74089782567528
PRAF3,0.238786859587116,0.0360992851642626,0.100654684366804
PRAM,0.622930350920177,3.84819164601845e-05,0.000512914678908757
PRC2A,0.111031312388744,0.0806883407405384,0.179659819961014
PRC2B,0.176322772640463,0.0159578522664642,0.0556538224811409
PRC2C,0.0565835283663675,0.202327340211168,0.34638440644152
PRCC,0.250961573533219,0.0352348428070846,0.0990451868694309
PRDBP,-0.0840642647884746,0.418401855501318,0.570103978560692
PRDC1,-0.0565835283663676,0.683108819950356,0.79042810887617
PRDX1,-0.214124805352847,0.00121722849814648,0.0080562958330932
PRDX2,-0.150559676575381,0.123151607203729,0.243341379088781
PRDX3,-0.214124805352847,0.0264135674740686,0.0801548375024037
PRDX4,-0.070389327891398,0.375985163680089,0.530413788864934
PRDX5,-0.333423733725192,2.50483537677274e-07,9.89602653469599e-06
PRDX6,-0.485426827170242,2.52537730595683e-07,9.92224574337198e-06
PREB,0.321928094887362,9.97538877358706e-06,0.000176667574969459
PRELP,0.0426443374084937,0.800437809950224,0.874071281056914
PREP,0.176322772640463,0.00869224012732321,0.0353191022895032
PREX1,0.0426443374084937,0.618342924477426,0.740742324704415
PREY,0.0143552929770701,0.904748253793972,0.943446202927553
PRG2,0.0565835283663675,0.789995490127975,0.866229042975508
PRG3,0.0143552929770701,0.906626906871312,0.944510302979931
PRG4,0,0.981820299947493,0.990174576619386
PRIO,-0.238786859587116,0.015029284919399,0.053092459127065
PRKDC,-0.176322772640463,1.93168493979439e-06,4.84745953621367e-05
PRKRA,-0.0976107966264223,0.00928222479054912,0.0372643354801409
PROC,-0.0840642647884746,0.395297243698765,0.547920863745978
PROD,-0.36737106564853,0.00815853870036741,0.0338783089340222
PROD2,-0.356143810225275,2.31120699954569e-05,0.000344401135870406
PROF1,-0.028569152196771,0.637750954001578,0.755882053788947
PROF2,-0.16349873228288,0.0306428720623536,0.0895232030217566
PROM1,-0.189033824390017,0.221286288735914,0.368046107172168
PROP,0.0565835283663675,0.414789385671639,0.566685126301526
PROS,0.150559676575381,0.0570393952380392,0.141432732833555
PROSC,-0.344828496997441,8.8633397999151e-12,3.59385104308136e-09
PROX1,0.0143552929770701,0.840375304687843,0.902011106426765
PRP16,0.0426443374084937,0.406431121375548,0.558036955814868
PRP17,0,0.93840146397176,0.964183099284935
PRP19,0,0.922107416529641,0.955882779195221
PRP31,0.124328135002202,0.00828035822736102,0.034204761278064
PRP39,-0.0426443374084937,0.626593070133966,0.746909022483688
PRP4,-0.137503523749935,0.0183904689379547,0.061493130511286
PRP4B,-0.028569152196771,0.6333407846607,0.752507311077426
PRP6,0.0143552929770701,0.61150395096269,0.735064196944385
PRP8,-0.0976107966264223,0.00409117487227949,0.0207494478051621
PRPF3,0.0976107966264223,0.105523894343107,0.218243243495113
PRPK,0.214124805352847,0.0135230834814828,0.0495631946438361
PRPS1,-0.028569152196771,0.624812910196437,0.745594588003927
PRPS2,-0.214124805352847,1.98673343462142e-05,0.000302486054947103
PRR13,0.0143552929770701,0.960297172326171,0.975106025517441
PRRC1,-0.250961573533219,0.00397228577178389,0.0202263645643246
PRS10,0.0976107966264223,0.233580708356199,0.383118113088388
PRS4,-0.0840642647884746,0.0222753705855484,0.0711695780939166
PRS6A,-0.176322772640463,1.48144862716662e-05,0.000239267929217854
PRS6B,-0.0426443374084937,0.50064715524098,0.6454125977203
PRS7,-0.0426443374084937,0.0639346317710142,0.153014104741812
PRS8,-0.176322772640463,4.05509549323638e-05,0.000537701474696955
PRSR2,0.0143552929770701,0.687216758517962,0.793879019932212
PRTN3,0.575312330687437,0.0631486173235016,0.151567775262926
PRUNE,-0.400537929583729,0.00838700576612406,0.0344789180481429
PSA,-0.0976107966264223,0.0379032650997552,0.104549500296639
PSA1,0,0.96011537401856,0.975049939551672
PSA2,0.0565835283663675,0.526908133682383,0.667318800244793
PSA3,-0.028569152196771,0.742025962199303,0.833197494940013
PSA4,-0.189033824390017,0.00024315558134298,0.0023241570703056
PSA5,-0.111031312388744,0.0466231586671284,0.121922883357623
PSA6,-0.250961573533219,2.0417478744426e-07,8.36682214080095e-06
PSA7,-0.137503523749935,0.00179382021293929,0.0107045630677647
PSA7L,-0.124328135002202,8.16176025262145e-05,0.000950916880073675
PSAL,-0.137503523749935,0.00569877596637925,0.0263367546760562
PSB1,-0.0976107966264223,0.189587413417561,0.331272722378973
PSB10,0.137503523749935,0.10421553715808,0.21635044415679
PSB2,-0.333423733725192,5.90448023093491e-09,5.16910405671847e-07
PSB3,-0.238786859587116,0.00019119092409398,0.00188354843890028
PSB4,-0.189033824390017,0.0001856316816313,0.00184292071557672
PSB5,-0.0840642647884746,0.0412535146528893,0.111436562722952
PSB6,-0.27500704749987,0.00013951581693722,0.00147035547699637
PSB7,-0.176322772640463,0.00783892067957106,0.0330366766495708
PSB8,-0.214124805352847,0.0237541046666776,0.0744817347790331
PSB9,0.0565835283663675,0.527588962585911,0.66771426648946
PSD10,-0.36737106564853,0.0012606199811599,0.00826537560413266
PSD11,-0.070389327891398,0.101269082117089,0.212293063572804
PSD12,0.0565835283663675,0.42901757116133,0.578632942616752
PSD13,-0.321928094887362,8.04063750844237e-11,1.91317129951414e-08
PSD4,0.20163386116965,0.0882222611343364,0.191539938746151
PSDE,-0.0426443374084937,0.356761297783237,0.511918241408467
PSIP1,-0.298658315564515,0.00138130626909634,0.00886060241225496
PSMD1,-0.150559676575381,1.93729309340612e-05,0.000296129087134936
PSMD2,-0.124328135002202,0.00817685306251156,0.0339044542484333
PSMD3,-0.0976107966264223,0.0030780207863911,0.0165594079178471
PSMD4,0.0143552929770701,0.844727017980033,0.904611752365607
PSMD5,-0.176322772640463,3.5337477198024e-05,0.000477613902339609
PSMD6,-0.176322772640463,0.00016424232985039,0.00166929143689631
PSMD7,-0.16349873228288,0.00045511781466223,0.00379872984199114
PSMD8,-0.137503523749935,0.101898600938166,0.213264553552739
PSMD9,-0.124328135002202,0.0494683941745962,0.127161998238602
PSME1,-0.27500704749987,1.73010678294414e-06,4.44881876204145e-05
PSME2,-0.137503523749935,0.0162123913560426,0.0563883805900461
PSME3,0.0976107966264223,0.0780526342854792,0.175686348307528
PSME4,0.070389327891398,0.593312888817548,0.721414535266791
PSMF1,-0.0565835283663676,0.459808511166939,0.607193138503616
PSMG1,-0.0976107966264223,0.293836107159326,0.449060378804889
PSMG2,-0.0840642647884746,0.106621629058217,0.219900785072897
PSMG3,0.0840642647884745,0.42304911142602,0.57410081987424
PSMG4,0.176322772640463,0.287129902969113,0.441614847768825
PSN1,0.367371065648529,0.00622355580205829,0.0281209817589778
PSPC1,0.0143552929770701,0.658538188920692,0.772909538001982
PTAR1,0.20163386116965,0.142940320164152,0.270634609620208
PTBP1,0.0426443374084937,0.235468752238409,0.385514865645021
PTBP2,-0.238786859587116,0.00170363623208439,0.0103263678457735
PTBP3,-0.070389327891398,0.261855116403219,0.415601940002142
PTCA,0.286881147788162,0.325243084278984,0.481137603660026
PTCD1,-0.0976107966264223,0.323804980751558,0.479729533021154
PTCD3,-0.124328135002202,0.0225304733439552,0.0718438603649962
PTEN,-0.250961573533219,0.00126862846885385,0.00831081098983849
PTER,0.0143552929770701,0.766044419089949,0.84982179713037
PTGIS,0.0285691521967709,0.638724837437612,0.756687090207499
PTGR1,-0.20163386116965,0.00816712687231246,0.0338823615639716
PTGR2,-0.321928094887362,0.00354308321784807,0.0184681414819361
PTGR3,-0.070389327891398,0.390353612636684,0.543616093953907
PTH,0.176322772640463,0.199310153509309,0.342893431057147
PTH2,0.176322772640463,0.0364082627142503,0.101223116546584
PTK7,0.20163386116965,0.0341340918331288,0.0968935311283804
PTMA,-0.37851162325373,0.00032434037573099,0.00291565723994346
PTMS,-0.176322772640463,0.0280820074092649,0.0837243750313378
PTN1,-0.0840642647884746,0.168780062004187,0.30551729268803
PTN11,-0.20163386116965,0.00013058335374113,0.00139530396285945
PTN12,0.53605290024021,0.00056312243982437,0.00442231934394184
PTN18,0.176322772640463,0.11467526066451,0.231150760899891
PTN2,-0.344828496997441,0.17565816356355,0.315080440534014
PTN23,0.0143552929770701,0.599358931190524,0.725901777376481
PTN3,0.0285691521967709,0.787891438190498,0.86490675973491
PTN6,-0.0426443374084937,0.495876268407094,0.640226373690004
PTN9,0.389566811762726,0.0651858552090134,0.155141127133222
PTOV1,0.0565835283663675,0.71634717619031,0.812886300403504
PTPA,-0.150559676575381,0.0102051455237781,0.0399494111357655
PTPM1,-0.321928094887362,7.74270348447374e-05,0.000909295543359538
PTPRA,0,0.937927809295365,0.964183099284935
PTPRC,0.0285691521967709,0.722777372810397,0.817631648001338
PTPRD,-0.070389327891398,0.272171999265426,0.426094916143231
PTPRE,0.27500704749987,0.00027301186895067,0.00255562993729765
PTPRF,-0.0840642647884746,0.0887785094413454,0.19212068447644
PTPRG,-0.0565835283663676,0.482529945298608,0.627093572635033
PTPRJ,-0.070389327891398,0.445637066111933,0.594800408407195
PTPRK,-0.028569152196771,0.734438718225139,0.827451869728937
PTPRM,-0.189033824390017,0.005037337113375,0.0240742215393555
PTPRS,-0.454175893185802,8.818345631589e-05,0.0010200680892757
PTPS,-0.0143552929770701,0.898304607135867,0.939652232637436
PTRD1,-0.250961573533219,0.0238099463980576,0.0745995113886743
PTRF,0.124328135002202,0.350806957267136,0.506297639337957
PTSS1,-0.16349873228288,0.0104861043005188,0.0408830706129539
PTSS2,-0.176322772640463,0.235440841951785,0.385514865645021
PTTG,0.422233000683048,2.44886849225646e-06,5.78714198292754e-05
PTX3,0.367371065648529,0.00775767518472237,0.0327594640537047
PUF60,-0.0426443374084937,0.303653916549625,0.458785991978488
PUM1,0.111031312388744,0.307257598463453,0.46252941595953
PUM2,-0.0976107966264223,0.388686874791133,0.542330117219936
PUM3,0.124328135002202,0.0820835658441616,0.182134732506746
PUR1,0.0143552929770701,0.596577741565564,0.723629034686014
PUR2,-0.16349873228288,6.96197225013438e-05,0.00082898043609019
PUR4,-0.214124805352847,0.00271363736484804,0.0150727197251545
PUR6,-0.0976107966264223,0.0225711484663871,0.0718843025155214
PUR8,-0.150559676575381,4.90325638842462e-06,9.86284261525412e-05
PUR9,-0.214124805352847,0.00027578937698367,0.00256914312005102
PURA,-0.214124805352847,0.00023116363191718,0.00222889189022522
PURA1,-0.31034012061215,0.00073976140074019,0.00548519906766355
PURA2,0.0426443374084937,0.433062994139502,0.583068386377267
PURB,0.0976107966264223,0.0988146892209088,0.208395391666543
PUS10,0.150559676575381,0.0918678554478412,0.196651836168427
PUS7,0.0143552929770701,0.793482796500309,0.868871760783096
PVR,0.111031312388744,0.176005162815324,0.315555916762685
PWP1,0.250961573533219,0.00010262129898164,0.00115079255801245
PWP2,-0.0840642647884746,0.326836564393655,0.481996342283445
PX11A,-0.20163386116965,0.321684107279763,0.477534575243334
PX11B,-0.028569152196771,0.72403432569991,0.818602941765792
PX11C,-0.37851162325373,1.52378288830118e-05,0.00024507773218105
PXDC1,0.475084882948783,7.64231859469306e-08,3.97813665226455e-06
PXDC2,0.0285691521967709,0.68304854327193,0.79042810887617
PXDN,0.344828496997441,0.00174400747586862,0.0104851249112868
PXK,0.111031312388744,0.0522938491156964,0.132785699929903
PXMP2,-0.575312330687437,1.09558910839559e-06,3.1494098847312e-05
PYC,-0.20163386116965,0.0190560160093598,0.0632840439502275
PYGB,-0.150559676575381,0.0198650276998624,0.0655589356063505
PYGL,-0.422233000683048,1.075643889526e-08,7.99891292178511e-07
PYGM,-0.263034405833794,0.0022399816184594,0.0129264557218062
PYM1,0.111031312388744,0.00455391815893941,0.0224318321588678
PYR1,-0.028569152196771,0.537496837571406,0.676144018748196
PYRD,-0.0143552929770701,0.79764918774195,0.872138708822592
PYRD2,0,0.963757845719275,0.978104392493913
PYRG1,0.0143552929770701,0.739421192141288,0.8309993966822
PYRG2,0,0.959969935026894,0.975030768549399
PZP,-0.454175893185802,0.0317285692304637,0.0917555920989085
QCR1,-0.111031312388744,0.0055018792225998,0.0256421521663091
QCR10,0.0285691521967709,0.847859204295942,0.906328196183702
QCR2,-0.0565835283663676,0.201483772027738,0.345247104026177
QCR6,0.0426443374084937,0.429692329863233,0.579238794272327
QCR6L,-0.124328135002202,0.492702121008548,0.637517154895844
QCR7,-0.0565835283663676,0.423634774784919,0.574608649654099
QCR8,0,0.956223975246924,0.973451294902553
QCR9,-0.263034405833794,0.181489288652855,0.32216439626304
QKI,0.137503523749935,0.00729316400314631,0.0314242368457714
QOR,-0.238786859587116,0.00440475304431963,0.0218930435183474
QORL1,0.124328135002202,0.181140053609133,0.321692709314145
QORX,-0.028569152196771,0.694606730673715,0.798446098032555
QPCTL,0.0285691521967709,0.818731254457288,0.886804615303139
QRIC1,0.250961573533219,0.229809719065269,0.37854400050898
QSOX1,0.263034405833794,0.0144653521438736,0.0518089599797314
QSOX2,0.20163386116965,0.0319203731427371,0.0921028294725268
QTRT2,0.16349873228288,0.0147789264105336,0.052614070733249
R113A,-0.214124805352847,0.0063221745248762,0.0284997264714138
R13P3,0.111031312388744,0.105809953831715,0.218717436093247
R39L5,0.495695162624069,0.00498017589756072,0.0239496099343369
R3GEF,-0.137503523749935,0.20568510230745,0.350729975249357
R3HCL,0.214124805352847,0.0820729198035526,0.182134732506746
RA1L2,-0.189033824390017,0.0159787104505648,0.0557013508195254
RAB10,-0.0976107966264223,0.207292174034998,0.352378399992415
RAB12,-0.20163386116965,0.0067423383230226,0.0298180105858588
RAB13,0.20163386116965,0.00411241179821199,0.0208160450022504
RAB14,-0.189033824390017,0.00012450751820767,0.00133967307300543
RAB15,-0.713695814843359,0.00142863629491862,0.00905116284214889
RAB17,-0.0143552929770701,0.813122496486166,0.882543774715332
RAB18,0,0.943627211963195,0.966444769435581
RAB19,0.16349873228288,0.392774855075902,0.545804019391188
RAB1A,0.070389327891398,0.141229308085409,0.2681199086964
RAB1B,-0.214124805352847,3.19123830381744e-05,0.000441387789813457
RAB20,-0.028569152196771,0.8459466145864,0.905184181913469
RAB21,-0.20163386116965,0.00097262393927582,0.00679886529059398
RAB23,-0.028569152196771,0.640541875044345,0.758373229651396
RAB24,0.150559676575381,0.163597179704659,0.299087012919956
RAB25,0.176322772640463,0.20201558511917,0.346004461484679
RAB2A,-0.0143552929770701,0.64831255463375,0.764869819433141
RAB2B,0.0285691521967709,0.761617170760247,0.847741346600679
RAB30,-0.0565835283663676,0.697067098404321,0.799732677007727
RAB31,0.137503523749935,0.0722516413365326,0.167251710611473
RAB32,-0.124328135002202,0.165902934491435,0.301798396061869
RAB34,0.37851162325373,0.584760872574316,0.71414234363325
RAB35,-0.124328135002202,0.0729223332754613,0.168050749492717
RAB37,-0.0143552929770701,0.956266796446329,0.973451294902553
RAB3A,0.176322772640463,0.257041314756366,0.41049881610345
RAB3B,0.495695162624069,0.01356582381167,0.0496232099899225
RAB3D,0.150559676575381,0.302672754023736,0.458333148023155
RAB43,0.0143552929770701,0.904520291449594,0.943336175081585
RAB4A,0.070389327891398,0.556976205299347,0.69184032178094
RAB4B,-0.0840642647884746,0.371144080717378,0.52579882270075
RAB5A,-0.111031312388744,0.00803942159577341,0.0335694872486929
RAB5B,0.0143552929770701,0.71224358808264,0.810266480004232
RAB5C,0.189033824390017,0.00616764079705578,0.0279174528205157
RAB6A,0.0285691521967709,0.589325044169238,0.717925385875998
RAB6C,-0.238786859587116,0.0018031062620991,0.0107350314089733
RAB7A,-0.124328135002202,0.00477293838350797,0.0231553635431646
RAB7L,-0.028569152196771,0.517069392352709,0.659520297795575
RAB8A,-0.070389327891398,0.150177342589122,0.280885226342946
RAB8B,0.27500704749987,0.0276642414879739,0.0828861875193164
RAB9A,0.0976107966264223,0.0787712292584178,0.176667700205779
RABE1,-0.150559676575381,0.031052167156939,0.090308001425843
RABE2,-0.238786859587116,0.012852557116323,0.0477876930618496
RABEK,-0.137503523749935,0.0642414391923348,0.153605228906812
RABL3,0.20163386116965,0.00930010124815049,0.0372931914274567
RABL6,0.20163386116965,0.0499210929574865,0.127963985529199
RABX5,-0.176322772640463,0.0249008286836577,0.0769807320140044
RAC1,0.0426443374084937,0.458730930158923,0.606289772850291
RAC2,0.16349873228288,0.130678826343723,0.254165533489533
RACK1,-0.286881147788162,7.80699511296006e-11,1.91317129951414e-08
RAD,0.422233000683048,4.75362963668344e-05,0.000609350461248074
RAD1,0.0426443374084937,0.695851751487079,0.799171421206985
RAD21,0.176322772640463,0.0484108785328456,0.125191138430926
RAD50,-0.0143552929770701,0.864226485109917,0.917108150502177
RAD9A,0.286881147788162,0.00864356937694129,0.0351769986687563
RADI,0.137503523749935,0.0398408996636998,0.108649306551909
RAE1,-0.298658315564515,2.43501118232212e-05,0.000358002407416214
RAE1L,0.0426443374084937,0.561878136025291,0.695822080041608
RAF1,-0.16349873228288,0.0260496266630821,0.0793911075007547
RAGP1,0,0.990075026910827,0.994269347123928
RAI14,0.0976107966264223,0.0272452780775031,0.082151711275571
RAIN,0.150559676575381,0.00772802788061922,0.0327257790093123
RALA,0.263034405833794,0.00709476435930648,0.030841154258092
RALB,0.150559676575381,0.00287650512272363,0.0157609943826865
RALY,0.356143810225275,0.00010493613898589,0.00116993923986584
RALYL,-0.286881147788162,0.00541717880213562,0.0254320204092948
RAM,0.0840642647884745,0.600058252463864,0.726314024622236
RAMP2,-0.0426443374084937,0.843540178836477,0.904118597207731
RAMP3,0.22650852980868,0.0154236346991048,0.0541584693354163
RAN,-0.0840642647884746,0.0731496624808868,0.168423490661313
RANB3,0.0143552929770701,0.802399231735524,0.875344616438753
RANB9,-0.111031312388744,0.12158438243342,0.241044626702779
RANG,-0.263034405833794,6.9110177792248e-09,5.85082208474152e-07
RAP1A,0.0565835283663675,0.423564502923863,0.574608649654099
RAP1B,0.0143552929770701,0.894350223417819,0.936405833271389
RAP2A,-0.028569152196771,0.737147952378215,0.829366817396388
RAP2B,0.333423733725192,0.00334945259631567,0.0176940303852428
RAP2C,0.0840642647884745,0.614211342474975,0.737212598201458
RAPH1,0.176322772640463,0.0335573552111367,0.0957399143314726
RARA,0.16349873228288,0.0284494302271033,0.0846233245056385
RARR2,-0.31034012061215,0.00541401262541409,0.0254320204092948
RASA1,-0.0143552929770701,0.849717411961078,0.907810697787844
RASA2,-0.0840642647884746,0.270101910603039,0.424409911545519
RASA3,-0.356143810225275,0.00010237732702824,0.00115079255801245
RASF2,-0.028569152196771,0.819022157994722,0.886823149007918
RASF4,0.0565835283663675,0.5809157038313,0.711506292896079
RASF5,-0.31034012061215,0.00232196177648257,0.0132754173523676
RASH,-0.111031312388744,0.032198957074549,0.0927676758797029
RASK,0.263034405833794,6.69291125996852e-05,0.000801900285331221
RASL3,0.0976107966264223,0.138096990531923,0.264060366110185
RASN,0,0.969399161343361,0.982406095631315
RAVR1,0.070389327891398,0.369283204326604,0.523643991557548
RB11A,-0.189033824390017,1.71753469363686e-06,4.44023063079811e-05
RB11B,-0.659924558402378,5.1378593991049e-06,0.000101900070409362
RB12B,0.111031312388744,0.250121485019262,0.402619289717592
RB15B,0.0976107966264223,0.587072030272644,0.71625719426376
RB22A,0.20163386116965,0.00559714277711345,0.0260231671423549
RB27A,0.150559676575381,0.256160263970876,0.409601219101625
RB27B,0.20163386116965,0.306241484980905,0.461428593837843
RB33A,-0.0840642647884746,0.28610351720193,0.440299939377481
RB33B,0.0565835283663675,0.610508574501865,0.734670112146574
RB3GP,-0.150559676575381,0.0221523565064954,0.0710202890245695
RB6I2,0.137503523749935,0.0396307243078013,0.108333871162061
RBAK,0.298658315564515,0.0294604108753622,0.0868259393205013
RBBP4,0.400537929583729,0.109105464636297,0.223075504128989
RBBP5,-0.0840642647884746,0.380450984491735,0.534657859271129
RBBP6,0.400537929583729,0.198461549152607,0.341817074596844
RBBP7,-0.111031312388744,0.0752133111764567,0.171534443251457
RBBP9,-0.189033824390017,0.00163363414887834,0.00997267629394511
RBCC1,0.150559676575381,0.123370728721845,0.243579726825498
RBFA,-0.0143552929770701,0.904136430638402,0.943191206721496
RBGP1,-0.0565835283663676,0.40048036725866,0.552242395872923
RBGPR,-0.0976107966264223,0.0020056603406349,0.0117324276873586
RBL2A,0.0143552929770701,0.894533081166535,0.936470017299495
RBM10,-0.137503523749935,0.0252445132623901,0.0777313070237623
RBM12,-0.0976107966264223,0.0490771505475277,0.126536267676758
RBM14,-0.028569152196771,0.484653722868925,0.629216764574014
RBM15,0.0143552929770701,0.802093814783695,0.875259312902774
RBM19,0.0143552929770701,0.876044131928617,0.924650817291859
RBM22,0.150559676575381,0.00090308114304314,0.00644893324350963
RBM23,0.0143552929770701,0.925549633077187,0.957237404495657
RBM25,0.0426443374084937,0.405457386467995,0.557196522538251
RBM26,-0.20163386116965,0.00523235365079294,0.024790930212613
RBM27,-0.0976107966264223,0.137030227487916,0.262737897602515
RBM28,0.111031312388744,0.30421205816718,0.459316387067809
RBM3,0.214124805352847,0.0647478744205333,0.154432701094671
RBM34,0.27500704749987,0.048264139527118,0.124899876021806
RBM39,0.0426443374084937,0.369713897168624,0.524158237723055
RBM4,0.0565835283663675,0.573869925823612,0.70500620452003
RBM40,0.31034012061215,0.0331237082908948,0.0947234776069241
RBM42,-0.0143552929770701,0.867259792929615,0.91953887210704
RBM45,0.111031312388744,0.549991108164678,0.686211618758285
RBM46,-0.704871964456353,8.59041873031734e-10,1.16106291049763e-07
RBM47,0.0285691521967709,0.693154274940907,0.797857542827543
RBM4B,-0.0976107966264223,0.220285218995606,0.366935638301005
RBM5,0.0565835283663675,0.275985525435539,0.429707455124372
RBM6,-0.0976107966264223,0.0840317868944547,0.18538307705709
RBM7,0.0976107966264223,0.273908756530104,0.427832365660746
RBM8A,-0.176322772640463,0.00054275962025125,0.00431519103654864
RBMS1,0.0285691521967709,0.756690747688515,0.844184045510535
RBMS3,-0.070389327891398,0.615248876959746,0.737931250282574
RBMX,0.124328135002202,0.0625996281541506,0.150802856566472
RBNS5,0.0976107966264223,0.284063523416659,0.437939478187957
RBP1,-0.0840642647884746,0.212471628367953,0.3583755105239
RBP10,-0.0840642647884746,0.461673852338559,0.608509043356075
RBP2,-0.0840642647884746,0.0149473203973176,0.0529444396969815
RBP56,0.124328135002202,0.0527934840495657,0.133701841261622
RBPMS,-0.124328135002202,0.322427956966754,0.478205802691673
RBSK,-0.137503523749935,0.0580930048355549,0.143491025730399
RBX1,-0.111031312388744,0.216779628224238,0.363216671561446
RBX2,-0.344828496997441,0.0037171315275223,0.0191935531421125
RC3H1,-0.27500704749987,0.00597812254045777,0.0273326148674698
RCC1,0.0143552929770701,0.657752916868852,0.77243900264453
RCC1L,0.0565835283663675,0.365254676564325,0.519557243030199
RCC2,0.0426443374084937,0.382434939428425,0.536780874852253
RCCD1,-0.0840642647884746,0.534058358456157,0.673275338495538
RCD1,-0.028569152196771,0.72103203736925,0.816526652343481
RCL1,0.189033824390017,0.0386529136519457,0.106161157495397
RCN1,-0.0143552929770701,0.786585413686106,0.864211926274638
RCN2,0.176322772640463,0.0318499890191688,0.0920381223880373
RCN3,0.594548549550354,0.0250838013521995,0.0774221176351542
RCOR1,-0.111031312388744,0.0884288639533505,0.191767423524758
RCOR3,-0.0426443374084937,0.842871874148057,0.903766044633754
RD23A,-0.584962500721156,1.7663303357533e-08,1.19366744795118e-06
RD23B,-0.263034405833794,0.00244183300708449,0.0138505988814257
RDH1,-0.111031312388744,0.551683803646702,0.687730100856665
RDH10,-0.250961573533219,0.00044806059285639,0.00376019477926539
RDH11,-0.27500704749987,4.4425782879508e-06,9.1757702762394e-05
RDH13,0.286881147788162,0.0360795860405879,0.100636180614297
RDH14,-0.137503523749935,0.0536937100512192,0.135314472435261
RDH16,-0.389566811762726,0.00561000170963356,0.0260672214541719
RECK,0.0285691521967709,0.734775440596849,0.827710190723516
RECQ1,0.0143552929770701,0.876065809321238,0.924650817291859
RED,0.0840642647884745,0.0494643638431962,0.127161998238602
RED1,0.356143810225275,0.102252127187988,0.21383018128563
REEP3,-0.238786859587116,0.00256098663326771,0.0143767590487921
REEP5,0.124328135002202,0.0897370586318834,0.19318944552219
REEP6,-0.189033824390017,0.117074248542322,0.234809141839018
REL,0.0285691521967709,0.812496481028169,0.882277378920459
RELN,0.0285691521967709,0.866260793526149,0.918606077539636
REN3A,0.0976107966264223,0.448376736879282,0.596905889220319
RENBP,-0.36737106564853,1.77502890727345e-06,4.53059508568692e-05
RENR,0.16349873228288,0.0704519469734965,0.164622929779744
RENT1,-0.028569152196771,0.28894925810916,0.443792636374285
RENT2,0.0426443374084937,0.41131722949048,0.563189521965186
REPS1,-0.0426443374084937,0.522542272368396,0.663972565780327
REPS2,-0.070389327891398,0.449516480620607,0.598319793832266
REQU,-0.111031312388744,0.203068844718465,0.347499417972247
RER1,-0.0565835283663676,0.707008672663382,0.806715961739416
RET1,-0.722466024471091,8.14414562369007e-09,6.67473381754344e-07
RET4,0.678071905112638,0.0195552953858827,0.0646861295203265
RET5,-0.321928094887362,0.00014628063907465,0.00151053704607845
RET7,-0.464668267003444,0.0155247009240228,0.0543894024186774
RETN,0.807354922057604,0.0632393040500976,0.15164793374006
RETST,-0.286881147788162,0.00011516619259634,0.00125849694718043
REXO4,-0.22650852980868,0.0172081990733927,0.0588946982058718
RFA1,-0.20163386116965,2.7122819557097e-05,0.000389113969958799
RFA2,-0.400537929583729,1.68738897761925e-08,1.16068256103381e-06
RFA3,0,0.993131073915359,0.995975239969269
RFC1,-0.189033824390017,0.110002925905809,0.224196439465173
RFC2,-0.0976107966264223,0.401986830386023,0.553612181139421
RFC3,-0.028569152196771,0.775200237638934,0.855607826757929
RFC4,0.150559676575381,0.0776882738223467,0.175156705158724
RFC5,-0.321928094887362,0.00636412770448729,0.028621856296188
RFFL,-0.124328135002202,0.111052306429152,0.225737986472345
RFIP1,0.565597175854225,1.03092020041862e-06,2.9857929413628e-05
RFIP5,0.0976107966264223,0.472695858273399,0.618171599412369
RFTN1,0.124328135002202,0.0221649795572273,0.0710238222284403
RFX1,0.0143552929770701,0.899255866067358,0.940206233252329
RFXK,0.124328135002202,0.37158310442736,0.526130534186433
RGCC,0.137503523749935,0.160754179133694,0.295361363235387
RGL2,0.0426443374084937,0.566951218094473,0.699379865629873
RGN,-0.454175893185802,5.20949876627858e-08,2.9294874814168e-06
RGPA1,-0.250961573533219,0.0792363271219833,0.17724641816137
RGPA2,0.22650852980868,0.144437506995249,0.272865756226434
RGPS2,-0.0976107966264223,0.424187149614094,0.574849838366778
RGS10,0.16349873228288,0.0441637529994052,0.116920121342755
RGS12,0.20163386116965,0.600933688745549,0.726666636021929
RGS14,0.137503523749935,0.261670768964755,0.415394931816294
RGS19,0.485426827170242,1.13804383433979e-06,3.23523605156965e-05
RHBD2,-0.250961573533219,0.0228455492799927,0.0725482735585588
RHBL4,-0.124328135002202,0.529351747674636,0.669093661047645
RHCE,0.356143810225275,0.596335609603544,0.723491265572552
RHDF1,0.27500704749987,0.210760729952883,0.356444096899516
RHDF2,0.0976107966264223,0.267268300405938,0.421590328070043
RHEB,-0.0143552929770701,0.861541910479521,0.914987438424901
RHG01,0.0976107966264223,0.0592714868687962,0.145376483552119
RHG04,0.0840642647884745,0.184939883828652,0.325759482580344
RHG05,0.137503523749935,0.0361875812740109,0.100755014866274
RHG06,0.111031312388744,0.261442032402103,0.415192760664947
RHG09,0.0565835283663675,0.602173407236097,0.727480622447372
RHG10,0.0426443374084937,0.579273457406197,0.710285328005307
RHG12,0.0976107966264223,0.0790371133450602,0.177008367328201
RHG17,-0.070389327891398,0.172842926092353,0.31140830276321
RHG18,0.27500704749987,0.0236709905128687,0.0743619409038642
RHG21,-0.111031312388744,0.390646268388999,0.543827042224223
RHG25,-0.0840642647884746,0.188583531254947,0.330117592544447
RHG26,-0.454175893185802,0.0891720167244923,0.192701603603223
RHG27,0.124328135002202,0.0780113505541765,0.175686348307528
RHG29,0.286881147788162,0.143829162993131,0.272011592604269
RHG30,0.389566811762726,0.173274516626892,0.311946314551646
RHG35,-0.124328135002202,0.0226876342061077,0.0721360024448426
RHOA,-0.298658315564515,9.84478180063352e-07,2.88380984760763e-05
RHOB,-0.111031312388744,0.0854998522983773,0.187577946193374
RHOC,-0.070389327891398,0.521950677336347,0.663550889531184
RHOG,0.238786859587116,0.0169098957095603,0.0580542943611642
RHOJ,0.150559676575381,0.139485872949948,0.26592406958832
RHOQ,0.070389327891398,0.599905384502544,0.726314024622236
RHPN2,0.137503523749935,0.125556207381524,0.246945371883396
RIC1,-0.0976107966264223,0.314983575012203,0.471008047727875
RIC8A,-0.070389327891398,0.193506941337999,0.335533980659002
RICTR,0.0426443374084937,0.536439401548371,0.675244537456042
RIF1,0.0426443374084937,0.687224712347861,0.793879019932212
RIFK,-0.028569152196771,0.746608805915325,0.836757963452381
RILP,0.0285691521967709,0.574033772318233,0.705095054518442
RIN1,-0.124328135002202,0.428376842590205,0.5782749597538
RIN2,0.495695162624069,0.0182969595328265,0.0612656867084709
RIN3,0.0840642647884745,0.473664713103789,0.618913322549456
RING1,0.137503523749935,0.181255018738626,0.321822692869872
RING2,0.31034012061215,0.0001328602615723,0.00141331943937775
RINI,-0.27500704749987,0.00151798398544113,0.00945396008394379
RINT1,-0.028569152196771,0.767784159718016,0.850468607687648
RIOK3,0.0426443374084937,0.700222804196191,0.80156262756723
RIPK1,-0.0143552929770701,0.646145905598436,0.76313169657065
RIPK2,0.16349873228288,0.0238593272009315,0.0746597306076264
RIPK3,-0.0426443374084937,0.708236377128067,0.807032765116802
RIPL1,-0.124328135002202,0.159085967468196,0.292846877391166
RIR1,0.0976107966264223,0.213700036999763,0.359621032120178
RIR2B,-0.31034012061215,0.00045791550511227,0.0038179448608062
RISC,0.0143552929770701,0.944858518897287,0.966606838090658
RIT1,0.0840642647884745,0.216041279109513,0.362501944112572
RIT2,1.10433665981474,0.366233950890538,0.520373728819754
RL10,0.20163386116965,0.093363792743979,0.198969476984679
RL10A,-0.0143552929770701,0.880557041842572,0.927637282969394
RL10L,0.286881147788162,0.0677585494773562,0.15978324615046
RL11,0,0.904395110802341,0.943333324346227
RL12,0.137503523749935,0.072337130748661,0.167302688468233
RL13,0.250961573533219,1.46384204960689e-05,0.000237920657176614
RL13A,0.411426245726465,1.93000136192433e-05,0.000295601003822367
RL14,-0.0426443374084937,0.726769143485669,0.820972064723401
RL15,0.176322772640463,0.00011582391000882,0.00126389150525205
RL17,0.20163386116965,0.00165659219998986,0.0100808738615497
RL18,0.137503523749935,0.117448701026896,0.235325043617999
RL18A,0.176322772640463,0.0952946730913365,0.20252418248156
RL19,0.650764559116902,2.68348815058547e-06,6.10602505699439e-05
RL1D1,0.238786859587116,0.00043166588620084,0.00365044345476539
RL21,0.321928094887362,4.27291784307222e-05,0.000560473644323182
RL22,0.27500704749987,0.012106841094669,0.0458023151303554
RL22L,1,0.0264237092940014,0.0801548375024037
RL23,-0.0426443374084937,0.292009418746992,0.447207961198831
RL23A,0,0.992003142907187,0.995475454431578
RL24,0.238786859587116,0.00110753105480595,0.0075260386372938
RL26,0.214124805352847,0.0712351202904135,0.165743821480452
RL26L,0.20163386116965,0.00013406866803151,0.00141877062982796
RL27,0.22650852980868,0.00099526003483347,0.00693573976518199
RL27A,0.0840642647884745,0.0906810210046951,0.194652155424957
RL28,0.286881147788162,0.00395916036681531,0.0201862153977135
RL29,0.263034405833794,0.00385744098180175,0.0197459968928908
RL3,0.20163386116965,0.0410746201069383,0.111148181701388
RL30,0.263034405833794,0.00089189002319635,0.00639174022205087
RL31,0.124328135002202,0.0555424005085935,0.138747942126525
RL32,0.137503523749935,0.0277390437329634,0.0830231518720863
RL34,0.389566811762726,0.0245736356320809,0.0761525699555717
RL35,0.505890929729957,5.87454301514094e-05,0.000722962929531083
RL35A,0.565597175854225,3.24417843343718e-08,1.952589894625e-06
RL36,0.432959407276106,0.00032055021462976,0.00289170825937666
RL36A,0.443606651475615,8.35674607157655e-07,2.56495504922015e-05
RL36L,0.443606651475615,0.00961388970162743,0.0382569247217654
RL37,0.704871964456353,0.00024487242175552,0.0023320225670653
RL37A,0.124328135002202,0.0478272263414011,0.124204888111979
RL38,0.070389327891398,0.458014317918805,0.605675888882967
RL3L,0.176322772640463,0.131378039680742,0.2549462009321
RL4,0.137503523749935,0.00765367889137271,0.0326308479131906
RL40,0.632268215499513,0.00051570635548513,0.00415151699337246
RL5,0.22650852980868,0.0551728136907987,0.138048508176003
RL6,0.0565835283663675,0.243336613015169,0.394915792430769
RL7,-0.214124805352847,1.19494740809321e-05,0.000203220194965786
RL7A,0.111031312388744,0.00934769714157221,0.0374491205297308
RL7L,0.22650852980868,0.00455309497035037,0.0224318321588678
RL8,0.443606651475615,2.87967195533908e-09,2.80822692961168e-07
RL9,0.20163386116965,0.0435717184672994,0.115873445132162
RLA0,-0.214124805352847,0.00047927423856789,0.00391940231993191
RLA0L,-0.22650852980868,7.27853959169577e-07,2.35604491657245e-05
RLA1,-0.389566811762726,9.14471471385127e-08,4.5452182035813e-06
RLA2,-0.37851162325373,2.84933837989048e-07,1.07079526237445e-05
RLGPB,-0.0426443374084937,0.226619583845347,0.374410738568422
RM01,0.111031312388744,0.0914944795256518,0.195961487424415
RM02,-0.176322772640463,0.0169496299946134,0.058126953917507
RM03,-0.028569152196771,0.747926996744242,0.837868987196292
RM04,-0.298658315564515,0.00114956913187184,0.00771453013235249
RM09,-0.124328135002202,0.186522796151517,0.327635502243067
RM10,-0.20163386116965,0.0047825551979357,0.0231728334873564
RM11,-0.16349873228288,0.00589567744398274,0.0270681162267241
RM12,0.137503523749935,0.138913676520507,0.265095606617287
RM13,0.0143552929770701,0.83594241373215,0.899131768663039
RM14,0.22650852980868,0.00491338980157908,0.0236727673742122
RM15,0.070389327891398,0.393920562092307,0.546902867247997
RM16,0.0426443374084937,0.522535226907877,0.663972565780327
RM17,0.20163386116965,0.0209286978616654,0.068088973110756
RM18,-0.0840642647884746,0.0446974860766107,0.117968288021312
RM19,0.0143552929770701,0.933843159886522,0.961937117765178
RM20,0.124328135002202,0.0434190635700747,0.115624080796355
RM21,-0.16349873228288,0.132512079111273,0.256371132073971
RM22,0.333423733725192,0.00701089965507585,0.0306807219123573
RM23,0.400537929583729,8.1077301068536e-06,0.00014766419088227
RM24,0.22650852980868,0.0712758671553398,0.165743821480452
RM27,0,0.967119561444268,0.980509712355334
RM28,0.22650852980868,0.009401765235102,0.0376461535193481
RM30,0.0143552929770701,0.854963749414733,0.910576047837396
RM32,0.111031312388744,0.27431095911216,0.428138498581864
RM33,0.505890929729957,4.59023531764407e-05,0.0005903701650606
RM37,-0.0840642647884746,0.1492823203362,0.279756909102144
RM38,0.0840642647884745,0.525549746094456,0.666161605863412
RM39,-0.0143552929770701,0.79958294045214,0.873757017481317
RM40,0.0976107966264223,0.540362780493004,0.678282175066867
RM41,0.189033824390017,0.0238901024776724,0.0747256798570801
RM43,-0.0143552929770701,0.737015375575939,0.829366817396388
RM44,-0.028569152196771,0.798141937223329,0.872429836034127
RM45,-0.0840642647884746,0.129290844182935,0.252083569927763
RM46,-0.150559676575381,0.00985094567892739,0.0390188614449648
RM47,0.238786859587116,0.0169643099710666,0.0581374750965734
RM48,-0.0840642647884746,0.402839322100832,0.554687066571012
RM49,-0.356143810225275,1.39184093563652e-06,3.80239098161126e-05
RM50,-0.0976107966264223,0.073894449803783,0.169614539631099
RM51,0.0840642647884745,0.707411735383456,0.807030842022541
RM52,0.150559676575381,0.362622687554216,0.517341700910682
RM53,0.0426443374084937,0.707548680888772,0.807030842022541
RM54,-0.150559676575381,0.0200171647527447,0.0659026654936518
RM55,0.604071323668861,0.00912734069133932,0.0368391062253196
RMD1,-0.20163386116965,0.0273184470842629,0.0822802044522626
RMD2,-0.214124805352847,0.00396517307025226,0.0202035008817615
RMD3,-0.16349873228288,0.00034475073953892,0.00305986140254359
RMD5A,0.37851162325373,0.00602676852334211,0.0274893290135554
RMND1,-0.238786859587116,0.0053208571168666,0.0250845128733564
RMP,0.0143552929770701,0.957867365270657,0.973793901035252
RMXL1,0.0840642647884745,0.594296725906019,0.721927148593499
RN114,0.0426443374084937,0.511768354453177,0.654601262279143
RN115,0.632268215499513,0.00300336709525894,0.0162599719619641
RN121,0.333423733725192,0.00042902269288939,0.00364326753952018
RN123,-0.111031312388744,0.0850049554324207,0.186841134565298
RN126,-0.0976107966264223,0.394236716429783,0.547144597977851
RN168,1.07724299893246,0.22147226860182,0.368196451728188
RN170,-0.0565835283663676,0.533261854382451,0.672381231777807
RN181,-0.028569152196771,0.642788874223208,0.760353659242739
RN185,-0.176322772640463,0.00664846924116874,0.0295897209901583
RN213,0.0565835283663675,0.0650811475713053,0.155035609427748
RN214,-0.321928094887362,0.00740591660778475,0.0318171138013689
RN5A,-0.31034012061215,0.00109610432784917,0.00747952855779451
RNAS1,-0.27500704749987,0.0216940785699444,0.0698125235183173
RNAS2,0.0426443374084937,0.510860096107681,0.653656565423281
RNAS4,-0.344828496997441,7.46119779016312e-05,0.000880261374814957
RNAS6,0.263034405833794,0.250660349091597,0.40323393806675
RNBP6,-0.238786859587116,0.00225641804204329,0.0130018284187745
RNC,0.238786859587116,0.0882366618133552,0.191539938746151
RND3,0.20163386116965,0.224112327847331,0.371336359341747
RNF11,-0.214124805352847,5.4673570671687e-05,0.000679363207184962
RNF14,-0.20163386116965,1.67022126331001e-06,4.33245273149506e-05
RNF25,-0.475084882948783,2.73206205047644e-06,6.1363865996707e-05
RNF31,0.0426443374084937,0.506561221082695,0.650749982861611
RNF41,0.189033824390017,0.028811638417646,0.0855026434397322
RNF5,-0.0426443374084937,0.602114071589704,0.727480622447372
RNFT1,-0.356143810225275,0.0273451545075997,0.0822802044522626
RNH2A,0.22650852980868,0.163582508784295,0.299087012919956
RNH2B,-0.176322772640463,0.0960387928687602,0.203880644877633
RNH2C,0.0285691521967709,0.860247252386684,0.914494940304542
RNPS1,-0.0840642647884746,0.48224289706782,0.626826266072294
RNT2,0.22650852980868,0.0731740041617262,0.168429198703896
RNZ1,0.27500704749987,0.0409319557130494,0.110801049477629
RNZ2,0.150559676575381,0.00701915734437166,0.0306839728801545
RO52,-0.070389327891398,0.106858335757665,0.220121604600256
RO60,-0.028569152196771,0.419404997815908,0.570597333099478
ROA0,0.27500704749987,0.00092262967799609,0.00655713933513088
ROA1,0.22650852980868,0.00326619404723069,0.0173536268550795
ROA2,-0.070389327891398,0.0591060823741418,0.145063159799423
ROA3,-0.0840642647884746,0.0461005776254452,0.120802329940963
ROAA,0.070389327891398,0.209476823907145,0.35484623552669
ROBO1,0.16349873228288,0.0483322368290296,0.125034100917006
ROCK1,-0.0565835283663676,0.158794981307454,0.292529061691207
ROCK2,-0.028569152196771,0.467609030388279,0.613252786206095
ROMO1,0,0.973736443187571,0.984858285193258
ROP1L,0.0840642647884745,0.813671583183405,0.882766635240805
RP3A,0.432959407276106,0.211264665196971,0.356910799460973
RP9,0.53605290024021,0.181917535014186,0.322404575511684
RPA1,-0.189033824390017,0.0142721116524083,0.0514036223329376
RPA2,0.189033824390017,0.465012575937213,0.61158338857319
RPA49,-0.111031312388744,0.176571332908014,0.316203056421046
RPAB1,0.0143552929770701,0.842881494119097,0.903766044633754
RPAB3,0.070389327891398,0.666898133155577,0.779277297121535
RPAB5,0.321928094887362,1.42522827403062e-05,0.000234614500494271
RPAC1,0.0976107966264223,0.101498283805087,0.212654795099174
RPAC2,-0.189033824390017,0.192921972143043,0.334972024654046
RPAP1,0.189033824390017,0.018441128528893,0.0616285559396888
RPAP3,-0.0426443374084937,0.539554272544772,0.677874448089518
RPB1,-0.028569152196771,0.358403044223238,0.513413360486394
RPB11,0.0143552929770701,0.940606574593893,0.965398126752212
RPB2,0.111031312388744,0.01474271852832,0.0525337204172883
RPB3,0.0565835283663675,0.39486124424126,0.547616746288869
RPB4,0,0.936916857086714,0.963814590331959
RPB7,0.0285691521967709,0.7080098968004,0.807032765116802
RPB9,0.111031312388744,0.428996817426846,0.578632942616752
RPC1,-0.0143552929770701,0.873502686374114,0.922982402390094
RPC10,0.53605290024021,0.150508318539751,0.281367650092269
RPC2,0.0840642647884745,0.453145995380845,0.60107382031922
RPC3,-0.0426443374084937,0.494041809878537,0.638710007778292
RPC6,-0.411426245726465,0.0512521993488648,0.130744021120415
RPC8,-0.0976107966264223,0.611242870997875,0.735064196944385
RPC9,0.16349873228288,0.273850603690413,0.427832365660746
RPE,-0.111031312388744,0.269305394910186,0.423759959638087
RPEL1,-0.070389327891398,0.225032705838383,0.372507942797358
RPF2,0.443606651475615,0.00032415085797126,0.00291565723994346
RPGF1,-0.22650852980868,0.00503454994212538,0.0240742215393555
RPGF2,-0.485426827170242,0.00130345624273394,0.00846697039968151
RPGF4,-0.16349873228288,0.179318931977066,0.319563509588553
RPGP1,0.124328135002202,0.222126058093968,0.368964888218182
RPIA,0.189033824390017,0.21695289852295,0.363427947427877
RPN1,-0.0976107966264223,0.0743814631199359,0.170280003779791
RPN2,-0.0976107966264223,0.0318740538072798,0.0920381223880373
RPOM,0.0285691521967709,0.788209361758102,0.865132486534324
RPP29,-0.238786859587116,0.0113576312885697,0.0434454773818972
RPP30,-0.0840642647884746,0.0239313431652896,0.0748242969745905
RPP40,-0.028569152196771,0.849638192282263,0.907810697787844
RPR1A,-0.028569152196771,0.781364842186964,0.859978473043327
RPR1B,-0.028569152196771,0.552597362677583,0.688440916925385
RPRD2,-0.111031312388744,0.00476776442943448,0.0231527905330097
RPTOR,-0.20163386116965,0.00825459818356669,0.0341532891547786
RRAGA,0.238786859587116,0.220800193998333,0.367396262324656
RRAGC,0.0143552929770701,0.850504380116446,0.908047279664596
RRAS,-0.20163386116965,0.0915789411048862,0.19608787167094
RRAS2,-0.321928094887362,7.64269962060511e-06,0.000142220671200826
RRBP1,-0.0143552929770701,0.802075048852171,0.875259312902774
RREB1,0.22650852980868,0.0437472521534625,0.116096738060722
RRF2M,0.250961573533219,0.0115812259172958,0.0441479317075551
RRFM,0.0143552929770701,0.843984758797443,0.904118597207731
RRN3,-0.0426443374084937,0.699329619453518,0.801135373720432
RRP1,0.22650852980868,0.00232702272396576,0.013287304594338
RRP12,-0.0426443374084937,0.332696232126716,0.488001329853624
RRP15,0.31034012061215,0.0232584824249416,0.0734881794963083
RRP36,0.400537929583729,0.164522953980869,0.299956754354286
RRP44,0.0976107966264223,0.290451687556922,0.445478757901359
RRP5,-0.0426443374084937,0.337983952354295,0.4933361820647
RRP8,-0.526068811667588,0.00017844251102379,0.00178087553284779
RRS1,0.16349873228288,0.0273685703313107,0.0822973433423781
RS10,0.321928094887362,0.0617028860807986,0.149343083369925
RS10L,-0.137503523749935,0.0435174372255476,0.115833221967217
RS11,0.411426245726465,0.014544707446008,0.0520206249600955
RS12,-0.298658315564515,0.00026375225600389,0.00247798461006582
RS13,0.286881147788162,0.00019171349958659,0.00188628454765656
RS14,0.124328135002202,0.00755832016003194,0.0322957839783062
RS15,-0.27500704749987,5.65760127734874e-05,0.000699617339336993
RS15A,0.111031312388744,0.0706974721167741,0.165046462178069
RS16,0.189033824390017,0.00114523024056762,0.00770554914701567
RS17,0.0426443374084937,0.350245138250393,0.505849701276139
RS18,0.137503523749935,0.00856222432097957,0.0349382289029802
RS19,0.070389327891398,0.289385485020238,0.444251016878523
RS2,-0.0565835283663676,0.222278347507795,0.369138260228509
RS20,0.137503523749935,0.352098317768375,0.507606431381122
RS21,0.37851162325373,0.174307411560767,0.313299470750711
RS23,0.137503523749935,0.0248861508690482,0.0769662409856071
RS24,0.389566811762726,7.5039275497741e-05,0.000883948896688986
RS25,0.526068811667588,7.76618267659797e-07,2.43214111140288e-05
RS26,0.956056652412403,1.44725796811561e-07,6.52027800372085e-06
RS26L,0.0426443374084937,0.379647396537196,0.533918134889112
RS27,-0.0565835283663676,0.594211336060661,0.721927148593499
RS27A,0.16349873228288,0.270462384787322,0.424574569304657
RS27L,0.263034405833794,2.62936632020583e-05,0.000380049495888663
RS28,0.16349873228288,0.0971224091007155,0.205501521480888
RS29,-0.333423733725192,1.43026067793391e-05,0.00023494090112586
RS3,-0.0565835283663676,0.163340458819569,0.298830419080019
RS30,0.0426443374084937,0.728365909864666,0.822173035838445
RS3A,0.0426443374084937,0.483485463374088,0.628017536643732
RS4X,0.070389327891398,0.325220169504655,0.481137603660026
RS4Y1,-0.16349873228288,0.0259451937774117,0.079133021509852
RS5,-0.0143552929770701,0.883775813642206,0.929883756937934
RS6,0.16349873228288,0.00469264392347468,0.0228955850452495
RS7,0.150559676575381,0.0271453660058492,0.0819787925162925
RS8,0.0976107966264223,0.0610098683713769,0.148140218379154
RS9,0.464668267003444,4.77081659104913e-05,0.000610537724542234
RSF1,-0.111031312388744,0.283416356786502,0.437396096407074
RSMB,0.0426443374084937,0.621298190251297,0.742781076613282
RSMN,0.137503523749935,0.753708088477335,0.842141713361768
RSPRY,0,0.972559854988167,0.984306390108336
RSRC1,-0.189033824390017,0.0222053904515321,0.0711015494757287
RSRC2,-0.0143552929770701,0.909686094636661,0.946929019467752
RSSA,-0.124328135002202,0.0594108983294407,0.1455330876725
RSU1,-0.250961573533219,4.79072750740593e-06,9.68707735355782e-05
RT02,0.0426443374084937,0.344343631558077,0.499975312751892
RT05,-0.111031312388744,0.0623385490954349,0.150320565354017
RT06,-0.111031312388744,0.376224593310118,0.530460151328907
RT07,0.0976107966264223,0.260822822268593,0.414646929995303
RT09,0.0976107966264223,0.104063677998658,0.216268296547521
RT10,0.263034405833794,0.0786744643515004,0.17660491648134
RT11,0.189033824390017,0.00278461688445866,0.0153562551738508
RT12,-0.150559676575381,0.0345696341640555,0.0976620687935033
RT14,-0.189033824390017,0.0912233849638147,0.195543950406574
RT15,0.214124805352847,0.00047037108602485,0.00387980604575529
RT16,0.0426443374084937,0.684711333579838,0.792044461546407
RT17,0.286881147788162,0.00808602002898369,0.0336728098936705
RT18A,-0.0143552929770701,0.902675182791416,0.942560261347936
RT18B,0.137503523749935,0.344634645291636,0.500038966335295
RT18C,0.070389327891398,0.524980880033046,0.665753530827092
RT21,0.238786859587116,0.170839772206319,0.308376196128744
RT22,0.0565835283663675,0.295056463698605,0.450121781452288
RT23,0.0565835283663675,0.514566937580937,0.657416863536242
RT24,-0.263034405833794,0.0101778865186914,0.0399035306564878
RT25,-0.070389327891398,0.217058738010609,0.363447189227066
RT26,0.0976107966264223,0.0764469542488103,0.17328538139754
RT27,-0.0426443374084937,0.615710626941807,0.73827776964353
RT28,-0.028569152196771,0.591232639733532,0.719680242772497
RT29,-0.189033824390017,0.00102265067231245,0.0070849827153733
RT30,-0.0840642647884746,0.575795955216725,0.70680880162359
RT31,0.0565835283663675,0.450878834015901,0.599511656413273
RT33,0.321928094887362,0.0237265352880458,0.0744817347790331
RT34,-0.0426443374084937,0.712030035864151,0.810216162300525
RT35,-0.111031312388744,0.0841384204766448,0.185518715326867
RT36,-0.0840642647884746,0.168354117834384,0.305032954796824
RT4I1,-0.0565835283663676,0.325909681482757,0.481313090857887
RT63,0.27500704749987,0.0100558632962079,0.0396224013599102
RTCA,0,0.952007928299263,0.971048703529192
RTCB,-0.028569152196771,0.494625154247878,0.639039441275474
RTEL1,0,0.958525363361024,0.973948746944517
RTF1,0.124328135002202,0.272848099931631,0.426893127919026
RTF2,-0.176322772640463,0.177590686765473,0.317438202051323
RTKN,0.0976107966264223,0.310258833462442,0.465841756576623
RTN1,-0.333423733725192,0.00305273010035853,0.0164463165686448
RTN2,0.238786859587116,0.0701114828980288,0.16407620420608
RTN3,0.443606651475615,0.0563655144883088,0.140167825570669
RTN4,-0.111031312388744,0.0456871604390355,0.120086620273739
RTP3,-0.333423733725192,0.00158303691618726,0.00974098754177848
RU17,0,0.910564477151434,0.947075567972816
RU1C,-0.333423733725192,0.00757781746826806,0.0323611451083909
RU2A,-0.070389327891398,0.198938402432874,0.342485240747008
RU2B,-0.0426443374084937,0.542094447071547,0.679514419173316
RUFY1,-0.070389327891398,0.200886296890464,0.344683303172413
RUFY2,-0.150559676575381,0.0776460254758073,0.175156705158724
RUFY3,0.0143552929770701,0.758891520729954,0.845603163972168
RUS1,-0.124328135002202,0.00124491279447111,0.0081832834203118
RUSD2,0.475084882948783,0.00096477760394999,0.00677722690598848
RUVB1,0.0143552929770701,0.799542005360182,0.873757017481317
RUVB2,0.137503523749935,0.00525507118090318,0.0248679781189669
RUXE,0.356143810225275,0.00017695719093158,0.0017774161654979
RUXF,0.31034012061215,0.00564148754717696,0.0261347083965432
RUXGL,0.189033824390017,0.0148687215031555,0.0527387801382643
RWDD1,0.0565835283663675,0.390164433582671,0.543549149425117
RWDD4,0.150559676575381,0.0336751865638753,0.0959089232118652
RXRA,0,0.996981730473875,0.997911670806301
RXRB,0.111031312388744,0.604042223767703,0.7289381722911
RYBP,0.773996325111173,0.0614001733433063,0.148891071903315
RYDEN,-0.070389327891398,0.114010385233448,0.230353004940594
S100B,-0.321928094887362,0.158170114392677,0.291447634843622
S100P,-0.475084882948783,0.164346197626396,0.299945006074864
S10A4,0.286881147788162,0.0172291912561418,0.0589403594304247
S10A6,0.918386234446348,0.0137373682211811,0.0499682175523981
S10A8,1.34482849699744,0.16437796153272,0.299945006074864
S10A9,1.0496307677246,0.0897918066467266,0.193227954862118
S10AA,0.070389327891398,0.511335008994797,0.65415558108534
S10AB,0.150559676575381,0.178231950398187,0.318278579076626
S10AC,0.622930350920177,0.114289546425178,0.23073549938668
S10AD,-0.298658315564515,0.011280950092742,0.043216528848575
S10AE,0.189033824390017,0.212998138284722,0.358988423867177
S10AG,0.189033824390017,0.0100265301218703,0.0395711104546036
S11IP,0.356143810225275,0.0910330365730309,0.195190234834019
S12A2,0.0840642647884745,0.358605805417483,0.513608314730673
S12A4,0.070389327891398,0.400772156604144,0.552433117637918
S12A5,0.37851162325373,0.138727297512208,0.264936812105615
S12A7,0,0.975692783058967,0.986319013342905
S12A9,0.214124805352847,2.85169216006241e-05,0.00040459367221217
S13A5,0.0565835283663675,0.31976386438219,0.475719582933842
S14L2,-0.214124805352847,0.00244506937678336,0.0138505988814257
S14L4,-0.070389327891398,0.287502467450919,0.441932717213525
S15A1,0.495695162624069,0.213306643835064,0.359272930499636
S15A4,0.238786859587116,0.170430450836029,0.307822339642535
S17A5,-0.53605290024021,0.00602326420247608,0.0274893290135554
S20A2,-0.0840642647884746,0.682358283856483,0.790128015151457
S22A1,-0.286881147788162,0.00091208102389053,0.00650015930439652
S22A7,-0.124328135002202,0.135539017451084,0.260917085542791
S22A9,-0.389566811762726,0.00062923152135713,0.00481172049765811
S22AI,-0.263034405833794,9.22098434168235e-05,0.00105242167953068
S23IP,-0.0426443374084937,0.213015295410247,0.358988423867177
S2540,0.0976107966264223,0.510303136986726,0.653377990251909
S2542,0,0.925091261156677,0.957237404495657
S2546,-0.0565835283663676,0.420640517869795,0.571536957613563
S26A1,0,0.954702193085743,0.972758325027452
S27A1,0.0840642647884745,0.130009774588474,0.252991993793787
S27A2,-0.124328135002202,0.0930732145853787,0.198460018036468
S27A3,-0.263034405833794,0.00105246614432728,0.00723974800793756
S27A4,0.22650852980868,0.00533681149752152,0.0251312932621674
S27A5,-0.263034405833794,8.17254935206384e-05,0.000950916880073675
S30BP,-0.0426443374084937,0.522761719386085,0.664032363751096
S35B2,0.298658315564515,0.0132316316335285,0.0489138628141572
S35D1,-0.238786859587116,0.0580408429442618,0.143454171973883
S35E1,-0.111031312388744,0.532535546044304,0.671905313908503
S35F6,0.389566811762726,3.97320268324699e-06,8.36326597588383e-05
S35U4,0.214124805352847,0.0326427735079601,0.0936261828389146
S38A2,0.389566811762726,6.71882981633518e-05,0.000803755666227426
S38A3,-0.389566811762726,6.77413176180991e-06,0.000127911546796528
S38A4,-0.443606651475615,0.00047276683629952,0.00388954611950826
S38AA,-0.028569152196771,0.655008436906134,0.770409923347306
S39A7,0.298658315564515,0.00946976478684415,0.0378594021369213
S39AB,0.0976107966264223,0.251407449325035,0.404064456420711
S39AE,0.0565835283663675,0.303464033914515,0.458785991978488
S3TC1,-0.286881147788162,0.0632456919920576,0.15164793374006
S40A1,-0.879705766282288,0.0438114244322038,0.116135005486145
S43A3,-0.286881147788162,0.00412717143879073,0.0208496582061926
S46A3,0.176322772640463,0.303333664461883,0.458785991978488
S47A1,-0.356143810225275,0.0562531468850285,0.139978760853443
S4A4,0.16349873228288,0.182577801835949,0.323128735433988
S4A7,0.16349873228288,0.275627218534021,0.429431991434523
S5A1,-0.124328135002202,0.353718021183558,0.509068491537106
S5A2,0.070389327891398,0.63916965837803,0.757097639628589
S61A1,-0.214124805352847,5.36207504042597e-05,0.000670233429669259
S6A12,-0.124328135002202,0.47336016458956,0.618725264336269
SAA1,0.0976107966264223,0.37832827530487,0.532551663969419
SAA2,0.111031312388744,0.361711650080298,0.516520213571569
SAA4,0.124328135002202,0.480522963243125,0.625434855351417
SAAL1,-0.333423733725192,0.00028300530462388,0.00261423605134577
SAC1,0.0976107966264223,0.0436489124024872,0.115924720497489
SAC2,0.238786859587116,0.0178574413608291,0.0603923302211709
SAE1,-0.124328135002202,0.0457374694955093,0.120136878620322
SAE2,-0.0565835283663676,0.423647083337913,0.574608649654099
SAFB1,0.124328135002202,0.220264277346607,0.366935638301005
SAFB2,-0.0840642647884746,0.352817020197676,0.508436648635035
SAHH,-0.422233000683048,1.2385336250572e-09,1.49803353356054e-07
SAHH2,-0.22650852980868,4.96035203836233e-06,9.95170627696442e-05
SAM50,0.0976107966264223,0.157238441126092,0.290147293517464
SAM9L,0.0143552929770701,0.836053729162987,0.899131768663039
SAMC,-0.124328135002202,0.311996745850023,0.467630920239023
SAMD9,0.0565835283663675,0.453920821729686,0.601790743521855
SAMH1,0.0285691521967709,0.650371991763675,0.766365798283262
SAMP,-0.545968369105293,0.0522792849740504,0.132785699929903
SAP,0.250961573533219,0.113861734446804,0.230173393381836
SAP18,0.0565835283663675,0.314389800772394,0.470302723330199
SAP3,0.0840642647884745,0.464756298840567,0.61158338857319
SAP30,0.124328135002202,0.620040317983984,0.74163993292608
SAR1A,-0.37851162325373,7.75228492963435e-08,4.00829550992638e-06
SAR1B,-0.298658315564515,1.66486035860563e-06,4.33245273149506e-05
SARAF,-0.070389327891398,0.758051617384016,0.844911698542601
SARDH,-0.20163386116965,0.0193651338908486,0.0641673081699344
SARG,0.137503523749935,0.349202427472749,0.505117442968468
SARM1,0.124328135002202,0.06643502864856,0.15762718223237
SARNP,-0.028569152196771,0.698401056761205,0.800470443510709
SART3,0.0840642647884745,0.186311223058685,0.327404576287434
SAS10,0.298658315564515,0.0294452890857913,0.0868145836651114
SASH1,-0.028569152196771,0.708687423121992,0.807413177718401
SASH3,0.238786859587116,0.0190561783486952,0.0632840439502275
SAT2,-0.27500704749987,0.00140443291912343,0.00894194314787347
SATT,0.20163386116965,0.162693332599839,0.298213046478506
SBDS,-0.124328135002202,0.0165999513459818,0.0572709472321737
SBP1,-0.150559676575381,0.00463747876038677,0.0226695027728551
SBSPO,0.516015147003665,0.127959154921288,0.250430560561269
SC11A,0.070389327891398,0.564034491942866,0.697363942382037
SC11C,-0.400537929583729,7.31344438495291e-05,0.000865480423067238
SC16A,0.0565835283663675,0.129366004243862,0.252112340787696
SC16B,0.0285691521967709,0.624415860200417,0.74538841350628
SC22A,0.137503523749935,0.0963791437490577,0.204321663027722
SC22B,0.070389327891398,0.195218587768069,0.337362943060835
SC23A,-0.070389327891398,0.102304296981915,0.213858767480505
SC23B,0.0285691521967709,0.785400012686173,0.863394357422783
SC24A,-0.0143552929770701,0.661651151627022,0.774501959720481
SC24B,0.0285691521967709,0.526192888810578,0.666632135404817
SC24C,-0.0840642647884746,0.0625965672664462,0.150802856566472
SC24D,-0.124328135002202,0.0467606862544041,0.122055368306855
SC31A,-0.070389327891398,0.067606117141483,0.15960789965253
SC5A6,-0.137503523749935,0.146600625471209,0.276004696634945
SC61B,0.070389327891398,0.414599842574916,0.5665266383819
SC61G,1.19534759832222,0.0213582730043419,0.0690491545218002
SCAF8,0.189033824390017,0.00171696930371372,0.0103745345222043
SCAFB,0.0143552929770701,0.889866092190247,0.933326930586589
SCAM1,0.124328135002202,0.287414656521497,0.441932717213525
SCAM2,0.124328135002202,0.0231106744950705,0.0732092148033043
SCAM3,-0.0565835283663676,0.423936756522384,0.574849838366778
SCAM4,0.0840642647884745,0.251634759665488,0.404252992603325
SCAP,0,0.988255445844261,0.993542992924988
SCD5,0.124328135002202,0.337580542565624,0.493027582924278
SCFD1,0.0976107966264223,0.00668515868279357,0.0296844164220413
SCFD2,0.124328135002202,0.0363726525821352,0.101197152579548
SCG1,-0.565597175854225,0.0211851939459693,0.0686272955462646
SCLY,-0.070389327891398,0.0299436449610495,0.0878468548286083
SCMC1,0.214124805352847,0.00110192649142738,0.00751260326544826
SCMC2,0.0285691521967709,0.813408717902353,0.882616701579412
SCN7A,-0.678071905112638,0.00298629025467209,0.0162061852497779
SCO1,-0.16349873228288,0.0515162035268081,0.131156917372944
SCO2,0.344828496997441,0.0462919564169957,0.12118499267156
SCOC,0.124328135002202,0.338417992088294,0.493782615728829
SCOT1,-0.070389327891398,0.44468446994284,0.594559034439368
SCPDL,0.0426443374084937,0.636740536779063,0.755131116584704
SCRB1,-0.124328135002202,0.129010867329777,0.251883268889864
SCRB2,0.0285691521967709,0.736697514479122,0.82932454205821
SCRIB,0.0840642647884745,0.0198914768624491,0.0656010007484195
SCRN1,-0.0840642647884746,0.392461519913897,0.545595294404565
SCRN2,-0.321928094887362,1.36724711256001e-07,6.19604220891901e-06
SCRN3,-0.464668267003444,1.02721951703808e-10,2.19824976646149e-08
SCYL1,-0.111031312388744,0.034482963301046,0.0975245041377601
SCYL2,0.0426443374084937,0.429125352094634,0.57867700201944
SDA1,-0.632268215499513,0.0016693124666184,0.0101502630172282
SDC1,-0.0426443374084937,0.752025460159584,0.84099348890542
SDC3,0.298658315564515,0.2726439278076,0.426660333095623
SDC4,-0.0143552929770701,0.825984518911277,0.89223005239659
SDCB1,0.0285691521967709,0.742608747166544,0.833622196863863
SDCB2,0.238786859587116,0.177073290576837,0.316758984816657
SDCG3,0.250961573533219,0.0125369721793162,0.046954221521367
SDCG8,0.0565835283663675,0.595722683757997,0.723089263537358
SDE2,0.189033824390017,0.199338937801733,0.342893431057147
SDF1,-0.584962500721156,0.00847339090778696,0.034741353674077
SDF2,0.238786859587116,2.87960996653002e-05,0.000407055324443069
SDF2L,0.0143552929770701,0.840935425236163,0.902433001256359
SDHA,-0.124328135002202,0.246429363363877,0.398257146078311
SDHB,0.0565835283663675,0.574183317349084,0.705166312268029
SDHF2,0.739848102699327,0.00795083670631255,0.0333623344147232
SDHF3,0.0285691521967709,0.773846064511861,0.854848018497186
SDHL,-0.526068811667588,0.0139409873865202,0.0505894332669579
SDOS,-0.22650852980868,0.0152330399786452,0.0536523690535885
SDPR,-0.176322772640463,0.0325437771697586,0.0934466117464854
SDSL,-0.31034012061215,0.00011379647944784,0.00125339189085775
SE1L1,0.0840642647884745,0.095211341782809,0.20245878473496
SEC13,-0.263034405833794,0.00016958787963306,0.00171583947878269
SEC20,-0.0840642647884746,0.322466140314543,0.478205802691673
SEC62,0.263034405833794,0.00017822666635328,0.00178087553284779
SEC63,-0.070389327891398,0.0965867388645082,0.204649129871334
SEGN,-0.773996325111173,0.00146205568631368,0.00919307047057946
SEH1,0.31034012061215,0.00134025614167308,0.00868404820475139
SELB,-0.124328135002202,5.13981933540928e-05,0.000650199805582809
SELH,0.150559676575381,0.0427769288757035,0.114348875800978
SELK,0.214124805352847,0.0586855387990435,0.144491336180195
SELM,0.238786859587116,0.00094427128462643,0.00668627387570038
SELO,-0.0565835283663676,0.346635774192584,0.501970301575125
SELPL,0.214124805352847,0.320125897747449,0.475926267125887
SELS,0.070389327891398,0.542379314940203,0.67976089837308
SELT,0.400537929583729,0.229858363756621,0.37854400050898
SELW,-0.526068811667588,1.57142306849371e-07,6.92093189337971e-06
SEM1,0.495695162624069,0.176479946852501,0.316112883178718
SEN34,0.22650852980868,0.2087833275916,0.354012458982063
SENP3,0.0976107966264223,0.40696390453038,0.558578997063446
SENP8,-0.137503523749935,0.128486207256421,0.251105464409809
SEP10,-0.389566811762726,1.63854288722934e-05,0.00025880193818739
SEP11,-0.124328135002202,0.0540064444944161,0.136013615032684
SEP14,-0.0565835283663676,0.617635150300638,0.740239763210348
SEP15,-0.0143552929770701,0.864187389003677,0.917108150502177
SEPP1,-0.526068811667588,3.03849696248193e-09,2.9260725748701e-07
SEPR,0.765534746362977,0.00025902750123909,0.00244552434993376
SEPT1,-0.028569152196771,0.781392693575193,0.859978473043327
SEPT2,-0.0565835283663676,0.156775765702557,0.289537682713876
SEPT4,-0.411426245726465,8.08250333121702e-06,0.00014755356792345
SEPT5,-0.0565835283663676,0.467660970789305,0.613252786206095
SEPT6,-0.028569152196771,0.450319378238191,0.599077964073048
SEPT7,0.0840642647884745,0.273643481605675,0.427616507563919
SEPT8,-0.333423733725192,5.36778330874783e-05,0.000670233429669259
SEPT9,0,0.910022921089044,0.946994448305922
SERA,-0.298658315564515,2.69407162272488e-05,0.000388097794541277
SERB,-0.20163386116965,0.0238207162533929,0.0745995113886743
SERC,-0.443606651475615,1.10263887617473e-06,3.15789215689596e-05
SERF2,0.20163386116965,0.121729143441219,0.241142021360543
SERPH,0.565597175854225,1.84505139837724e-07,7.81610339766836e-06
SESD1,0.0426443374084937,0.678742008333122,0.787385699773885
SET,-0.137503523749935,0.0154826897269726,0.0542915983871629
SET1A,-0.298658315564515,0.0242232374578102,0.0755223882537312
SETD3,0.0840642647884745,0.129742137834363,0.252591713602387
SETD7,-0.0565835283663676,0.268099443784506,0.422207300677807
SETD9,-0.189033824390017,0.194951714781721,0.337242717646343
SETLP,0.0976107966264223,0.273240771487944,0.427247189677922
SETMR,-0.0976107966264223,0.308411731394229,0.463972657422601
SF01,0.0976107966264223,0.260413901653974,0.414253293070868
SF3A1,-0.124328135002202,0.00065365671781278,0.00495646786813943
SF3A2,0.0565835283663675,0.441410851415114,0.591105370989403
SF3A3,-0.137503523749935,0.0183808317614423,0.061493130511286
SF3B1,-0.070389327891398,0.0896342496635452,0.19318944552219
SF3B2,0.137503523749935,0.00315297497830215,0.0168918770742975
SF3B3,-0.0143552929770701,0.735399157653381,0.828170605256782
SF3B4,-0.0143552929770701,0.844031795316459,0.904118597207731
SF3B5,-0.36737106564853,0.00179297034060168,0.0107045630677647
SF3B6,0.0285691521967709,0.546340496280747,0.683058614629483
SFPQ,0.20163386116965,0.00558932072527844,0.0260024920697736
SFR15,0.263034405833794,0.0416166079149582,0.112142129197915
SFR19,0.150559676575381,0.201976028728817,0.346004461484679
SFRP3,-0.411426245726465,0.106860695898878,0.220121604600256
SFSWA,0.0976107966264223,0.65835068755102,0.772807206596535
SFT2B,-0.176322772640463,0.227662340801984,0.375883440112483
SFXN1,-0.137503523749935,0.0206273650245193,0.0673126810520089
SFXN2,0.189033824390017,0.0238377252991134,0.0746224444146159
SFXN3,0.238786859587116,6.34847968647295e-05,0.000772535429957114
SFXN4,0.214124805352847,0.326938923976466,0.482055018242047
SFXN5,0.0143552929770701,0.920658762203408,0.955381883622717
SGCB,0.137503523749935,0.270159164877885,0.424409911545519
SGCD,-0.0840642647884746,0.239942871025244,0.390890225920592
SGCE,-0.124328135002202,0.193452904536412,0.335515798412543
SGF29,0.111031312388744,0.149627430068259,0.279992645432564
SGK3,-0.16349873228288,0.0139631929933853,0.0506223241510778
SGMR1,0.124328135002202,0.191838380178602,0.333767588278218
SGPL1,0.150559676575381,0.00129828575094663,0.00844050078083784
SGT1,-0.0840642647884746,0.168259720466045,0.304933635961047
SGTA,-0.070389327891398,0.13583178517134,0.261154996995259
SGTB,0.0976107966264223,0.408512032121573,0.559995853285516
SH21A,0.0143552929770701,0.925386054049575,0.957237404495657
SH24A,-0.0976107966264223,0.303131852969524,0.458716911270323
SH2B1,0.0840642647884745,0.530406833285959,0.669987578887527
SH319,0.22650852980868,0.00791347807318231,0.0332962507240833
SH3B4,0.124328135002202,0.107774101816873,0.221293091790296
SH3G1,0.214124805352847,0.0867369768658632,0.18919073323177
SH3K1,0,0.945341282349914,0.966732437790307
SH3L1,-0.432959407276106,4.63152728209594e-06,9.43949369874792e-05
SH3L2,-0.0565835283663676,0.586634480853959,0.715892925787882
SH3L3,-0.137503523749935,0.208804856388174,0.354012458982063
SHAN2,0.0143552929770701,0.946323196849221,0.967474362757819
SHAN3,0.22650852980868,0.00282632019088368,0.0155306496081083
SHB,-0.0143552929770701,0.937760138696863,0.964167103766266
SHBG,0.286881147788162,0.236065884002356,0.385961708479234
SHC1,-0.0565835283663676,0.387634998938116,0.541395944854831
SHIP1,0.111031312388744,0.1000293536979,0.210171625253545
SHIP2,0.189033824390017,0.00416649709573665,0.0209658351571229
SHKB1,0.263034405833794,0.0590874542593686,0.145063159799423
SHLB1,0.189033824390017,3.40439484757227e-06,7.30569858097403e-05
SHLB2,0.0840642647884745,0.241902447780944,0.392919637427173
SHOC2,-0.238786859587116,0.0179000327537462,0.0605098079573764
SHOT1,0,0.952163337390673,0.9710704727638
SHPK,-0.263034405833794,1.99434910820818e-06,4.97231894162971e-05
SHPS1,0.298658315564515,0.00117885873262881,0.00785275043439811
SHRM1,0.111031312388744,0.275914573531406,0.429683823425501
SHRM2,0.124328135002202,0.598475120999681,0.725401562646561
SHRM3,0.37851162325373,0.00150922047068293,0.0094146028389808
SHRPN,-0.400537929583729,0.00479447670993765,0.023201412420452
SI1L1,0.0285691521967709,0.808539649787141,0.879951208856177
SIAE,0.27500704749987,0.00913471882229729,0.0368391062253196
SIAS,0.20163386116965,0.0492109981551178,0.126743056816838
SIAT1,-0.0565835283663676,0.44125241099534,0.590995927383188
SIDT2,0.298658315564515,2.30952421960807e-05,0.000344401135870406
SIG14,0.632268215499513,0.00117103362216897,0.00782449525168235
SIGIR,0.0976107966264223,0.274563513626086,0.428359114818827
SIGL7,0.238786859587116,0.127001743038496,0.249152388176362
SIGL9,-0.0976107966264223,0.605832717211879,0.730702099399559
SIK2,0.111031312388744,0.106342743495405,0.219406667350991
SIL1,0.0143552929770701,0.919115708216428,0.954235029915739
SIM12,0.0143552929770701,0.936178381296201,0.963272433807994
SIN1,-0.070389327891398,0.214322087091364,0.360181855711743
SIN3A,-0.150559676575381,0.101524446569933,0.212654795099174
SIN3B,0.0143552929770701,0.91053698907346,0.947075567972816
SIPA1,0.263034405833794,0.00112866797289969,0.00762073449887749
SIR1,0.0285691521967709,0.833381823033744,0.897261193144039
SIR2,-0.028569152196771,0.59877327134852,0.725648778113733
SIR3,0.0426443374084937,0.622901892798571,0.744342785957497
SIR5,-0.189033824390017,0.0394353199713959,0.107848670592699
SK2L2,-0.070389327891398,0.0834631623786407,0.18469043353359
SKAP2,0.0976107966264223,0.466633777975996,0.612844634423299
SKIV2,0.0426443374084937,0.341057314122291,0.496411401473291
SKP1,-0.495695162624069,3.08130552185536e-06,6.73177886989387e-05
SKT,-0.214124805352847,1.12482643789219e-05,0.00019386270419511
SL9A9,0.176322772640463,0.0905680600077548,0.19451807479781
SLAF5,0.53605290024021,0.0216245477528305,0.0697278361925315
SLAI2,0.16349873228288,0.0276315800573333,0.0828302306465742
SLFN5,-0.333423733725192,2.51792125895102e-05,0.000366001233565258
SLIRP,-0.189033824390017,0.0178553733108836,0.0603923302211709
SLIT2,0.150559676575381,0.235492336153358,0.385514865645021
SLIT3,0.189033824390017,0.228237136377672,0.376598607550564
SLK,0.0143552929770701,0.652643741566038,0.768332424361974
SLMAP,-0.0565835283663676,0.54526000805415,0.682039795754046
SLPI,-0.389566811762726,0.0554826468024925,0.138688614849579
SLTM,0.137503523749935,0.00265569046518109,0.0148062903396857
SLU7,0.0565835283663675,0.515758185953866,0.658392885598771
SMAD1,0,0.926780675689183,0.958121085012006
SMAD2,-0.0143552929770701,0.698066845557217,0.800402884085846
SMAD3,-0.298658315564515,0.00180667226175848,0.0107479560653184
SMAD4,0.176322772640463,0.074916559460082,0.17100953306088
SMAD5,-0.0143552929770701,0.846433669970162,0.905318891344944
SMAG2,-0.238786859587116,0.00511918309924402,0.024344559627516
SMAP,0.250961573533219,0.0435276710274006,0.115833221967217
SMAP1,0.176322772640463,0.0572683969720049,0.141909208836387
SMAP2,0.263034405833794,0.00024867578550718,0.00236226664802382
SMC1A,-0.0840642647884746,0.0232797476130958,0.0735029408242992
SMC3,0,0.908132750876455,0.945823267912966
SMC4,0.070389327891398,0.825046725928,0.891592085362507
SMC5,0.20163386116965,0.0422334678708231,0.113324726927561
SMC6,-0.028569152196771,0.846455154783179,0.905318891344944
SMCA1,0.422233000683048,0.00041456523707052,0.00354867842932365
SMCA2,0.0565835283663675,0.439993997202276,0.590131224659877
SMCA4,0.0285691521967709,0.69129013508554,0.796957978892624
SMCA5,0.0565835283663675,0.304303068483138,0.459316387067809
SMCE1,0.0285691521967709,0.670409492065645,0.782195172932565
SMCO4,-0.176322772640463,0.0172933142667668,0.0590810169007412
SMCR8,0.16349873228288,0.268591124383836,0.422808749949545
SMD1,0.176322772640463,0.0285456317720737,0.0848767067433639
SMD2,-0.238786859587116,2.22039009252298e-06,5.36234648050064e-05
SMD3,0.333423733725192,9.89717827133738e-06,0.000175686316595353
SMG1,0.0143552929770701,0.887697509122619,0.93221132094009
SMG8,0.400537929583729,0.014100790345603,0.0510011684612796
SMHD1,0.0565835283663675,0.186871986210087,0.327791844663595
SMI20,0,0.99578485754064,0.997791890587973
SMLR1,-0.20163386116965,0.0231810272737384,0.0733415335182261
SMN,0.250961573533219,0.00835979225210233,0.0344589831515229
SMOC1,0.0426443374084937,0.765166911442813,0.849777133846325
SMOC2,0.286881147788162,0.25420747946006,0.407408866602934
SMRC1,0.176322772640463,0.00013356023142232,0.00141533428181232
SMRC2,-0.0426443374084937,0.269650945902617,0.423870819676344
SMRCD,0.124328135002202,0.0267678817207946,0.0809975494018074
SMRD1,0.0285691521967709,0.81440241105928,0.883310738392326
SMRD2,0.0285691521967709,0.848420507912318,0.906802385260335
SMTN,0.238786859587116,0.159019815892218,0.29280321740766
SMU1,-0.070389327891398,0.179215917419401,0.319453824108992
SMUG1,-0.321928094887362,0.00253678490138744,0.0142756690140897
SMYD2,0.0285691521967709,0.76563782776367,0.84982179713037
SMYD3,0.0285691521967709,0.56788801215675,0.70022555148137
SMYD5,-0.189033824390017,0.171868303156289,0.309942277040274
SN,0.0840642647884745,0.504640776363028,0.649148863099143
SNAA,0.0565835283663675,0.404808273890743,0.556701703329933
SNAG,0.0976107966264223,0.115039860889258,0.231703813932247
SNAPN,0.111031312388744,0.304769236795712,0.459659788620627
SND1,-0.150559676575381,1.77722575356814e-05,0.000276600953646241
SNF5,-0.250961573533219,0.00855759957790555,0.0349378628236271
SNF8,-0.0976107966264223,0.117745414504025,0.235613161906236
SNG2,-0.16349873228288,0.0464160685618351,0.121463788111541
SNIP1,0.22650852980868,0.127883673007211,0.250379416333589
SNP23,0.250961573533219,0.00088530432712715,0.00635045115101263
SNP29,-0.124328135002202,0.028446399023291,0.0846233245056385
SNP47,0,0.957119069331474,0.9736755988551
SNR27,0.176322772640463,0.0118207609354874,0.044971428270121
SNR40,-0.0565835283663676,0.404263975553992,0.556251056915155
SNRPA,-0.443606651475615,0.00029488944560206,0.00268537622803578
SNTA1,0.111031312388744,0.348378329360954,0.504199669822681
SNTB1,0,0.940537814064632,0.965398126752212
SNTB2,-0.028569152196771,0.712764516813167,0.810619698483708
SNUT1,0.111031312388744,0.0535776602077616,0.135110407280064
SNUT2,-0.070389327891398,0.19049606972282,0.33240372046533
SNW1,0.189033824390017,0.00139365475853635,0.00888801014881129
SNX1,-0.0426443374084937,0.304249425548896,0.459316387067809
SNX12,-0.111031312388744,0.0015171837981473,0.00945396008394379
SNX14,-0.150559676575381,0.0333912468570756,0.095382338074494
SNX15,0.0285691521967709,0.760106635708974,0.846467406982066
SNX17,0.0143552929770701,0.556275624605443,0.691328829159595
SNX18,-0.111031312388744,0.0277217628445757,0.083003677013063
SNX2,0.16349873228288,0.00049987477758588,0.00405372135423328
SNX20,-0.137503523749935,0.512274880037318,0.655031647436929
SNX24,0.137503523749935,0.283631157544787,0.437543940273336
SNX25,0.286881147788162,0.00642731597491953,0.0288219105184983
SNX27,0.0426443374084937,0.397073548406351,0.549695348952835
SNX29,0.150559676575381,0.256513404027784,0.409906250630691
SNX3,0.189033824390017,0.0067066788557679,0.0297456844587426
SNX30,0.0565835283663675,0.312640001528739,0.468412791088566
SNX32,0.20163386116965,0.12301961487553,0.243198130100355
SNX33,0.124328135002202,0.132253841302493,0.256065240863133
SNX4,-0.028569152196771,0.43513606686121,0.585245855289588
SNX5,-0.028569152196771,0.429862746175905,0.579265803137865
SNX6,0.250961573533219,0.0305147687866185,0.0892166143195859
SNX7,0.16349873228288,0.0399284455526556,0.108811016815585
SNX8,0.111031312388744,0.0298707494315998,0.0877950041744037
SNX9,-0.028569152196771,0.572592875369179,0.703774012738378
SO1B1,-0.432959407276106,2.97671170068522e-05,0.000417715609145336
SO1B3,-0.298658315564515,0.0121750943797651,0.0459421854783273
SO2A1,0.22650852980868,0.144756552683155,0.273267454513851
SO2B1,-0.0565835283663676,0.494121449423497,0.638710007778292
SO3A1,0.214124805352847,0.210032148350809,0.35546741451991
SOAT1,0.22650852980868,0.0172447344989692,0.0589411865927501
SODC,-0.124328135002202,0.136725418049495,0.262220264970561
SODE,-0.028569152196771,0.732687039687203,0.826082387494543
SODM,0.55581615506164,0.0179541036476941,0.0605862525194198
SON,-0.0426443374084937,0.384570591975187,0.538776475827758
SORC2,-0.333423733725192,0.0204417389422036,0.066985604768497
SORCN,-0.20163386116965,0.0212281968470943,0.0687151380294179
SORL,0.0285691521967709,0.631855307996385,0.751460425867889
SORT,0.150559676575381,0.213227107589743,0.359217502049285
SOS1,0.176322772640463,0.236798922361663,0.387068582206267
SOSSC,0,0.943220061039225,0.966444769435581
SOX,-0.333423733725192,0.00014456631909794,0.00150336917178674
SOX4,0.505890929729957,0.0847456142962344,0.186483922461637
SP1,-0.137503523749935,0.291838006346983,0.447159904713038
SP100,0.0976107966264223,0.109371208854251,0.223385727529353
SP110,-0.485426827170242,0.00177677003843996,0.0106275127143955
SP130,-0.214124805352847,0.0304032802833307,0.0889581736812684
SP16H,0.070389327891398,0.132482575227724,0.256371132073971
SP3,0.070389327891398,0.682305626699854,0.790128015151457
SP30L,-0.238786859587116,0.20003745216248,0.343532887084205
SP4,0.111031312388744,0.467075833511861,0.612896749589847
SPA11,0.464668267003444,0.00089883634750391,0.00642955916543187
SPA5L,-0.0426443374084937,0.436693603527342,0.587033244036755
SPAG1,-0.0840642647884746,0.702980262428229,0.803644448990514
SPAG7,0.189033824390017,0.498570928493651,0.64295119402663
SPAST,0.263034405833794,7.19262607213844e-05,0.000853805720489284
SPAT5,-0.0565835283663676,0.464678472436623,0.61158338857319
SPB1,0.150559676575381,0.00292784001843515,0.0159745605538416
SPB10,0.604071323668861,0.0034430605917502,0.0180936826731538
SPB6,0.298658315564515,6.47587310967289e-05,0.000781976903399999
SPB7,-1.43829285157915,4.91953861271043e-11,1.38694957574109e-08
SPB8,0.485426827170242,2.87947881801853e-05,0.000407055324443069
SPB9,0,0.955707585378853,0.973267127112606
SPC24,0.263034405833794,0.0794115025039515,0.177535175650157
SPCS,-0.356143810225275,1.66196290968758e-06,4.33245273149506e-05
SPCS1,-0.028569152196771,0.882198942310703,0.92873198299558
SPCS2,0,0.995488589826115,0.997690138678339
SPCS3,-0.298658315564515,0.00709459041900076,0.030841154258092
SPD2B,-0.0976107966264223,0.244415837876648,0.396416761052989
SPE39,0.0426443374084937,0.629666391229834,0.749644549224948
SPEB,-0.214124805352847,0.0228913513445998,0.0726637703991746
SPEE,0.189033824390017,0.00409112825114357,0.0207494478051621
SPF27,-0.0565835283663676,0.254372765911656,0.407452818297601
SPF30,-0.0840642647884746,0.382481359754671,0.536780874852253
SPF45,0.27500704749987,0.0265956368449518,0.0806347053339271
SPG20,-0.333423733725192,0.112326465244292,0.227967093846687
SPG21,0.0285691521967709,0.505101281684204,0.649524332180789
SPG7,0.111031312388744,0.2241032499098,0.371336359341747
SPHM,-0.176322772640463,0.555838436782594,0.691069632825911
SPICE,-0.454175893185802,0.0327285691224114,0.0938024168597684
SPIN1,0.16349873228288,0.183284183478603,0.324081099269947
SPIT1,0.0143552929770701,0.845966525152775,0.905184181913469
SPIT2,0.0840642647884745,0.619579473553672,0.741490032211479
SPN1,-0.0426443374084937,0.796187384742448,0.871282331257929
SPN90,-0.176322772640463,0.140112411908728,0.266786811417848
SPNS2,0.124328135002202,0.755122195142229,0.842988174377008
SPON1,-0.214124805352847,0.0368371274075899,0.102157390046102
SPP24,-0.214124805352847,0.0616287526135836,0.149257437955061
SPRC,0.321928094887362,1.00733962788201e-05,0.000177994139752362
SPRE,-0.321928094887362,7.17899309131892e-08,3.84076130385562e-06
SPRL1,0.0143552929770701,0.895038926552411,0.936872267684752
SPRY4,-0.263034405833794,0.0150304586391652,0.053092459127065
SPRY7,0,0.970512737206328,0.983146630826765
SPS1,0.070389327891398,0.367027198681222,0.520924380736944
SPS2,-0.0840642647884746,0.142027268122763,0.269369294342138
SPS2L,0.0840642647884745,0.131057652390768,0.254580976807483
SPSY,-0.20163386116965,0.00617638675960619,0.0279406245425755
SPT2,1.89917563048051,0.0689850645905674,0.162238514057426
SPT20,-0.0976107966264223,0.142871709699182,0.270634609620208
SPT4H,0.137503523749935,0.330349321271391,0.485781861247337
SPT5H,0.137503523749935,0.280699149863719,0.434830860625581
SPT6H,0.238786859587116,0.00046153228302342,0.00382738935243534
SPTA1,0.22650852980868,0.131110315316395,0.25461723454274
SPTB1,0.0840642647884745,0.365072056320206,0.51948930954763
SPTB2,-0.0565835283663676,0.089025127268907,0.192438153894405
SPTC1,0.070389327891398,0.184964435277541,0.325759482580344
SPTC2,0.20163386116965,0.0113657887473899,0.0434551049676882
SPTC3,-0.333423733725192,0.00724485075601387,0.0312685323385607
SPTCS,0.0976107966264223,0.193376885775126,0.335459474895648
SPTN1,-0.36737106564853,1.85191500955891e-09,1.95440455255368e-07
SPTN2,-0.31034012061215,6.64642565774586e-07,2.17889630924571e-05
SPYA,-0.298658315564515,0.00187762785018284,0.0110590557781411
SQRD,0.0143552929770701,0.836225223581344,0.899131768663039
SQSTM,0.903038270112912,0.00491318443436751,0.0236727673742122
SR140,0.0976107966264223,0.0330686660430255,0.0946011894524577
SRA1,0.16349873228288,0.0591990647081289,0.145245093793447
SRBD1,0.176322772640463,0.0593762649182902,0.145494511746345
SRBS1,-0.189033824390017,0.00072609956632176,0.00540993332586348
SRBS2,0.0285691521967709,0.681108749801785,0.789061926086158
SRC,0,0.947539322311788,0.96840580247944
SRC8,0,0.93861628322169,0.964194588071256
SRCH,-0.722466024471091,0.0509419896111202,0.130168188379459
SRCN1,0.0285691521967709,0.724742185844111,0.819283022706241
SREC,0.250961573533219,0.0832433646650444,0.184283586603305
SREC2,0.37851162325373,0.124907525171495,0.24579503803862
SREK1,-0.27500704749987,0.0022972762588084,0.0131977750170469
SRG2B,0.0565835283663675,0.60914382704345,0.733486096208618
SRP09,-0.189033824390017,0.00704468413117622,0.0307491481850321
SRP14,0.27500704749987,2.01908385305602e-06,5.01774903353019e-05
SRP19,0.189033824390017,0.00351506140000139,0.0183593444241429
SRP54,-0.238786859587116,0.00047124338929523,0.00388284392634273
SRP68,-0.028569152196771,0.559637834738432,0.69405181565114
SRP72,0.0143552929770701,0.735093412899611,0.82794731768693
SRPK1,0,0.931615682178759,0.960798824030142
SRPRA,-0.0426443374084937,0.392771952135491,0.545804019391188
SRPRB,0.0840642647884745,0.593634029677091,0.721683005494582
SRPX,-0.526068811667588,0.0616839604209357,0.149343083369925
SRPX2,-0.124328135002202,0.296183416514976,0.451483387580407
SRR,-0.028569152196771,0.861319750576438,0.914877617322608
SRRM1,0.0565835283663675,0.460094121985093,0.607362082894646
SRRM2,0.0565835283663675,0.0401163802386821,0.109004502196793
SRRT,0.0426443374084937,0.260171080964853,0.414123555320915
SRS10,0.189033824390017,4.80270425218135e-05,0.000613599229830931
SRS11,0.238786859587116,0.00071584848985733,0.00534907542760511
SRSF1,-0.0565835283663676,0.223820248124349,0.371216261931634
SRSF2,-0.189033824390017,0.0280024529544057,0.0836074252779364
SRSF3,-0.20163386116965,0.00276485880757106,0.0152910784303858
SRSF4,-0.0565835283663676,0.325380150029586,0.481137603660026
SRSF5,0.6959938131099,0.00892935061247994,0.0361490893949267
SRSF6,-0.028569152196771,0.696359755703867,0.799278241648181
SRSF7,0.0426443374084937,0.455015667903682,0.602723642628949
SRSF9,-0.0426443374084937,0.504042312418349,0.648487303752665
SRXN1,0.137503523749935,0.0467146445517391,0.122055368306855
SSA27,0.0285691521967709,0.637936782982786,0.755985998477063
SSBP,0.0143552929770701,0.87090230148065,0.92200512994461
SSBP3,0.20163386116965,0.0417199360442366,0.112341973884935
SSBP4,-0.0426443374084937,0.743622358361715,0.834260470193484
SSDH,0.0976107966264223,0.395436137386765,0.547920863745978
SSF1,0.238786859587116,0.00297815855977161,0.0161859037603511
SSFA2,-0.111031312388744,0.207638178406074,0.352888710884711
SSH1,0.137503523749935,0.185876534916237,0.327088356554292
SSH3,-0.0565835283663676,0.311760043693162,0.467367070755423
SSNA1,0.124328135002202,0.179371330281875,0.319582962185838
SSRA,-0.0840642647884746,0.230569287879031,0.379471436406762
SSRB,0.0976107966264223,0.445878993097134,0.594917174024995
SSRD,0.137503523749935,0.0565881955096483,0.140676172380229
SSRG,0.321928094887362,0.0190834244564689,0.0633428272350868
SSRP1,0,0.935694397161918,0.963200111669617
SSU72,0.124328135002202,0.220074567465835,0.366822688826654
SSXT,0.0976107966264223,0.103936575385999,0.216158958761315
ST14,0.31034012061215,0.00545020629850014,0.0254938611558258
ST17B,0.238786859587116,0.0356435048829288,0.0999627089982102
ST1A1,-0.298658315564515,0.00115680383340629,0.00774957976744527
ST1A2,0.27500704749987,0.0245175052280418,0.0761070100576373
ST1A3,0.0143552929770701,0.816685380073845,0.885148479393541
ST1B1,-0.150559676575381,0.0865885143149317,0.188920394868942
ST1C2,-0.124328135002202,0.468228718777618,0.613640046515376
ST1E1,0.0285691521967709,0.860889974416506,0.914799498331691
ST2A1,-0.20163386116965,0.24419168313662,0.396136602839444
ST38L,-0.070389327891398,0.360219145523705,0.514873149835052
ST5,0.16349873228288,0.245248408558639,0.397319943423278
ST7,0,0.990587329181935,0.994459836332764
STA5A,-0.0426443374084937,0.317862943154489,0.474022936929436
STA5B,-0.176322772640463,0.0318703721088346,0.0920381223880373
STAB1,0.150559676575381,0.00072150516931412,0.00538090592874732
STAB2,0.0976107966264223,0.181710467913781,0.3221858330973
STABP,-0.028569152196771,0.60875611056985,0.733133824578728
STAG1,-0.0143552929770701,0.903760375830458,0.9429265893009
STAG2,-0.111031312388744,0.120778768444707,0.239865560420941
STALP,0.0976107966264223,0.387403534550033,0.541366584361386
STAM1,0.16349873228288,0.0561481977240912,0.139898355519534
STAM2,-0.070389327891398,0.353946503471857,0.509207070541025
STAP2,0.137503523749935,0.0716940544338299,0.166465037781261
STAR5,-0.333423733725192,0.00067999662759142,0.00512592369761673
STAR7,0.250961573533219,0.0790380041029349,0.177008367328201
STAT1,-0.070389327891398,0.171445417387779,0.309324472027037
STAT2,0.0565835283663675,0.27505830205376,0.428957319640115
STAT3,-0.214124805352847,2.55619633114304e-07,9.94592754299292e-06
STAT6,-0.137503523749935,0.00044485829169365,0.00374147192053262
STAU1,0.0285691521967709,0.636823320930792,0.755131116584704
STAU2,0.0840642647884745,0.18903060997698,0.330674800014227
STBD1,-0.0426443374084937,0.750153026728299,0.839851361831923
STEA3,-0.298658315564515,0.00014063824100461,0.00148015984795016
STEA4,-0.526068811667588,1.19871870499868e-06,3.34598873308327e-05
STIM1,-0.028569152196771,0.553214806650863,0.688969749505052
STIM2,-0.189033824390017,0.366752354136617,0.520918166716168
STING,-0.0143552929770701,0.845811179727058,0.905184181913469
STIP1,-0.0840642647884746,0.054740890199355,0.137369321855319
STK10,0.176322772640463,0.00071800060307577,0.00535995799040284
STK24,0.111031312388744,0.00458016695934059,0.0225178665498649
STK25,-0.150559676575381,0.0346242869173983,0.0977806108547055
STK26,0.176322772640463,0.316551516379432,0.472710386157617
STK3,0.124328135002202,0.0905335161093291,0.194498105997287
STK38,0.0426443374084937,0.745171911848007,0.835512212032753
STK39,-0.443606651475615,0.00091392397006204,0.0065072738127153
STK4,0.0426443374084937,0.550020346032244,0.686211618758285
STMD1,0.956056652412403,0.0497823567612388,0.127713378784077
STML1,0.150559676575381,0.0477722874317089,0.124204888111979
STML2,0.137503523749935,0.0379558339806495,0.104657031133473
STML3,-0.028569152196771,0.797051511419169,0.871732658144985
STMN1,0.37851162325373,8.07849563458713e-06,0.00014755356792345
STMN2,0.389566811762726,0.00073299010670005,0.00544547327099054
STOM,0.0426443374084937,0.672882869481271,0.783183203880301
STON1,-0.070389327891398,0.570600418527587,0.702445769309129
STPAP,-0.124328135002202,0.1373844422991,0.263286005838872
STRAA,-0.028569152196771,0.751897594979522,0.840972571388246
STRAP,-0.0426443374084937,0.326137855959438,0.481334490864274
STRBP,-0.36737106564853,2.93920193147175e-06,6.5184351020036e-05
STRN,0.0976107966264223,0.155050783545851,0.287426635665232
STRN3,-0.0840642647884746,0.192576016811605,0.334564695065077
STRN4,0.150559676575381,0.0186352221966061,0.0621765923788018
STRP1,0.0285691521967709,0.647506236171063,0.764035540429142
STT3A,-0.150559676575381,0.01283946570666,0.047785141934352
STT3B,-0.16349873228288,0.00460121938553882,0.0225579810396184
STX10,0.16349873228288,0.0418791000111522,0.112652439415474
STX11,0.238786859587116,0.101188316082234,0.212181488050498
STX12,0.0143552929770701,0.648802809383036,0.765213846216612
STX16,0.238786859587116,0.114093253595905,0.230399587340197
STX17,-0.070389327891398,0.459020952676909,0.606361011560855
STX18,0.20163386116965,0.00086245852005084,0.00621551023243374
STX3,0.238786859587116,0.0133634203297732,0.0492121368167174
STX4,-0.0565835283663676,0.14241991531928,0.2699810599458
STX5,0,0.920931538422594,0.955536238654231
STX6,0.0565835283663675,0.605883308796,0.730702099399559
STX7,0.111031312388744,0.100629692726816,0.211297670419022
STX8,0.432959407276106,0.00379747611120597,0.0195038373071539
STXB1,0.0285691521967709,0.60635847747959,0.731160699718698
STXB2,0.176322772640463,0.00059106204126072,0.00459026407850059
STXB3,-0.028569152196771,0.643685621544365,0.760809148262932
STXB4,-0.214124805352847,0.282079980125123,0.436052266062741
STXB5,0.0565835283663675,0.705058787143783,0.805184241944219
STXB6,-0.286881147788162,0.0888159839220984,0.192121489130117
SUCA,0.070389327891398,0.496709098113257,0.640979378871781
SUCB1,0,0.934148437110303,0.961994326894503
SUCB2,0.0285691521967709,0.857226641364764,0.912416972240141
SUCHY,-0.0565835283663676,0.477796627393409,0.622728001596823
SUGP1,-0.16349873228288,0.0775749157860859,0.175123487888396
SUGP2,-0.20163386116965,0.0303195576511534,0.0888144000549376
SUH,-0.31034012061215,0.00254112983671552,0.0142896819431068
SUMF1,-0.214124805352847,0.0852655822860674,0.187253718908741
SUMF2,-0.028569152196771,0.713469976697113,0.811175467162348
SUMO1,-0.124328135002202,0.122411824954276,0.242245234895387
SUMO2,-0.137503523749935,0.0486179822789246,0.125562499321768
SUMO3,-0.495695162624069,0.00016545376951922,0.00167938845899351
SUN1,-0.214124805352847,0.00307435915930551,0.0165512669205378
SUN2,-0.176322772640463,2.28723203499458e-05,0.00034215214752618
SUOX,-0.124328135002202,0.0175141819637928,0.059650423452281
SUPT3,0.137503523749935,0.0639727758929063,0.153057846422034
SURF1,0.687060688339892,0.0121105031049499,0.0458023151303554
SURF4,-0.250961573533219,0.00010281101714667,0.00115124429665399
SURF6,-0.0143552929770701,0.938933506758461,0.964343918953097
SUSD2,-0.028569152196771,0.658273813444649,0.772807206596535
SUV3,-0.111031312388744,0.00477942648461657,0.0231722477265488
SVEP1,0.422233000683048,3.15196475369215e-06,6.81678071155979e-05
SVIL,0.111031312388744,0.143207167883745,0.271073223925398
SVIP,0.0285691521967709,0.718839326570563,0.814988945912975
SWAHB,-0.176322772640463,0.636715468627785,0.755131116584704
SWAHC,-0.0840642647884746,0.443613857503858,0.593344075977234
SWP70,0.0426443374084937,0.383138900906813,0.53745486026695
SYAC,-0.16349873228288,0.00034916380101816,0.00308481413193108
SYAM,-0.028569152196771,0.719078586679573,0.81503331348822
SYAP1,0.0143552929770701,0.823782445146821,0.891119553191074
SYBU,-0.028569152196771,0.701754228329974,0.802957756580146
SYCC,-0.124328135002202,0.00511367725350114,0.0243390549996021
SYCM,0.0565835283663675,0.470800330692174,0.616006410946418
SYDC,-0.150559676575381,0.00047500130855644,0.00389713533665475
SYDE1,0.0976107966264223,0.479276594838092,0.624356015693788
SYDM,0.111031312388744,0.161892332420995,0.297107840457703
SYEM,0.124328135002202,0.0840528411423175,0.18538307705709
SYEP,-0.0426443374084937,0.0998517310274743,0.209950255413663
SYF1,0.111031312388744,0.23151774097867,0.380544629080366
SYF2,0.0426443374084937,0.66048769653182,0.773783031338373
SYFA,0.0143552929770701,0.742620604501128,0.833622196863863
SYFB,-0.189033824390017,3.13670322615145e-06,6.80708778993543e-05
SYFM,0.0285691521967709,0.677040251744862,0.786250781345633
SYHC,-0.0426443374084937,0.186644944187493,0.327692035100375
SYHM,0.0426443374084937,0.366161447506848,0.520366683562582
SYIC,-0.070389327891398,0.0364850301272379,0.101363386981695
SYIM,-0.0840642647884746,0.072076633983414,0.167040005359736
SYJ2B,-0.263034405833794,0.0006007584915859,0.00464216992896467
SYK,-0.150559676575381,0.0008635153582959,0.00621731057973048
SYLC,-0.070389327891398,0.0718924212081171,0.166774830770049
SYLM,-0.070389327891398,0.449808464216771,0.598501624926771
SYMC,0.0285691521967709,0.322404957003715,0.478205802691673
SYMM,0.137503523749935,0.162915689166041,0.298350922226964
SYMPK,0.0565835283663675,0.624446627825744,0.74538841350628
SYNC,0.238786859587116,0.0005675741910021,0.00443917925632505
SYNE1,-0.0426443374084937,0.446453715051531,0.59516861407804
SYNE2,-0.0565835283663676,0.203609679693416,0.34811561747849
SYNE3,-0.214124805352847,0.00819883902683991,0.0339674140029914
SYNEM,-0.0143552929770701,0.950889942632948,0.970624866257196
SYNJ1,-0.214124805352847,0.02741721172977,0.0823478359322215
SYNJ2,0.189033824390017,0.117527387648217,0.235421475413901
SYNM,-0.0565835283663676,0.470606435765859,0.61585730951931
SYNP2,0.150559676575381,0.122603112378076,0.242499198398125
SYNPO,0.124328135002202,0.0198702121807929,0.0655589356063505
SYNRG,-0.176322772640463,0.0004827149642415,0.00393111636841069
SYPL1,0.0976107966264223,0.343672631036972,0.499274740620183
SYPM,-0.0143552929770701,0.902275236695603,0.942345461521883
SYQ,-0.124328135002202,0.00062957090623564,0.00481172049765811
SYRC,-0.189033824390017,1.32726887243552e-05,0.000221806494430439
SYRM,-0.150559676575381,0.0215285008792052,0.0694537566052751
SYS1,-0.443606651475615,0.0128382854548417,0.047785141934352
SYSC,-0.263034405833794,7.54750817710565e-10,1.07677783326707e-07
SYSM,0.0426443374084937,0.302548744087792,0.458284609605259
SYTC,-0.31034012061215,1.6672756058713e-06,4.33245273149506e-05
SYTC2,0.0565835283663675,0.584702266416016,0.71414234363325
SYTL4,0.27500704749987,0.00367129292761564,0.0190247346387814
SYTM,0.22650852980868,0.0112369270114357,0.0430817986269929
SYUA,0.454175893185802,0.0107302422148608,0.0416033145562595
SYUB,-0.0976107966264223,0.328857914935833,0.484143202114591
SYUG,-0.286881147788162,0.00031545587414702,0.00285243198876601
SYVC,-0.0565835283663676,0.148110555641611,0.278032095678112
SYVM,0.070389327891398,0.264317035465844,0.418131096761573
SYVN1,-0.286881147788162,0.00054383553501106,0.00431611816292746
SYWC,-0.0143552929770701,0.903080240941533,0.942727873341664
SYWM,-0.214124805352847,0.00145900015278468,0.00919307047057946
SYYC,-0.070389327891398,0.103819901893165,0.21611146289785
SYYM,-0.028569152196771,0.552584724658634,0.688440916925385
SZRD1,-0.0976107966264223,0.0666957917468324,0.158002576758179
SZT2,0.0976107966264223,0.373749197699229,0.528129827416519
T106B,-0.0976107966264223,0.297295834434086,0.452910244904133
T10B,0.344828496997441,0.00773541583280864,0.0327257790093123
T11L1,-0.389566811762726,9.6111374193823e-06,0.000171398617312318
T120A,-0.37851162325373,8.15249296889426e-05,0.000950916880073675
T126A,-0.0976107966264223,0.155294868720501,0.287594151111235
T132E,0.250961573533219,0.0137734106121384,0.0500756750145891
T161A,0.263034405833794,0.037496544334511,0.103650296933288
T176B,0.137503523749935,0.054261898913841,0.136523079435738
T179B,0.22650852980868,0.10411692060421,0.21627834790667
T185A,-0.0840642647884746,0.399478422438666,0.551537950979836
T22D1,-0.137503523749935,0.0991112985878331,0.208906551113725
T22D2,-0.443606651475615,0.00135755173313212,0.00875927851930473
T22D4,0.0565835283663675,0.424272609158035,0.574849838366778
T23O,-0.0143552929770701,0.9435787041918,0.966444769435581
T2AG,0.0565835283663675,0.524513215798362,0.665379518279364
T2EA,0.333423733725192,0.205569210388599,0.350609961663442
T2EB,0.111031312388744,0.325214405085213,0.481137603660026
T2FA,0.189033824390017,0.0831175525609871,0.184086671025948
T2FB,0.22650852980868,0.00127806783075296,0.00835134399331705
T2H2L,-0.356143810225275,0.00074111537874093,0.00548995469021166
T3HPD,-0.070389327891398,0.325504827398242,0.481137603660026
T4S1,-0.214124805352847,0.381874998567906,0.536267770500756
T4S4,0.070389327891398,0.686884232245575,0.793879019932212
T4S5,1.75274859140713,0.0692242116076553,0.162592477507737
TAB1,0.070389327891398,0.26028465772253,0.414173717800586
TAB2,0.070389327891398,0.564169224786024,0.697363942382037
TACC1,0.31034012061215,9.03774326038465e-05,0.00103765684169901
TACD2,0.0840642647884745,0.397146049897922,0.54969694006712
TACO1,0.526068811667588,0.00824307883273293,0.0341239545015446
TADA3,-0.263034405833794,0.189736546214394,0.331415397136885
TADBP,-0.238786859587116,3.28965105018312e-05,0.000451106735492088
TAF13,0.20163386116965,0.285821008702605,0.439953057151822
TAF1L,-0.27500704749987,0.00832918243790735,0.0343511892407057
TAF4,0.0426443374084937,0.636211479374625,0.75510294825175
TAF5,0,0.967932167494234,0.981177555049418
TAF6,0.27500704749987,0.0600590277719145,0.146558366742651
TAF6L,0.0143552929770701,0.933638794770686,0.961855211943483
TAF8,-0.214124805352847,0.0595512133660884,0.145691504532342
TAF9B,-0.0426443374084937,0.725616130986459,0.820070755319822
TAGL,-0.356143810225275,0.00261939826041973,0.0146442991279199
TAGL2,-0.250961573533219,0.00534730946923704,0.025163088223949
TAGL3,-0.516015147003665,0.00053962174104152,0.00430356717700194
TALDO,0.0285691521967709,0.46865693366216,0.613727536930312
TAM41,0.250961573533219,6.07750603784506e-06,0.000117052766288896
TANC1,0.189033824390017,0.0142616001791858,0.0513897884847743
TANK,-0.250961573533219,1.21226329346533e-05,0.000205710934203897
TAOK1,-0.070389327891398,0.564543120977508,0.697440699809288
TAOK3,-0.070389327891398,0.0985625020403269,0.207977407756417
TAP1,0.263034405833794,0.00856885288056582,0.0349467668564738
TAP2,0.137503523749935,0.00854942956063417,0.0349230144937039
TAPT1,-0.286881147788162,0.00290347802188129,0.0158641097025344
TARA,0.189033824390017,0.00139860876081497,0.00891222654534204
TARB1,-0.344828496997441,0.0268315709736034,0.0811265395528417
TARSH,-0.150559676575381,0.0652342093708685,0.155167631021714
TASOR,-0.0426443374084937,0.463912233641426,0.61104117763268
TATD1,-0.344828496997441,8.81230091853037e-08,4.40843936859467e-06
TATD3,0.238786859587116,0.0319173075450988,0.0921028294725268
TAU,0.124328135002202,0.527222835358508,0.667497900345431
TAXB1,1.16992500144231,0.00774450772452354,0.0327462609822883
TB10A,0.22650852980868,0.199868266166244,0.34347203268899
TB10B,-0.0426443374084937,0.707028319530703,0.806715961739416
TB10C,0.432959407276106,0.00601528448300993,0.027483040630295
TB182,0.0143552929770701,0.768138646949339,0.850738949985294
TB22A,0.176322772640463,0.00531184425433397,0.0250703809407075
TBA1A,-0.189033824390017,1.92440479399428e-05,0.000295330966791473
TBA1B,-0.16349873228288,0.0872610191109984,0.190010992433898
TBA1C,0.0426443374084937,0.354159169013909,0.509396880232817
TBA4A,-0.070389327891398,0.452681197775992,0.600841581123287
TBA4B,-0.495695162624069,0.00117933959665091,0.00785275043439811
TBA8,0.0565835283663675,0.60236324931591,0.727595872174627
TBAL3,0.176322772640463,0.131917192282458,0.255539946168892
TBB1,-0.0976107966264223,0.0588270716959732,0.144747288516697
TBB2A,-0.111031312388744,0.0041560365933104,0.0209337377990652
TBB2B,0.0976107966264223,0.769074551509877,0.851285969085071
TBB3,-0.111031312388744,0.0162518689872,0.056500179908569
TBB4A,-0.150559676575381,0.0179406688879628,0.0605674465875834
TBB4B,0.464668267003444,0.0789933605456447,0.177008367328201
TBB5,0.0426443374084937,0.544773036361458,0.681652017561909
TBB6,-0.321928094887362,0.00028340600673081,0.00261480224653193
TBB8,-0.37851162325373,2.70342478277403e-06,6.10767874677159e-05
TBC13,-0.0143552929770701,0.833112846864603,0.897261193144039
TBC15,-0.27500704749987,9.63145682754486e-08,4.75645791021831e-06
TBC17,-0.0565835283663676,0.280254424607026,0.434428728564908
TBC20,0.250961573533219,0.00460972047115294,0.0225624437800268
TBC23,0.0285691521967709,0.550231080753267,0.686252265844774
TBC24,-0.0976107966264223,0.248838734466928,0.401057240655484
TBC8B,-0.028569152196771,0.692857452341583,0.797857542827543
TBC9B,-0.0840642647884746,0.222936092248493,0.370017820788333
TBCA,0.0976107966264223,0.253658090294539,0.406697591598154
TBCB,-0.150559676575381,0.0273287182028921,0.0822802044522626
TBCC,0,0.993908893990502,0.996366183383582
TBCD,-0.124328135002202,0.00201075800122406,0.0117533229449394
TBCD1,-0.0426443374084937,0.659597095314446,0.773680880374923
TBCD4,0.0976107966264223,0.208269427842952,0.353571545196585
TBCD5,-0.0840642647884746,0.0801460207330125,0.178710548112049
TBCD9,0.238786859587116,0.283478544828728,0.437396096407074
TBCE,0.0976107966264223,0.545256038256526,0.682039795754046
TBCEL,-0.0143552929770701,0.858297889594782,0.913178696511283
TBCK,-0.0976107966264223,0.114389381447699,0.230876550870598
TBD2A,0.137503523749935,0.253987544250619,0.407141082169532
TBD2B,0.176322772640463,0.0054881750781736,0.0256092675967592
TBE,0.0426443374084937,0.654982361316253,0.770409923347306
TBG1,-0.0840642647884746,0.00399439063010435,0.0203085165481454
TBK1,0.0840642647884745,0.0614450291317275,0.148952959229336
TBL1R,-0.36737106564853,1.2034646057217e-06,3.34710878067869e-05
TBL1X,-0.263034405833794,0.0335018943223175,0.0956612272101101
TBL2,0,0.929875555576059,0.960482453526015
TBL3,0.124328135002202,0.0901911311166723,0.193978915165506
TBP,-0.286881147788162,0.0168913475375671,0.0580164696519915
TBPL2,0.333423733725192,0.11130709706299,0.226017363145302
TBRG4,0.0840642647884745,0.301921376779638,0.45787446588786
TCAF1,0.0143552929770701,0.860779115690367,0.914799498331691
TCAL3,0.150559676575381,0.09816919962919,0.207488481191572
TCAL4,-0.722466024471091,1.06274801688312e-05,0.000186501383190605
TCEA1,0.137503523749935,0.135133957149658,0.260463348981978
TCEA3,-0.028569152196771,0.758407861372849,0.845186484017999
TCF25,0.22650852980868,0.0697836167671072,0.163507598410521
TCO1,0.22650852980868,0.191417940736283,0.333337209636601
TCOF,-0.0426443374084937,0.445425144606154,0.594800408407195
TCP4,0.070389327891398,0.245902060624438,0.397738709857374
TCPA,-0.0840642647884746,0.0522302200195063,0.132755399218171
TCPB,0.0285691521967709,0.632382808069535,0.751832894038225
TCPD,-0.0840642647884746,0.0990054789488761,0.208740615714872
TCPE,-0.0426443374084937,0.166129483708857,0.301996588601471
TCPG,-0.0565835283663676,0.132855266920848,0.256777966973962
TCPH,0.0143552929770701,0.650551652753974,0.76645510518682
TCPQ,-0.0840642647884746,0.0360705128427413,0.100636180614297
TCPR1,0.0285691521967709,0.917345736735563,0.953485099272906
TCPR2,0.389566811762726,0.00457549903883623,0.0225093515933552
TCPW,-0.111031312388744,0.280341493985125,0.434428728564908
TCPZ,0.0426443374084937,0.260774301022983,0.414646929995303
TCRG1,-0.0143552929770701,0.855142485215935,0.910576047837396
TCTP,-0.22650852980868,0.00114444203528161,0.00770554914701567
TCTP8,0.20163386116965,0.0365680529777016,0.101557418940235
TDIF1,0.0285691521967709,0.773568553858551,0.85471075864518
TDIF2,0.16349873228288,0.0177371013538264,0.0601173026088335
TDRD7,0.0285691521967709,0.748035162764291,0.837868987196292
TDRKH,0.0285691521967709,0.796987170121606,0.871732658144985
TE2IP,0.0426443374084937,0.644593901315715,0.761532190727844
TEBP,-0.495695162624069,2.227550160571e-10,4.18562108220463e-08
TECR,-0.422233000683048,8.52229813715203e-08,4.30745330168552e-06
TECT3,-0.0840642647884746,0.416006653284689,0.567844659267407
TEFM,0.0840642647884745,0.504937694726338,0.649422370646362
TELO2,0.0976107966264223,0.309395264889977,0.464993096654999
TENA,0.20163386116965,0.115800928209565,0.233053905675676
TENS1,-0.238786859587116,0.00201823207963297,0.0117791363193124
TENS3,-0.20163386116965,0.00128205593550988,0.0083703041755662
TENX,-0.16349873228288,0.0514654138392745,0.131070925030668
TENXA,0.070389327891398,0.41708718693619,0.568714989054231
TEP1,0.0285691521967709,0.709426713657424,0.807897029122956
TERA,-0.0976107966264223,0.00251798661421281,0.0142010021053408
TERF2,-0.0565835283663676,0.64024196100444,0.758134655330188
TES,0.238786859587116,0.00888737806177701,0.036017022928948
TETN,-0.20163386116965,0.0520481430957924,0.132379958537466
TEX10,-0.0426443374084937,0.805828746137125,0.877718741727755
TEX2,0.137503523749935,0.19304603964458,0.335061980056284
TF2AA,-0.464668267003444,0.0118367724914012,0.0450101161272235
TF2B,-0.137503523749935,0.188663672580435,0.330182856328867
TF2H1,-0.22650852980868,0.00793375950490574,0.033326981039146
TF2H4,0.250961573533219,0.213476951595048,0.359443146222895
TF3B,-0.028569152196771,0.7269256139705,0.821028431319269
TF3C1,0.150559676575381,0.0549938771973876,0.137734990223886
TF3C2,-0.20163386116965,0.0754525939421466,0.171777954896339
TF3C3,-0.0976107966264223,0.0913254407265381,0.195653836306243
TF3C4,-0.432959407276106,0.00014572577486479,0.00151053704607845
TF3C5,-0.263034405833794,0.0002940496261333,0.00268089741979993
TF65,-0.214124805352847,9.15490363081879e-05,0.00104798480790235
TFAM,0.250961573533219,0.00299191328329743,0.0162093529778646
TFB1M,0.189033824390017,0.0235364219364642,0.0741613883838528
TFB2M,0.20163386116965,0.00769121701190386,0.0326694390702609
TFCP2,0.0840642647884745,0.200659458293174,0.344404622609822
TFDP1,-0.028569152196771,0.633146178529722,0.752392127008018
TFE3,0.22650852980868,0.411353509877739,0.563189521965186
TFEB,0.0976107966264223,0.384554373708686,0.538776475827758
TFG,0.0143552929770701,0.698599160864372,0.800536655555425
TFIP8,0.20163386116965,0.232202201134533,0.381262949177417
TFP11,0.137503523749935,0.238198725343515,0.388871154915541
TFPI1,0.411426245726465,1.18736441170794e-05,0.000202377332473406
TFR1,0.0426443374084937,0.699980967068949,0.80156262756723
TFR2,-0.214124805352847,0.00111036342307852,0.00753014067904658
TGBR3,-0.298658315564515,0.00073390965300104,0.00544705199105974
TGFA1,-0.028569152196771,0.534240506887295,0.673394775042493
TGFB1,-0.070389327891398,0.474864425100473,0.619850140795331
TGFB2,0.20163386116965,0.22692721074439,0.374758248997809
TGFB3,0.526068811667588,0.0038205696247764,0.0195963171699583
TGFI1,-0.422233000683048,0.00101443386370472,0.00704492827928573
TGFR2,0.137503523749935,0.114488787414328,0.231016662713458
TGM2,-0.137503523749935,0.121303771189519,0.240608716077254
TGON2,-0.137503523749935,0.0236715316294457,0.0743619409038642
TGT,0.0565835283663675,0.408174431596531,0.559632643000476
THA11,0.0285691521967709,0.709575442795004,0.80794697181388
THADA,-0.150559676575381,0.238601013906122,0.389280434377968
THAS,0.0565835283663675,0.41029201204078,0.562135810201346
THBG,0.250961573533219,0.0152377185214501,0.0536523690535885
THEM4,0.495695162624069,0.00929888427810746,0.0372931914274567
THEM6,-0.321928094887362,1.10072060330259e-05,0.000191080137195161
THG1,-0.150559676575381,0.136704468688872,0.262220264970561
THIC,-0.464668267003444,0.0001367403914378,0.00144505895149082
THIK,0.0143552929770701,0.837485862901035,0.899733801114151
THIL,0.0840642647884745,0.421463537776152,0.572352387630438
THIM,0.137503523749935,0.310724345257167,0.466268086455242
THIO,-0.422233000683048,1.45974519514499e-09,1.65380543873485e-07
THIOM,-0.214124805352847,0.0101472749016352,0.039844706954633
THMS2,0.0426443374084937,0.550148427496774,0.686252265844774
THNS1,-0.0840642647884746,0.144847475543753,0.273372109649454
THNS2,-0.356143810225275,0.00243419094803895,0.0138194598848136
THOC1,-0.150559676575381,0.159119552019655,0.292846877391166
THOC2,-0.0143552929770701,0.86068531629597,0.914799498331691
THOC3,-0.0565835283663676,0.456050040209728,0.603479898792314
THOC4,-0.176322772640463,0.00020908957470579,0.00204160466861015
THOC5,0.0840642647884745,0.311407947472076,0.467111921208114
THOC6,-0.176322772640463,0.0121779603300536,0.0459421854783273
THOP1,-0.0976107966264223,0.120453068046506,0.239414457231755
THRB,0.150559676575381,0.0635740687736312,0.152293105047281
THSD4,0.176322772640463,0.186812039999655,0.327778826852192
THTM,-0.22650852980868,0.00012146257536811,0.0013105709812828
THTPA,-0.176322772640463,0.118404591627813,0.236362653239762
THTR,-0.0565835283663676,0.66577142162549,0.778552372829808
THUM1,-0.150559676575381,0.0128330993776486,0.047785141934352
THUM3,-0.0143552929770701,0.685538936141263,0.792763729215294
THY1,0.189033824390017,0.13275981121133,0.256657863380699
THYN1,0.0426443374084937,0.537587747426019,0.676144018748196
TI17A,0.189033824390017,0.141755089349976,0.269051788211928
TI17B,-0.0840642647884746,0.261478664496809,0.415192760664947
TI23B,0,0.94413436150722,0.966464406198727
TIA1,0.176322772640463,0.00083025410802578,0.00601719440096953
TIAR,-0.238786859587116,0.00040867447164871,0.00350604468773014
TIDC1,-0.124328135002202,0.0864073736291799,0.188632022227034
TIE1,0.16349873228288,0.486421110228281,0.631071754874948
TIF1A,0.0426443374084937,0.647384148912575,0.764008499268149
TIF1B,0.111031312388744,0.0385493641743417,0.105952301676464
TIGAR,0.0840642647884745,0.186527688582307,0.327635502243067
TIM10,0.124328135002202,0.123709240260725,0.244060432002209
TIM13,-0.070389327891398,0.357135015557066,0.512059870040332
TIM14,0.070389327891398,0.379900668583374,0.534079334081444
TIM16,0,0.93055067185911,0.960532407894791
TIM21,-0.137503523749935,0.0809000009372643,0.180027038480845
TIM22,-0.31034012061215,0.00073139442393408,0.00543886355404262
TIM29,-0.250961573533219,0.0458208990022729,0.12027400542198
TIM44,0.0285691521967709,0.544453810460393,0.681473948949938
TIM50,0.0976107966264223,0.090222098536896,0.193991361185668
TIM8A,0.124328135002202,0.440967977762936,0.590923169366091
TIM8B,0.16349873228288,0.0558902261747479,0.139345728948303
TIM9,0.137503523749935,0.108965026549726,0.222906682033746
TIMP1,0.176322772640463,0.139663999078051,0.266066134742162
TIMP2,0.16349873228288,0.109614908854618,0.223642282260587
TIMP3,-0.903038270112912,4.214659924496e-07,1.47589727537805e-05
TINAL,-0.475084882948783,2.57376843193846e-07,9.96397587922306e-06
TIP,0.22650852980868,0.00170537858498049,0.0103288023731837
TIPRL,-0.454175893185802,1.08461546383043e-07,5.0950472764327e-06
TISB,0.422233000683048,0.0795135087668916,0.17771165405864
TISD,0.250961573533219,0.00807526601942836,0.0336644206783961
TJAP1,0.0426443374084937,0.520992848011524,0.662878431227214
TKFC,-0.464668267003444,5.69957510860764e-05,0.000703678311485789
TKT,0.0840642647884745,0.293119772669976,0.448314441392881
TKTL1,1.4541758931858,0.03994876010963,0.108827881147309
TKTL2,-0.389566811762726,0.0135016937918569,0.0495319280821265
TLDC1,-0.0426443374084937,0.750660341539082,0.840198644663241
TLE1,0.137503523749935,0.128912300298018,0.251824451090064
TLE3,0.263034405833794,0.109540783529982,0.223609484980122
TLK1,-0.321928094887362,0.0547765457881223,0.137414037366231
TLN1,-0.150559676575381,0.00033049109416041,0.00295371622901601
TLN2,-0.16349873228288,0.00961133914792303,0.0382569247217654
TLR2,0.344828496997441,7.709225076719e-05,0.000906746106733484
TLR3,-0.0143552929770701,0.810617704718898,0.881670182104844
TLR7,-0.250961573533219,0.259982902527981,0.413909543516339
TLR8,-0.111031312388744,0.455734953931234,0.603365481117493
TM101,0.0976107966264223,0.517678070828931,0.660187362633022
TM109,-0.400537929583729,0.00046032740412186,0.00382738935243534
TM119,0.250961573533219,0.0196346555693801,0.064920766740989
TM134,0.55581615506164,2.23243547661668e-07,8.91123466935487e-06
TM135,-0.189033824390017,0.0084222024023065,0.034586698991135
TM141,-0.0565835283663676,0.551348549719658,0.687423406221111
TM143,-0.31034012061215,0.0257454883313752,0.0788014470023498
TM147,-0.622930350920177,4.32706009990257e-08,2.50644142929695e-06
TM14C,-0.028569152196771,0.84761158328425,0.906315008691445
TM160,0.22650852980868,0.275373282092499,0.429187895051712
TM165,0.31034012061215,0.00164348356952046,0.0100169283382798
TM177,0.31034012061215,0.260310117028873,0.414173717800586
TM186,0.250961573533219,0.194332211233713,0.336704411472834
TM192,0.263034405833794,0.0005668925307264,0.00443835371617499
TM199,0,0.989024352957161,0.993570141743739
TM1L1,0.176322772640463,0.0216775645511239,0.069798745322238
TM1L2,0.20163386116965,0.0356700539966075,0.100000762732847
TM201,0.321928094887362,0.00578936352230785,0.0267073392669818
TM205,-0.238786859587116,0.00459755978495113,0.0225579810396184
TM209,-0.250961573533219,0.00285871392625232,0.0156862764158461
TM214,-0.0976107966264223,0.0317160309115987,0.0917537747438815
TM222,-0.0976107966264223,0.18493846853834,0.325759482580344
TM223,0.0840642647884745,0.584856120674685,0.71414234363325
TM230,0.0426443374084937,0.599677105875415,0.726172968196196
TM231,0.111031312388744,0.420169426223482,0.571199092928482
TM245,-0.137503523749935,0.0620023150743712,0.149818440843399
TM258,-0.20163386116965,0.224132148356584,0.371336359341747
TM260,-0.823749360308273,0.00909414364633161,0.0367390050610061
TM263,0.286881147788162,0.00027568632862158,0.00256914312005102
TM38A,0.333423733725192,0.147666401787696,0.277517688548353
TM41A,-0.0976107966264223,0.123888000966843,0.24428798552561
TM55A,-0.137503523749935,0.35060264085221,0.506097572629834
TM55B,0.286881147788162,0.0120122654286569,0.045542565385026
TM7S3,0.0840642647884745,0.352984861089276,0.508488289048576
TM9S1,0.150559676575381,0.0292428869665683,0.0864494248620269
TM9S2,0.238786859587116,0.0590760289433763,0.145063159799423
TM9S3,0.16349873228288,0.0107826210961454,0.0417224072951804
TM9S4,0.389566811762726,7.49353631831975e-08,3.92722474805002e-06
TMA16,-0.22650852980868,0.0665903913359397,0.157849961492948
TMA7,0.321928094887362,0.00266940763334799,0.0148591881555729
TMCC3,-0.0565835283663676,0.66146266528304,0.774454160082149
TMCO1,0.0976107966264223,0.180758074569836,0.321088357501964
TMED1,-0.070389327891398,0.180607796550661,0.321088357501964
TMED2,-0.124328135002202,0.249845966117176,0.402259837610601
TMED3,0.0976107966264223,0.535101049451925,0.674350413112518
TMED4,-0.0143552929770701,0.79255998752861,0.86817604776346
TMED5,-0.411426245726465,8.50798229393299e-06,0.00015422469551167
TMED7,-0.214124805352847,0.00036825680959735,0.00320933310083482
TMED8,0.124328135002202,0.267728210905743,0.421929002480757
TMED9,-0.0426443374084937,0.537650345126097,0.676144018748196
TMEDA,0.0976107966264223,0.230691931895734,0.379511134598491
TMEM2,0.111031312388744,0.0377316595128153,0.104188066267645
TMF1,0.124328135002202,0.00276321882223918,0.0152910784303858
TMLH,-0.137503523749935,0.0602957662345166,0.146906572761137
TMM11,0.0565835283663675,0.52056129104153,0.662767176695414
TMM26,0.454175893185802,0.00851447294344693,0.0348615534214064
TMM33,-0.333423733725192,4.234439182877e-06,8.81678904456335e-05
TMM43,0.0565835283663675,0.365037119871855,0.51948930954763
TMM56,-0.31034012061215,0.00046071760257091,0.00382738935243534
TMM62,-0.20163386116965,0.0695293486294054,0.163010986561454
TMM68,0.070389327891398,0.451353879121607,0.599912294289373
TMM70,0.286881147788162,0.00284147669981199,0.0156028057700296
TMM82,-0.6959938131099,0.00014765938494452,0.00152081270269062
TMM97,-0.0426443374084937,0.829553234471391,0.894830316209409
TMM9B,0.422233000683048,0.0497411789239697,0.127692783215682
TMOD1,-0.0426443374084937,0.523710144358087,0.664579633031577
TMOD2,0.189033824390017,0.00280260999010248,0.0154333862499996
TMOD3,0.070389327891398,0.0595201258170972,0.14568253067816
TMPSD,0.20163386116965,0.201038356927673,0.344718625130726
TMTC3,0.0976107966264223,0.0844964807578063,0.186189230230177
TMUB1,0.214124805352847,0.0715341040870633,0.166150941631779
TMX1,-0.0976107966264223,0.27916926546379,0.433176237891851
TMX2,-0.0565835283663676,0.302532088448014,0.458284609605259
TMX3,0.400537929583729,2.65148132914758e-06,6.07946790468838e-05
TMX4,-0.124328135002202,0.0461306988857211,0.120840157842773
TNAP2,0.0143552929770701,0.762571419062322,0.848345189790433
TNAP3,0.687060688339892,0.0678259571005962,0.159844347966654
TNG2,0.189033824390017,0.00059404748417701,0.00460017512774909
TNIK,-0.0840642647884746,0.365877759994146,0.520155427753257
TNIP1,0.150559676575381,0.192466829591837,0.3344938266408
TNIP2,0.250961573533219,0.119166747287365,0.237347626965321
TNK1,-0.0565835283663676,0.693062638465118,0.797857542827543
TNNC2,-0.22650852980868,0.341428037208641,0.496669486150939
TNPO1,-0.0565835283663676,0.112412326027891,0.228074241498934
TNPO2,-0.028569152196771,0.793695406709538,0.868925595181225
TNPO3,-0.356143810225275,6.77799034756329e-15,7.45966251966108e-12
TNR16,0.124328135002202,0.214407319612416,0.360181855711743
TNR3,0.137503523749935,0.386566695864496,0.540491801259542
TNR5,0.137503523749935,0.10157182488066,0.212696205186356
TNR6,0.20163386116965,0.02583282742467,0.078974643841134
TNR6B,0.124328135002202,0.0544622543673265,0.136893053065541
TNS2,-0.263034405833794,0.0005901000884305,0.00458741784184518
TOE1,0.124328135002202,0.467855493469225,0.613357031839282
TOIP1,0.0285691521967709,0.544646333782301,0.681604183797733
TOIP2,0,0.983096581575508,0.990813195245645
TOLIP,0.111031312388744,0.0128661821585891,0.047809661285875
TOM1,0,0.893899018332564,0.936315164817685
TOM20,-0.0143552929770701,0.921968461157461,0.955882779195221
TOM22,0.238786859587116,0.00014117766769932,0.00148381002995302
TOM34,0.0426443374084937,0.569311223383246,0.701419105220618
TOM40,0.189033824390017,0.00148687987328074,0.00929782674006073
TOM6,-0.176322772640463,0.0754605374916149,0.171777954896339
TOM7,0.150559676575381,0.319237168076808,0.475155166704739
TOM70,-0.0426443374084937,0.419530013644337,0.570631925338272
TOP1,0.0565835283663675,0.446230936806652,0.595077572642972
TOP1M,0.7311832415722,0.00508366851812626,0.0242505153335261
TOP2A,-0.070389327891398,0.177048749184024,0.316758984816657
TOP2B,0.0840642647884745,0.0895104741689293,0.193023658931634
TOP3A,-0.214124805352847,0.029103349072665,0.0861360742434926
TOR1A,-0.0143552929770701,0.839402415083478,0.901290063526566
TOR1B,-0.176322772640463,0.0907718561779403,0.194738618767712
TOR4A,-0.124328135002202,0.0620715175432365,0.149882980050815
TOX,0.0285691521967709,0.893842809403454,0.936315164817685
TOX4,-0.0565835283663676,0.625218890945398,0.745881001115215
TP4A1,-0.485426827170242,2.74337486891158e-05,0.000392843122492469
TP4A2,0.641546029087524,0.0431746159017535,0.115092470902114
TP53B,-0.0976107966264223,0.362196639505886,0.51702110630968
TP8L1,0.150559676575381,0.155896636796617,0.28834456649808
TP8L2,0.150559676575381,0.230952179236927,0.379858153040411
TP8L3,-1.02856915219677,7.44219744294501e-08,3.92703350003071e-06
TPA,-0.16349873228288,0.150795684128672,0.281521005775799
TPC,0.20163386116965,0.0200669353245343,0.0660383040325554
TPC1,0.0840642647884745,0.609870156112543,0.734131200420474
TPC10,-0.333423733725192,4.27775834452273e-05,0.000560473644323182
TPC11,0.0976107966264223,0.277214972953366,0.431273051622119
TPC12,-0.0565835283663676,0.323889590042916,0.47976262289764
TPC13,0.0976107966264223,0.168182649219186,0.304913584766227
TPC2A,0.356143810225275,0.0135200161580315,0.0495631946438361
TPC2L,-0.333423733725192,0.00037623864538828,0.00326780442398118
TPC6B,-0.028569152196771,0.633992731446325,0.753165767627215
TPD52,0.0426443374084937,0.391973101371062,0.545143730106941
TPD53,-0.150559676575381,0.0581695034512102,0.143495950876761
TPD54,0.176322772640463,0.0610328469801968,0.148140218379154
TPGS1,0.31034012061215,0.00174407244337968,0.0104851249112868
TPIS,-0.400537929583729,9.31923465177989e-11,2.05129667878035e-08
TPK1,-0.22650852980868,0.00510442341108626,0.024319405045769
TPM1,0.31034012061215,0.0178040926019443,0.060291309628738
TPM2,-0.214124805352847,0.116677988321634,0.234390409916524
TPM3,0.070389327891398,0.304432509237718,0.459421753411827
TPM4,-0.111031312388744,0.194955121984482,0.337242717646343
TPMT,-0.36737106564853,1.47646388074014e-06,4.0051682173317e-05
TPP1,0.0565835283663675,0.445434488565813,0.594800408407195
TPP2,-0.344828496997441,3.97898223604149e-09,3.7844542156128e-07
TPPC1,0.321928094887362,0.00029168730812881,0.00266883494278427
TPPC3,-0.137503523749935,0.0580658364791515,0.143469917971579
TPPC4,0.111031312388744,0.044221190739947,0.117030634528278
TPPC5,-0.0840642647884746,0.332319945963364,0.487655783562239
TPPC8,0.111031312388744,0.130869253945385,0.254343272551778
TPPC9,-0.0426443374084937,0.526338176737488,0.666706562575733
TPPP,0.356143810225275,0.0429326273645059,0.114566318398391
TPPP3,0,0.971269454892468,0.983395962740383
TPR,0.0143552929770701,0.514727279674941,0.657512678264922
TPRGL,0.238786859587116,0.0411645308433518,0.111313283824915
TPRKB,-0.0565835283663676,0.619223124391013,0.741220470837223
TPRN,0.422233000683048,0.0705282567204306,0.164751270398483
TPSN,0.150559676575381,0.0974525505853825,0.206086865141309
TPSNR,0.111031312388744,0.355778253533906,0.510793079617073
TPST1,0.124328135002202,0.0894928792120652,0.193023658931634
TPST2,0.0976107966264223,0.458162927500832,0.605675888882967
TR10A,0.0285691521967709,0.812991120273038,0.882525516497602
TR10C,0.333423733725192,0.113784473656106,0.230137985047687
TR112,-0.189033824390017,0.00915278866588772,0.0368792279717568
TR150,0.0285691521967709,0.569852313983534,0.701973493272969
TR61B,0.55581615506164,0.018115929766947,0.0609454685260086
TRA2A,-0.0426443374084937,0.559343788280043,0.693935984325825
TRA2B,0.0976107966264223,0.0682726080912188,0.160798585366784
TRABD,0.070389327891398,0.60688743733696,0.731550179579511
TRAD1,0.137503523749935,0.209480877359214,0.35484623552669
TRADD,0.150559676575381,0.00949585861769022,0.0379220373532247
TRAF1,-0.250961573533219,0.12457795234988,0.245334495118475
TRAF2,-0.150559676575381,0.010065036274837,0.0396224013599102
TRAF4,-0.111031312388744,0.130807784459896,0.254343272551778
TRAF6,-0.189033824390017,0.00517774712281418,0.0245927027337611
TRAF7,0.298658315564515,0.0664609029191616,0.157640023426484
TRAM1,0.176322772640463,0.16757016267899,0.304113199830139
TRAM2,0,0.98914042151314,0.993570141743739
TRAP1,0.22650852980868,0.0322948291604514,0.0930091079821
TRBM,0.0143552929770701,0.905329313124734,0.943668925492214
TRBP2,0.0426443374084937,0.880079711414512,0.927514924314282
TREX1,0.150559676575381,0.4516398398366,0.600005746870351
TRFE,0.070389327891398,0.548701170691133,0.685353881723402
TRFL,0.895302621333307,0.00362924304620179,0.018853464887349
TRI13,0,0.98534330119744,0.991787365161515
TRI14,0.0976107966264223,0.154418984188149,0.286757364611987
TRI15,-0.411426245726465,0.00151997575872946,0.00945871829180271
TRI18,0.298658315564515,0.0375891237206798,0.103868941586843
TRI22,0.070389327891398,0.612768489741784,0.736010047547662
TRI23,-0.36737106564853,0.0743837536007335,0.170280003779791
TRI25,-0.070389327891398,0.0422308809755994,0.113324726927561
TRI26,0.111031312388744,0.0593557587536826,0.145490539433144
TRI27,0.137503523749935,0.519158268302578,0.661092016534358
TRI32,0.0565835283663675,0.37582280251726,0.530372474424942
TRI33,-0.028569152196771,0.587581239637605,0.716367442659932
TRI38,0.286881147788162,0.029614900796348,0.087214524363557
TRI47,0.176322772640463,0.048140141306624,0.124704656565646
TRI54,-0.263034405833794,0.130848883914964,0.254343272551778
TRI56,0.137503523749935,0.0126549265235025,0.0472581453887849
TRI65,-0.0840642647884746,0.259113130703085,0.41303694577624
TRIA1,0.333423733725192,0.0046707992943075,0.0228155942537193
TRIM2,-0.0840642647884746,0.285691163779222,0.439841072293191
TRIM3,0.111031312388744,0.165017525949207,0.300512361908811
TRIM4,0.20163386116965,0.121728245501506,0.241142021360543
TRIM5,0.137503523749935,0.166083275397104,0.301983845565091
TRIO,0.0285691521967709,0.727552661903757,0.821520310699929
TRIP4,0.176322772640463,0.0081175683373224,0.0337676816796608
TRIP6,-0.124328135002202,0.0122800615372454,0.0462392932956689
TRIPB,0.137503523749935,0.00023886294421767,0.00228880612220514
TRIPC,0.111031312388744,0.0896933839603863,0.19318944552219
TRIQK,0.454175893185802,0.0086063334275454,0.0350439707853117
TRM1,0.16349873228288,0.0167665726933159,0.0577681914263442
TRM11,0.0426443374084937,0.602675560145474,0.727858992845388
TRM1L,-0.400537929583729,9.29349866427949e-05,0.00105912890102972
TRM2A,-0.594548549550354,0.00042088346958486,0.00359477411272923
TRM5,-0.176322772640463,0.245469963987771,0.397540593349125
TRM6,-0.176322772640463,0.012189337457252,0.0459425908858461
TRM61,0.16349873228288,0.0251397514935136,0.0775637346840324
TRM7,0.250961573533219,0.035196529411261,0.0989974671720901
TRMB,0.189033824390017,0.0260984926123816,0.0795028814099596
TRNT1,0.0565835283663675,0.316527651932484,0.472710386157617
TRPM4,0.321928094887362,0.0497639509567329,0.127708686932269
TRPT1,0,0.986842152484294,0.992769906338339
TRPV2,0.298658315564515,0.0527901908694535,0.133701841261622
TRPV4,0.321928094887362,0.00047965177731348,0.00391940231993191
TRRAP,-0.238786859587116,0.00257853535417252,0.0144367996864427
TRUA,-0.0143552929770701,0.766400854061705,0.84982179713037
TRUB1,-0.028569152196771,0.819725771603295,0.88721092222981
TRXR1,0.321928094887362,5.34712762482969e-05,0.000669825548320129
TRXR2,-0.0976107966264223,0.184239491147661,0.325247717644725
TRXR3,0.150559676575381,0.226273154320548,0.374079051692168
TRY1,-2.32768736417605,0.00718659779959688,0.0310693319012875
TRYB1,-0.526068811667588,1.79772311531807e-07,7.69425493356134e-06
TS101,-0.0426443374084937,0.601618320335826,0.72726620741679
TSAP1,0.150559676575381,0.561284968988224,0.695534727535029
TSC1,0.0426443374084937,0.679167370775443,0.787523393204999
TSC2,0.263034405833794,0.0216807369621126,0.069798745322238
TSN,-0.20163386116965,0.0133813978006279,0.0492312744298173
TSN11,-0.20163386116965,0.156226762612099,0.288764630317565
TSN14,-0.124328135002202,0.0968375351228054,0.205067721436529
TSN15,-0.475084882948783,0.00024428150699427,0.0023320225670653
TSN31,0.0285691521967709,0.559862483506181,0.694218666172802
TSN33,-0.0840642647884746,0.680781181466324,0.788801056101152
TSN4,-0.0840642647884746,0.467149048712718,0.612896749589847
TSN6,-0.321928094887362,0.00253670358017759,0.0142756690140897
TSN8,-0.7311832415722,1.6498340293246e-06,4.33245273149506e-05
TSN9,-0.238786859587116,0.0015266698785092,0.00948505221293135
TSNAX,-0.0143552929770701,0.727574387319005,0.821520310699929
TSP1,0.333423733725192,0.00051544238899955,0.00415151699337246
TSP2,0.622930350920177,0.00502774889298565,0.0240601010314186
TSPO,0.214124805352847,0.0226023089091934,0.0719240759340875
TSR1,0.0285691521967709,0.537784423438125,0.676202252026655
TSR2,0.176322772640463,0.21656157623238,0.363074002934752
TSR3,-0.0840642647884746,0.628469820212765,0.748803085715491
TSSC1,-0.20163386116965,0.0208905143272386,0.0680220237354454
TSSC4,-0.263034405833794,0.0270548651058755,0.081769588378056
TSTD1,0.0143552929770701,0.806218687114503,0.878019333549637
TSYL5,0.16349873228288,0.282560582664619,0.436591802817534
TT21B,0.124328135002202,0.198902736140412,0.342485240747008
TT39B,-0.124328135002202,0.281461520203259,0.435505031461319
TT39C,-0.070389327891398,0.473544766689065,0.618861557688305
TTC1,-0.111031312388744,0.110102016741993,0.224339047072286
TTC14,-0.176322772640463,0.0893683946691111,0.192937543906805
TTC17,0.0565835283663675,0.637044045991541,0.755160383184926
TTC19,-0.263034405833794,0.0348387337210408,0.0982781415550708
TTC27,-0.286881147788162,0.00427214255758612,0.021385696077741
TTC28,0.214124805352847,0.551881428868224,0.687865155800161
TTC3,0.27500704749987,0.280324643547478,0.434428728564908
TTC36,-0.20163386116965,0.00467328760804376,0.0228155942537193
TTC37,-0.070389327891398,0.0036214746053253,0.0188258032114886
TTC38,-0.37851162325373,1.07559107726384e-07,5.08365255168136e-06
TTC4,0.0976107966264223,0.208057488318679,0.353289594447235
TTC5,-0.411426245726465,0.0204128239047456,0.0669193171753873
TTC7A,-0.53605290024021,6.63085975843679e-06,0.000125773032540156
TTC7B,0.16349873228288,0.31251732885586,0.468320074208431
TTC9C,-0.250961573533219,0.0177952287828912,0.0602877935547026
TTHY,0.27500704749987,0.031266558123167,0.0906918538331621
TTI1,0.070389327891398,0.881337320219324,0.92820542925081
TTI2,-0.333423733725192,0.0454539015417248,0.11959592126962
TTL12,-0.124328135002202,0.0187222394088755,0.0623883246457532
TTPA,-0.263034405833794,0.00024488658576789,0.0023320225670653
TTPAL,0.0565835283663675,0.536119194540826,0.675100077597666
TTYH3,0.214124805352847,0.0467688794446827,0.122055368306855
TUT7,-0.0565835283663676,0.418237971317006,0.569981484349233
TV23B,-0.575312330687437,0.00562531749633001,0.0261068951757388
TWF1,0.070389327891398,0.149383365893337,0.279807792570452
TWF2,0.22650852980868,0.00134657476862192,0.00870303021599268
TX1B3,-0.0426443374084937,0.678244438322495,0.787164078462866
TX264,-0.137503523749935,0.022544847579673,0.0718599527322304
TXD12,-0.0426443374084937,0.506779082985334,0.650921316325277
TXD17,-0.176322772640463,0.00091887945022257,0.00653651642152787
TXLNA,0.070389327891398,0.28227620007608,0.436239888743454
TXLNG,-0.16349873228288,0.0836441282727755,0.184905126029688
TXN4A,0.27500704749987,0.0618590288465539,0.149580024555509
TXND5,0,0.952851928654127,0.971644110966432
TXND9,0.150559676575381,0.333558555334741,0.488449935430307
TXNIP,0.31034012061215,0.00024948289109348,0.00236701501599036
TXNL1,-0.22650852980868,4.06939471722488e-06,8.54240242547697e-05
TXTP,-0.111031312388744,0.207217785897964,0.352329689374954
TY3H,0.400537929583729,0.509687065155698,0.652914723970651
TYB10,0.641546029087524,0.00014275718350213,0.00149458707399819
TYB4,-0.0426443374084937,0.765284755273339,0.849777133846325
TYDP1,0.970853654340484,0.0051448761431371,0.0244516507135893
TYDP2,-0.0565835283663676,0.213044531921175,0.358988423867177
TYK2,0.632268215499513,0.0105557644939562,0.0410922737046178
TYOBP,0.475084882948783,0.0242776444606149,0.0756002315782446
TYPH,-0.028569152196771,0.638668216026505,0.756687090207499
TYW1B,0,0.985951516132723,0.992261010490795
TYW3,0,0.976834946797499,0.98708505117103
TYY1,0.16349873228288,0.0514521819450658,0.131070925030668
U119B,0.124328135002202,0.251733374143271,0.404284743464615
U2AF1,-0.0426443374084937,0.420368045935366,0.571361257546976
U2AF2,-0.0976107966264223,0.0150243618362811,0.053092459127065
U3IP2,0.124328135002202,0.013929919270532,0.050573090509038
U520,-0.124328135002202,0.00028149264237918,0.00260518916903177
U5S1,-0.16349873228288,0.00014278505795206,0.00149458707399819
UACA,0.0565835283663675,0.259333018415158,0.413216457884256
UAP1,-0.632268215499513,1.16368253962613e-12,5.9766735235198e-10
UAP1L,0.27500704749987,0.00097340971125716,0.00679886529059398
UB2D1,-0.0565835283663676,0.614976258455255,0.737856579214964
UB2D2,0.263034405833794,0.0701617752029227,0.164144037705228
UB2D3,0.604071323668861,0.15779130014346,0.290888771549465
UB2E1,0.176322772640463,0.43756517655584,0.58763064691695
UB2G1,-0.150559676575381,0.0731366992284663,0.168423490661313
UB2G2,-0.028569152196771,0.631045982528946,0.750706956362415
UB2J1,-0.20163386116965,0.0411934768458833,0.111352472147609
UB2J2,0.475084882948783,0.0066533400691543,0.0295943024785016
UB2L3,-0.27500704749987,0.00046282208901898,0.003833958466454
UB2L6,0.070389327891398,0.385585195972203,0.539609146188892
UB2Q1,0.070389327891398,0.503525299470918,0.648245148514682
UB2R2,-0.55581615506164,0.0124670842881619,0.046760670572541
UB2V1,0.0426443374084937,0.41330717608849,0.565261580789229
UB2V2,0.263034405833794,0.212000447458541,0.357698521073281
UBA1,-0.238786859587116,2.79935191666965e-10,5.01539701535418e-08
UBA3,-0.0840642647884746,0.0848698915355677,0.186704067501432
UBA5,-0.0143552929770701,0.803252506554882,0.875655484717534
UBA6,-0.27500704749987,1.76930381590473e-09,1.89315508301806e-07
UBA7,-0.0976107966264223,0.0352392078412656,0.0990451868694309
UBAC1,-0.028569152196771,0.763950335180544,0.848907166050903
UBAC2,0.124328135002202,0.0556362263050935,0.1388726511707
UBAP1,0.124328135002202,0.341181248971889,0.496497986792488
UBAP2,-0.214124805352847,0.00584204300275352,0.0268859613460054
UBC12,-0.0976107966264223,0.129662162397997,0.252570745667299
UBC9,-0.137503523749935,0.00799219200752039,0.0334751239529096
UBCP1,-0.124328135002202,0.155924644863837,0.28834456649808
UBD,0.782408564927373,0.00039582044677892,0.00341478244343203
UBE2A,0.0565835283663675,0.786767941046083,0.864289208301586
UBE2B,0.0976107966264223,0.342467714923263,0.497993823285923
UBE2F,0.16349873228288,0.256302952861186,0.409722848283479
UBE2H,-0.31034012061215,0.00175243233569724,0.0105064114507483
UBE2K,-0.31034012061215,3.23593073363742e-08,1.952589894625e-06
UBE2N,-0.432959407276106,1.4952871875821e-08,1.04724477210295e-06
UBE2O,-0.070389327891398,0.266839325778026,0.421083606266676
UBE2Z,0.0426443374084937,0.553665995688038,0.689420208627872
UBE3A,-0.20163386116965,8.03765796313349e-05,0.000939637586464043
UBE3C,0.0426443374084937,0.379546686076252,0.533873958285822
UBE4A,0.0426443374084937,0.426778094867418,0.576779947928495
UBE4B,0.0565835283663675,0.335092573678222,0.489951259748913
UBF1,0.356143810225275,3.74671976240188e-08,2.20341443126291e-06
UBFD1,-0.238786859587116,0.00071089171175172,0.0053171939294517
UBIA1,0.176322772640463,0.127062268960025,0.24920766804176
UBIP1,0.150559676575381,0.0151754176840418,0.0535063697198435
UBL4A,-0.028569152196771,0.629921938061468,0.749832912673911
UBL5,-0.214124805352847,0.00047648048852064,0.00390511242932235
UBP10,0.111031312388744,0.00374398954496225,0.0192805450898323
UBP11,0.367371065648529,3.09904687803043e-06,6.74436642608656e-05
UBP13,-0.20163386116965,4.49045278194336e-05,0.000581419298018347
UBP14,-0.0426443374084937,0.398915667386795,0.551057253280952
UBP15,0.0285691521967709,0.421301142768551,0.572232722829499
UBP16,-0.238786859587116,1.85829101916449e-06,4.69386033168631e-05
UBP19,-0.214124805352847,0.00367365453672061,0.0190247346387814
UBP22,0.22650852980868,0.0720591090716388,0.167040005359736
UBP24,-0.189033824390017,7.11363077512962e-07,2.31238023171302e-05
UBP25,-0.250961573533219,0.278781853596052,0.432923886334204
UBP2L,0.0565835283663675,0.140769874275697,0.267643413479756
UBP3,0.189033824390017,0.0104394942760108,0.0407425855635194
UBP33,0.137503523749935,0.165039953691093,0.300512361908811
UBP34,-0.321928094887362,0.0102505634739947,0.0400661293778058
UBP38,0.0840642647884745,0.321454944672844,0.477349439814879
UBP4,0.0840642647884745,0.35002524342799,0.505737898606383
UBP40,-0.0565835283663676,0.614343831834548,0.737212598201458
UBP47,-0.250961573533219,4.51104052514583e-06,9.26748165485959e-05
UBP48,-0.22650852980868,0.0141254595216369,0.0510664195939421
UBP5,-0.137503523749935,7.77432344687216e-06,0.000143285616829433
UBP7,0,0.894097615157467,0.936395871013204
UBP8,0.0285691521967709,0.387962370798808,0.54165677865785
UBQL1,-0.0143552929770701,0.775499040531802,0.855692438879548
UBQL2,-0.111031312388744,0.389891550639278,0.543267228454512
UBQL4,0.176322772640463,0.0213881459338041,0.0691167266250112
UBR1,-0.070389327891398,0.309817229098815,0.46536009611567
UBR2,-0.0976107966264223,0.0106799196117913,0.0414290537206647
UBR3,-0.263034405833794,0.00049873254218959,0.00404872023712181
UBR4,-0.0840642647884746,0.00181729967942725,0.0107856369325069
UBR5,-0.31034012061215,0.00074717863009543,0.00552424584093589
UBR7,0.070389327891398,0.509096537931724,0.652592300869551
UBS3B,0.137503523749935,0.223930065951077,0.371241064791714
UBTD2,-0.37851162325373,0.0040992883848196,0.0207769195504278
UBXN1,0.0565835283663675,0.293273152511448,0.448377925570192
UBXN4,-0.137503523749935,0.00891381288276774,0.0361051600677406
UBXN6,0.0143552929770701,0.744155165525684,0.834615139788888
UBXN7,-0.028569152196771,0.728226975735962,0.822136667800389
UCHL1,0.0426443374084937,0.587912278584082,0.716622216243644
UCHL3,-0.189033824390017,0.0001382075467513,0.00145856293174249
UCHL5,-0.16349873228288,0.0335773475399799,0.0957399143314726
UCK1,0.189033824390017,0.0711370074669753,0.165721047936371
UCK2,0.111031312388744,0.354484182281343,0.50959995153862
UCKL1,-0.137503523749935,0.365331729553152,0.519570914616482
UCRI,-0.250961573533219,0.00644718935911468,0.028843871557851
UCRIL,0.0285691521967709,0.542639797079028,0.679976739866108
UD11,-0.454175893185802,1.64534632255932e-05,0.000259217751922229
UD110,-0.298658315564515,6.35757350198352e-05,0.000772535429957114
UD13,0.124328135002202,0.294625220147165,0.449552920581058
UD14,-0.411426245726465,2.5001787055e-05,0.000364109201269792
UD16,-0.028569152196771,0.806576208992066,0.878284539091855
UD17,0.250961573533219,0.0384831665317543,0.105883683914513
UD18,0.238786859587116,0.679994672858951,0.788126818069108
UD19,-0.526068811667588,1.26674977457153e-05,0.000213545738803043
UD2A1,-0.526068811667588,0.00019494369364999,0.00191317989284016
UD2A3,-0.111031312388744,0.151541099315141,0.282667302996949
UD2B4,-0.400537929583729,4.09631848543798e-05,0.00054130424720093
UD2B7,-0.584962500721156,1.26926451313447e-07,5.89061072842648e-06
UD3A1,0.137503523749935,0.451332197691512,0.599912294289373
UDB10,-0.669026765509631,4.31631667412688e-09,3.96147690308257e-07
UDB11,-0.150559676575381,0.407875982944076,0.559603326353619
UDB15,-0.422233000683048,3.43181450984583e-06,7.34408305107008e-05
UDB17,0.389566811762726,0.0525725121335923,0.133317522540222
UEVLD,-0.176322772640463,0.0310744845470082,0.0903315207880615
UFC1,-0.0426443374084937,0.349630019329919,0.505356410678742
UFD1,0.0565835283663675,0.168118200125722,0.304892329041564
UFL1,0.0285691521967709,0.561483642382602,0.695557160462384
UFM1,-0.298658315564515,0.00044087469982138,0.00371608171490581
UFSP2,0.0426443374084937,0.472831440103712,0.618236112804279
UGDH,-0.263034405833794,0.00014612219224007,0.00151053704607845
UGGG1,-0.070389327891398,0.124342552316208,0.244996169576488
UGGG2,0.189033824390017,0.259472642691429,0.413353440714386
UGPA,-0.485426827170242,4.77478520624269e-08,2.70477538447748e-06
UH1BL,-0.028569152196771,0.858008429854896,0.912996815414657
UHRF2,-0.27500704749987,0.00682762409323407,0.0300743373437823
UIF,0.250961573533219,0.0142514682886062,0.0513897884847743
UIMC1,-0.214124805352847,0.00508144151008396,0.0242505153335261
UK114,-0.389566811762726,0.00116604769650884,0.00779794397040287
ULA1,-0.124328135002202,0.0202628741299527,0.0665126469097382
ULK3,-0.22650852980868,0.00175092170448724,0.0105055302269234
UMAD1,0.250961573533219,0.452058092548262,0.600354343215275
UMPS,-0.124328135002202,0.00291350811415331,0.0159076304120745
UN13B,-0.028569152196771,0.686974714062367,0.793879019932212
UN13D,0.124328135002202,0.509662360376435,0.652914723970651
UN45A,-0.150559676575381,6.8215836731897e-06,0.00012817922102013
UN5CL,0.31034012061215,0.192600522146108,0.334564695065077
UN93B,-0.137503523749935,0.359716900516464,0.514530078273086
UNK,-0.176322772640463,0.0969563386413985,0.205206492553114
UPAR,0.214124805352847,0.0871413139216421,0.189833930680533
UPP,0.0426443374084937,0.852563329867103,0.909337933448174
UPP1,-0.0565835283663676,0.584921883219861,0.71414234363325
UQCC1,-0.250961573533219,0.0286852408311105,0.0851931747736605
UQCC2,-0.22650852980868,0.107564424706032,0.221039297928853
UQCC3,0.150559676575381,0.213007059333421,0.358988423867177
URB2,0.0143552929770701,0.859276339800075,0.91371496505449
URFB1,0.0565835283663675,0.711775283138277,0.810212290380805
URGCP,-0.0976107966264223,0.369048750382951,0.523504248379719
URM1,0.176322772640463,0.293173436622188,0.448314441392881
URP2,0.0976107966264223,0.409106463076462,0.5607109396088
US6NL,0.0976107966264223,0.167355515719659,0.303866814306918
USE1,-0.298658315564515,0.00027733911856332,0.00257881573287384
USMG5,-0.400537929583729,1.84821097802073e-05,0.000284772347493434
USO1,0.0285691521967709,0.406970912580104,0.558578997063446
USP9X,-0.150559676575381,9.62557481409887e-05,0.00109052100540908
UT14A,0.22650852980868,0.213504603052996,0.359443146222895
UTP11,0.250961573533219,0.0734074830441922,0.168815298320136
UTP15,-0.263034405833794,0.0236083954469895,0.0743467801515649
UTP18,0.124328135002202,0.07037192618106,0.16453575699511
UTP20,-0.111031312388744,0.201421888472864,0.345217848452713
UTP4,0.584962500721156,1.11683949452602e-05,0.000192917745870593
UTP6,0.214124805352847,0.320460476721746,0.47633176011274
UTRO,-0.150559676575381,1.78607767227348e-05,0.00027741819329022
UVRAG,0.137503523749935,0.0299031789919049,0.0877950041744037
UXS1,0.238786859587116,0.0512776565347322,0.130765662344779
UXT,-0.028569152196771,0.697601831866873,0.800226997126621
VA0D1,0.150559676575381,0.0478379669202937,0.124204888111979
VA0D2,0.0285691521967709,0.789858941189421,0.866229042975508
VAC14,0.0426443374084937,0.3180015453316,0.474048743272958
VAMP1,1.28688114778816,0.00357603065398951,0.0186146892961724
VAMP2,-0.20163386116965,0.0961719278181674,0.203994639843382
VAMP3,-0.0976107966264223,0.0287455989469409,0.0853395353708026
VAMP5,-0.22650852980868,0.00352037850702319,0.0183622180217378
VAMP7,0.124328135002202,0.0379767715832058,0.104677298131312
VAMP8,0.124328135002202,0.0588235174675109,0.144747288516697
VANG1,-0.27500704749987,0.00022727439989938,0.00220241758091173
VAPA,0,0.951096458382084,0.970624866257196
VAPB,-0.22650852980868,2.34485601001498e-06,5.59280826661158e-05
VAS1,0.263034405833794,0.0159568802035332,0.0556538224811409
VASN,0.189033824390017,0.015304430179898,0.0538380502766823
VASP,0.298658315564515,1.59620745930956e-06,4.24049679893554e-05
VAT1,-0.111031312388744,0.0937242513198656,0.19968242040051
VATA,0,0.967146067521831,0.980509712355334
VATB1,-0.0143552929770701,0.811582647888213,0.881926933484624
VATB2,0.22650852980868,0.108518552110558,0.222341439013715
VATC1,-0.20163386116965,0.0112087601856881,0.0430470032255938
VATD,0.070389327891398,0.463423894824366,0.610606753160068
VATE1,0.0426443374084937,0.381825320737883,0.536267770500756
VATF,-0.111031312388744,0.169907760109198,0.307269808422831
VATG1,0.189033824390017,0.0787669355490803,0.176667700205779
VATH,0.0426443374084937,0.249838406170035,0.402259837610601
VATL,-0.6959938131099,0.0001138855560229,0.00125339189085775
VAV,-0.16349873228288,0.00156253355708911,0.00963791715277382
VAV2,-0.20163386116965,1.33315879458247e-06,3.66809119766548e-05
VAV3,0.545968369105292,0.027092550668852,0.0818513766089552
VCAM1,-0.286881147788162,0.00096503347817619,0.00677722690598848
VCIP1,0.0143552929770701,0.715145723310854,0.812037543258556
VDAC1,0.070389327891398,0.387566785674583,0.541395944854831
VDAC2,0.0976107966264223,0.210956478395926,0.356640050375733
VDAC3,0.150559676575381,0.0645602883042548,0.154080688071865
VEZA,0.176322772640463,0.424671546628699,0.575057694386199
VEZF1,0.0285691521967709,0.790617547186007,0.866664425657513
VGLL4,-0.189033824390017,0.190997977829032,0.332924676165899
VIGLN,-0.028569152196771,0.466472252260553,0.612844634423299
VILI,-0.028569152196771,0.833318577895614,0.897261193144039
VIME,0.0840642647884745,0.451413755191523,0.599912294289373
VINC,-0.137503523749935,0.058150521365624,0.143495507564957
VINEX,-0.286881147788162,8.89123540317463e-05,0.00102695768434869
VIP1,-0.028569152196771,0.673496186175392,0.783497492892317
VIP2,0.16349873228288,0.120488599708855,0.2394233098161
VIR,-0.22650852980868,0.00345224569463059,0.018117234898797
VISL1,-0.176322772640463,0.0414893450440512,0.111916636631432
VISTA,0.344828496997441,0.00802611466308797,0.0335320972692135
VKGC,-0.400537929583729,1.76415024300919e-08,1.19366744795118e-06
VKOR1,-0.070389327891398,0.375243879893225,0.529853161784715
VKORL,-0.028569152196771,0.642131299551778,0.759904689976482
VMA21,0.263034405833794,0.144515710668967,0.272946564107311
VMA5A,0.124328135002202,0.112809257835485,0.228672257027387
VMP1,-0.0840642647884746,0.642828484018937,0.760353659242739
VNN1,0.613531652917927,0.00118392260327383,0.0078764591844746
VNN2,0.411426245726465,0.00229287372280636,0.0131823128063434
VP13A,-0.20163386116965,0.00012092939403761,0.00130783583244705
VP13C,-0.028569152196771,0.363221705164903,0.518004445870125
VP13D,0.0285691521967709,0.828149996642276,0.89381725611265
VP26A,0.0143552929770701,0.887657421527445,0.93221132094009
VP26B,0.214124805352847,0.00080436486060403,0.00586265552137507
VP33A,0.0426443374084937,0.267756408880855,0.421929002480757
VP33B,0.0565835283663675,0.25239381028763,0.405092065511646
VP37A,-0.028569152196771,0.596637023406745,0.723629034686014
VP37B,-0.356143810225275,0.0360235456113559,0.10058912482417
VP37C,0.137503523749935,0.109966052309832,0.224180594600409
VPP1,-0.070389327891398,0.106055933864637,0.219049574931143
VPP2,-0.137503523749935,0.169055952290373,0.305944810064607
VPP3,-0.070389327891398,0.346780207486065,0.502085081464508
VPRBP,0,0.946376790984284,0.967474362757819
VPS11,0.137503523749935,0.0273519734686195,0.0822802044522626
VPS16,0.250961573533219,0.00418423754149336,0.0210276360206555
VPS18,0.0976107966264223,0.0636909222965082,0.152478205522778
VPS25,-0.111031312388744,0.116384702856287,0.233923232664971
VPS28,-0.0426443374084937,0.510652941910481,0.65350704647362
VPS29,-0.0426443374084937,0.529030562403931,0.668884919626757
VPS35,-0.20163386116965,2.16248961095211e-06,5.30567514738059e-05
VPS36,-0.0840642647884746,0.0876255377815316,0.190696933070316
VPS39,-0.238786859587116,0.00250306528171721,0.0141375476028954
VPS41,0.0976107966264223,0.00709778900565902,0.030841154258092
VPS45,0.0840642647884745,0.160501216303542,0.294966929962425
VPS4A,0,0.871310812123308,0.922058873657096
VPS4B,0,0.998669354501755,0.998955012403841
VPS50,0.137503523749935,0.0121616229446241,0.0459280113555804
VPS51,-0.137503523749935,0.0224499122027616,0.0716166143312942
VPS52,-0.137503523749935,0.0238201761184519,0.0745995113886743
VPS53,0.137503523749935,0.00218859551388215,0.0126773983751489
VPS54,0.111031312388744,0.420015136620599,0.571090118694863
VPS72,0.37851162325373,0.0209788142961505,0.0682232103577642
VPS8,0.0426443374084937,0.70822000426947,0.807032765116802
VRK1,0.250961573533219,0.00143175332800379,0.00905601612392545
VRK2,0.16349873228288,0.0205594877983558,0.0672570250524557
VSIG4,0.16349873228288,0.0406006771766242,0.110020266257022
VTA1,-0.070389327891398,0.148465903111773,0.27856339931152
VTDB,0.333423733725192,0.00123068598811372,0.00809706733769601
VTI1B,0.0143552929770701,0.850668885708508,0.908047279664596
VTNC,-0.333423733725192,0.00563634247589704,0.0261265838954939
VWA1,0.0426443374084937,0.462606404995108,0.609633893958658
VWA8,-0.0565835283663676,0.354210681127622,0.509396880232817
VWA9,0.150559676575381,0.00186503631543786,0.0110185887838445
VWF,-0.27500704749987,0.00212264706876963,0.0123324834221729
WAC,0.0143552929770701,0.943836212213432,0.966444769435581
WAC2A,0.16349873228288,0.00548110025534232,0.025605433663094
WAC2C,0.214124805352847,0.0348998930815689,0.0983786228687914
WAPL,-0.124328135002202,0.0712643418240661,0.165743821480452
WASC3,0.150559676575381,0.048133959937986,0.124704656565646
WASC4,-0.0565835283663676,0.18158241050384,0.322181227665035
WASC5,-0.070389327891398,0.23871652456809,0.389386429234081
WASF2,0.411426245726465,0.00498508785673922,0.0239552315168709
WASF3,-0.214124805352847,0.0272075597005764,0.0820701017749572
WASH1,0.111031312388744,0.0446424528390276,0.117903824707531
WASH2,0.238786859587116,0.0357600341391145,0.100143694295797
WASL,-0.0565835283663676,0.267659920548555,0.421929002480757
WASP,0.0840642647884745,0.354730616309673,0.509859079860023
WBP11,0.150559676575381,0.00414810473062014,0.0209142662596188
WBP2,-0.16349873228288,0.0355746721983547,0.0998059994960395
WDFY1,0,0.98770660360802,0.99325044696465
WDFY2,-0.20163386116965,0.216683888368239,0.363135235150949
WDFY3,-0.22650852980868,0.0118552151170382,0.0450580055558275
WDFY4,-0.27500704749987,0.288785761360779,0.443630210473268
WDR1,-0.0143552929770701,0.86953998255352,0.920942538574693
WDR11,0.0840642647884745,0.135364598478746,0.260754709111849
WDR12,0,0.981435229132231,0.99004543737524
WDR13,0.0285691521967709,0.685518463698017,0.792763729215294
WDR18,-0.028569152196771,0.672471331404189,0.78294077937704
WDR24,0.0285691521967709,0.713569073333234,0.811175467162348
WDR26,0.20163386116965,0.00143039797616951,0.0090548775747
WDR3,0.124328135002202,0.0481933480724891,0.12476212046256
WDR33,-0.150559676575381,0.0758068215115705,0.172377731087703
WDR35,-0.028569152196771,0.694847003412599,0.79849363279992
WDR36,-0.0426443374084937,0.510627741863333,0.65350704647362
WDR37,-0.070389327891398,0.211301941373507,0.356910799460973
WDR4,0.111031312388744,0.180646232124014,0.321088357501964
WDR43,0.0976107966264223,0.219177861897025,0.365882177259952
WDR44,0.0426443374084937,0.262413456865101,0.416059533173233
WDR46,0.0143552929770701,0.941892600864749,0.966094809693409
WDR48,-0.028569152196771,0.885876362085546,0.931307783314201
WDR5,-0.150559676575381,0.00272246638395148,0.0150999863369058
WDR59,-0.150559676575381,0.0350391774792964,0.0985908777576696
WDR5B,0.443606651475615,0.137716989373146,0.26368790219008
WDR6,0.238786859587116,0.235880446317562,0.38586511253636
WDR61,-0.0143552929770701,0.902005023309579,0.942243620281627
WDR7,0.214124805352847,0.026191768965104,0.0796924913535392
WDR70,0.111031312388744,0.41494330193523,0.56679489328174
WDR74,-0.505890929729957,0.00015449215876347,0.00158272286052363
WDR75,0.070389327891398,0.103381995910488,0.215432755340654
WDR81,0.0840642647884745,0.251399372467485,0.404064456420711
WDR82,0.0565835283663675,0.36455574528768,0.519170392832114
WDR87,0.411426245726465,0.196675611077519,0.339424038472492
WDR89,-0.111031312388744,0.0773417815481455,0.174850114454963
WDR91,0.250961573533219,0.0578637251826045,0.143111222512956
WDR92,-0.150559676575381,0.0258979953430505,0.0790483978299766
WDTC1,0.333423733725192,0.129104236190669,0.251993675098281
WFS1,0.137503523749935,0.0621458402755785,0.149991088183915
WIPF1,0.137503523749935,0.0617745234465997,0.149469512761496
WIPF2,0.124328135002202,0.0924491843399814,0.197566856076343
WIPF3,0.238786859587116,0.0262307731488759,0.079748175350805
WIPI1,-0.0143552929770701,0.954938680172029,0.9727644893514
WIPI2,0.0143552929770701,0.872696624153389,0.922568661575442
WIPI3,-0.22650852980868,0.00678882448881637,0.0299801115679405
WIPI4,0.0976107966264223,0.363650901883341,0.51842460179668
WISP2,-0.485426827170242,0.00047975030992936,0.00391940231993191
WIZ,0.367371065648529,0.00609278482094613,0.0276598787628574
WLS,-0.238786859587116,0.0067153591656713,0.0297670466123888
WNK1,-0.150559676575381,0.0001086082651781,0.00120738538951238
WNT11,-0.0840642647884746,0.610893521061735,0.734854249976582
WNT2B,-0.594548549550354,0.00345593805744478,0.0181242660276069
WNT4,-0.565597175854225,3.08452484562894e-06,6.73177886989387e-05
WRB,-0.464668267003444,0.00108844568489231,0.00744044858598967
WRIP1,-0.22650852980868,0.00080582393430293,0.00586773874278807
WWC3,0.238786859587116,0.105011203230816,0.217474814432851
WWP2,-0.070389327891398,0.588997742664102,0.717640140674402
WWTR1,-0.214124805352847,0.270527086355647,0.424574569304657
XAF1,-0.0143552929770701,0.926540337452172,0.958001175645086
XDH,-0.238786859587116,8.93046407617341e-05,0.00102994453956347
XIAP,-0.0565835283663676,0.399685881024029,0.551683318800182
XPC,0.0285691521967709,0.555145250237542,0.690703974132756
XPF,0.070389327891398,0.515603095936489,0.658303985928855
XPO1,-0.31034012061215,3.21024627513793e-05,0.000443221098631946
XPO2,-0.20163386116965,0.00011027102993219,0.00122112962506326
XPO4,-0.070389327891398,0.197610312157489,0.340607548649636
XPO5,-0.16349873228288,0.00146129985601874,0.00919307047057946
XPO6,0.20163386116965,0.183452468994018,0.324304226968773
XPO7,-0.214124805352847,1.25694435117033e-08,9.04999932842638e-07
XPOT,-0.150559676575381,0.0081617525157769,0.0338783089340222
XPP1,-0.176322772640463,3.28939815864046e-07,1.1953548780267e-05
XPP2,0.27500704749987,0.0177305080643378,0.0601173026088335
XPP3,-0.0840642647884746,0.184994514056205,0.325759482580344
XRCC1,-0.124328135002202,0.0526506497569122,0.133471736007651
XRCC4,-0.028569152196771,0.783400593016891,0.861818958817954
XRCC5,-0.028569152196771,0.432361538592156,0.582225711119379
XRCC6,0.0143552929770701,0.839219033324851,0.901218766759779
XRN1,-0.070389327891398,0.271149566826247,0.425272040478299
XRN2,0,0.868838036111479,0.920705396176456
XRP2,0.0426443374084937,0.401772219324053,0.553415551166191
XYLB,-0.0840642647884746,0.0885229184470025,0.191776237801706
XYLK,0.16349873228288,0.0603454792678138,0.146981211596344
YAP1,-0.124328135002202,0.131863228029215,0.255501586704495
YB039,0.687060688339892,0.0740041222953295,0.16968088040572
YBOX1,0.0143552929770701,0.859064542399667,0.91371496505449
YBOX3,0.111031312388744,0.325577848573812,0.481153221832466
YES,-0.189033824390017,0.0028136754218626,0.0154832538928782
YIF1A,-0.214124805352847,0.061485161614057,0.149003361143345
YIF1B,-0.0426443374084937,0.689559582560412,0.795621839755192
YIPF2,-0.070389327891398,0.672661187680883,0.783043485931327
YIPF3,0.622930350920177,0.0311669025145801,0.0905050195900208
YIPF4,0.286881147788162,0.019057500255001,0.0632840439502275
YIPF5,-0.31034012061215,0.0056140931878442,0.0260705086914718
YIPF6,-0.575312330687437,0.00155547355542468,0.00960975803607998
YJ005,0.238786859587116,0.00345114799082171,0.018117234898797
YKT6,-0.189033824390017,0.00768512768497547,0.0326694390702609
YLPM1,0.22650852980868,0.106318335237176,0.219406667350991
YMEL1,0.27500704749987,0.0419640498569048,0.112802177284576
YPEL5,0.124328135002202,0.380004723225164,0.534128149557866
YRDC,0.176322772640463,0.0383876998031744,0.105696511538119
YTDC1,0.0840642647884745,0.250554539843658,0.403147906214608
YTDC2,-0.22650852980868,0.00557122790173406,0.0259339817250509
YTHD1,-0.0426443374084937,0.417166955410701,0.568723097590522
YTHD2,-0.250961573533219,0.00852935174546907,0.0348854184771234
YTHD3,0.150559676575381,0.345234777176008,0.500505969771164
Z3H7A,0.0143552929770701,0.872141841561,0.922568661575442
Z3H7B,-0.111031312388744,0.086387090824441,0.188632022227034
Z512B,-0.111031312388744,0.302359852777921,0.458284609605259
ZA2G,-0.111031312388744,0.185426181844874,0.326444996556881
ZAP70,-0.214124805352847,0.0390690078083149,0.106960780438969
ZBED1,0.124328135002202,0.464096825685002,0.611179819671326
ZBT14,-0.0840642647884746,0.57107516613602,0.702647800874998
ZBT16,0.0426443374084937,0.838679610968237,0.900765052683577
ZBT20,-0.0426443374084937,0.581700112572421,0.712127390315896
ZBT40,-0.150559676575381,0.197525425452178,0.340585469490506
ZBT7A,0.111031312388744,0.103053793508604,0.214981431137364
ZBT7B,-0.0143552929770701,0.802998935693391,0.875502943756281
ZC11A,0.189033824390017,0.0261405474925956,0.0795995169497852
ZC12A,-0.189033824390017,0.0271699046573678,0.0820207466615837
ZC21A,-0.111031312388744,0.535173731278548,0.674350413112518
ZC3H3,0.823749360308273,0.105490982401311,0.218243243495113
ZC3H4,0.20163386116965,0.0132276079223996,0.0489138628141572
ZC3HA,-0.070389327891398,0.56309877882777,0.696885621219139
ZC3HD,-0.176322772640463,0.273948216485522,0.427832365660746
ZC3HE,-0.36737106564853,7.72319714493631e-07,2.42855146141181e-05
ZC3HF,0.124328135002202,0.058150697639901,0.143495507564957
ZCCHL,0.150559676575381,0.223866920162821,0.371216261931634
ZCCHV,-0.124328135002202,0.0897372930167038,0.19318944552219
ZCH18,0.286881147788162,0.124073344121107,0.244590850334956
ZCH24,-0.0143552929770701,0.791343660909495,0.867090252260951
ZCHC2,0.189033824390017,0.0337384650178509,0.0959789664131823
ZCHC3,0.485426827170242,0.314296612984435,0.470254633216564
ZCHC8,-0.0565835283663676,0.40614978260752,0.557750075794712
ZCHC9,0.0285691521967709,0.826770683794237,0.892617057464075
ZDHC3,0.137503523749935,0.231664994506458,0.380705443190647
ZDHC5,-0.0840642647884746,0.493099226360674,0.637923835412701
ZEB1,0.0840642647884745,0.619694086465441,0.741490032211479
ZER1,-0.20163386116965,0.0296408057551745,0.0872574579816065
ZFAN1,0.22650852980868,0.00544374657757785,0.0254938611558258
ZFAN6,-0.150559676575381,0.13131648979607,0.254890964320716
ZFP28,0.27500704749987,6.4120443339715e-05,0.00077670423819051
ZFPL1,0.0426443374084937,0.594273430390274,0.721927148593499
ZFR,0,0.899714725380843,0.940488771280056
ZFX,0.070389327891398,0.581435430016048,0.71191648964457
ZFY16,-0.20163386116965,0.00061989401132533,0.00475663691558799
ZFY21,-0.070389327891398,0.334373048420365,0.489407000181939
ZFY26,-0.111031312388744,0.140759687708515,0.267643413479756
ZFYV1,0.0565835283663675,0.825934430003702,0.89223005239659
ZGPAT,-0.176322772640463,0.0169228129678869,0.0580727621846774
ZKSC1,0.070389327891398,0.388459207186878,0.542153936986904
ZMAT2,0.263034405833794,0.0502010823385668,0.12861627480423
ZMIZ1,0.0976107966264223,0.627893489022479,0.748343353872088
ZMYM3,-0.799087306074004,0.00014459976068198,0.00150336917178674
ZN185,0.263034405833794,0.271924643424834,0.426094916143231
ZN207,-0.263034405833794,0.0136543609717356,0.0498384289527219
ZN316,-0.584962500721156,0.0124341169122706,0.0466824740215072
ZN318,0.250961573533219,0.00102928669312734,0.00711768599743641
ZN326,0.286881147788162,0.00042506613034107,0.00361846350071558
ZN330,0.150559676575381,0.143781166245837,0.272011592604269
ZN362,0.124328135002202,0.395152587995492,0.547823562698807
ZN363,-0.0565835283663676,0.629207259761841,0.749329529943612
ZN384,-0.214124805352847,0.0114227854166609,0.0436297168319066
ZN404,0.333423733725192,0.0455195154963351,0.119694437424831
ZN451,-0.20163386116965,0.408060378313304,0.559632643000476
ZN512,0.214124805352847,0.00450638732180828,0.0222831886567465
ZN574,0.739848102699327,0.0920327330740775,0.196950048778526
ZN579,0.16349873228288,0.540404469325989,0.678282175066867
ZN598,-0.111031312388744,0.258564391640502,0.412247531704973
ZN622,0.31034012061215,0.00032399892359471,0.00291565723994346
ZN638,0.250961573533219,4.90255208562565e-07,1.67120625078142e-05
ZN703,-0.0143552929770701,0.881747054715505,0.928510020438525
ZN706,0.516015147003665,0.0182985910067746,0.0612656867084709
ZN787,0.137503523749935,0.060614461420786,0.147449892890981
ZN800,0.367371065648529,0.123879128400811,0.24428798552561
ZN806,-0.238786859587116,0.37854231913837,0.532655712628676
ZN830,0.20163386116965,0.0189804541309003,0.0631098051896659
ZNF22,-0.150559676575381,0.102662459622703,0.214339183992765
ZNF24,0.20163386116965,0.0374191265041822,0.103547755240021
ZNFX1,0.070389327891398,0.277082126838309,0.431153444791422
ZNHI1,0.150559676575381,0.410445370753063,0.562245934616216
ZNHI2,0.20163386116965,0.0628661550917654,0.15106701772519
ZNRF2,0.20163386116965,0.0533905615760248,0.13477093262834
ZNT1,0.0565835283663675,0.565347095750092,0.698098096755683
ZNT5,0.0143552929770701,0.850381339508189,0.908047279664596
ZNT7,-0.31034012061215,0.0223470109018907,0.071347439696712
ZNT9,-0.22650852980868,0.0180098978721332,0.0607479217193144
ZO1,-0.0840642647884746,0.10492527033364,0.217355279013273
ZO2,-0.0426443374084937,0.491529515824526,0.636534441067767
ZO3,-0.150559676575381,0.0623408886690139,0.150320565354017
ZPI,0.214124805352847,0.0213024776110443,0.0688976857747629
ZPR1,-0.0976107966264223,0.246492069914843,0.398274938469788
ZRAB2,-0.20163386116965,0.00103855580305677,0.00716296679207642
ZSC25,0,0.992078943674592,0.995475454431578
ZSWM8,0.0143552929770701,0.779174051610047,0.858253774463745
ZW10,0.16349873228288,0.0796045421067517,0.17786351287425
ZY11B,-0.298658315564515,0.00544936118260831,0.0254938611558258
ZYX,0.16349873228288,0.0101621773051106,0.0398622270664827
ZZEF1,0,0.880553031176035,0.927637282969394
ZZZ3,0.6959938131099,0.0367081738205353,0.101891510741423
