Genesymbol_phosphosite,Gene,Log2change,p-value,adj_pvalue
SPTB2_S4,SPTB2,2.0437621565079,1.11e-16,4.34436923076923e-14
SPTB2_S3,SPTB2,-1.75857019307758,2.22e-16,8.06811428571429e-14
PDLI5_S3,PDLI5,-1.75295878383758,3.33e-16,1.129536e-13
ABL1_S3,ABL1,-1.39306863067008,4.44e-16,1.32886588235294e-13
GPTC8_S3,GPTC8,-0.614672501873915,4.44e-16,1.32886588235294e-13
CCNL1_S5,CCNL1,-0.857515475854642,6.66e-16,1.88256e-13
AHNK_S13,AHNK,1.67732394217228,9.99e-16,2.42043428571429e-13
DEN4C_S3,DEN4C,-2.71839500718015,9.99e-16,2.42043428571429e-13
FLNB_S3,FLNB,-1.57184697294701,9.99e-16,2.42043428571429e-13
ACINU_S3,ACINU,-1.299357409238,1.11e-15,2.56712727272727e-13
BAD_S3,BAD,-1.16149983489584,1.22e-15,2.69885217391304e-13
PEA15_S3,PEA15,-1.1318581744793,2.22e-15,4.7064e-13
PAK2_S3,PAK2,0.936770605769607,3e-15,6.1056e-13
F134A_S5,F134A,1.84102687484679,4e-15,7.66834285714286e-13
PININ_S4,PININ,-1.3717255266223,4.22e-15,7.66834285714286e-13
SAFB1_S4,SAFB1,-1.94860670791125,4.22e-15,7.66834285714286e-13
TAGL2_S3,TAGL2,-3.14114159330617,4.66e-15,8.17588965517241e-13
MLTK_S4,MLTK,-2.17638176651298,5.11e-15,8.66656e-13
SRBS2_S11,SRBS2,1.78609842754555,7.33e-15,1.20306580645161e-12
SRS10_S1,SRS10,-1.81626947802508,1.17e-14,1.8603e-12
SPTN1_S1,SPTN1,-1.26569264818517,1.24e-14,1.91185454545455e-12
SRRM1_S3,SRRM1,-0.420581641572028,1.35e-14,2.02023529411765e-12
ARFG1_S7,ARFG1,-2.43495224485379,1.55e-14,2.25325714285714e-12
CRTC2_S3,CRTC2,-1.54873073080192,1.67e-14,2.36026666666667e-12
TRIM3_S4,TRIM3,-0.815461954501824,1.79e-14,2.46149189189189e-12
NUMBL_T2,NUMBL,1.3915629511359,1.9e-14,2.544e-12
RBM10_S8,RBM10,-0.538455888585781,1.98e-14,2.58313846153846e-12
TIF1B_S1,TIF1B,-2.63330092248105,2.38e-14,3.02736e-12
LIMA1_S3,LIMA1,-1.41326456287511,3.42e-14,4.24413658536585e-12
CYLD_S3,CYLD,-1.61236282334235,5.25e-14,6.36e-12
NUCKS_S8,NUCKS,-1.39353180270657,6.15e-14,7.13476363636364e-12
TENS1_S1,TENS1,-2.04023225192127,6.17e-14,7.13476363636364e-12
PCY1A_S2,PCY1A,-3.01290209399827,6.82e-14,7.71114666666667e-12
PUM2_S4,PUM2,-0.57073640819326,7.75e-14,8.57217391304348e-12
SRSF9_S2,SRSF9,-0.686703170309999,8.88e-14,9.61307234042553e-12
DERL1_S4,DERL1,-1.91381126821203,1.52e-13,1.6112e-11
PGM2_T8,PGM2,-1.46205199657104,2.07e-13,2.14942040816327e-11
TLN1_S9,TLN1,-1.3652479716796,2.42e-13,2.45421176470588e-11
ABLM1_S3,ABLM1,1.73085344739127,2.46e-13,2.45421176470588e-11
KKCC2_S3,KKCC2,-1.28204272869005,2.8e-13,2.73969230769231e-11
SYNPO_T5,SYNPO,2.0523242066307,3.11e-13,2.9856e-11
CALX_S10,CALX,-0.7183854520783,3.31e-13,3.08055272727273e-11
SLTM_S9,SLTM,-1.12416693899124,3.33e-13,3.08055272727273e-11
WDR20_S1,WDR20,-1.1811698064624,4.11e-13,3.67764210526316e-11
SRBS2_S2,SRBS2,-0.454840647919073,4.12e-13,3.67764210526316e-11
BCLF1_S7,BCLF1,2.30953531661484,4.71e-13,4.07902372881356e-11
SRSF9_T2,SRSF9,-0.859632498793905,4.73e-13,4.07902372881356e-11
RHG01_S3,RHG01,-1.60929551000689,6.33e-13,5.36784e-11
SRSF2_S3,SRSF2,-1.22266515453218,6.52e-13,5.43832131147541e-11
IF4G1_S8,IF4G1,1.28959806389488,7.01e-13,5.75272258064516e-11
MY18A_S2,MY18A,-1.57462499994563,7.24e-13,5.84716190476191e-11
GFPT1_S3,GFPT1,-1.23833216316706,8.15e-13,6.47925e-11
TPIS_S3,TPIS,1.74021834419153,8.29e-13,6.48915692307692e-11
SNX27_S1,SNX27,-2.01291201409549,1.01e-12,7.78618181818182e-11
TPD53_S7,TPD53,2.28040141214685,1.13e-12,8.58125373134328e-11
PPIG_T3,PPIG,-1.18217223663097,1.31e-12,9.80188235294118e-11
BCL10_S3,BCL10,-1.46461473827242,1.42e-12,1.03940571428571e-10
TMX1_S14,TMX1,-0.693230884797469,1.43e-12,1.03940571428571e-10
PININ_S3,PININ,-1.05040291769575,1.64e-12,1.17525633802817e-10
ZNF22_S1,ZNF22,-3.75488750216347,1.74e-12,1.2296e-10
REPS1_S1,REPS1,-0.80679574774433,1.98e-12,1.38003287671233e-10
PKP2_S8,PKP2,-1.03976530589157,2.64e-12,1.81517837837838e-10
SRRM2_T5,SRRM2,-0.832044131083083,2.75e-12,1.8656e-10
GGYF1_S1,GGYF1,-0.975041656858483,3e-12,2.00842105263158e-10
FARP1_T11,FARP1,2.37109780369047,3.14e-12,2.07484675324675e-10
BNIP2_S3,BNIP2,1.43890961498675,3.22e-12,2.10043076923077e-10
TENS1_S3,TENS1,-1.32040298054759,3.5e-12,2.23236e-10
VIME_S6,VIME,-1.74743684490128,3.51e-12,2.23236e-10
EVL_S3,EVL,2.58961486428487,3.6e-12,2.26133333333333e-10
ATN1_S4,ATN1,-0.814460688682211,3.98e-12,2.46954146341463e-10
VP13C_S5,VP13C,-2.04553978601557,4.15e-12,2.544e-10
HSPB1_S3,HSPB1,-1.60295566934304,4.46e-12,2.70148571428571e-10
NU214_T8,NU214,-1.05889181027519,4.77e-12,2.85164651162791e-10
MRC2_S3,MRC2,-2.37300228359571,4.82e-12,2.85164651162791e-10
NFIB_S3,NFIB,-1.55816348324665,5.04e-12,2.94753103448276e-10
AFAD_S4,AFAD,2.13052766097833,5.21e-12,2.98419775280899e-10
SKIV2_S3,SKIV2,-1.0186916086456,5.22e-12,2.98419775280899e-10
LARP7_S8,LARP7,-0.58380869304407,5.72e-12,3.23370666666667e-10
FHOD1_S1,FHOD1,-1.72731959525855,5.99e-12,3.32932173913043e-10
CN37_S6,CN37,-1.33521513071432,6.02e-12,3.32932173913043e-10
ARVC_S1,ARVC,-1.00694196559173,8.19e-12,4.48072258064516e-10
NPM_S22,NPM,-1.18091296761975,8.6e-12,4.6057e-10
CHD8_S3,CHD8,-0.69813842546956,8.65e-12,4.6057e-10
FLNA_S4,FLNA,-2.42795227560216,8.69e-12,4.6057e-10
CP8B1_S13,CP8B1,-2.66928852051874,1.02e-11,5.29567346938775e-10
PCDH1_S14,PCDH1,1.50442190135258,1.02e-11,5.29567346938775e-10
DEN5B_Y1,DEN5B,-1.18227415833399,1.05e-11,5.39328e-10
AHNK_S1,AHNK,-2.58628442728237,1.06e-11,5.39328e-10
PROX1_S5,PROX1,-0.892591722938529,1.08e-11,5.44063366336634e-10
TLN1_T2,TLN1,-1.49903977538121,1.13e-11,5.63670588235294e-10
KANK1_S3,KANK1,-1.78741848667409,1.17e-11,5.77292307692308e-10
PKP4_S3,PKP4,1.27036117798045,1.18e-11,5.77292307692308e-10
RBP2_S3,RBP2,-1.89243671419582,1.2e-11,5.81485714285714e-10
ZO1_S1,ZO1,-0.809656248055894,1.28e-11,6.144e-10
DEN1A_S1,DEN1A,-0.854030938078412,1.36e-11,6.40711111111111e-10
PEBP1_S5,PEBP1,-1.30540472133311,1.36e-11,6.40711111111111e-10
TRAD1_S3,TRAD1,-1.18694302845492,1.4e-11,6.53504587155963e-10
PTSS2_S9,PTSS2,0.798520622006275,1.46e-11,6.75316363636364e-10
PUM2_S3,PUM2,-0.73111517238547,1.58e-11,7.24237837837838e-10
UGPA_S8,UGPA,-1.29201650477727,1.66e-11,7.54114285714286e-10
HS90A_S5,HS90A,-1.56332981234594,1.71e-11,7.69953982300885e-10
TBCD5_S3,TBCD5,-2.09644908224305,1.78e-11,7.94442105263158e-10
TRA2A_T2,TRA2A,-1.38817955517347,1.83e-11,8.02675862068966e-10
TRA2B_T2,TRA2B,-1.38817955517347,1.83e-11,8.02675862068966e-10
LMNA_S1,LMNA,-0.813839704701895,1.92e-11,8.34953846153846e-10
I2BP1_S3,I2BP1,-0.505196826556877,2.23e-11,9.61545762711864e-10
SNX2_S1,SNX2,-1.90961253177393,2.34e-11,1.0004974789916e-09
TB182_S1,TB182,-0.970602245813035,2.69e-11,1.14056e-09
LYRIC_S6,LYRIC,-1.2403498649463,2.74e-11,1.15215867768595e-09
ROA1_S3,ROA1,-0.816604959906683,2.87e-11,1.19693114754098e-09
FLCN_S3,FLCN,-0.306309481112272,3.31e-11,1.36920975609756e-09
PROX1_S4,PROX1,-0.478430903753426,3.35e-11,1.3717248e-09
PEA15_S7,PEA15,2.05600171053207,3.37e-11,1.3717248e-09
FND3A_S3,FND3A,-1.15110851190555,3.41e-11,1.37699047619048e-09
AKAP1_S3,AKAP1,-1.70614750075996,3.53e-11,1.41422362204724e-09
HNRL2_S9,HNRL2,-2.24499894748265,3.69e-11,1.466775e-09
NMT1_S4,NMT1,-0.428050240803232,4.03e-11,1.58950697674419e-09
HN1L_S9,HN1L,-1.53977399047604,4.21e-11,1.64772923076923e-09
AKAP2_S1,AKAP2,-0.94303469156785,4.41e-11,1.71283053435115e-09
MY18A_S7,MY18A,-1.22305457050191,4.6e-11,1.77309090909091e-09
BORG5_S2,BORG5,-1.63891689411508,4.64e-11,1.77506165413534e-09
ANS1A_S3,ANS1A,-1.36338198438933,5.22e-11,1.98204179104478e-09
H11_T2,H11,-1.39582205597367,5.76e-11,2.09334857142857e-09
H12_T2,H12,-1.39582205597367,5.76e-11,2.09334857142857e-09
H13_T2,H13,-1.39582205597367,5.76e-11,2.09334857142857e-09
H14_T2,H14,-1.39582205597367,5.76e-11,2.09334857142857e-09
H15_T2,H15,-1.39582205597367,5.76e-11,2.09334857142857e-09
H1T_T2,H1T,-1.39582205597367,5.76e-11,2.09334857142857e-09
MY18A_S3,MY18A,-1.64360014795773,6.25e-11,2.24156643356643e-09
SRBS2_S3,SRBS2,-1.37238534318208,6.26e-11,2.24156643356643e-09
SRSF2_S1_S3,SRSF2,-1.92901352289556,6.3e-11,2.24156643356643e-09
SYNPO_S3,SYNPO,0.563304122185661,6.38e-11,2.25426666666667e-09
DEN4C_S2,DEN4C,-2.02785164447958,7.49e-11,2.62821517241379e-09
PKHA5_S3,PKHA5,1.44976345338296,8.27e-11,2.88203835616438e-09
SRBS1_S2,SRBS1,-2.31242727922981,9.59e-11,3.31931428571429e-09
IQGA2_S4,IQGA2,-0.950328314604218,1.05e-10,3.60972972972973e-09
BIG2_S21,BIG2,1.0200354784277,1.07e-10,3.65379865771812e-09
CP8B1_S11,CP8B1,-3.4594316186373,1.16e-10,3.93472e-09
SRSF2_S9,SRSF2,-1.10892625340665,1.26e-10,4.24561589403974e-09
VIME_S1,VIME,-3.23439727143908,1.27e-10,4.25115789473684e-09
SC61B_S16,SC61B,2.40112883061943,1.45e-10,4.82196078431373e-09
LAR4B_S3,LAR4B,-0.589311180991251,1.51e-10,4.98888311688312e-09
RTN4_S4,RTN4,1.02681891758865,1.61e-10,5.28495483870968e-09
TOP2B_S4,TOP2B,1.22941130678283,1.63e-10,5.31630769230769e-09
OSB11_S4,OSB11,-1.2040898091529,1.72e-10,5.568e-09
UBA1_S3,UBA1,-1.69821871120134,1.73e-10,5.568e-09
ADDA_S4,ADDA,-0.940822813212452,1.74e-10,5.568e-09
AHNK_S3,AHNK,1.81190146198862,1.78e-10,5.6604e-09
MTMRC_S3,MTMRC,-1.21731380265803,1.87e-10,5.90966459627329e-09
FCHO2_S12,FCHO2,0.651045978685854,2.16e-10,6.784e-09
SRRM2_S5,SRRM2,-0.573506196377497,2.21e-10,6.88741463414634e-09
CCNK_S5,CCNK,-0.413489270296163,2.22e-10,6.88741463414634e-09
HD_S30,HD,1.47039207572449,2.27e-10,6.99985454545454e-09
UBP2L_S9,UBP2L,0.935211481582601,2.36e-10,7.2335421686747e-09
IF4G1_S4,IF4G1,-1.64846684309002,2.42e-10,7.37302994011976e-09
SSRA_S28,SSRA,0.704626603321673,2.61e-10,7.90457142857143e-09
AKP13_S3,AKP13,1.5975882448995,2.64e-10,7.94811834319527e-09
UGDH_S7,UGDH,-2.88292841562225,2.99e-10,8.94889411764706e-09
ACLY_T1,ACLY,-1.57877436687098,3.47e-10,1.03247719298246e-08
ENL_S1,ENL,-1.86070997617008,3.61e-10,1.05853793103448e-08
CLMN_S4,CLMN,-2.12602393927657,3.62e-10,1.05853793103448e-08
SNX2_S3,SNX2,-1.3061408615375,3.62e-10,1.05853793103448e-08
CTNB1_S4,CTNB1,1.45778224703279,3.69e-10,1.06674545454545e-08
SC22B_S9,SC22B,-1.90609812371854,3.69e-10,1.06674545454545e-08
RBM14_S1,RBM14,1.2878989160965,3.75e-10,1.07796610169492e-08
PLSL_S2,PLSL,-0.926841306411475,3.78e-10,1.08048539325843e-08
SPTN1_S9,SPTN1,-1.05680337516723,4.16e-10,1.1824625698324e-08
CTND1_S2,CTND1,-1.85260315825913,4.69e-10,1.31838232044199e-08
DKC1_S14,DKC1,-0.98008102831933,4.69e-10,1.31838232044199e-08
TOP2B_S3,TOP2B,-0.906953865555036,4.74e-10,1.32343606557377e-08
ZYX_S1,ZYX,-1.26553875748076,4.76e-10,1.32343606557377e-08
HSPB1_S4,HSPB1,-1.99377876749356,4.81e-10,1.33006956521739e-08
TGFI1_S1,TGFI1,-1.62125585046457,4.86e-10,1.33663135135135e-08
PEX1_S3,PEX1,-1.77810348733357,5.08e-10,1.38962580645161e-08
MAP4_S3,MAP4,1.55278927437146,5.44e-10,1.48014545454545e-08
RAVR1_T31,RAVR1,0.757057262836697,5.59e-10,1.51286808510638e-08
TRI25_S5,TRI25,-0.428342089518964,5.82e-10,1.56678095238095e-08
NUMBL_S3,NUMBL,1.77975077149887,6.08e-10,1.62816e-08
HNRPC_S4,HNRPC,-0.737414224756936,6.34e-10,1.6854e-08
UBP10_S3,UBP10,-1.46397048308852,6.36e-10,1.6854e-08
CLASR_S7,CLASR,-0.649481751890746,6.46e-10,1.70303005181347e-08
ANCHR_S2,ANCHR,-0.814304942904858,6.72e-10,1.7624412371134e-08
FABPL_S5,FABPL,-1.55974599459889,7.84e-10,2.04039183673469e-08
SRSF1_S6,SRSF1,-0.831023485973216,7.86e-10,2.04039183673469e-08
TB182_S3,TB182,0.711831635226484,7.91e-10,2.04294822335025e-08
ADDA_S9,ADDA,-0.609451266387387,8.1e-10,2.08122211055276e-08
NFIA_S3,NFIA,-1.43478599985663,8.14e-10,2.08122211055276e-08
4ET_S1,4ET,-1.3134201786404,8.49e-10,2.159856e-08
AR6P6_T5,AR6P6,-1.39330753752402,8.71e-10,2.2048e-08
HAP28_S5,HAP28,-1.10821947651409,8.76e-10,2.20647920792079e-08
EMAL3_S4,EMAL3,1.03091725776723,9.06e-10,2.27080197044335e-08
PEBP1_T4,PEBP1,-1.48419894775751,9.38e-10,2.33948235294118e-08
SRRM2_T15,SRRM2,-0.709742474381482,9.56e-10,2.36456811594203e-08
DSRAD_S8,DSRAD,1.15119753036872,9.62e-10,2.36456811594203e-08
GPAT3_S2,GPAT3,-1.42009334144031,9.62e-10,2.36456811594203e-08
MAP1B_S7,MAP1B,1.65547178441603,9.77e-10,2.38989230769231e-08
ATX2_T3,ATX2,1.55959030010809,1.02e-09,2.48313875598086e-08
SYNPO_S4,SYNPO,1.50790152375576,1.07e-09,2.59245714285714e-08
CAAP1_S1,CAAP1,-0.897317729867819,1.13e-09,2.72485308056872e-08
LIMD1_S1,LIMD1,-1.73147786717316,1.25e-09,3e-08
DDX23_S3,DDX23,-1.35086940771711,1.28e-09,3.05757746478873e-08
PB1_S3,PB1,-2.02766020502905,1.31e-09,3.11461682242991e-08
SHOT1_S7,SHOT1,-1.07577379932136,1.33e-09,3.14746046511628e-08
ZC3HD_S1,ZC3HD,-0.89583694697332,1.34e-09,3.15644444444444e-08
F134C_S3,F134C,-2.0425236183938,1.43e-09,3.35292165898618e-08
ARGL1_S3,ARGL1,0.373105918109479,1.5e-09,3.50091743119266e-08
SIN1_S3,SIN1,1.7050982564404,1.58e-09,3.67079452054794e-08
P5I11_S2,P5I11,-1.71869496289614,1.6e-09,3.70036363636364e-08
AHNK_S9,AHNK,1.4205532882625,1.66e-09,3.8217556561086e-08
RBM33_S5,RBM33,-0.554256388645906,1.71e-09,3.91913513513514e-08
ATX2L_S6,ATX2L,0.603702706000114,1.8e-09,4.08857142857143e-08
LCP2_S14,LCP2,1.03666719541527,1.8e-09,4.08857142857143e-08
SRBS2_S15,SRBS2,-0.876644897427498,1.81e-09,4.09301333333333e-08
KAP2_S3,KAP2,-0.812194638102658,1.83e-09,4.11992920353982e-08
TPIS_S6,TPIS,-1.35961594432141,1.89e-09,4.23626431718062e-08
MILK2_S21,MILK2,1.4567348173963,1.92e-09,4.28463157894737e-08
LRC8A_S3,LRC8A,0.799054858549144,2.07e-09,4.59919650655022e-08
XRN2_S2,XRN2,-0.824906931080575,2.11e-09,4.66768695652174e-08
GPC5C_S5,GPC5C,-1.59564549242351,2.14e-09,4.69324137931034e-08
SRRM1_T1_S3,SRRM1,-0.438945857168215,2.14e-09,4.69324137931034e-08
SRS11_S10,SRS11,-0.573939721701096,2.15e-09,4.6949356223176e-08
MYPT1_S4,MYPT1,-0.873884081759716,2.17e-09,4.71835897435898e-08
TR150_S5,TR150,-0.637308987032588,2.52e-09,5.45606808510638e-08
SC16B_S7,SC16B,-0.997864563509216,2.6e-09,5.60542372881356e-08
TNS2_S3,TNS2,-0.789162914111258,2.86e-09,6.13994936708861e-08
RBM39_S3,RBM39,-0.326342654622946,2.95e-09,6.30655462184874e-08
C170B_S3,C170B,-1.1478945051308,2.97e-09,6.32274476987448e-08
ZN639_S3,ZN639,-1.52520487351968,3e-09,6.36e-08
RBM14_S4,RBM14,1.17934960466404,3.09e-09,6.52361825726141e-08
AKTS1_S1,AKTS1,1.66524052672451,3.12e-09,6.55973553719008e-08
MAST4_S1,MAST4,-1.08553083428792,3.17e-09,6.63743209876543e-08
SRRM1_S5,SRRM1,1.90178587950636,3.45e-09,7.19409836065574e-08
GOGA5_S3,GOGA5,0.839324604674234,3.49e-09,7.24780408163265e-08
PRP4B_S3,PRP4B,-0.567405528747928,3.59e-09,7.42517073170732e-08
ZRAB2_S7,ZRAB2,-0.990638657152282,3.68e-09,7.5805020242915e-08
TB182_S4,TB182,-1.32176703040271,3.72e-09,7.632e-08
CORO7_S1,CORO7,-1.81590803322226,3.8e-09,7.76481927710843e-08
CAP1_S14,CAP1,1.19417219989328,3.86e-09,7.855872e-08
DPYS_S1,DPYS,-2.65674403114418,3.93e-09,7.96647011952191e-08
AB1IP_S2,AB1IP,1.99314086122945,3.96e-09,7.99542857142857e-08
PSMD4_T2,PSMD4,-1.34488129830028,4.2e-09,8.44648221343874e-08
AKAP1_S4,AKAP1,-2.01317072524056,4.32e-09,8.63962352941176e-08
K1C18_S3,K1C18,-2.34900495402288,4.33e-09,8.63962352941176e-08
LMNA_S7,LMNA,1.5209398181446,4.35e-09,8.645625e-08
ITSN1_S14,ITSN1,-1.10269639617614,4.49e-09,8.8546976744186e-08
TNS2_S1,TNS2,-1.68594587107449,4.49e-09,8.8546976744186e-08
PDLI2_S1,PDLI2,-1.62097313847635,4.51e-09,8.85979922779923e-08
MECP2_S3,MECP2,-2.5294176539674,4.68e-09,9.1584e-08
HNRL2_S3,HNRL2,2.42543237686037,4.73e-09,9.2207816091954e-08
MP2K4_T1,MP2K4,-1.20308922608676,5.02e-09,9.74876335877863e-08
PRKRA_S3,PRKRA,-3.07580853507869,5.26e-09,1.01567272727273e-07
ALBU_S16,ALBU,1.90285111969444,5.27e-09,1.01567272727273e-07
STAT3_S18,STAT3,0.662715137084525,5.31e-09,1.01951278195489e-07
TLN2_T5,TLN2,-0.880556094684659,5.33e-09,1.01951278195489e-07
ITSN2_S8,ITSN2,-0.260831876418661,5.54e-09,1.05571235955056e-07
GFPT2_Y1,GFPT2,-0.833904985236914,5.71e-09,1.08404776119403e-07
HMGN3_S3,HMGN3,-1.99128860362726,5.74e-09,1.08569219330855e-07
BORC7_S1,BORC7,-1.39037762078179,6.15e-09,1.15893333333333e-07
MYPT1_S1,MYPT1,-1.03420105647272,6.78e-09,1.27293874538745e-07
CTGE4_S3,CTGE4,-1.30422799123543,7.44e-09,1.36168057553957e-07
CTGE5_S3,CTGE5,-1.30422799123543,7.44e-09,1.36168057553957e-07
CTGE6_S3,CTGE6,-1.30422799123543,7.44e-09,1.36168057553957e-07
CTGE8_S3,CTGE8,-1.30422799123543,7.44e-09,1.36168057553957e-07
CTGE9_S3,CTGE9,-1.30422799123543,7.44e-09,1.36168057553957e-07
CTGEF_S3,CTGEF,-1.30422799123543,7.44e-09,1.36168057553957e-07
MIA2_S3,MIA2,-1.30422799123543,7.44e-09,1.36168057553957e-07
UBR4_S3,UBR4,-2.26279972103401,7.7e-09,1.40421505376344e-07
DHCR7_S3,DHCR7,-2.15205538746959,7.77e-09,1.41192e-07
AHNK_S2,AHNK,-1.21544354425814,7.92e-09,1.43257872340426e-07
STX17_S4,STX17,-1.67781413369959,7.94e-09,1.43257872340426e-07
AMPD2_S3,AMPD2,0.75146584701603,8.12e-09,1.45987844522968e-07
RS10L_S7,RS10L,-0.803268509839775,8.31e-09,1.48355368421053e-07
RS10_S7,RS10,-0.803268509839775,8.31e-09,1.48355368421053e-07
AAKB1_S1,AAKB1,-1.05710971629085,8.36e-09,1.48726153846154e-07
FOXK1_S6,FOXK1,-0.806503845111023,8.43e-09,1.49448919860627e-07
CBX3_S3,CBX3,1.17165047892499,8.8e-09,1.55466666666667e-07
CTNB1_S1,CTNB1,-0.816790925393715,9.23e-09,1.62499100346021e-07
NDRG2_S3,NDRG2,-0.987439006043938,9.4e-09,1.64921379310345e-07
VIME_S4,VIME,-2.4158296597124,9.86e-09,1.72397525773196e-07
XRCC1_S11_T17,XRCC1,-0.418138390419616,1.08e-08,1.88186301369863e-07
GEPH_S4,GEPH,-2.04345365242843,1.09e-08,1.89280546075085e-07
ASSY_Y1,ASSY,-1.33136267100753,1.15e-08,1.99020408163265e-07
AKAP2_S3,AKAP2,-0.929936814023336,1.19e-08,2.03862626262626e-07
MTMR3_S3,MTMR3,-1.02085025696124,1.19e-08,2.03862626262626e-07
PEA15_S9,PEA15,2.36307548513843,1.19e-08,2.03862626262626e-07
ODPA_Y1,ODPA,-1.77577139059463,1.25e-08,2.13422818791946e-07
HNRPU_S3,HNRPU,-1.4639785558986,1.27e-08,2.1611237458194e-07
SYNE1_S3,SYNE1,2.28706100165629,1.33e-08,2.25568e-07
SRBS2_S13,SRBS2,-1.23691522747306,1.35e-08,2.28199335548173e-07
DCAF8_S5,DCAF8,-0.852516067943672,1.36e-08,2.29128476821192e-07
DSG2_S2,DSG2,-1.86775258943428,1.4e-08,2.35089108910891e-07
PROX1_S6,PROX1,-0.982304999599055,1.45e-08,2.41888524590164e-07
VINC_S3,VINC,-1.74198751247343,1.45e-08,2.41888524590164e-07
UIMC1_S3,UIMC1,-1.07844088209473,1.47e-08,2.44423529411765e-07
USF1_S5,USF1,1.35332945729962,1.51e-08,2.5025667752443e-07
K2C8_T17,K2C8,0.632122054385657,1.52e-08,2.51096103896104e-07
PALLD_S3,PALLD,-1.90868392950729,1.55e-08,2.55223300970874e-07
PAXI_S9,PAXI,0.808134295910354,1.58e-08,2.59323870967742e-07
DNJC5_S3,DNJC5,-1.05114466186958,1.63e-08,2.66670096463023e-07
BCLF1_S10,BCLF1,0.681635074246826,1.67e-08,2.72338461538462e-07
SRRM1_S4_T8,SRRM1,-0.232131058315966,1.68e-08,2.7309392971246e-07
E41L2_S1,E41L2,-1.10288939732798,1.72e-08,2.78705732484076e-07
SC31A_S11,SC31A,2.27796665342155,1.77e-08,2.85897142857143e-07
ARHG7_S2,ARHG7,1.79801520350409,1.8e-08,2.89822784810127e-07
I2BPL_S3,I2BPL,-1.05426431707988,1.88e-08,3.01748895899054e-07
ODPA_T5,ODPA,-1.75085688770722,1.91e-08,3.0528e-07
EF1D_S19,EF1D,-0.684201659323153,1.92e-08,3.0528e-07
NRDC_S3,NRDC,-1.81713741862348,1.92e-08,3.0528e-07
CBX3_S1,CBX3,-1.40365556475196,2.01e-08,3.17604968944099e-07
NPM_S4,NPM,-1.03228098257364,2.01e-08,3.17604968944099e-07
ERMP1_S3,ERMP1,0.659399748182701,2.1e-08,3.30798761609907e-07
K1C18_S10,K1C18,-1.40681962914705,2.12e-08,3.32918518518519e-07
PHRF1_S3,PHRF1,-0.829416665561633,2.13e-08,3.33459692307692e-07
NF1_S1,NF1,-0.871519381005744,2.18e-08,3.40240490797546e-07
F262_S3,F262,0.79300336286226,2.25e-08,3.50091743119266e-07
MAST4_S3,MAST4,0.779855385372055,2.29e-08,3.55229268292683e-07
ACACB_S3,ACACB,-1.31047899698619,2.31e-08,3.57242553191489e-07
ZRAB2_S6,ZRAB2,-0.775703078356468,2.34e-08,3.60785454545455e-07
DHCR7_S1,DHCR7,-2.50693973079369,2.36e-08,3.62769788519637e-07
ARHG2_S3,ARHG2,1.78098670859543,2.37e-08,3.63209638554217e-07
UN13B_S3,UN13B,1.03215966116367,2.52e-08,3.85037837837838e-07
MAP4_S6,MAP4,-2.71225296617768,2.7e-08,4.11305389221557e-07
EXOC1_T5,EXOC1,-1.36949386589807,2.86e-08,4.34378507462687e-07
NUCKS_S6,NUCKS,-2.56101935115812,2.87e-08,4.346e-07
NEK6_S11,NEK6,1.28972927675542,2.88e-08,4.34820178041543e-07
AMPD2_S1,AMPD2,0.987871207744455,3.04e-08,4.56269026548673e-07
GLCE_S3,GLCE,-0.339341361463092,3.04e-08,4.56269026548673e-07
RBM25_S6,RBM25,1.17160505798496,3.07e-08,4.59416470588235e-07
ILK_T3,ILK,1.83769466933688,3.13e-08,4.67021700879765e-07
ELYS_S2,ELYS,-1.43224273180549,3.35e-08,4.98385964912281e-07
DEMA_S3,DEMA,-0.942080003822644,3.37e-08,4.99899708454811e-07
BCLF1_T2,BCLF1,-1.35019813037368,3.59e-08,5.30986046511628e-07
ZCHC8_S3,ZCHC8,-1.1093384743151,3.68e-08,5.4272e-07
AAPK1_S1,AAPK1,-1.29118726894405,3.78e-08,5.55856647398844e-07
ZYX_S14,ZYX,0.788375982246231,4.08e-08,5.98243227665706e-07
BOK_S3,BOK,1.78454998408018,4.21e-08,6.15531034482759e-07
M3K11_S18,M3K11,0.90452745038761,4.31e-08,6.28346131805158e-07
NP1L4_S18,NP1L4,-1.1029300082477,4.37e-08,6.35273142857143e-07
NOSIP_S3,NOSIP,1.26952887671365,4.4e-08,6.37811965811966e-07
EIF3G_S10,EIF3G,0.881060124910477,4.49e-08,6.49009090909091e-07
NPM_S14,NPM,-0.557980758957175,4.63e-08,6.67349575070822e-07
FBP1L_T1,FBP1L,-1.44642911177705,4.71e-08,6.76962711864407e-07
PNISR_S3,PNISR,0.724217971645164,4.75e-08,6.80788732394366e-07
LMNB2_T6,LMNB2,-1.1615223330662,4.79e-08,6.84593258426966e-07
PHRF1_S5,PHRF1,-1.22854448171379,5e-08,7.12035754189944e-07
BCLF1_S1,BCLF1,1.45064323402325,5.01e-08,7.12035754189944e-07
HNRPD_S13,HNRPD,-0.219439436485152,5.12e-08,7.25642339832869e-07
CTR9_S5,CTR9,-0.672138999268001,5.15e-08,7.27866666666667e-07
CBX3_S4,CBX3,1.79241112218047,5.34e-08,7.52629362880887e-07
EGFR_S6,EGFR,1.0162951651808,5.41e-08,7.60388950276243e-07
PHIP_S3,PHIP,-1.39590501339076,5.43e-08,7.61097520661157e-07
VPRBP_S4,VPRBP,0.65097453925459,5.56e-08,7.77178021978022e-07
SHRM1_S24,SHRM1,1.09611954956596,5.8e-08,8.07685245901639e-07
WBP4_S6,WBP4,-0.581453828504598,5.81e-08,8.07685245901639e-07
FLNA_S8,FLNA,-2.74157762634504,5.85e-08,8.11029972752044e-07
MILK2_S6,MILK2,-1.00148840080827,6.02e-08,8.32330434782609e-07
COG5_S2,COG5,-0.882880093568325,6.05e-08,8.34211382113821e-07
EVA1A_T8,EVA1A,2.97506340832831,6.07e-08,8.34707027027027e-07
STBD1_S3,STBD1,-1.60106729423126,6.13e-08,8.40685714285714e-07
CXB1_S1,CXB1,-0.974254423146606,6.18e-08,8.45264516129032e-07
ABLM1_S2,ABLM1,-1.43584434713489,6.25e-08,8.5254691689008e-07
CAMP3_S9,CAMP3,-0.992922667019783,6.27e-08,8.52988235294118e-07
INT1_S1,INT1,-0.652504661001674,6.34e-08,8.602112e-07
KPCD1_S3,KPCD1,-1.45003930356351,6.41e-08,8.67395744680851e-07
DPYL3_S2,DPYL3,-0.670385337617782,6.58e-08,8.88038196286472e-07
SR140_S6,SR140,-1.53633006295487,6.89e-08,9.27415873015873e-07
FOXK2_S3,FOXK2,-0.852850393363392,7.01e-08,9.41078627968338e-07
UBP8_S3,UBP8,-0.545571720278065,7.39e-08,9.89482105263158e-07
KI13A_S3,KI13A,-1.03378796341212,7.41e-08,9.89555905511811e-07
IF2P_S1,IF2P,-1.09135748775157,7.51e-08,1.00028481675393e-06
UBR5_S3,UBR5,-0.589066649011768,7.58e-08,1.00697232375979e-06
CALD1_S7,CALD1,-1.1614797746099,7.6e-08,1.007e-06
ARHG6_S2,ARHG6,-0.789209359685418,7.63e-08,1.00834909090909e-06
SPF45_S16,SPF45,0.634077289666526,7.77e-08,1.02419067357513e-06
ICAL_S1,ICAL,-0.713740541846298,7.84e-08,1.03074728682171e-06
RL1D1_S5,RL1D1,0.720386898282341,7.88e-08,1.03333608247423e-06
CYTSA_S3,CYTSA,0.651633313709165,8.36e-08,1.09346221079692e-06
SRC8_S4,SRC8,-1.10656102143983,8.44e-08,1.10109538461538e-06
PLEC_S3,PLEC,0.935211470484394,8.67e-08,1.12820869565217e-06
CHSP1_S3,CHSP1,-0.627265701758703,8.71e-08,1.13052244897959e-06
ANK3_S11,ANK3,-1.11102441188793,8.77e-08,1.13541374045802e-06
TMX1_S13,TMX1,-0.468977379092437,8.8e-08,1.13640609137056e-06
MICA3_S3,MICA3,-0.450947099337812,8.89e-08,1.14512202531646e-06
GOGA3_S4,GOGA3,-1.19084615761389,8.95e-08,1.14993939393939e-06
EGFR_S12,EGFR,-2.04439250318278,9.07e-08,1.16205829145729e-06
TAPT1_S2,TAPT1,-1.16526383174809,9.09e-08,1.16205829145729e-06
LEPR_S3,LEPR,-1.11313655397859,9.15e-08,1.166424e-06
ACBD5_S2,ACBD5,1.24842995175381,9.17e-08,1.166424e-06
H1BP3_S1,H1BP3,-0.789123032808679,9.22e-08,1.16985935162095e-06
RNF31_S3,RNF31,-0.54998286336885,9.29e-08,1.17174384236453e-06
ZO1_S4,ZO1,1.88223755396028,9.3e-08,1.17174384236453e-06
UGPA_S3,UGPA,2.20375873856904,9.34e-08,1.17174384236453e-06
H90B2_S6,H90B2,-0.99687724539149,9.35e-08,1.17174384236453e-06
HS90B_S6,HS90B,-0.99687724539149,9.35e-08,1.17174384236453e-06
ALBU_S7,ALBU,-0.569261117092531,9.81e-08,1.22286161369193e-06
EDC3_S3,EDC3,-0.865540305685286,9.83e-08,1.22286161369193e-06
LAD1_S4,LAD1,-1.89484871210999,9.83e-08,1.22286161369193e-06
FLNA_S3,FLNA,-2.35427952242767,1.01e-07,1.25338536585366e-06
NUCKS_S13,NUCKS,-0.733699619504968,1.02e-07,1.26271532846715e-06
I2BP2_S4,I2BP2,-0.745658361304016,1.04e-07,1.28434951456311e-06
SYNE1_T3,SYNE1,-0.835223354838266,1.05e-07,1.2935593220339e-06
TENS1_S19,TENS1,1.96966640533287,1.06e-07,1.30272463768116e-06
AHNK_S4,AHNK,-0.920952264591977,1.08e-07,1.3146028708134e-06
CIP4_S3,CIP4,-0.671778460435404,1.08e-07,1.3146028708134e-06
CRBG3_S6,CRBG3,-1.29392704862151,1.08e-07,1.3146028708134e-06
STRP1_S3,STRP1,0.817643055770993,1.08e-07,1.3146028708134e-06
S18B1_S3,S18B1,-1.48227629150564,1.12e-07,1.3568e-06
TGFI1_S3,TGFI1,-0.924220523499417,1.12e-07,1.3568e-06
MEF2C_S2,MEF2C,-0.604920560795684,1.14e-07,1.37774821852732e-06
PEAK1_T3,PEAK1,1.6573638458793,1.15e-07,1.38654028436019e-06
RSRC2_S3,RSRC2,-0.88338614776862,1.16e-07,1.392e-06
TEX2_S4,TEX2,-0.959240141083606,1.16e-07,1.392e-06
MEPCE_S3,MEPCE,-1.28960448769654,1.19e-07,1.42129577464789e-06
UBP5_S5,UBP5,-1.34264202198984,1.19e-07,1.42129577464789e-06
DCP1B_S1,DCP1B,-0.968355602390534,1.21e-07,1.44179859484778e-06
ZO2_S1,ZO2,-0.756077808868935,1.22e-07,1.45031775700935e-06
STX12_S3,STX12,2.36294954006328,1.24e-07,1.47065734265734e-06
BRAP_S9,BRAP,-0.921737378534652,1.25e-07,1.47563805104408e-06
EHBP1_S3,EHBP1,-1.64483071569285,1.25e-07,1.47563805104408e-06
DBNL_S3,DBNL,2.45551839734711,1.31e-07,1.54288888888889e-06
BCR_S3,BCR,1.22792565425853,1.33e-07,1.55922580645161e-06
LAR1B_S12,LAR1B,2.54896360229217,1.33e-07,1.55922580645161e-06
BCLF1_S6,BCLF1,-0.682078045857373,1.34e-07,1.56733793103448e-06
EF1D_S10,EF1D,-0.439959519808345,1.35e-07,1.57180778032037e-06
EPN4_T11,EPN4,-0.967941469228593,1.35e-07,1.57180778032037e-06
HSPB6_S2,HSPB6,-1.49384573578471,1.39e-07,1.61468493150685e-06
SRC8_T5_S9,SRC8,1.40375804722912,1.42e-07,1.64577676537585e-06
SRRM2_S2,SRRM2,-0.577688808277082,1.55e-07,1.79236363636364e-06
PGM1_S10,PGM1,-0.967322555321033,1.56e-07,1.79983673469388e-06
PLEK_S1,PLEK,1.62263229661203,1.6e-07,1.84180995475113e-06
E41L2_S4,E41L2,-1.3964451032284,1.61e-07,1.84913769751693e-06
TRIPC_Y1,TRIPC,-0.300737652287979,1.66e-07,1.90227027027027e-06
ZN185_S2,ZN185,-1.32758421501719,1.76e-07,2.01233258426966e-06
HSPB6_S1,HSPB6,-1.78817823424374,1.82e-07,2.07626905829596e-06
PPHLN_S3,PPHLN,-0.869835543592862,1.93e-07,2.1968322147651e-06
LA_S3,LA,0.766184914642988,2.02e-07,2.29414285714286e-06
CP131_S3,CP131,1.19200367971674,2.05e-07,2.3230289532294e-06
RPGF1_S3,RPGF1,-0.843419953248775,2.07e-07,2.34048e-06
TR150_S3,TR150,0.733433998827772,2.08e-07,2.34657206208426e-06
KGP1_T3,KGP1,-1.31071503085062,2.09e-07,2.35263716814159e-06
PAXI_S2,PAXI,-0.48513654072693,2.1e-07,2.35867549668874e-06
CAMP1_S7,CAMP1,0.917535161591366,2.12e-07,2.37067252747253e-06
STBD1_S2,STBD1,-1.31438421342397,2.12e-07,2.37067252747253e-06
FIL1L_S3,FIL1L,-1.2135081855816,2.16e-07,2.40483150984683e-06
IF2P_S9,IF2P,2.39055974491362,2.16e-07,2.40483150984683e-06
RBM12_S1,RBM12,-1.08583941125417,2.17e-07,2.41068995633188e-06
SRRM2_S4,SRRM2,0.656351946861206,2.2e-07,2.43869281045752e-06
TPC12_S1,TPC12,-1.90732029396828,2.22e-07,2.45551304347826e-06
SMAP2_T7,SMAP2,1.45042160941526,2.23e-07,2.46122342733189e-06
BIN1_S3,BIN1,-0.342732777619327,2.24e-07,2.46690909090909e-06
EFR3A_S16,EFR3A,0.714851214758493,2.29e-07,2.51652699784017e-06
RBM14_S2,RBM14,1.22838794688406,2.31e-07,2.53303448275862e-06
CHMP7_S2,CHMP7,-0.745200381203104,2.34e-07,2.55491845493562e-06
NUCKS_T6,NUCKS,1.77879404443308,2.34e-07,2.55491845493562e-06
TLN1_S3,TLN1,-1.93556383599634,2.35e-07,2.5603426124197e-06
ZDHC5_S12,ZDHC5,0.822208927721842,2.38e-07,2.58730212765957e-06
CLAP1_S1,CLAP1,-1.54190825040618,2.39e-07,2.58730212765957e-06
MYO9B_T7,MYO9B,-0.861494978991869,2.39e-07,2.58730212765957e-06
VINC_S1,VINC,-1.74972669857186,2.51e-07,2.71143949044586e-06
SCAM3_Y2,SCAM3,-1.41698066206816,2.52e-07,2.71647457627119e-06
UB2J1_S3,UB2J1,-1.16038059253766,2.54e-07,2.73224524312896e-06
RBM39_Y1,RBM39,1.1050426293646,2.59e-07,2.78015189873418e-06
MAP1B_S15,MAP1B,1.26553074181032,2.6e-07,2.78501052631579e-06
TB182_S14,TB182,1.02721654525626,2.63e-07,2.8112268907563e-06
MRCKB_S5,MRCKB,1.46657863347637,2.66e-07,2.83733333333333e-06
GOGA3_S3,GOGA3,-0.567485571257296,2.69e-07,2.86333054393305e-06
RHG35_S7,RHG35,0.796904094561952,2.8e-07,2.97419624217119e-06
PCD18_S1,PCD18,-1.59484429109152,2.86e-07,3.0316e-06
ABR_S3,ABR,1.47053638132168,2.87e-07,3.03587525987526e-06
PP12C_S3,PP12C,-1.4347173885675,2.9e-07,3.05910743801653e-06
ANXA2_Y14,ANXA2,1.00142706039028,2.91e-07,3.05910743801653e-06
AXA2L_Y14,AXA2L,1.00142706039028,2.91e-07,3.05910743801653e-06
SRRM2_S3,SRRM2,-0.48792631239729,2.93e-07,3.07378144329897e-06
PML_S3,PML,-0.544724836454555,2.97e-07,3.10933333333333e-06
AAK1_S1,AAK1,-1.22307134209867,2.99e-07,3.11106748466258e-06
CPZIP_S5,CPZIP,-0.493065690222042,2.99e-07,3.11106748466258e-06
GGYF1_S15,GGYF1,0.737423521545236,2.99e-07,3.11106748466258e-06
DPOE4_S8,DPOE4,-1.90650216011022,3.02e-07,3.12948268839104e-06
K2C8_S18,K2C8,0.680816159167803,3.02e-07,3.12948268839104e-06
LARP7_T4,LARP7,-0.453626053877921,3.03e-07,3.13346341463415e-06
PHF11_S6,PHF11,0.913664595440774,3.05e-07,3.14774847870183e-06
CHIP_S7,CHIP,-0.247155543159919,3.09e-07,3.18257489878542e-06
NFIA_S1,NFIA,-0.361632759710794,3.11e-07,3.19670303030303e-06
PDZD8_S15,PDZD8,1.18454833206386,3.12e-07,3.20051612903226e-06
FLNA_T7,FLNA,-1.8192388474612,3.14e-07,3.21455130784708e-06
SRRM1_T3,SRRM1,-0.240148193376079,3.17e-07,3.23874698795181e-06
PI4KA_S1,PI4KA,-1.08721609246267,3.3e-07,3.36480961923848e-06
NEK9_T5,NEK9,1.11700639333108,3.36e-07,3.419136e-06
ZBT38_S5,ZBT38,-1.26172490326755,3.37e-07,3.42246706586826e-06
K2C8_S8,K2C8,1.06245094653573,3.44e-07,3.48659760956175e-06
BMS1_S4,BMS1,0.964308647552794,3.48e-07,3.51314285714286e-06
RS3_T6,RS3,-0.815182726171282,3.48e-07,3.51314285714286e-06
PAXI_S5,PAXI,2.77060208619657,3.5e-07,3.51936758893281e-06
TAGL2_S1,TAGL2,-2.60497328424055,3.5e-07,3.51936758893281e-06
CLAP1_S2,CLAP1,1.34997571951019,3.53e-07,3.5425325443787e-06
U2AF2_S9,U2AF2,-0.755416530212551,3.59e-07,3.59565354330709e-06
EIF3C_S6,EIF3C,-0.0685167185231744,3.69e-07,3.67411350293542e-06
EIFCL_S6,EIFCL,-0.0685167185231744,3.69e-07,3.67411350293542e-06
PR38B_S3,PR38B,1.58522130528341,3.69e-07,3.67411350293542e-06
KANK2_S3,KANK2,-2.37219183030257,3.73e-07,3.7066875e-06
ODBA_S1,ODBA,-0.934716799739339,3.76e-07,3.72921637426901e-06
EIF3C_S4,EIF3C,-1.10626713466074,3.84e-07,3.79377087378641e-06
EIFCL_S4,EIFCL,-1.10626713466074,3.84e-07,3.79377087378641e-06
MYLK_T8,MYLK,-2.17605495886339,3.88e-07,3.82586046511628e-06
CTNB1_S3,CTNB1,0.383066090650445,3.96e-07,3.8971914893617e-06
FYN_S3,FYN,-2.22810985667222,4e-07,3.92895752895753e-06
UBP15_S1,UBP15,-0.807619046453973,4.06e-07,3.98020809248555e-06
TENS1_S6,TENS1,-1.53825624976369,4.07e-07,3.98233846153846e-06
M4K4_S3,M4K4,1.16018766934109,4.15e-07,4.05282149712092e-06
AIFM1_S3,AIFM1,1.84179955649425,4.22e-07,4.11328735632184e-06
FUBP2_S2,FUBP2,-0.68767505756897,4.25e-07,4.13460803059274e-06
CHAP1_S7,CHAP1,1.00167114596236,4.44e-07,4.31120610687023e-06
DESP_S9,DESP,-0.887722476476876,4.56e-07,4.41929142857143e-06
RUSD2_S4,RUSD2,-0.410757339436694,4.59e-07,4.43990874524715e-06
MTOR_S4,MTOR,-1.33268255285103,4.67e-07,4.5024e-06
AGM1_S10,AGM1,-0.42838646198763,4.69e-07,4.5024e-06
ODPAT_S4,ODPAT,-2.2941903415486,4.69e-07,4.5024e-06
ODPA_S4,ODPA,-2.2941903415486,4.69e-07,4.5024e-06
PHAR4_S3,PHAR4,0.834623320218572,4.73e-07,4.53224858757062e-06
PHRF1_S17,PHRF1,-0.486834484875427,4.75e-07,4.54285714285714e-06
RBBP6_S3,RBBP6,-1.48818044555088,4.77e-07,4.55342589118199e-06
EEPD1_S3,EEPD1,1.09499694739829,4.92e-07,4.6878202247191e-06
WDR44_S5,WDR44,-0.782502632971872,4.95e-07,4.70758878504673e-06
PDS5B_S3,PDS5B,2.37860981520106,4.99e-07,4.71916728624535e-06
SRSF2_T1,SRSF2,-1.42415395792597,4.99e-07,4.71916728624535e-06
SYNP2_S4,SYNP2,0.634856809331853,4.99e-07,4.71916728624535e-06
TCOF_S18,TCOF,0.465705793279023,5.02e-07,4.73873098330241e-06
COASY_S25,COASY,-1.89782310780683,5.06e-07,4.76764444444444e-06
UTRO_S2,UTRO,-1.52378365692532,5.36e-07,5.04097597042514e-06
UGDH_S6,UGDH,-1.54105852531375,5.41e-07,5.07861254612546e-06
HUWE1_S8,HUWE1,-1.61914416800871,5.47e-07,5.12548066298343e-06
FA83G_S3,FA83G,0.749978945245326,5.98e-07,5.59120879120879e-06
AFAD_S1,AFAD,-1.11463326299447,6e-07,5.59120879120879e-06
RAVR1_T13,RAVR1,0.678121801409915,6e-07,5.59120879120879e-06
KPCD2_S1,KPCD2,0.723915671056002,6.03e-07,5.60889213893967e-06
SRRM2_T3_S14,SRRM2,-0.754929417678538,6.08e-07,5.6450802919708e-06
NUP98_S6,NUP98,-0.305400988990689,6.27e-07,5.80957090909091e-06
TFG_S12,TFG,-1.48142586591954,6.28e-07,5.80957090909091e-06
TCAL3_S3,TCAL3,-1.77628651831107,6.37e-07,5.86086075949367e-06
TCAL5_S3,TCAL5,-1.77628651831107,6.37e-07,5.86086075949367e-06
TCAL6_S3,TCAL6,-1.77628651831107,6.37e-07,5.86086075949367e-06
PGRC1_S1,PGRC1,-3.79701297783614,6.41e-07,5.88701805054152e-06
CORO7_S3,CORO7,-0.744040770968541,6.44e-07,5.90391351351351e-06
PKP2_S1,PKP2,-3.08599976884391,6.49e-07,5.92688172043011e-06
SEPT9_S9,SEPT9,1.11704708526988,6.49e-07,5.92688172043011e-06
PROX1_S2,PROX1,-0.854936108128527,6.5e-07,5.92688172043011e-06
GRIN3_S5,GRIN3,0.815252663255026,6.52e-07,5.93448300536673e-06
MSH6_S3,MSH6,0.95827226973842,6.61e-07,6.00565714285714e-06
PXDC2_S3,PXDC2,-0.338914694169407,6.68e-07,6.04765836298932e-06
TRRAP_S3,TRRAP,-2.19079820225334,6.68e-07,6.04765836298932e-06
LIPB2_S4,LIPB2,0.847548210493338,6.7e-07,6.05499111900533e-06
AGFG1_S6,AGFG1,-1.34906455070504,6.76e-07,6.0983829787234e-06
MARK3_T3,MARK3,0.815547050582325,6.78e-07,6.1056e-06
ZN768_S5,ZN768,-0.594753268815608,7.02e-07,6.31055830388693e-06
TB182_S10,TB182,-0.0270417624224484,7.06e-07,6.33532275132275e-06
CAP1_S16,CAP1,1.22008761178672,7.31e-07,6.54811267605634e-06
MYPT1_S3,MYPT1,-2.16656957605689,7.33e-07,6.55448857644991e-06
CHSP1_S3_S5,CHSP1,-0.697963712100647,7.58e-07,6.76614736842105e-06
STX4_Y13,STX4,0.678031897113034,7.62e-07,6.78994045534151e-06
NOP56_S2,NOP56,-1.24162978772311,7.65e-07,6.79877351916376e-06
K1C18_S5,K1C18,0.734950263067732,7.66e-07,6.79877351916376e-06
FABPL_S4,FABPL,-1.89833351381778,7.67e-07,6.79877351916376e-06
AHNK_S6,AHNK,1.2337034324363,7.75e-07,6.85773913043478e-06
SNTB2_S21,SNTB2,0.876886001677808,8.3e-07,7.33166666666667e-06
BIN2_S6,BIN2,-2.23771512386813,8.37e-07,7.3806863084922e-06
MAP4_S4,MAP4,-0.300269115258474,8.52e-07,7.49995847750865e-06
STK10_S10,STK10,1.14261190474826,8.58e-07,7.53973056994819e-06
TAF12_S10,TAF12,-0.835311259927724,8.68e-07,7.61445517241379e-06
MVP_S5,MVP,-2.52269818255926,9e-07,7.8815834767642e-06
RBM25_S5,RBM25,-1.70449670480511,9.26e-07,8.09534020618557e-06
PP14A_S3,PP14A,-0.510754892668755,9.42e-07,8.22109090909091e-06
SYNP2_S12,SYNP2,0.648327112558436,9.56e-07,8.32898630136986e-06
ZCCHV_S2,ZCCHV,-1.27418426588018,9.72e-07,8.45390769230769e-06
CCD86_S16,CCD86,1.90501884096319,9.77e-07,8.48289419795222e-06
YAP1_S7,YAP1,-0.910510986436399,9.9e-07,8.57518367346939e-06
UFL1_S4,UFL1,-1.58193078430522,9.91e-07,8.57518367346939e-06
ZC3HD_S2,ZC3HD,-0.594950359118146,1.01e-06,8.72475382003396e-06
LIPB1_S13,LIPB1,0.971245257780086,1.03e-06,8.86741116751269e-06
ODBA_S5,ODBA,-0.847226768431629,1.03e-06,8.86741116751269e-06
FARP1_S12,FARP1,-0.6849582873971,1.08e-06,9.28216216216216e-06
PKHA6_S3,PKHA6,-0.503133674843898,1.11e-06,9.50787878787879e-06
STMN1_S3,STMN1,0.720319896290094,1.11e-06,9.50787878787879e-06
DESP_S3,DESP,1.55116429436787,1.15e-06,9.81744966442953e-06
RN213_S2,RN213,-2.16147821236237,1.15e-06,9.81744966442953e-06
MAP4_S5,MAP4,1.84247261358694,1.16e-06,9.86969899665552e-06
UBP24_S3,UBP24,-1.46029405943465,1.16e-06,9.86969899665552e-06
NXP20_S3,NXP20,-1.40861053452401,1.17e-06,9.93816360601002e-06
PROX1_S3,PROX1,0.501968660629,1.19e-06,1.00912e-05
GGYF2_S10,GGYF2,0.481605739930757,1.2e-06,1.01590682196339e-05
C170B_S2,C170B,-1.35048729568918,1.22e-06,1.03112292358804e-05
K1C18_T1,K1C18,1.15430754532884,1.24e-06,1.04628855721393e-05
HDGF_S8,HDGF,-0.431129579017825,1.25e-06,1.05298013245033e-05
K1522_S9,K1522,0.575119429576477,1.27e-06,1.06805950413223e-05
UTP20_T10,UTP20,-0.176559963328045,1.28e-06,1.07469306930693e-05
TASOR_S1,TASOR,-1.87252536187459,1.31e-06,1.09806919275124e-05
ATX2L_S11,ATX2L,1.30046184974496,1.32e-06,1.10100983606557e-05
CLAP1_S3,CLAP1,0.940409256555947,1.32e-06,1.10100983606557e-05
VAPA_S12,VAPA,-1.03411687127558,1.32e-06,1.10100983606557e-05
TAGL2_S2,TAGL2,-3.33628338786443,1.33e-06,1.10753518821604e-05
I2BP2_S11,I2BP2,-0.347705677704148,1.34e-06,1.10860487804878e-05
KS6A3_S2,KS6A3,-1.14899760784739,1.34e-06,1.10860487804878e-05
PHAR4_S1,PHAR4,-1.17186326876922,1.34e-06,1.10860487804878e-05
TP53B_S3,TP53B,-0.917063741076759,1.34e-06,1.10860487804878e-05
DPYL2_T3_T10,DPYL2,2.04844348975105,1.35e-06,1.11506493506494e-05
HMGN1_S3,HMGN1,-2.95377331585624,1.36e-06,1.12150405186386e-05
AJUBA_S15,AJUBA,2.01727296543816,1.4e-06,1.1526213592233e-05
SMAG2_S8,SMAG2,0.557639609276817,1.42e-06,1.16531612903226e-05
SRBS1_T15,SRBS1,-0.460175622183696,1.42e-06,1.16531612903226e-05
HDGF_S2,HDGF,-1.80495620459068,1.43e-06,1.17163285024155e-05
JCAD_S4,JCAD,0.83402251790848,1.48e-06,1.2087062600321e-05
KTN1_S10,KTN1,-0.261610601609296,1.48e-06,1.2087062600321e-05
SON_S3,SON,-2.26030609798555,1.49e-06,1.21492307692308e-05
MARF1_S3,MARF1,1.12435039171068,1.51e-06,1.2292608e-05
TENS3_S22,TENS3,0.662582374480154,1.54e-06,1.25168051118211e-05
41_S14,41,1.78857287148968,1.55e-06,1.2577990430622e-05
RBM14_S3_S8,RBM14,0.755852008432809,1.57e-06,1.272e-05
TACC2_S11_S15,TACC2,0.948684755558786,1.6e-06,1.29424483306836e-05
AHNK_S5,AHNK,1.800790256264,1.61e-06,1.298206022187e-05
SP100_S6,SP100,-0.635013154714645,1.61e-06,1.298206022187e-05
FARP1_S7,FARP1,0.904293507398406,1.63e-06,1.31225316455696e-05
PGRC1_S9,PGRC1,-0.902209146716514,1.65e-06,1.32416403785489e-05
SNTA1_S3,SNTA1,-1.24709506556408,1.65e-06,1.32416403785489e-05
BAG3_S7,BAG3,3.24769718010666,1.69e-06,1.34987755102041e-05
FND3B_S2,FND3B,1.33344509233393,1.69e-06,1.34987755102041e-05
PI4KB_S3,PI4KB,-0.162207732052363,1.69e-06,1.34987755102041e-05
PUM1_S3,PUM1,-0.483659206724895,1.77e-06,1.41156112852665e-05
PRC2B_S4,PRC2B,-0.230454137145035,1.86e-06,1.4787e-05
TTC33_T8,TTC33,-0.47363160461673,1.86e-06,1.4787e-05
PDCD4_T7,PDCD4,1.46420367038502,1.87e-06,1.48433073322933e-05
SLTM_S1,SLTM,-0.360763779017197,1.92e-06,1.52164485981308e-05
IBP1_S5,IBP1,-1.59514945388567,1.97e-06,1.55884292379471e-05
PLST_S3,PLST,-1.33579739061807,2.01e-06,1.5880248447205e-05
SDPR_S3,SDPR,-2.62915643756588,2.03e-06,1.60133953488372e-05
NU153_S2,NU153,-1.93024153146712,2.07e-06,1.62784544049459e-05
PACS1_S13,PACS1,-1.22326500817982,2.07e-06,1.62784544049459e-05
JIP4_S6,JIP4,-0.946244080591269,2.08e-06,1.6306687211094e-05
TOM70_S2,TOM70,-0.149949704648207,2.08e-06,1.6306687211094e-05
CR025_S3,CR025,-1.00519647046571,2.11e-06,1.65164307692308e-05
HUWE1_S15,HUWE1,0.628746879144877,2.12e-06,1.65692165898618e-05
PARN_S3,PARN,-1.60338358961463,2.13e-06,1.66218404907975e-05
PEAK1_S8,PEAK1,1.02620686980772,2.15e-06,1.67266055045872e-05
RFC1_S5,RFC1,1.30005891601316,2.15e-06,1.67266055045872e-05
CASC3_S9,CASC3,0.170122415441736,2.17e-06,1.6856427480916e-05
SRBS1_S3,SRBS1,-1.48250623021744,2.19e-06,1.69858536585366e-05
PGRC1_S12,PGRC1,2.81081259305885,2.24e-06,1.73472146118721e-05
KAP3_S3,KAP3,-1.19582997653933,2.31e-06,1.78621276595745e-05
RS6_S2,RS6,1.86397210981784,2.38e-06,1.83754779969651e-05
MCMBP_S2,MCMBP,-0.473924435544978,2.41e-06,1.85789090909091e-05
LAP2A_T14,LAP2A,-0.560042628569031,2.49e-06,1.91376435045317e-05
LAP2B_T14,LAP2B,-0.560042628569031,2.49e-06,1.91376435045317e-05
COPA_S4,COPA,-1.20370953902824,2.51e-06,1.92622624434389e-05
PHLB2_S2,PHLB2,-0.851061540555288,2.53e-06,1.93573533834586e-05
SL9A1_S14,SL9A1,0.963669957964621,2.53e-06,1.93573533834586e-05
SUN2_S13,SUN2,0.819112177360904,2.58e-06,1.97102702702703e-05
AHNK_T7,AHNK,-0.808793426773665,2.6e-06,1.98332833583208e-05
MYH9_S6,MYH9,-1.3040554044138,2.61e-06,1.98797604790419e-05
NU214_S4_T8,NU214,-0.766477544109253,2.64e-06,2.00782062780269e-05
SRSF6_S3,SRSF6,-0.502588899603673,2.7e-06,2.05038805970149e-05
AAPK1_S11,AAPK1,1.10227153793254,2.72e-06,2.06249776453055e-05
BNIP3_S8,BNIP3,-0.880147278715296,2.8e-06,2.12e-05
MRP_T4,MRP,-0.640910602074896,2.84e-06,2.14390504451039e-05
PHF3_S6,PHF3,0.854322931293084,2.84e-06,2.14390504451039e-05
CD44_S1,CD44,-2.67585671141258,2.87e-06,2.16334222222222e-05
BORG5_S1,BORG5,-0.441204137351201,2.89e-06,2.16877876106195e-05
MILK2_S3,MILK2,-1.63343692230656,2.89e-06,2.16877876106195e-05
RERE_S3,RERE,-0.823154068713624,2.89e-06,2.16877876106195e-05
LARP1_T3,LARP1,-1.18853991308998,2.9e-06,2.17307805596465e-05
RD23A_S4,RD23A,-0.409049160644883,2.93e-06,2.19232941176471e-05
TR150_S8,TR150,-0.749845066212561,2.95e-06,2.20405286343612e-05
LRP1_S2,LRP1,-0.8717850623025,3e-06,2.23812316715542e-05
PDE3B_S3,PDE3B,0.656549693258816,3.03e-06,2.25719472913616e-05
SGTA_T5,SGTA,-1.8412333577261,3.05e-06,2.26877192982456e-05
NUMA1_S14,NUMA1,-0.477714354626375,3.13e-06,2.32488175182482e-05
RASL3_S3,RASL3,0.779452679963991,3.14e-06,2.32890962099125e-05
LIPB1_S3,LIPB1,-0.773493616502207,3.17e-06,2.34773799126638e-05
PDLI7_S22,PDLI7,0.729381504364534,3.27e-06,2.41827906976744e-05
TPIS_S2,TPIS,-1.7027948787648,3.34e-06,2.46646153846154e-05
BIN1_S4,BIN1,-0.63484631629402,3.39e-06,2.49975652173913e-05
VIME_S9,VIME,-1.77007495010675,3.41e-06,2.51086541244573e-05
SH3K1_S1,SH3K1,1.16910203938984,3.46e-06,2.544e-05
EXOC7_S10,EXOC7,1.14509961880852,3.55e-06,2.60640692640693e-05
ARHGH_S1,ARHGH,-1.94614560156131,3.64e-06,2.66479424460432e-05
SENP6_S4,SENP6,-1.16581640149933,3.64e-06,2.66479424460432e-05
AN32A_T3,AN32A,0.888863083201938,3.68e-06,2.69020689655172e-05
CRTC3_S1,CRTC3,-0.965591968180725,3.73e-06,2.72284648493544e-05
CTR2_S3,CTR2,-1.13013190128994,3.78e-06,2.75145064377682e-05
RSF1_S6,RSF1,-1.15288655858606,3.78e-06,2.75145064377682e-05
HUWE1_S16,HUWE1,0.517982797367983,3.79e-06,2.75478857142857e-05
ARGL1_S1,ARGL1,-2.43602465302625,3.81e-06,2.76537517831669e-05
PBDC1_S4,PBDC1,-2.09810976660153,3.82e-06,2.76868376068376e-05
K2C8_S5,K2C8,-2.18063774660401,3.83e-06,2.77198293029872e-05
TCEA1_S11,TCEA1,-0.413278922625446,3.88e-06,2.80418181818182e-05
KPCD_S4,KPCD,1.02169804163177,3.89e-06,2.80742127659574e-05
FARP1_S13,FARP1,-1.77507218567696,3.91e-06,2.81785835694051e-05
ZDHC5_S6,ZDHC5,0.916737669646005,3.99e-06,2.87144554455445e-05
I2BP2_S3,I2BP2,-0.744432170748309,4.02e-06,2.88487447108604e-05
SEPT9_S6,SEPT9,1.04736761365289,4.02e-06,2.88487447108604e-05
NOS3_S7,NOS3,0.486350976226693,4.05e-06,2.90230985915493e-05
ARHG6_S1,ARHG6,-1.18326364854265,4.17e-06,2.97991011235955e-05
ARHG7_S1,ARHG7,-1.18326364854265,4.17e-06,2.97991011235955e-05
TBCD4_S3,TBCD4,-0.382643574223862,4.25e-06,3.0328190743338e-05
CALM_S11,CALM,-1.80801272824224,4.39e-06,3.12833613445378e-05
NEXN_S3,NEXN,-1.86932678255112,4.4e-06,3.13107692307692e-05
ZYX_S3,ZYX,-1.52412302412807,4.58e-06,3.25461452513966e-05
TENS1_S2,TENS1,-1.35198457780464,4.71e-06,3.34232635983264e-05
SHRM2_S3,SHRM2,-0.46253234348191,4.87e-06,3.45105292479109e-05
TCAL3_S5,TCAL3,-0.634658011242143,4.91e-06,3.46492094313454e-05
TCAL5_S5,TCAL5,-0.634658011242143,4.91e-06,3.46492094313454e-05
TCAL6_S5,TCAL6,-0.634658011242143,4.91e-06,3.46492094313454e-05
LAP2B_S11,LAP2B,0.0715407075419675,4.94e-06,3.48126315789474e-05
RAGP1_S15,RAGP1,0.615367031362131,5.01e-06,3.52570954356846e-05
MYPT2_S3,MYPT2,-1.53158054663612,5.08e-06,3.57003314917127e-05
VAPA_S10,VAPA,-0.961362711043706,5.2e-06,3.64932413793103e-05
EF1D_S26,EF1D,1.44146431478697,5.24e-06,3.6723305785124e-05
IQGA2_S2,IQGA2,-0.455638662981959,5.34e-06,3.73726547455296e-05
TENS1_S5,TENS1,-0.697002506317098,5.42e-06,3.78804395604396e-05
DPYL2_T10,DPYL2,2.48584811335008,5.45e-06,3.79857534246575e-05
TBC9B_S2,TBC9B,-1.26664868670709,5.45e-06,3.79857534246575e-05
F117B_S3,F117B,1.92402174668497,5.51e-06,3.83514090287278e-05
MGMT_T5,MGMT,1.30113427160613,5.52e-06,3.83685245901639e-05
VIME_S3,VIME,-2.10605524591577,5.66e-06,3.92879672578445e-05
TEBP_S6,TEBP,-0.697548578643402,5.68e-06,3.93730790190736e-05
INT6_S1,INT6,-1.27074369674223,5.7e-06,3.94579591836735e-05
CALX_T11,CALX,-1.0845466328363,5.82e-06,4.02339130434783e-05
IL16_S3,IL16,2.99816388369536,5.84e-06,4.0317394843962e-05
AKTS1_T3,AKTS1,0.741281138589976,5.88e-06,4.04836806495264e-05
CPZIP_S20,CPZIP,1.43615791624666,5.88e-06,4.04836806495264e-05
EXOC4_S3,EXOC4,0.406002808060936,5.94e-06,4.08415135135135e-05
G6PI_S11,G6PI,-0.888367111449429,5.97e-06,4.09923886639676e-05
DEK_S3,DEK,-1.61523423380678,6.03e-06,4.13485714285714e-05
ARHGH_S3,ARHGH,0.733755299025732,6.04e-06,4.1361399730821e-05
LYST_T2,LYST,-1.00791617022844,6.1e-06,4.17161290322581e-05
LYRIC_S7,LYRIC,1.51008910351261,6.13e-06,4.18650201342282e-05
TF3C2_S2,TF3C2,-0.829553831647516,6.23e-06,4.24909383378016e-05
AKP13_S5,AKP13,-0.36487615862322,6.27e-06,4.26494117647059e-05
IQGA2_S1,IQGA2,2.20524601856048,6.27e-06,4.26494117647059e-05
ESYT2_S4,ESYT2,-1.34183441089317,6.3e-06,4.2796261682243e-05
CC186_S1,CC186,0.276382653964552,6.31e-06,4.280704e-05
ITIH2_S6,ITIH2,0.850812179418956,6.33e-06,4.28855392809587e-05
KANK3_S3,KANK3,-0.504927856242885,6.36e-06,4.30314893617021e-05
ACINU_T2,ACINU,-1.20493306711264,6.5e-06,4.39203187250996e-05
AP3B1_S5,AP3B1,-0.869784278798176,6.55e-06,4.41994694960212e-05
BCLF1_S4,BCLF1,-0.793134997792672,6.57e-06,4.42757086092715e-05
PTN14_S3,PTN14,-0.831785996568737,6.58e-06,4.42844444444444e-05
IF4G1_S3,IF4G1,1.48846873857018,6.59e-06,4.42931571994716e-05
PCF11_S1,PCF11,-1.00084454836815,6.63e-06,4.44445849802372e-05
PLM_S14,PLM,1.16411484110356,6.63e-06,4.44445849802372e-05
STMN1_S11,STMN1,1.70682417691652,6.75e-06,4.51894736842105e-05
SEP10_S9,SEP10,-0.925128548629857,6.8e-06,4.54643889618922e-05
NUMA1_T2,NUMA1,-1.63074164915578,6.83e-06,4.56050393700787e-05
SYMPK_S11,SYMPK,-0.411800594917419,6.85e-06,4.56786369593709e-05
OCAD1_S1,OCAD1,-0.811028742720562,6.89e-06,4.58852356020942e-05
NUMA1_S4,NUMA1,-1.5491752615714,6.98e-06,4.64238431372549e-05
IRS2_T1,IRS2,0.38077171336754,7.02e-06,4.66289295039165e-05
PHF8_S1,PHF8,-1.00879922470687,7.04e-06,4.67008083441982e-05
IRS2_S3,IRS2,1.2703679773828,7.08e-06,4.6905e-05
BCLF1_S3,BCLF1,1.06414878761857,7.16e-06,4.73733159947984e-05
PDS5B_S5,PDS5B,-0.392711793053939,7.24e-06,4.78404155844156e-05
ZSWM8_S8,ZSWM8,0.790407569461013,7.25e-06,4.78443579766537e-05
ZCH18_S3,ZCH18,-0.782946536936018,7.26e-06,4.78482901554404e-05
LMNA_S3,LMNA,-2.24820437098266,7.31e-06,4.81154980595084e-05
ACL6A_S3,ACL6A,-1.23921205023079,7.32e-06,4.81190697674419e-05
FINC_S24,FINC,0.864041658960891,7.48e-06,4.91074064516129e-05
PGM1_S3,PGM1,-3.93545974780529,7.53e-06,4.93719587628866e-05
DDX21_S5,DDX21,-0.285682328997006,7.54e-06,4.93738996138996e-05
CRKL_Y14,CRKL,1.52287896678297,7.8e-06,5.09453145057766e-05
TEX2_S3,TEX2,1.90975830352102,7.8e-06,5.09453145057766e-05
RBP1_S9,RBP1,-0.638130954664782,7.85e-06,5.12061538461538e-05
PKHA6_T1,PKHA6,1.11235823349838,7.93e-06,5.16617669654289e-05
TCEA1_S8,TCEA1,-0.385765865153282,7.96e-06,5.1790895140665e-05
SRBS1_T14,SRBS1,-0.521301803061697,8.17e-06,5.30893486590038e-05
PP1B_T13,PP1B,-0.714073134073877,8.21e-06,5.32812244897959e-05
NUCKS_S10,NUCKS,2.14288614910376,8.25e-06,5.34726114649682e-05
MAP1B_S3,MAP1B,-2.75689158425995,8.29e-06,5.36635114503817e-05
TLN1_T1,TLN1,-0.807167477091165,8.47e-06,5.47590343074968e-05
EPS15_T3,EPS15,-0.947007258151643,8.74e-06,5.64328934010152e-05
TENS3_S3,TENS3,-1.19366459715069,8.82e-06,5.68772623574144e-05
RB15B_T10,RB15B,0.897415379034553,9.04e-06,5.82221772151899e-05
AHNK_S14,AHNK,-1.11897634357215,9.12e-06,5.86631605562579e-05
BICD2_S4,BICD2,0.973480965376841,9.33e-06,5.99381818181818e-05
COIL_S2,COIL,2.38382113325863,9.54e-06,6.12099873896595e-05
SQSTM_S10,SQSTM,0.76417078142824,9.59e-06,6.14532997481108e-05
SPTN1_S3,SPTN1,-0.541088181869868,9.65e-06,6.176e-05
K2C8_Y13,K2C8,0.789179807114187,9.7e-06,6.20020100502513e-05
I2BP2_S12,I2BP2,-0.743266400067314,9.78e-06,6.2434930991217e-05
DOK1_S3,DOK1,-0.870623520167553,9.9e-06,6.31218045112782e-05
MTUS1_S3,MTUS1,1.0610944414752,1.01e-05,6.4316395494368e-05
API5_S9,API5,2.35066317765605,1.02e-05,6.45492537313433e-05
CHAP1_S6,CHAP1,-1.01730816756029,1.02e-05,6.45492537313433e-05
PML_S2,PML,-0.0584552175646251,1.02e-05,6.45492537313433e-05
RHG23_S3,RHG23,-1.02040013559474,1.02e-05,6.45492537313433e-05
SRC8_S2,SRC8,-1.79859515666693,1.02e-05,6.45492537313433e-05
LAP2B_S6,LAP2B,-0.886811970177714,1.03e-05,6.51011180124224e-05
CLIP1_S3,CLIP1,-1.02704652608411,1.04e-05,6.54891089108911e-05
CLIP2_S3,CLIP2,-1.02704652608411,1.04e-05,6.54891089108911e-05
NOP56_S10,NOP56,1.23795571395195,1.04e-05,6.54891089108911e-05
PLST_S4,PLST,-1.07323955544733,1.05e-05,6.59555555555555e-05
ZKSC1_S6,ZKSC1,-0.931926494946136,1.05e-05,6.59555555555555e-05
EXOC2_S3,EXOC2,-1.15964735201247,1.06e-05,6.63380073800738e-05
SYNPO_S1,SYNPO,-1.11155652767999,1.06e-05,6.63380073800738e-05
ZRAB2_S11,ZRAB2,-0.482204336753929,1.06e-05,6.63380073800738e-05
PAWR_S6,PAWR,2.11997051301174,1.08e-05,6.74238036809816e-05
RTKN_S4,RTKN,1.20025901596813,1.08e-05,6.74238036809816e-05
NFRKB_S3,NFRKB,0.862457348700717,1.1e-05,6.85882352941176e-05
ABCF1_S6,ABCF1,-0.874905803873023,1.11e-05,6.91270501835985e-05
ELYS_S11,ELYS,0.666201512318634,1.12e-05,6.95794871794872e-05
NRBP_T3,NRBP,-0.461536547757649,1.12e-05,6.95794871794872e-05
MTAP2_T9,MTAP2,-0.825765221517476,1.13e-05,7.01151219512195e-05
MAP1S_S11,MAP1S,0.676127753159027,1.14e-05,7.06494518879415e-05
DEN1A_T2,DEN1A,-0.550249575161896,1.15e-05,7.11824817518248e-05
MFR1L_S3_S10,MFR1L,-1.3260067789123,1.18e-05,7.29506682867558e-05
ACAP2_S7,ACAP2,-0.738929736461721,1.19e-05,7.34796116504854e-05
ZDHC8_S3,ZDHC8,1.16456190467632,1.21e-05,7.4624e-05
CALU_Y10,CALU,-0.58287213193689,1.23e-05,7.5491435464415e-05
EF1D_S3,EF1D,-0.462071236444583,1.23e-05,7.5491435464415e-05
ERBIN_S3,ERBIN,0.937227179108348,1.23e-05,7.5491435464415e-05
F169A_S5,F169A,-1.42600379254038,1.23e-05,7.5491435464415e-05
PGM1_T4,PGM1,-0.701834171341261,1.24e-05,7.60134939759036e-05
WRIP1_S3,WRIP1,-1.59850458610761,1.27e-05,7.7758844765343e-05
RU17_S7,RU17,-1.69670623682083,1.29e-05,7.88884615384615e-05
TR150_S3_S8,TR150,-0.237339280252771,1.3e-05,7.94045618247299e-05
HNRL2_S1,HNRL2,2.59522937317702,1.33e-05,8.10423952095808e-05
NUMB_S4,NUMB,0.518478100129471,1.33e-05,8.10423952095808e-05
VAPB_S1,VAPB,-1.63903087603285,1.34e-05,8.15540669856459e-05
PLCL2_S3,PLCL2,1.1837572693344,1.35e-05,8.20645161290322e-05
PCDH1_S3_S14,PCDH1,1.15511963564154,1.36e-05,8.25737470167064e-05
COPB2_S13,COPB2,1.00622919938531,1.37e-05,8.30817640047676e-05
RGPS2_S4,RGPS2,-0.810702574278404,1.38e-05,8.3489179548157e-05
TENA_S3,TENA,1.47886366344725,1.38e-05,8.3489179548157e-05
SH3K1_S11,SH3K1,-1.28575037932452,1.39e-05,8.39942992874109e-05
CTNA1_S2,CTNA1,-0.35425767701676,1.4e-05,8.43981042654028e-05
CTNA2_S2,CTNA2,-0.35425767701676,1.4e-05,8.43981042654028e-05
EMAL4_S2,EMAL4,-0.293251308716917,1.43e-05,8.61046153846154e-05
EF1D_T6,EF1D,-0.415558394561869,1.44e-05,8.65020070838253e-05
LIMA1_S4,LIMA1,0.66634782625323,1.44e-05,8.65020070838253e-05
FUND2_S1,FUND2,-0.672527893959463,1.46e-05,8.76e-05
PLEC_S5,PLEC,-1.23068010694615,1.48e-05,8.8695406360424e-05
KAP2_S10,KAP2,-0.313972136572493,1.49e-05,8.91896470588235e-05
CALX_S13,CALX,0.249735711247468,1.51e-05,9.00689331770223e-05
GPTC8_S9,GPTC8,-0.30042190555796,1.51e-05,9.00689331770223e-05
PAK2_S5,PAK2,1.45055292182121,1.51e-05,9.00689331770223e-05
MYCT1_S3,MYCT1,-0.485215016933929,1.52e-05,9.05592505854801e-05
SNRK_S4,SNRK,0.296249486009994,1.53e-05,9.10484210526316e-05
EDC3_S7,EDC3,0.316966960666113,1.54e-05,9.14296382730455e-05
MAP1S_S9,MAP1S,-0.917888708481392,1.54e-05,9.14296382730455e-05
NEK6_S6,NEK6,1.16176105246934,1.57e-05,9.29937136204889e-05
NEK7_S6,NEK7,1.16176105246934,1.57e-05,9.29937136204889e-05
NIBL1_S11,NIBL1,0.589209214547828,1.65e-05,9.73921113689095e-05
SSFA2_S3,SSFA2,-0.875801726686787,1.65e-05,9.73921113689095e-05
TBC25_S3,TBC25,-0.572232552908412,1.65e-05,9.73921113689095e-05
RBP1_S3,RBP1,-0.859711907785277,1.66e-05,9.77555555555556e-05
STEA3_S5,STEA3,-1.44055136973103,1.66e-05,9.77555555555556e-05
K1C18_S16,K1C18,1.47688570632624,1.68e-05,9.88189595375722e-05
KI13B_S7,KI13B,-0.559068958206329,1.7e-05,9.97647058823529e-05
PARD3_S6,PARD3,3.0703389061943,1.7e-05,9.97647058823529e-05
WNK1_S3,WNK1,0.541732617259481,1.71e-05,0.000100235944700461
RS10L_S6,RS10L,-1.4666351216147,1.73e-05,0.000101175172413793
RS10_S6,RS10,-1.4666351216147,1.73e-05,0.000101175172413793
BIN1_S6,BIN1,-0.362077670910851,1.74e-05,0.000101643168771527
SC61B_S1,SC61B,1.71983593855944,1.77e-05,0.000103277064220183
GEPH_S3,GEPH,-2.11322408686115,1.78e-05,0.000103741580756014
C163A_S4,C163A,0.808785311105862,1.79e-05,0.000103848574686431
LAP2A_S7,LAP2A,-0.234125169165058,1.79e-05,0.000103848574686431
LAP2B_S7,LAP2B,-0.234125169165058,1.79e-05,0.000103848574686431
RIF1_S3,RIF1,-1.14037900692908,1.79e-05,0.000103848574686431
RHG17_S1,RHG17,-0.173926562851427,1.82e-05,0.000105468792710706
PCF11_S3,PCF11,-1.00587518370637,1.83e-05,0.000105927645051195
PSD11_S3,PSD11,-1.35007357439701,1.85e-05,0.000106963636363636
NIPBL_S7,NIPBL,-0.789164996735934,1.87e-05,0.000107997275822928
PBIP1_S7,PBIP1,-0.712080586472112,1.88e-05,0.000108451700680272
ANK3_S2,ANK3,-1.71431539449358,1.89e-05,0.000108781900452489
SRRM1_S1_S3,SRRM1,-1.52707219071191,1.89e-05,0.000108781900452489
SYNP2_S3,SYNP2,2.18675164196384,1.91e-05,0.000109808813559322
EM55_S3,EM55,0.709981880385396,1.92e-05,0.00011025914221219
4EBP1_T7,4EBP1,0.599370860795323,1.93e-05,0.000110708455467869
F122A_S3,F122A,0.379237887639405,1.94e-05,0.000111031721034871
SPTB2_S2,SPTB2,-1.70961505312438,1.94e-05,0.000111031721034871
DMXL1_S3,DMXL1,-0.484751213094994,1.95e-05,0.000111353535353535
MPZL1_S4,MPZL1,-1.3219282931817,1.95e-05,0.000111353535353535
EF2_T7,EF2,1.80788020877642,1.97e-05,0.000112243673012318
KAP2_S8,KAP2,-1.04237845082386,1.97e-05,0.000112243673012318
NUCL_S5,NUCL,0.826588535143618,1.98e-05,0.000112687248322148
K2C8_S12,K2C8,-2.3449157096287,1.99e-05,0.000112877591973244
PKN2_T12,PKN2,-0.805604800995665,1.99e-05,0.000112877591973244
PPM1H_S3,PPM1H,-0.394578082807788,1.99e-05,0.000112877591973244
NED4L_S3,NED4L,0.92643747468294,2e-05,0.000113318485523385
FIBA_S3,FIBA,0.674363216732253,2.01e-05,0.000113758398220245
MLIP_S9,MLIP,0.37850038641483,2.02e-05,0.000114197333333333
ADDG_S12,ADDG,-0.750717866033353,2.03e-05,0.000114635294117647
HUWE1_S3,HUWE1,-1.21439073692451,2.05e-05,0.000115636363636364
ARFG2_S1,ARFG2,1.33040274863066,2.06e-05,0.000115943362831858
ZO1_S3,ZO1,1.0732008255308,2.06e-05,0.000115943362831858
RBMX_S8,RBMX,-0.424600461307711,2.07e-05,0.000116377458563536
SRRM2_S12,SRRM2,-0.670676755757097,2.08e-05,0.00011681059602649
EIF2A_S4,EIF2A,0.325406186199478,2.1e-05,0.00011780374862183
SL9A1_S20,SL9A1,1.05847384939873,2.11e-05,0.00011823436123348
RS17_S6,RS17,0.523842635557375,2.12e-05,0.00011866402640264
S2546_S3,S2546,0.34891924339077,2.14e-05,0.000119651868131868
CI129_S7,CI129,-1.88433018687607,2.15e-05,0.000119947368421053
F120A_S7,F120A,-1.88433018687607,2.15e-05,0.000119947368421053
SNTB1_S17,SNTB1,0.657821156339984,2.16e-05,0.000120373274917853
NEXN_S5,NEXN,-0.617426421044995,2.17e-05,0.000120798249452954
ADH1A_S3,ADH1A,0.861468520475638,2.18e-05,0.000121089956331878
ADH1B_S3,ADH1B,0.861468520475638,2.18e-05,0.000121089956331878
ITPR3_S3,ITPR3,1.02544951221385,2.2e-05,0.000122067611777535
SPS2_S3,SPS2,-0.81762773428539,2.24e-05,0.000124151633986928
PJA1_S4,PJA1,0.715457684463717,2.25e-05,0.000124570184983678
BCAP_S3,BCAP,-1.09259419423076,2.28e-05,0.000126093913043478
DOCK6_S2,DOCK6,-0.723548960296061,2.32e-05,0.0001281667752443
VP26B_S4,VP26B,-1.46695429241101,2.33e-05,0.000128579609544469
E41L1_S4,E41L1,-1.91192135002991,2.34e-05,0.000128991549295775
ADDA_S17,ADDA,-1.28748432076247,2.36e-05,0.000129672570194384
K1C18_S4,K1C18,2.238493041356,2.36e-05,0.000129672570194384
MARE3_T11,MARE3,0.834225698581609,2.36e-05,0.000129672570194384
PAPOG_S3,PAPOG,-0.549666580504078,2.38e-05,0.000130630420711974
ACTBM_S17,ACTBM,2.03738359313142,2.4e-05,0.000131586206896552
LYSM3_S2,LYSM3,1.52766125930229,2.42e-05,0.000132539935414424
LEUK_T3,LEUK,1.11024771642399,2.47e-05,0.000135132903225806
PIEZ1_S3,PIEZ1,0.393944706410387,2.48e-05,0.000135534264232009
HAP28_S4,HAP28,-1.48505531666181,2.5e-05,0.000136334405144695
MCM2_S6,MCM2,0.463046368569953,2.5e-05,0.000136334405144695
STON1_S10,STON1,-1.11694916844201,2.55e-05,0.000138912205567452
NEST_S1,NEST,-0.564373207238883,2.56e-05,0.000139158974358974
SRRM2_S19,SRRM2,0.627036526545979,2.56e-05,0.000139158974358974
KCD12_S17,KCD12,0.648189636729682,2.57e-05,0.000139553468516542
MTSS1_S3,MTSS1,1.12223326493181,2.6e-05,0.000141031982942431
BRD3_S3,BRD3,-0.482896228033517,2.62e-05,0.000141965495207668
KIF1B_S1,KIF1B,-0.635778900217736,2.64e-05,0.000142745164718385
SC16B_S3,SC16B,0.568269081334712,2.64e-05,0.000142745164718385
SAFB1_T3,SAFB1,1.94115195406547,2.66e-05,0.000143521527041357
SAFB2_T3,SAFB2,1.94115195406547,2.66e-05,0.000143521527041357
SRRM1_S3_S5,SRRM1,-0.810576678792312,2.68e-05,0.000144447457627119
CING_S3,CING,0.695524132632898,2.69e-05,0.000144833015873016
PKN2_S2,PKN2,-0.91953079050008,2.71e-05,0.000145755602536998
SPTB2_S2_S6,SPTB2,-0.253116553945982,2.75e-05,0.000147750791974657
CALX_S3,CALX,-0.406526384907339,2.77e-05,0.00014866835443038
CK096_S6,CK096,0.716218290380223,2.81e-05,0.00015065626975764
NCOR2_S1,NCOR2,-0.254213615132705,2.82e-05,0.000151033263157895
SPT6H_T3,SPT6H,0.699828218096995,2.83e-05,0.000151409463722397
UBP2L_S8,UBP2L,-0.374076768674525,2.86e-05,0.000152853781512605
PPR3B_S10,PPR3B,-1.21423711339397,2.87e-05,0.000153227282266527
ALKB5_S2,ALKB5,-1.38966334955322,2.89e-05,0.000153810878661088
CALD1_S3,CALD1,-0.940883254590508,2.89e-05,0.000153810878661088
FAS_S16,FAS,-0.517203898049677,2.89e-05,0.000153810878661088
NFAC4_S3,NFAC4,0.561703445366391,2.9e-05,0.000154181818181818
DOCK6_S3,DOCK6,-0.987257237985813,2.93e-05,0.000155451929092805
LYRIC_S2,LYRIC,-1.37166708318987,2.93e-05,0.000155451929092805
CL16A_S3,CL16A,1.3714617318951,2.95e-05,0.00015635
RAI14_S2,RAI14,-0.861939494113037,3.05e-05,0.000161481789802289
AFAD_T1,AFAD,1.95704026580396,3.09e-05,0.000163259813084112
MCAF1_S3,MCAF1,-0.543874269007255,3.09e-05,0.000163259813084112
TEX2_S5,TEX2,-0.836903608993944,3.1e-05,0.000163618257261411
COG3_S3,COG3,1.0892295405545,3.17e-05,0.000167139481865285
SPP24_S3,SPP24,-0.704683580258928,3.22e-05,0.000169424612202689
TENS1_S12,TENS1,0.876847790965313,3.22e-05,0.000169424612202689
M4K5_T1,M4K5,-1.2621788684518,3.24e-05,0.000170300826446281
PLEC_S2,PLEC,0.515195101444573,3.27e-05,0.000171700309597523
K1C23_S2,K1C23,-0.204222337030505,3.29e-05,0.000172572371134021
HMHA1_S3,HMHA1,0.754513371989485,3.31e-05,0.000173442636457261
NELFE_S3,NELFE,-0.728176306823958,3.34e-05,0.000174834567901235
RHG12_T3,RHG12,-0.473692436432555,3.38e-05,0.000176746557040082
PDLI7_S8,PDLI7,-0.556757051197142,3.41e-05,0.000178132238193018
ITA5_S8,ITA5,-0.584536542407311,3.47e-05,0.000181080615384615
SP110_S3,SP110,-1.6193944945398,3.5e-05,0.000182272262026612
SRRM2_S10,SRRM2,-0.167256484392938,3.5e-05,0.000182272262026612
AT11B_S3,AT11B,-0.8797952607392,3.51e-05,0.000182606134969325
PARVA_S6,PARVA,1.96962980635293,3.53e-05,0.000183459039836568
FBP1L_S3,FBP1L,-1.16000191478502,3.56e-05,0.000184829387755102
LATS1_S1,LATS1,-0.456905176386641,3.6e-05,0.000186715596330275
ZCCHV_S5,ZCCHV,-0.664950157382441,3.62e-05,0.000187561710794297
MAP1S_T1_S3,MAP1S,-1.0375445291648,3.63e-05,0.000187888504577823
TR150_S8_S13,TR150,1.42969779786635,3.66e-05,0.000189248780487805
RAGP1_S14,RAGP1,0.623472093783185,3.71e-05,0.000191639390862944
ACAP2_T5,ACAP2,1.46939211950205,3.75e-05,0.000193117408906883
SRRM2_T3_S12,SRRM2,-0.593973402048472,3.75e-05,0.000193117408906883
TNIK_S4,TNIK,-0.54911882730141,3.75e-05,0.000193117408906883
CSKI2_S3,CSKI2,-0.981859335631465,3.76e-05,0.000193436602628918
RAPH1_S31,RAPH1,0.64681076209302,3.78e-05,0.000194269090909091
TAGL_S3,TAGL,-1.33891116011684,3.8e-05,0.000195099899091826
NCK1_S7,NCK1,-1.61853801696018,3.81e-05,0.000195416129032258
CPSF7_S4,CPSF7,-1.40815813671627,3.87e-05,0.00019809416498994
NDRG2_S6,NDRG2,-0.196375566495511,3.87e-05,0.00019809416498994
CDK16_S3,CDK16,-0.479538838130823,3.89e-05,0.000198718072289157
TKT_Y11,TKT,0.455893481599133,3.89e-05,0.000198718072289157
NU155_S5,NU155,-1.10522322635893,3.9e-05,0.000199029087261785
INF2_S4,INF2,-1.20433588868701,3.98e-05,0.000202908216432866
MBB1A_S13,MBB1A,1.5992912720061,4.02e-05,0.000204742342342342
SRSF9_S4,SRSF9,-1.4158987184139,4.05e-05,0.000206064
NBEL1_S3,NBEL1,1.17797975449545,4.07e-05,0.000206874725274725
TAF12_S12,TAF12,-0.155601846060615,4.14e-05,0.000210222754491018
SRSF2_S2,SRSF2,-0.961389503846875,4.24e-05,0.00021508594217348
FIBA_S11,FIBA,-1.17916016797159,4.25e-05,0.000215378486055777
FKB15_S2,FKB15,-0.767436865688733,4.29e-05,0.000217189253731343
OSB11_S3,OSB11,1.12224129938233,4.31e-05,0.000217984890656064
MECP2_S19,MECP2,-0.779023965070617,4.34e-05,0.000219284210526316
NCOR1_S6,NCOR1,-0.933839707797287,4.36e-05,0.00022007619047619
PREX1_S3,PREX1,1.66986716338145,4.41e-05,0.000222379385530228
NUMA1_S3,NUMA1,-1.8521564819515,4.42e-05,0.00022266297029703
RALY_S2,RALY,-1.31643747915679,4.46e-05,0.000224455786350148
3BP5L_S4,3BP5L,-1.1559932322519,4.47e-05,0.000224736758893281
MVD1_S3,MVD1,-0.561220159710452,4.5e-05,0.000226021717670286
AFAD_S6,AFAD,-0.0826030740065242,4.55e-05,0.000228307692307692
SRC8_S7,SRC8,-0.301756289871115,4.58e-05,0.000229586600985222
LATS1_T3,LATS1,-0.223062278159237,4.61e-05,0.000230862992125984
PRC2C_S5,PRC2C,0.917742261235081,4.64e-05,0.000232136873156342
CTNB1_S2,CTNB1,-1.66658862815215,4.65e-05,0.000232180569185476
LARP4_S8,LARP4,-0.780716854374021,4.65e-05,0.000232180569185476
PNPO_S7,PNPO,-0.552411198416726,4.7e-05,0.000234447058823529
ACTB_T14,ACTB,1.50648988614578,4.76e-05,0.000236743695014663
ACTG_T14,ACTG,1.50648988614578,4.76e-05,0.000236743695014663
POTEE_T14,POTEE,1.50648988614578,4.76e-05,0.000236743695014663
MTOR_S5,MTOR,-0.868492527557621,4.77e-05,0.000237009375
SON_S6,SON,1.09877064508883,4.8e-05,0.000238267317073171
K1C18_T2,K1C18,-1.73822552465231,4.83e-05,0.000239522807017544
M3K4_S3,M3K4,-0.59859219380847,4.88e-05,0.000241766699123661
STOM_S5,STOM,-1.07154561721649,4.9e-05,0.00024252140077821
RL13_S5,RL13,-1.07773751602954,4.91e-05,0.000242780174927114
DJC12_S3,DJC12,0.460539324876395,4.98e-05,0.000245763724539282
TB182_S13,TB182,1.63972197806542,4.98e-05,0.000245763724539282
SDPR_S2,SDPR,-0.639982400343672,4.99e-05,0.000246018604651163
ARGI1_S8,ARGI1,-1.16089511639531,5e-05,0.000246272991287512
BORG5_S3,BORG5,-1.21581317244154,5.01e-05,0.000246526885880077
MIA3_S8,MIA3,-0.508147162641811,5.06e-05,0.000248746666666667
UBP36_S3,UBP36,-0.578359489544132,5.08e-05,0.000249488803088803
AJUBA_S8,AJUBA,1.40793924910035,5.09e-05,0.000249738862102218
CLD12_S1,CLD12,0.775526202037798,5.13e-05,0.000251458959537572
AF1L1_S4,AF1L1,-0.874050872750587,5.22e-05,0.000255378461538462
ERCC5_S6,ERCC5,-1.15573600414775,5.22e-05,0.000255378461538462
TRIPB_S1,TRIPB,1.38001870065575,5.24e-05,0.000256110662824207
TM230_T4,TM230,0.765126199874385,5.28e-05,0.000257818042226488
KPB1_S3,KPB1,0.515104521768783,5.36e-05,0.000261222988505747
KPB2_S3,KPB2,0.515104521768783,5.36e-05,0.000261222988505747
K2C8_S6,K2C8,-2.16125270533223,5.37e-05,0.00026145990430622
S12A7_T6,S12A7,1.10645245875075,5.39e-05,0.000262182791586998
RFIP5_S2,RFIP5,0.65428561170265,5.41e-05,0.000262904297994269
LAP2A_S2,LAP2A,-1.13483117358758,5.51e-05,0.000267253384175405
LAP2B_S2,LAP2B,-1.13483117358758,5.51e-05,0.000267253384175405
CARF_S3,CARF,-2.89139671726517,5.56e-05,0.000269421714285714
VIR_S4,VIR,-0.468978315841247,5.59e-05,0.000270617697431018
EF2_T2,EF2,-0.00618267230230998,5.65e-05,0.000273262357414449
TOM70_S8,TOM70,1.02905353017418,5.72e-05,0.000276385185185185
ANR28_T1,ANR28,0.79249373971509,5.76e-05,0.000278053889943074
LMNA_S2_S6,LMNA,-0.498484168073231,5.77e-05,0.000278272606635071
FOXA1_S4,FOXA1,-1.68028836574231,5.82e-05,0.000280152885525071
FOXA3_S4,FOXA3,-1.68028836574231,5.82e-05,0.000280152885525071
RBM34_S1,RBM34,-1.17885249820223,5.92e-05,0.000284697164461248
TENS1_T1,TENS1,-1.40886401158353,5.94e-05,0.000285389235127479
LPP60_T8,LPP60,1.09572610863678,5.96e-05,0.00028608
SRSF5_S3,SRSF5,-0.698298469681986,5.98e-05,0.000286769462770971
NEDD4_S3,NEDD4,0.931721895803617,6.07e-05,0.000290811299435028
VINC_S5,VINC,-1.27779112458543,6.11e-05,0.000292452304797742
SPTN1_S8,SPTN1,-0.696565414605968,6.14e-05,0.000293612030075188
VKGC_S2,VKGC,-0.893401234613507,6.16e-05,0.000294291830985915
PPIG_S12,PPIG,-0.49350692339065,6.19e-05,0.00029544765478424
CDV3_S1,CDV3,-2.00360118403521,6.31e-05,0.000300892970946579
MYCPP_S1,MYCPP,0.67542281342932,6.32e-05,0.000301087640449438
BRAF_S3,BRAF,0.438214547328631,6.34e-05,0.000301757904583723
ADDA_S15,ADDA,-1.40870048862368,6.39e-05,0.000303853457943925
EPN1_T1,EPN1,-0.829225142312147,6.45e-05,0.000306323205964585
ADDA_S6,ADDA,0.651317079690606,6.46e-05,0.000306323205964585
PXDC2_S2,PXDC2,-0.429616731441092,6.46e-05,0.000306323205964585
NU214_S4,NU214,-0.49442259878944,6.47e-05,0.000306511731843575
NIBL1_S7,NIBL1,0.366604739663741,6.48e-05,0.000306699906976744
PHAR2_S4,PHAR2,1.21284482216738,6.5e-05,0.000307360594795539
SKT_S3,SKT,1.30905132914104,6.68e-05,0.000315578830083565
ATX2L_S1,ATX2L,1.06006243046232,6.81e-05,0.000321124003707136
GRAP1_S5,GRAP1,0.483572000630474,6.81e-05,0.000321124003707136
MAP4_S2,MAP4,-0.76847162976748,6.83e-05,0.000321768888888889
LSP1_S3,LSP1,0.407806914933937,6.86e-05,0.000322883256244218
NEST_S8,NEST,-1.08253232884989,6.93e-05,0.000325876524953789
RHG31_S3,RHG31,0.252015420237032,6.94e-05,0.000326045429362881
FES_T5,FES,-0.499636765854723,6.97e-05,0.000327152767527675
SPT13_S7,SPT13,0.887150386772773,7.01e-05,0.000328727004608295
NAB2_S3,NAB2,1.58161579651623,7.02e-05,0.000328892817679558
MAP1B_S10,MAP1B,-0.3227007297305,7.05e-05,0.000329994480220791
NUCKS_S5,NUCKS,-1.03604230863738,7.11e-05,0.000332497058823529
HNRH1_S6,HNRH1,-0.506158138095951,7.18e-05,0.000335154495412844
HNRH2_S6,HNRH2,-0.506158138095951,7.18e-05,0.000335154495412844
STIM1_S7,STIM1,-0.175024608202968,7.2e-05,0.000335780018331806
SYAP1_T14,SYAP1,-0.0884558406600704,7.25e-05,0.000337802197802198
EDC4_S3,EDC4,0.426203474497082,7.27e-05,0.000338424153705398
B4GT1_S24,B4GT1,1.09037998574705,7.33e-05,0.000340905301645338
TM201_T2,TM201,0.707678430057363,7.34e-05,0.000341058630136986
LYRIC_S12,LYRIC,-0.825647016245227,7.41e-05,0.000343997080291971
LASP1_S2,LASP1,-1.45267798703639,7.44e-05,0.000344760655737705
SH319_S3,SH319,0.64896503006381,7.44e-05,0.000344760655737705
ZO2_S2,ZO2,-1.18530270633277,7.45e-05,0.00034490991810737
WWC2_S3,WWC2,-1.21428912623475,7.63e-05,0.000352922181818182
WDR44_S4,WDR44,-0.812425538258908,7.67e-05,0.000354450136239782
HIC1_S8,HIC1,0.740929946995146,7.72e-05,0.000356437023593466
AAK1_T5_S9,AAK1,0.793351244776504,7.74e-05,0.00035703644605621
PGRC1_Y8,PGRC1,3.12815132001194,7.8e-05,0.000359478260869565
TM45A_S3,TM45A,-2.10318600933135,7.83e-05,0.000360534298642534
DOC10_S4,DOC10,-0.854514372027139,7.85e-05,0.000361128390596745
ATX1_S3,ATX1,-0.424669181687653,7.88e-05,0.000362181029810298
MRP2_S5,MRP2,-1.07958733455083,7.89e-05,0.000362313357400722
ERRFI_S3,ERRFI,-0.58726864297439,7.98e-05,0.000366115779981966
KLC2_S3,KLC2,-0.66235401241671,8.08e-05,0.00037036972972973
PPCT_T2,PPCT,-0.535038726627351,8.09e-05,0.000370494329432943
PEPL_S1,PEPL,-0.574026469300273,8.1e-05,0.000370618705035971
NHRF1_S3,NHRF1,-1.09632247709218,8.13e-05,0.000371657142857143
SREC2_S3,SREC2,-0.223154490389646,8.19e-05,0.000374063913824057
SHOT1_S3,SHOT1,1.09643147125878,8.28e-05,0.00037783533632287
SRRM1_S4,SRRM1,0.422865521363453,8.3e-05,0.000378408602150538
DSRAD_T6,DSRAD,-0.545308416630806,8.36e-05,0.000380802864816473
NFIB_S1,NFIB,-0.878790856076842,8.45e-05,0.000384558139534884
SRC8_T5,SRC8,1.12590142478558,8.48e-05,0.00038557855227882
PEPL_S4,PEPL,-0.589057388992442,8.52e-05,0.000387051428571428
NEST_S20,NEST,-0.359062497630546,8.61e-05,0.000390548174532502
RBMX_S5,RBMX,0.786672089605114,8.62e-05,0.000390548174532502
RMXL1_S5,RMXL1,0.786672089605114,8.62e-05,0.000390548174532502
AKAP2_S36,AKAP2,1.16949072915304,8.76e-05,0.0003961856
RABE1_S4,RABE1,0.813957942141743,8.76e-05,0.0003961856
PECR_Y4,PECR,-1.0926435144588,8.86e-05,0.000400352397868561
PP12C_T1,PP12C,-0.687668410054222,8.97e-05,0.000404963265306122
PHF2_S3,PHF2,-0.868414462387797,9.09e-05,0.000410017021276596
SC16A_S1,SC16A,-0.78733725238713,9.12e-05,0.000411005845881311
OCAD1_S2,OCAD1,-1.69392819052825,9.16e-05,0.000412443185840708
FCHO2_S2,FCHO2,-1.03155628336006,9.35e-05,0.00042062599469496
K2C8_S14,K2C8,0.653316128169791,9.37e-05,0.000421153356890459
MYH11_S8,MYH11,-1.29018978365238,9.41e-05,0.000422577934686673
SRC8_T3,SRC8,-0.620892270102533,9.42e-05,0.000422653968253968
TOM1_S5,TOM1,-0.808557647927656,9.45e-05,0.000423626431718062
CPSM_S4,CPSM,-1.22795397789154,9.51e-05,0.000425940845070423
SOS1_S3,SOS1,-0.801622571988819,9.58e-05,0.000428698680738786
ACSA_S1,ACSA,-0.458556385016757,9.71e-05,0.000434134270650264
TSC2_S1,TSC2,0.486770139713709,9.95e-05,0.000444474100087796
ACSA_S3,ACSA,-1.25626248147575,9.97e-05,0.000444976842105263
ARHG6_S3,ARHG6,0.964711830758731,0.000102,0.000454843120070114
PAXI_S13,PAXI,0.2654463950944,0.000103,0.000458498687664042
ZFN2B_S3,ZFN2B,0.807876084293063,0.000103,0.000458498687664042
CD11A_S3,CD11A,-0.459788290734375,0.000104,0.000462141484716157
CD11B_S3,CD11B,-0.459788290734375,0.000104,0.000462141484716157
ACBD5_S5,ACBD5,-1.38388527541088,0.000105,0.000464960835509138
P4K2A_S3,P4K2A,-0.593442489859583,0.000105,0.000464960835509138
PARD3_S2,PARD3,-0.759428634516181,0.000105,0.000464960835509138
PGM1_S2,PGM1,-1.69652107046819,0.000105,0.000464960835509138
DAP1_S11,DAP1,-0.61572162075009,0.000108,0.000477829565217391
MYCPP_T5,MYCPP,0.543099779949691,0.000109,0.000481416666666667
TAB3_S11,TAB3,0.589885098184872,0.000109,0.000481416666666667
DOP2_S4,DOP2,-0.989199932657993,0.000111,0.000488976623376623
EHBP1_S13,EHBP1,-0.741525095821244,0.000111,0.000488976623376623
RHG01_S7,RHG01,-1.65060140573866,0.000111,0.000488976623376623
NIPA_S12,NIPA,-0.00320914940729426,0.000112,0.000492103626943005
S10AD_S3,S10AD,-1.05490862389158,0.000112,0.000492103626943005
ZNT10_S8,ZNT10,0.721861126794601,0.000112,0.000492103626943005
DEN4C_S1,DEN4C,-0.797953931800627,0.000113,0.000495641379310345
PHLB1_S3,PHLB1,1.47934250385647,0.000113,0.000495641379310345
PPR3D_S3,PPR3D,0.506130397146661,0.000114,0.000499596899224806
TT39B_S3,TT39B,-0.6849377577813,0.000116,0.000507924268502582
TIF1B_S18,TIF1B,0.657778243454514,0.000118,0.000516237317282889
WAC_T3,WAC,1.19899402946862,0.000119,0.000520164948453608
TMM51_S16,TMM51,-0.911794861822671,0.00012,0.000524085836909871
H4_S3,H4,0.599316973070399,0.000121,0.000527547557840617
WDFY3_S3,WDFY3,-2.19094496453541,0.000121,0.000527547557840617
PCDH7_S14,PCDH7,1.06311527583107,0.000122,0.00053099743370402
TPD54_S7,TPD54,2.64280045817191,0.000122,0.00053099743370402
K2C8_S13,K2C8,-0.885413760730676,0.000124,0.00053786189258312
LMNB2_S3,LMNB2,-1.29092133494311,0.000124,0.00053786189258312
MARCS_S8,MARCS,-0.257632307277078,0.000124,0.00053786189258312
MPRIP_S1,MPRIP,-0.710885230478766,0.000124,0.00053786189258312
PHLB2_S3,PHLB2,-0.825469770106535,0.000126,0.000546071550255537
PDLI1_S3,PDLI1,-0.910896202977386,0.000127,0.000549937021276596
NCOR2_S3,NCOR2,1.04353648297347,0.000128,0.000553795918367347
INT1_S2,INT1,-0.782119929606675,0.00013,0.000561494057724957
ZC3HD_S3,ZC3HD,0.475308873252391,0.00013,0.000561494057724957
ASAP1_S3,ASAP1,0.432334612006966,0.000131,0.000565333333333333
PHAR4_S16,PHAR4,1.32058685768093,0.000132,0.000568203045685279
UN13D_S24,UN13D,0.204557499144691,0.000132,0.000568203045685279
WAC_S25,WAC,0.847310331487615,0.000132,0.000568203045685279
CIR1_S14,CIR1,0.550677869752496,0.000133,0.000570576728499157
F102B_S3,F102B,-0.694392958842696,0.000133,0.000570576728499157
PGRC2_T12,PGRC2,-1.31565787757344,0.000133,0.000570576728499157
SRRM2_S6_T15,SRRM2,-0.187667981194147,0.000133,0.000570576728499157
BICC1_S1,BICC1,-0.724691362546983,0.000134,0.00057389898989899
HMOX1_S3,HMOX1,-0.650464324645359,0.000134,0.00057389898989899
FGD6_S3,FGD6,0.767617473809885,0.000135,0.000576725440806045
KPBB_S2,KPBB,-0.957250653518882,0.000135,0.000576725440806045
SMC3_S16,SMC3,-0.48150678046181,0.000135,0.000576725440806045
LSR_S7,LSR,0.47976125514629,0.000136,0.000580023470243085
TAGL_S9,TAGL,-0.585535894418452,0.000136,0.000580023470243085
CI129_T3,CI129,-1.07179269094671,0.000138,0.00058756820083682
F120A_T3,F120A,-1.07179269094671,0.000138,0.00058756820083682
SLTM_S5,SLTM,-0.726433272442431,0.000139,0.00059133110367893
DESP_S1,DESP,-0.362177294886445,0.000141,0.000598838063439065
MOES_T3,MOES,-1.26826854970626,0.000141,0.000598838063439065
TCOF_S10,TCOF,0.526246751335636,0.000143,0.000606825688073394
MPRIP_T12,MPRIP,-0.392416280452817,0.000145,0.00061428809325562
RBM39_S4,RBM39,-0.235971461125305,0.000145,0.00061428809325562
FMNL1_S3,FMNL1,-0.611947373687198,0.000146,0.000617496259351621
GTF2I_S4,GTF2I,2.83686167758597,0.000146,0.000617496259351621
IF4G3_S3,IF4G3,0.882446154164432,0.000148,0.000624398009950249
SEPT9_S5,SEPT9,0.82278599484611,0.000148,0.000624398009950249
SSRA_T20,SSRA,0.771014450193562,0.000148,0.000624398009950249
SPF45_S1,SPF45,-0.438811445088382,0.000149,0.000628096106048053
SPTB2_T3,SPTB2,1.60104816587267,0.00015,0.000631788079470199
CTBL1_S11,CTBL1,-0.647708089612468,0.000152,0.000639682382133995
COF1_S3,COF1,-1.65155022057196,0.000154,0.000645962077493817
PACS1_S3,PACS1,1.27101001177811,0.000154,0.000645962077493817
PP14A_S1,PP14A,-0.757046194048178,0.000154,0.000645962077493817
ZEP1_S7,ZEP1,0.603363335780221,0.000154,0.000645962077493817
MYPT1_Y4,MYPT1,-1.09818569333006,0.000156,0.000652736842105263
PDS5A_S7,PDS5A,-0.278518748620544,0.000156,0.000652736842105263
ZC3HD_S7,ZC3HD,0.479626849012909,0.000156,0.000652736842105263
EDC4_S28,EDC4,0.580743324889883,0.000157,0.00065584236453202
KHNYN_S3,KHNYN,-0.579256774635672,0.000157,0.00065584236453202
AKA12_S4,AKA12,-1.10127074255605,0.000161,0.000672
RS6_S3,RS6,2.88106410859302,0.000162,0.000675619672131147
RS6_S4_S8,RS6,1.34009361149482,0.000164,0.000683400491400491
EF1B_S2,EF1B,-2.06223879578298,0.000165,0.000687004909983633
ARFG2_S3,ARFG2,1.55162890694036,0.000167,0.000694196078431373
HIC1_S3,HIC1,-0.799108956341758,0.000167,0.000694196078431373
AP4B1_S3,AP4B1,-1.34619975791268,0.000169,0.000701363784665579
CALU_S7,CALU,-0.315295394548707,0.000169,0.000701363784665579
SPTN1_S7,SPTN1,-0.481108184014423,0.00017,0.000704364820846906
VDAC1_T2,VDAC1,-0.349349104973578,0.00017,0.000704364820846906
T184B_S3,T184B,1.66379824919179,0.000172,0.000712071602929211
ZBT7A_S22,ZBT7A,-0.0616143260220328,0.000173,0.000715047928513404
ZO1_S2,ZO1,-0.494909820545179,0.000173,0.000715047928513404
TANC1_S6,TANC1,-0.931465693774855,0.000175,0.000722727272727273
A16L1_S3,A16L1,0.548249426910079,0.000177,0.000730394160583942
CK096_S5,CK096,-1.34902896096542,0.000179,0.000737451012145749
SRBS1_S14,SRBS1,0.865944052591896,0.000179,0.000737451012145749
TTL12_S2,TTL12,-0.315622328988959,0.00018,0.000740970873786408
MORC3_S3,MORC3,-1.33285684459366,0.000181,0.000743883683360259
PGM2_S10,PGM2,-1.13454890295745,0.000181,0.000743883683360259
CBX3_S2,CBX3,-1.54332161948872,0.000184,0.000755602905569007
FARP1_S8,FARP1,0.563623251572605,0.000185,0.000756655948553055
H12_S3,H12,-0.969877252364438,0.000185,0.000756655948553055
H13_S3,H13,-0.969877252364438,0.000185,0.000756655948553055
H14_S3,H14,-0.969877252364438,0.000185,0.000756655948553055
PALM_S3,PALM,-0.589169061110319,0.000185,0.000756655948553055
ARHGC_T6,ARHGC,-0.485213993769677,0.000186,0.000758915797914996
PKHA6_S7,PKHA6,0.685801187398062,0.000186,0.000758915797914996
ZYX_S10,ZYX,-0.669561787538834,0.000186,0.000758915797914996
RLGPB_S3,RLGPB,-0.636173177443732,0.000187,0.000762384615384615
PALLD_S4,PALLD,1.7538279156964,0.000188,0.000765847878302642
RS2_S7,RS2,1.40072320851803,0.00019,0.000773376
RD23B_T11,RD23B,-0.560207790062002,0.000191,0.000776824940047962
RBM7_S1,RBM7,-2.13021030399236,0.000192,0.000780268370607029
K2C8_S24,K2C8,0.659900961770397,0.000194,0.000787138755980861
SRRT_S4_S11,SRRT,0.531705472519722,0.000194,0.000787138755980861
DREB_S2,DREB,1.23925515812084,0.000195,0.000790565737051793
DDX42_S4,DDX42,-1.27382549316445,0.000196,0.000792724960254372
LARP1_S7,LARP1,-0.648069661879344,0.000196,0.000792724960254372
SCAM3_S18,SCAM3,1.51419463268578,0.000196,0.000792724960254372
MIC19_S2,MIC19,-0.345340886029968,0.000199,0.000804219221604448
AL4A1_T10,AL4A1,0.729653220638826,0.000202,0.000815048374306106
R3HD1_S2,R3HD1,0.588537192078617,0.000202,0.000815048374306106
LRRF2_S4,LRRF2,1.19901218914969,0.000206,0.000830529318541997
DEN4C_T2,DEN4C,-0.747639219451944,0.000207,0.000832581818181818
NAV1_S3,NAV1,0.660026520974874,0.000207,0.000832581818181818
STT3B_S8,STT3B,-0.690092268930682,0.000207,0.000832581818181818
CHM2B_S1,CHM2B,-0.700131135930072,0.000208,0.000835283346487766
TEBP_S12,TEBP,-1.78244156240952,0.000208,0.000835283346487766
EIF3C_S1,EIF3C,-1.6825822036329,0.000209,0.000837976359338061
EIFCL_S1,EIFCL,-1.6825822036329,0.000209,0.000837976359338061
IL1AP_S4,IL1AP,0.676719008776189,0.00021,0.000841322834645669
LRCH3_S3,LRCH3,1.20510166283989,0.000212,0.000848667191188041
BMP2K_S3,BMP2K,1.61713102370693,0.000214,0.000855327572663001
NPM_S3,NPM,-0.752500226233281,0.000214,0.000855327572663001
ITSN1_S3,ITSN1,-0.745638161054005,0.000219,0.000874624803767661
RBM26_S5,RBM26,0.499346628226376,0.000221,0.00088192
DYST_S3,DYST,0.823289111402274,0.000222,0.000884523101018011
LSP1_S14,LSP1,0.564042538945636,0.000222,0.000884523101018011
TGON2_S7,TGON2,-0.403184726744298,0.000224,0.000891793427230047
EF2_T4,EF2,2.79080818865179,0.000232,0.000922921032056294
TFG_S18,TFG,-0.685942286262924,0.000236,0.0009381
ITA4_S3,ITA4,-0.241635718718999,0.000239,0.000948542901716069
SSFA2_S5,SSFA2,-0.223562572618422,0.000239,0.000948542901716069
WDR26_S4,WDR26,0.419155310970735,0.00024,0.000951769290724864
MAP1B_S4,MAP1B,-0.270297153833271,0.000241,0.000954247470817121
NEST_S4,NEST,-0.729048035683008,0.000241,0.000954247470817121
SC31A_S4,SC31A,-1.18210621116984,0.000242,0.000957461897356143
CTNB1_S6,CTNB1,0.865191110990551,0.000243,0.000959925465838509
HSPB1_S3_S7,HSPB1,0.991593892620442,0.000243,0.000959925465838509
AFAD_S16,AFAD,0.860166310179198,0.000244,0.000962381395348837
PEPL_Y1,PEPL,-0.657879508267814,0.000244,0.000962381395348837
BET1L_S3,BET1L,0.570262034133789,0.000245,0.000965577072037181
MPRIP_T3,MPRIP,1.32468360075913,0.000247,0.000972705882352941
LENG1_S4,LENG1,0.503557980984097,0.000248,0.000975888631090487
MEPCE_S4,MEPCE,-0.511105581275864,0.000249,0.000979066460587326
SLK_S3,SLK,-0.766120818893236,0.00025,0.000982239382239382
CK096_S1,CK096,-0.997089971505842,0.000251,0.000985407407407407
CCNY_S1,CCNY,-0.390086227045,0.000254,0.00099641634541249
NCF2_T28,NCF2,0.831251833053256,0.000256,0.00100348844375963
KMT2D_S3,KMT2D,0.345743426143577,0.000258,0.00100977230769231
S4A4_S5,S4A4,-0.874562898117308,0.000258,0.00100977230769231
BCL9L_S5,BCL9L,-0.46290218835673,0.00026,0.00101603686635945
SRC8_S22,SRC8,0.847872807600654,0.00026,0.00101603686635945
K1C18_T15,K1C18,-1.03480222013901,0.000265,0.00103478127398312
TERA_S2,TERA,0.741452146059779,0.000266,0.00103788957055215
OSTB_S4,OSTB,-0.997879690159062,0.000268,0.00104409188361409
PRC2A_S4,PRC2A,-0.186925154585068,0.000268,0.00104409188361409
NEST_S9,NEST,-0.662442053123991,0.000271,0.00105416513761468
PLEC_T4,PLEC,0.994471736648165,0.000271,0.00105416513761468
RPRD2_T13,RPRD2,0.720510695215687,0.000273,0.00106113368983957
SNX9_S4,SNX9,1.90135103936758,0.000275,0.00106809160305344
ADDA_S2,ADDA,-1.28111728961031,0.000276,0.00107034146341463
Z3H7B_S2,Z3H7B,0.656968553699521,0.000276,0.00107034146341463
NOP56_S9,NOP56,0.775384259632516,0.000282,0.00109277684691546
LBR_S2,LBR,-2.07150346973387,0.000283,0.00109581735159817
NEK1_S3,NEK1,-1.15887921911226,0.000288,0.0011110843373494
PLPL6_S3,PLPL6,-0.72716484120391,0.000289,0.0011110843373494
K22E_S8,K22E,3.19155859252831,0.00029,0.0011110843373494
K22O_S8,K22O,3.19155859252831,0.00029,0.0011110843373494
K2C3_S8,K2C3,3.19155859252831,0.00029,0.0011110843373494
K2C5_S8,K2C5,3.19155859252831,0.00029,0.0011110843373494
K2C6A_S8,K2C6A,3.19155859252831,0.00029,0.0011110843373494
K2C6B_S8,K2C6B,3.19155859252831,0.00029,0.0011110843373494
K2C6C_S8,K2C6C,3.19155859252831,0.00029,0.0011110843373494
K2C75_S8,K2C75,3.19155859252831,0.00029,0.0011110843373494
K2C79_S8,K2C79,3.19155859252831,0.00029,0.0011110843373494
K2C7_S8,K2C7,3.19155859252831,0.00029,0.0011110843373494
KRT84_S8,KRT84,3.19155859252831,0.00029,0.0011110843373494
P33MX_T11_S16,P33MX,-0.522368316241262,0.00029,0.0011110843373494
CUX1_S3,CUX1,0.594330317270386,0.000291,0.00111407674943567
RXRA_S17,RXRA,0.641074781273406,0.000292,0.00111706466165414
FIBA_S18,FIBA,-1.27207412787788,0.000294,0.00112218454613653
GIPC1_S1,GIPC1,1.23309714030038,0.000294,0.00112218454613653
PKP4_S3_S11,PKP4,0.553852617778539,0.000294,0.00112218454613653
PKP2_S4,PKP2,1.18058059317986,0.000295,0.00112515742128936
NHLC2_S1,NHLC2,0.709837491277394,0.000297,0.00113193707865169
HUWE1_S4,HUWE1,-1.89549169263636,0.000298,0.00113489820359281
PEA15_S10,PEA15,1.16892044029348,3e-04,0.00114166043380703
JIP4_S5,JIP4,-0.779765070296433,0.000301,0.00114290149253731
PDS5B_T1,PDS5B,-0.917669370536213,0.000301,0.00114290149253731
PQLC1_S1,PQLC1,-0.828650937758521,0.000301,0.00114290149253731
AJUBA_S16,AJUBA,1.82436670174569,0.000304,0.00115257228017884
HMCS2_S4,HMCS2,0.970327968764611,0.000304,0.00115257228017884
RAPH1_S3,RAPH1,1.70214968080173,0.000305,0.00115550260610573
RSF1_S2,RSF1,-0.947458947716574,0.000311,0.00117735714285714
ODPAT_S5,ODPAT,-0.550873598746904,0.000312,0.00117938781575037
ODPA_S5,ODPA,-0.550873598746904,0.000312,0.00117938781575037
C2CD5_T3,C2CD5,1.08692268011071,0.000313,0.00118228953229399
NCOR1_S1,NCOR1,-0.500040020313688,0.000314,0.00118518694362018
EPN4_T9,EPN4,-0.636485435550047,0.000315,0.0011872
F122A_S10,F122A,0.855191570623606,0.000315,0.0011872
EVI2B_T2,EVI2B,1.70499514912844,0.00032,0.00120426035502959
PKN2_S16,PKN2,0.440679147317165,0.00032,0.00120426035502959
STBD1_S6,STBD1,-1.77623614038928,0.000321,0.00120713082039911
PRKDC_S19,PRKDC,0.872240747508295,0.000322,0.00120999704579025
MYLK_S2,MYLK,-0.669492768145642,0.000323,0.00121285904059041
MYEF2_S11,MYEF2,-0.566363243515494,0.000326,0.00122322123893805
F122B_S1,F122B,0.710274448449635,0.000329,0.00123265979381443
HDGF_S7,HDGF,-0.490923747184413,0.000329,0.00123265979381443
PHRF1_S6,PHRF1,-0.577167861898563,0.000331,0.00123924061810155
CDK7_S4_T10,CDK7,1.1632659999148,0.000332,0.00124115797207935
PURA_S6,PURA,0.547693340628537,0.000332,0.00124115797207935
EPS15_S5,EPS15,-0.851946165443285,0.000334,0.00124680264123258
PLPP6_S3,PLPP6,0.856211034373176,0.000334,0.00124680264123258
MAP4_T33,MAP4,0.668044695708258,0.000336,0.00125334897360704
FLNA_S1,FLNA,-2.59483985937901,0.000339,0.00126361318681319
KCD12_S1,KCD12,-0.222782501155699,0.000343,0.00127758711566618
SAV1_S6,SAV1,-0.650173716166755,0.000345,0.00128409656181419
MS3L1_S3,MS3L1,-0.343774591683822,0.000348,0.00129431578947368
DBNL_T3,DBNL,0.862950823387488,0.000349,0.0012961401459854
ZSWM8_S3,ZSWM8,-0.432968243480403,0.000349,0.0012961401459854
RRP8_S7,RRP8,-0.369685129279021,0.000353,0.00131003938730853
SCAFB_S7,SCAFB,-0.406499073648635,0.000356,0.00132020991253644
DTNA_S1,DTNA,-0.801520354639397,0.00036,0.00133407137654771
ARHGC_T1,ARHGC,-1.97484620437429,0.000361,0.00133680349344978
MYOF_S7,MYOF,1.66929051615411,0.000363,0.00134225581395349
VP13D_S6,VP13D,-0.353900473850721,0.000363,0.00134225581395349
DYHC1_S3,DYHC1,-0.336485700015028,0.000365,0.00134867102396514
SMG8_S3,SMG8,-0.495916679818372,0.000366,0.00135040464104424
TM55B_S13,TM55B,0.659221362552795,0.000366,0.00135040464104424
CCDC9_S1,CCDC9,-0.211606919847883,0.000367,0.00135213323678494
RBM15_S3,RBM15,0.687224338042928,0.000367,0.00135213323678494
SFR19_S3_S9,SFR19,-0.99739459890017,0.000369,0.00135753579175705
VIME_S7,VIME,-1.85181226724796,0.000369,0.00135753579175705
NIBL1_S4,NIBL1,1.23003900056793,0.000371,0.00136292274368231
TCP4_S3,TCP4,0.529888381442399,0.000371,0.00136292274368231
VINC_S9,VINC,-1.40344953741879,0.000374,0.00137295238095238
SRRM2_S20,SRRM2,-0.339756075721992,0.000375,0.00137463976945245
TENS1_S11,TENS1,0.910067979699895,0.000375,0.00137463976945245
MORC2_S1,MORC2,-0.568851342063172,0.000378,0.00138463930885529
GOLM1_S3,GOLM1,-2.33747348137793,0.000379,0.00138630625449317
PHC3_T4_T9,PHC3,-0.25115116117811,0.000379,0.00138630625449317
MARCS_S14,MARCS,-0.990077401303914,0.000381,0.00139262068965517
DHB13_S1,DHB13,0.414934343187508,0.000382,0.00139527351040919
NCK2_S3,NCK2,-0.705943434523523,0.000385,0.00140522238163558
LDB1_S3,LDB1,0.936412622293729,0.000386,0.00140685386819484
PUF60_S14,PUF60,0.941912968261949,0.000386,0.00140685386819484
41_S3,41,1.07372118992735,0.000387,0.00140848068669528
SQSTM_S3,SQSTM,1.30004832021459,0.000387,0.00140848068669528
TOP2B_S8,TOP2B,0.616355581036022,0.000391,0.00142202144388849
SASH3_S5,SASH3,-1.04941348756939,0.000393,0.00142827428571429
LSM12_T15,LSM12,0.863617447720577,0.000397,0.00144178158458244
PTPRC_S4,PTPRC,1.06182643179342,0.000407,0.00147704422253923
AKAP2_S4,AKAP2,0.188982540313864,0.000408,0.00147961796151105
IF4G1_S1,IF4G1,-0.50864927970949,0.00041,0.00148581196581197
PHF3_S1,PHF3,-0.726455688002311,0.000413,0.00149561850533808
ZDHC5_S3,ZDHC5,-0.321419375041861,0.000415,0.00150179231863442
ARAP1_S4,ARAP1,0.548761873905466,0.000419,0.00151303903477644
K1C18_S28,K1C18,1.41083076024617,0.000419,0.00151303903477644
PPBT_S11,PPBT,0.462779761083417,0.000419,0.00151303903477644
HAP28_S7,HAP28,-0.493032567720638,0.00042,0.00151557446808511
PEAK1_S5,PEAK1,3.15432488757759,0.000423,0.00152423796033994
SFR15_T1,SFR15,-0.725346367001693,0.000423,0.00152423796033994
EMAL4_S4,EMAL4,0.303898649868217,0.000428,0.00154116348195329
VIGLN_S6,VIGLN,0.656826336776445,0.000429,0.00154367185289958
CHM4A_S6,CHM4A,-0.989553734065606,0.000434,0.00155945762711864
SYWC_S3,SYWC,0.551052810692134,0.000434,0.00155945762711864
RGS14_S1,RGS14,-0.20615403053215,0.000435,0.00156194777699365
RBM7_S3,RBM7,-1.01974594962813,0.00044,0.00157878702397743
CA174_S5,CA174,-0.306604282125393,0.000443,0.00158843128964059
C2CD5_S3,C2CD5,0.65278996752944,0.000444,0.0015886582278481
IASPP_S3,IASPP,-1.01324921334605,0.000444,0.0015886582278481
LSP1_S8,LSP1,-0.947558329568289,0.000444,0.0015886582278481
CTGE5_S9,CTGE5,1.07385569745813,0.000445,0.00159
MIA2_S9,MIA2,1.07385569745813,0.000445,0.00159
TBCD5_S5,TBCD5,-0.14128679643817,0.000446,0.00159245473684211
CDK18_S3,CDK18,1.38107177512395,0.000448,0.00159847405329593
NEST_T8,NEST,-1.70816808459413,0.000451,0.00160805045550105
K1671_S2,K1671,-0.316156353317045,0.000452,0.00161048739495798
CALM_T25,CALM,0.984492258376582,0.000455,0.00162004198740378
LIPB2_S5,LIPB2,-0.898848263729332,0.000457,0.00162602517482517
RHG04_S17,RHG04,1.07489191065442,0.000458,0.00162844444444444
K2C8_S7,K2C8,0.964334454931678,0.00046,0.00163441340782123
SPS2L_S2,SPS2L,-0.475050035333276,0.000462,0.00164037404047453
ARFP1_S5,ARFP1,-0.651215661325356,0.000463,0.00164277824267782
A16L2_S3,A16L2,-0.748745866684351,0.000464,0.00164517909407665
MTX3_S15,MTX3,0.498853035119359,0.000477,0.00169009470752089
K2C8_S9,K2C8,2.22728660933442,0.000479,0.00169482058414465
TCAL3_S23,TCAL3,-0.109855920252463,0.000479,0.00169482058414465
VPS50_S8,VPS50,-0.449869793416666,0.000483,0.00170778596247394
PJA2_S13,PJA2,-0.347432800504594,0.000487,0.00172073333333333
VASP_S3,VASP,0.0351770883960404,0.000488,0.00172307009021513
PKHA6_S14,PKHA6,-0.464658435593932,0.00049,0.00172893203883495
AAPK1_S3,AAPK1,-0.859494967888688,0.000491,0.00173125987525988
RRBP1_T4,RRBP1,-1.36147878132572,0.000495,0.00174415512465374
AGFG1_S2,AGFG1,-0.359467789618684,0.000496,0.00174646920415225
LAP2A_T26,LAP2A,0.946447839970416,0.000504,0.00177218521078093
LAP2B_T26,LAP2B,0.946447839970416,0.000504,0.00177218521078093
LIMK1_S3,LIMK1,0.425314281144785,0.000509,0.00178853038674033
SC24B_S6,SC24B,-0.710888437918981,0.00051,0.00179080745341615
UBP8_T4,UBP8,0.309698260200378,0.000515,0.00180711724137931
HUTH_S11,HUTH,-0.821203237072595,0.000516,0.0018093783597519
F117B_S2,F117B,-0.464729962447173,0.000519,0.00181739298004129
XAF1_S3,XAF1,0.431471068744328,0.000519,0.00181739298004129
MIEAP_S3,MIEAP,-0.764683599863357,0.000521,0.0018231416781293
AHNK_S16,AHNK,-0.812301227544142,0.000527,0.00184287010309278
SASH1_S3,SASH1,1.04420742965818,0.00053,0.00185208791208791
ABLM3_S3,ABLM3,0.950090449251485,0.000532,0.00185780096087852
CY24A_T8,CY24A,1.41114300835375,0.000534,0.00186350617283951
PAK1_S3,PAK1,1.19738608816098,0.000535,0.00186443835616438
ROBO1_S4,ROBO1,0.858267680506548,0.000535,0.00186443835616438
EIF3C_S3,EIF3C,-0.896825131841095,0.000537,0.00186884815321477
EIFCL_S3,EIFCL,-0.896825131841095,0.000537,0.00186884815321477
TRAM1_S18,TRAM1,1.27823129043373,0.000541,0.00188148188653452
LRRF1_S3,LRRF1,0.356625886367169,0.000547,0.00190104918032787
CSPG2_S9,CSPG2,0.0411477411613266,0.000557,0.0019344819112628
EMAL3_S3,EMAL3,-0.381737752118566,0.000559,0.0019401036834925
SGPP1_S2,SGPP1,-0.775005356840562,0.000563,0.00195265439672802
USO1_S16,USO1,0.811346564565805,0.000565,0.00195825613079019
S13A5_S5,S13A5,0.78328818719296,0.000567,0.00196385023825732
TCOF_S14,TCOF,-0.148133036713465,0.00057,0.00197289795918367
AGT2_S3,AGT2,-2.00664903058842,0.000576,0.00199095652173913
RB6I2_T2,RB6I2,0.746838023303494,0.000576,0.00199095652173913
PPR18_S2,PPR18,-0.707695460579077,0.000585,0.00202069246435845
TMM11_S5,TMM11,-0.613676306597992,0.000589,0.0020331289009498
ARHG5_S13,ARHG5,1.0077570502677,0.000591,0.00203726829268293
TNS2_S5,TNS2,0.748579777096748,0.000591,0.00203726829268293
CPNE3_S2,CPNE3,-1.03112080129895,0.000597,0.00205516644113667
SRRM2_S1,SRRM2,-0.633455448732986,0.000597,0.00205516644113667
CTND1_S4,CTND1,-0.872835646500589,6e-04,0.0020634953951675
CROCC_S3_S12,CROCC,-0.651129065839033,0.000600230578783,0.0020634953951675
DDX17_S29,DDX17,-0.508347667963794,0.000604,0.00207365182186235
UCK1_S3,UCK1,-0.736858911454178,0.000604,0.00207365182186235
MAP4_T4,MAP4,-2.31248326720721,0.000611,0.00209626972353338
MLF2_S9,MLF2,0.87142099358723,0.000612,0.00209828571428571
AGAP3_S6,AGAP3,-0.746957417267807,0.000615,0.00210715151515151
PEA15_S16,PEA15,3.03589662805318,0.000618,0.00211458238063214
RBP2_S7,RBP2,-0.400788984482509,0.000618,0.00211458238063214
WIPF1_S3,WIPF1,0.408807053173059,0.00062,0.00212
MDHC_S3,MDHC,-0.506320166917044,0.000622,0.00212541034251175
2A5E_S1,2A5E,0.488213304646145,0.000625,0.00213422818791946
EMAL4_S3,EMAL4,0.502579044758283,0.000628,0.00214303420523139
K1109_S3,K1109,-0.282979755310051,0.000636,0.0021674266577361
VPS4B_S14,VPS4B,-0.866805157447819,0.000636,0.0021674266577361
ARG28_S1,ARG28,0.797297385077047,0.000638,0.00217278714859438
CHSTD_S3,CHSTD,-0.551126992793767,0.00064,0.00217814046822742
EPS8_S3,EPS8,0.589452189225124,0.000645,0.00219368983957219
ABLM3_S4,ABLM3,0.438051799426424,0.000648,0.00220095060080107
NCOA2_S3,NCOA2,-0.643136557514747,0.000648,0.00220095060080107
S2546_S8,S2546,-0.45305295823537,0.000654,0.00221984789859907
S4A4_S3,S4A4,-0.526111891861492,0.000658,0.002231936
M3K3_S3,M3K3,0.671417292739899,0.00066,0.00223722851432378
FOXK1_S3,FOXK1,-1.70456717067313,0.000661,0.00223912649800266
PGAM1_S1,PGAM1,-0.215205049605873,0.000662,0.00223953191489362
PGAM4_S1,PGAM4,-0.215205049605873,0.000662,0.00223953191489362
TNS2_S9,TNS2,-0.753152601188327,0.000663,0.00224142458471761
MTSSL_S3,MTSSL,0.619747778929277,0.000666,0.00225007171314741
CGNL1_S5,CGNL1,-2.34842789052175,0.000669,0.00225720954907162
K2C8_T17_S18,K2C8,0.824980633871066,0.000669,0.00225720954907162
HBD_T9,HBD,2.54467149390568,0.000671,0.00226245725646123
FA83H_S3,FA83H,0.698704120967999,0.000673,0.00226769801324503
CC88B_S6,CC88B,1.03570629952986,0.000674,0.00226956452680344
HERC1_S1,HERC1,-0.542262388234239,0.000678,0.00228152380952381
HNRPU_S1,HNRPU,-0.647148875743178,0.000679,0.00228337871777925
KNG1_S8,KNG1,0.953283229543583,0.000685,0.00230203434610304
IQGA2_S3,IQGA2,0.783622746530198,0.000692,0.0023224907651715
LIMA1_S13,LIMA1,0.0830887690584442,0.000692,0.0023224907651715
ALG3_S1,ALG3,-0.695178394064065,0.000694,0.0023276677653263
GBG12_S3,GBG12,-0.552555230785977,0.000696,0.00233283794466403
K1671_S4,K1671,-0.539951514672167,0.000703,0.00235474917709019
OXR1_T5,OXR1,0.553747893109825,0.000704,0.00235654736842105
MYCPP_S3,MYCPP,-0.334150689814394,0.000705,0.00235834319526627
C2CD2_S5,C2CD2,0.826208805978879,0.000709,0.00236860932370322
SC31A_S5,SC31A,-0.249652287927654,0.000709,0.00236860932370322
PKHG3_S3,PKHG3,0.933506782392057,0.000711,0.00237373228346457
ATLA1_S4,ATLA1,-0.852258580283747,0.000713,0.00237884852459016
CDK12_T3,CDK12,-0.293509621315164,0.000714,0.00238062385321101
NFIC_S7,NFIC,-0.701881056871865,0.000716,0.00238572888015717
DPYL2_S10,DPYL2,0.481173020160093,0.000725,0.00241413612565445
TRIPC_S3,TRIPC,-0.31928749913038,0.000727,0.00241921255722695
F263_S3,F263,0.580892421497484,0.000728,0.00241937557152188
MAP1B_S11,MAP1B,-1.70901929531305,0.000728,0.00241937557152188
MCMBP_S3,MCMBP,-0.319304472533524,0.000733,0.00243440208877285
SCAF8_S14,SCAF8,-0.54600720989754,0.000736,0.00244117861799218
TENS1_Y4,TENS1,-0.639068215425828,0.000736,0.00244117861799218
NOLC1_S5,NOLC1,-2.15155988835468,0.000742,0.00245947622149837
SCRIB_S2,SCRIB,-1.21013797269068,0.000745,0.0024678125
ELF2_S2,ELF2,-1.79094212304384,0.000746,0.00246951724137931
AKAP2_S6,AKAP2,0.348610426719336,0.000747,0.00247121976592978
ZC3HD_T4,ZC3HD,-0.707010439114907,0.000749,0.0024762261208577
PALM3_S7,PALM3,0.91424908846985,0.000755,0.00249282284231019
T2FA_T7,T2FA,-0.582150582376041,0.000755,0.00249282284231019
RHG25_S2,RHG25,0.501012364195284,0.000769590274595,0.00253934845469479
EVA1A_T4,EVA1A,1.46353535832324,0.000772,0.002544
EVA1B_T4,EVA1B,1.46353535832324,0.000772,0.002544
ABLM1_S8,ABLM1,-0.104101900145732,0.000773,0.002544
APC_S12,APC,0.59838400120796,0.000773,0.002544
EXOC1_T2,EXOC1,-0.908750081701447,0.000775,0.00254892704970949
PAIRB_S3,PAIRB,0.460630714015047,0.000776,0.00254892704970949
TBCD5_S7,TBCD5,-0.508757096506385,0.000776,0.00254892704970949
TRI33_S3,TRI33,-0.960111355040846,0.000778,0.00255384774193548
NUCKS_S4,NUCKS,-0.674610763948217,0.00078,0.00255876208897485
EP15R_S13,EP15R,0.245579046805353,0.000803,0.00263251546391753
NUCKS_S11,NUCKS,1.85710419366436,0.000811,0.00265703026400515
HMGA1_S6,HMGA1,0.861992985407263,0.000812,0.00265859459459459
SQSTM_S5,SQSTM,1.25421676772174,0.000814,0.00266327552986512
BIG1_S3,BIG1,-1.2404663132609,0.000815,0.00266327552986512
SEPT9_S12,SEPT9,1.04605636389069,0.000815,0.00266327552986512
MAP1S_S10,MAP1S,0.284543569592753,0.00082,0.00267789473684211
ALDOA_S3,ALDOA,-0.690759923511779,0.000822,0.00268234932821497
KTN1_S12,KTN1,0.625129672495303,0.000823,0.00268234932821497
MA7D1_S3_S6,MA7D1,-0.244117128567384,0.000823,0.00268234932821497
MON1A_S1,MON1A,-0.33995315612723,0.000824,0.00268234932821497
RBM4_S7,RBM4,-0.532566386089046,0.000824,0.00268234932821497
FAS_S3,FAS,-2.34454207027855,0.000826,0.00268714066496164
SHAN3_T11,SHAN3,0.70913568917611,0.000827,0.00268867476038339
MATR3_S3,MATR3,-0.643349138070552,0.00083,0.00269670498084291
POGZ_S16,POGZ,-0.360062955157592,0.000835,0.00271121888959796
KS6C1_S5,KS6C1,-0.651676116634352,0.000839,0.0027224693877551
RAB7A_S2,RAB7A,-2.31109677952178,0.000841,0.00272721988527725
CE170_S5,CE170,0.611787586617629,0.000842,0.00272848854961832
ADH1B_S7,ADH1B,0.499547331288123,0.000843,0.00272848854961832
PPIG_S4,PPIG,-0.095712696027722,0.000843,0.00272848854961832
CDN1B_S9,CDN1B,-0.281440236739985,0.000844,0.00272998855689765
FKB15_S3,FKB15,-0.0601881279000308,0.000849,0.00274416243654822
K2C8_S2,K2C8,0.449524141881825,0.00085,0.00274416243654822
K2C8_S20,K2C8,0.950525740762275,0.00085,0.00274416243654822
TBCD4_S5,TBCD4,0.500761775482079,0.000858,0.00276823335447051
CYLD_S13,CYLD,0.751517000167454,0.00086,0.00277292775665399
3BP2_S1,3BP2,-0.43124554180774,0.000861,0.00277439392020266
LAR1B_S5,LAR1B,-0.716847603711735,0.000866,0.00278873924050633
ZMYM4_S6,ZMYM4,0.565242838971062,0.000867,0.0027901935483871
NU214_S1,NU214,-0.334507638025967,0.000869,0.00279486219974716
SSRG_S3,SSRG,-0.440693922647688,0.000870940728531,0.00279933444520892
XRN2_S21,XRN2,0.431996186290462,0.000872,0.0028009696969697
CING_S9,CING,-0.213280507987458,0.000876,0.0028120429022082
IF4G1_S6,IF4G1,1.60431943998713,0.000878,0.00281668600252207
BHMT1_S3,BHMT1,-0.793575206632413,0.000879,0.00281811720226843
MAP4_S1,MAP4,1.7078113554625,0.000886,0.00283698426683449
RRBP1_S5,RRBP1,-1.29616017761147,0.000886,0.00283698426683449
AAKB2_S2,AAKB2,-0.896114002729167,0.000888,0.0028416
NHRF1_S10,NHRF1,1.12312191861905,0.000897,0.00286859585166562
HBA_S3,HBA,1.28744035006916,0.000902,0.00288277386934673
ITPR1_S3,ITPR1,-0.45975533845008,0.000904,0.00288735216572505
CASS4_S3,CASS4,0.654513417558064,0.000906,0.00289192471769134
SQSTM_S21,SQSTM,1.38030735930729,0.000907,0.00289286412022542
SHOT1_S1,SHOT1,-0.501658264721471,0.000908,0.00289286412022542
TB182_S2,TB182,-0.698189556759365,0.000908,0.00289286412022542
HECD4_T4,HECD4,-0.572805011437741,0.000909,0.00289423779724656
SAMN1_S3,SAMN1,2.04090247768322,0.000916,0.00291470168855535
KPBB_S6,KPBB,1.84520193267765,0.000919,0.00292059462835728
MVD1_S2,MVD1,-0.735639044495427,0.000919,0.00292059462835728
MAP1A_T7,MAP1A,0.0565005516105228,0.000925,0.00293782771535581
POTEI_Y1,POTEI,0.278085944089305,0.000928,0.00294551715533375
TRIP6_S7,TRIP6,0.648912926719765,0.000946,0.00300077805486284
KS6A1_S3,KS6A1,0.545097454629109,0.000955,0.00302367143746111
KS6A3_S3,KS6A3,0.545097454629109,0.000955,0.00302367143746111
KS6A6_S3,KS6A6,0.545097454629109,0.000955,0.00302367143746111
CRTC1_S7,CRTC1,0.444980229840335,0.000956,0.0030249552238806
DDA1_S3,DDA1,-0.594120029303509,0.000964,0.00304837290242387
AFAD_S11,AFAD,1.78464093903706,0.000966,0.0030528
K2C8_S10,K2C8,2.99408389380009,0.000973,0.00307301303538175
CLAP1_T6,CLAP1,0.586421200880043,0.000975,0.00307741935483871
MATR3_S1,MATR3,-1.08213053412178,0.000977,0.00308182021078735
INT10_S19,INT10,0.757187775100544,0.000983,0.00309882527881041
AT2B4_T7,AT2B4,0.521385289971786,0.000989,0.00311388118811881
CNKR3_S3,CNKR3,0.778756127840758,0.000989,0.00311388118811881
AFAD_S2,AFAD,-0.424989423410614,0.00099,0.00311510204081633
ZNRF2_S7,ZNRF2,-0.34326827595037,0.000997,0.0031351891223733
HNRL1_S26,HNRL1,0.0611788809270355,0.001,0.00314074074074074
NGEF_S5,NGEF,1.87165820263599,0.001,0.00314074074074074
CD2B2_S8,CD2B2,0.551167812705423,0.00102,0.00318585635359116
DCLK1_S3,DCLK1,1.19859038870824,0.00102,0.00318585635359116
DTX3L_S4,DTX3L,-0.13253230160482,0.00102,0.00318585635359116
KCD12_S7,KCD12,0.957737350095057,0.00102,0.00318585635359116
KMT2A_S5,KMT2A,-0.0101021559415608,0.00102,0.00318585635359116
PARP4_T2,PARP4,0.585900293847824,0.00102,0.00318585635359116
TCEA1_S6,TCEA1,-1.05663443186338,0.00102,0.00318585635359116
TR150_S6,TR150,-0.061574165769714,0.00102,0.00318585635359116
VCIP1_S2,VCIP1,-0.45544819396304,0.00102,0.00318585635359116
GCP60_S9,GCP60,-0.4619665582427,0.00104,0.00324036742192284
KPCD_T3,KPCD,-0.458630842784955,0.00104,0.00324036742192284
MARCS_S6,MARCS,-0.533992843984832,0.00104,0.00324036742192284
SI1L1_S2,SI1L1,-0.51916563869594,0.00104,0.00324036742192284
AHNK_S5_S16,AHNK,1.12812529005976,0.00105,0.00326353084911423
K2C8_S22,K2C8,-0.764425229426865,0.00105,0.00326353084911423
MPRIP_S6,MPRIP,-0.732797487591061,0.00105,0.00326353084911423
MVP_S12,MVP,0.664778334612126,0.00105,0.00326353084911423
SASH3_S1,SASH3,1.18841078145688,0.00105735861277,0.00328439598398886
MAP1A_S8,MAP1A,-0.509117630802582,0.00106,0.00328858536585366
PCIF1_S15,PCIF1,0.46749306220836,0.00106,0.00328858536585366
FYV1_S3,FYV1,0.730740442635758,0.00108,0.00334655298416565
RB12B_S8,RB12B,-0.650297638874779,0.00108,0.00334655298416565
DHB4_T5,DHB4,-0.695327227811846,0.00109,0.00336933171324423
NFAC4_Y2,NFAC4,-0.666251848513569,0.00109,0.00336933171324423
RTN4_S3,RTN4,0.629160455590013,0.00109,0.00336933171324423
TPC10_S7,TPC10,0.741274952288148,0.00109,0.00336933171324423
PGRC1_Y11,PGRC1,3.19395373474361,0.0011,0.00339611650485437
SRRM2_S11_T20,SRRM2,-0.271922160659536,0.0011,0.00339611650485437
AACT_T12,AACT,1.23991542861323,0.00112,0.00343700844390832
ABLM1_T1,ABLM1,-0.645922265664619,0.00112,0.00343700844390832
CTGE5_S5,CTGE5,0.548425865232749,0.00112,0.00343700844390832
DEN5B_S3,DEN5B,-0.0828059167765432,0.00112,0.00343700844390832
MIA2_S5,MIA2,0.548425865232749,0.00112,0.00343700844390832
OTUD5_S2,OTUD5,0.581053959322191,0.00112,0.00343700844390832
SRRM1_T1,SRRM1,-0.281167825907007,0.00112,0.00343700844390832
SSFA2_S1,SSFA2,0.29865080367233,0.00112,0.00343700844390832
TB22B_S3,TB22B,0.445325649426594,0.00112,0.00343700844390832
WDR44_S8,WDR44,0.261457962148722,0.00112,0.00343700844390832
GMPR2_S3,GMPR2,-0.536426273898437,0.00113,0.00345935018050541
RLA2_S6,RLA2,-1.1602418907414,0.00113,0.00345935018050541
SSRP1_S3,SSRP1,-2.41451970350106,0.00113,0.00345935018050541
SYNP2_S8,SYNP2,0.517944866343551,0.00113,0.00345935018050541
RFTN1_S5,RFTN1,-0.37540300062409,0.00114,0.00348786530366807
AKP13_S1,AKP13,1.22135318132526,0.00115,0.00351634615384615
PKP2_T1,PKP2,-1.05871953737539,0.00116,0.00354266506602641
ZO2_S3,ZO2,-1.12984683123037,0.00116,0.00354266506602641
MYPT1_T1,MYPT1,-0.842049135803536,0.00117,0.00356892086330935
TOP2B_S5,TOP2B,0.856802684570344,0.00117,0.00356892086330935
ALS2_S11,ALS2,0.449403106520524,0.00118,0.00359081339712919
LMO7_S3,LMO7,0.293320420488037,0.00118,0.00359081339712919
PLEC_S9,PLEC,0.289555590111564,0.00118,0.00359081339712919
ZBT7A_S8,ZBT7A,0.706443882215602,0.00118,0.00359081339712919
DAP1_S4,DAP1,0.295449564438036,0.00119,0.00361907949790795
A16L1_S1,A16L1,0.866873229212382,0.00121,0.00367770609318996
NU214_S3,NU214,0.535293103789054,0.00122,0.0037036754176611
PML_S5,PML,-1.14664511724447,0.00122,0.0037036754176611
DPYL3_T13,DPYL3,-0.885714956360068,0.00123,0.00372736152471709
TENS1_S14,TENS1,0.64726057552889,0.00123,0.00372736152471709
TOE1_S4,TOE1,-0.188510621709068,0.00123,0.00372736152471709
GOGB1_S3,GOGB1,-0.31957173243371,0.00124,0.00374873440285205
IF16_S10,IF16,0.579341981749908,0.00124,0.00374873440285205
MLTK_S2,MLTK,0.54555599537897,0.00124,0.00374873440285205
SHIP1_S7,SHIP1,-0.720922419692133,0.00124,0.00374873440285205
IWS1_S3,IWS1,-0.959017234841893,0.00125,0.00377672209026128
AKA12_S1,AKA12,-0.801913064040717,0.00127,0.00382805687203791
ARHGG_S16,ARHGG,0.571086383239255,0.00127,0.00382805687203791
GRB14_S3,GRB14,0.444527226696726,0.00127,0.00382805687203791
TTC7A_S3,TTC7A,-0.184423326810996,0.00127,0.00382805687203791
FLNA_S7,FLNA,-0.790117887571705,0.00128,0.00385591474245116
NDRG2_S2,NDRG2,-1.09324967585098,0.00129,0.00388373964497041
NFIA_S10,NFIA,0.959105354910788,0.0013,0.00391153163808397
DOCK6_S6,DOCK6,0.80401267326304,0.00131,0.0039323185840708
NIBL1_S7_S11,NIBL1,0.544362512887521,0.00131,0.0039323185840708
TENS1_S7,TENS1,-1.04805877113258,0.00131,0.0039323185840708
TPD54_S6,TPD54,0.555908426673139,0.00131,0.0039323185840708
PAK2_S14,PAK2,0.65706662749295,0.00132,0.0039576664702416
WDR44_S3,WDR44,0.559878333574774,0.00132,0.0039576664702416
BIN2_S1,BIN2,0.799170874076638,0.00133,0.00397827160493827
K1C19_S11,K1C19,1.13339708332688,0.00133,0.00397827160493827
PARD3_S3,PARD3,0.678643250543784,0.00133,0.00397827160493827
UBP5_S7,UBP5,-0.415094136472645,0.00133,0.00397827160493827
STML2_S4,STML2,1.23258383302844,0.00134,0.00400582843713279
PYGL_S3,PYGL,0.324369997847905,0.00135,0.00403335290663535
NFIX_S1,NFIX,-0.561334186572497,0.00136,0.00406084507042254
CTL3_S7,CTL3,0.971363215969688,0.00137,0.00408351493848858
PRP4B_Y18,PRP4B,0.362523148890105,0.00137,0.00408351493848858
SNX17_S4,SNX17,0.186524066932493,0.00137,0.00408351493848858
RGPS2_S1,RGPS2,-0.706461791205727,0.00138,0.00411091334894614
LASP1_S3,LASP1,-1.50520600191007,0.00139,0.00413102803738318
MP2K1_S17,MP2K1,0.663731364404222,0.00139,0.00413102803738318
MP2K2_S17,MP2K2,0.663731364404222,0.00139,0.00413102803738318
RHDF2_S1,RHDF2,0.663317340246373,0.00139,0.00413102803738318
AR6P4_S11,AR6P4,0.391069831730288,0.0014,0.0041558926487748
SUN2_S20,SUN2,1.35339439838129,0.0014,0.0041558926487748
ACKR3_S8,ACKR3,0.944536407781505,0.00141,0.00417826441467676
P4R3A_S18,P4R3A,0.0665134781611914,0.00141,0.00417826441467676
TTC7B_S6,TTC7B,-0.250742134845713,0.00141,0.00417826441467676
OCLN_S14,OCLN,-0.10112475277802,0.00142,0.00420544819557625
CWC25_S3,CWC25,-0.897811135221026,0.00143,0.00422768158047647
HXB3_T2_S3,HXB3,0.902065573422429,0.00143,0.00422768158047647
UH1BL_S3,UH1BL,1.04494065144295,0.00143,0.00422768158047647
SNIP1_S5,SNIP1,0.0646158958707189,0.00144,0.00425477351916376
AKAP2_T8,AKAP2,0.533795709718705,0.00145,0.00427935034802784
HN1_S4,HN1,-0.447791184643113,0.00145,0.00427935034802784
CENPA_S3,CENPA,-0.371372940930549,0.00146,0.00429888888888889
FL2D_S12,FL2D,-0.561181123157911,0.00146,0.00429888888888889
IKKB_S2,IKKB,-0.760199669592723,0.00146,0.00429888888888889
SPT5H_S14,SPT5H,0.607785085432758,0.00146,0.00429888888888889
HDGF_S6,HDGF,-0.398732338495598,0.00148,0.00435273988439306
PALM3_S6,PALM3,-0.533680801229554,0.00148,0.00435273988439306
AKTS1_S6,AKTS1,-0.720788055305947,0.00149,0.00437709006928406
NCBP3_S4,NCBP3,0.496860510855914,0.00149,0.00437709006928406
TCEA3_S14,TCEA3,-1.42331887471379,0.0015,0.00440392383150606
PKHA6_S1,PKHA6,-0.479927413584982,0.00152,0.00445493087557604
RS6_S3_S7,RS6,1.00778653485057,0.00152,0.00445493087557604
S38AA_S8,S38AA,-0.333828177796005,0.00152,0.00445493087557604
CLIP1_T5,CLIP1,-0.971365556449743,0.00153,0.00447393103448276
CLIP2_T5,CLIP2,-0.971365556449743,0.00153,0.00447393103448276
H1X_S8,H1X,0.406074072340456,0.00153,0.00447393103448276
PKN2_T3,PKN2,0.568154755612365,0.00153,0.00447393103448276
CTGE5_S4,CTGE5,0.601931153875304,0.00154,0.00449284403669725
MIA2_S4,MIA2,0.601931153875304,0.00154,0.00449284403669725
SASH1_S1,SASH1,-0.701097294035297,0.00154,0.00449284403669725
VINC_S13,VINC,-0.806209252278697,0.00154,0.00449284403669725
AFTIN_S8,AFTIN,-0.522030589903531,0.00155,0.00451942693409742
SP100_S12,SP100,-0.58660321335809,0.00158,0.00460361823204554
IF4B_S10,IF4B,-0.479737376309054,0.001580684168904,0.00460361823204554
FARP1_S22,FARP1,-0.485175501422012,0.00161,0.00468096
RAIN_S3,RAIN,0.594934573310665,0.00161,0.00468096
TNS2_Y4,TNS2,0.614448129512846,0.00161,0.00468096
NUCKS_S9,NUCKS,1.21594043104823,0.00162,0.00470734437464306
CTGE5_S8,CTGE5,-0.716183261848655,0.00163,0.00472830102622577
MIA2_S8,MIA2,-0.716183261848655,0.00163,0.00472830102622577
SCPDL_S3,SCPDL,-0.945588893668557,0.00163,0.00472830102622577
SCYL2_S3,SCYL2,-0.227314948091945,0.00164,0.00475189066059226
ZN740_S3,ZN740,-0.736705219847082,0.00164,0.00475189066059226
K1C18_S25,K1C18,1.38696652404193,0.00165,0.00475918367346939
K2C8_S3,K2C8,-1.76272146125863,0.00165,0.00475918367346939
RBP2_S4,RBP2,-0.632772596109843,0.00165,0.00475918367346939
RGPD3_S4,RGPD3,-0.632772596109843,0.00165,0.00475918367346939
RGPD4_S4,RGPD4,-0.632772596109843,0.00165,0.00475918367346939
RGPD5_S4,RGPD5,-0.632772596109843,0.00165,0.00475918367346939
RGPD8_S4,RGPD8,-0.632772596109843,0.00165,0.00475918367346939
TENS1_T9,TENS1,-0.562848420375764,0.00165,0.00475918367346939
BCL3_S3,BCL3,-0.314264480947588,0.00166,0.00478260475651189
GHDC_S1,GHDC,-0.619560090257057,0.00166,0.00478260475651189
GRAP1_S3,GRAP1,0.626237330401724,0.00167,0.00480869269949066
CCYL1_S4,CCYL1,0.849215411948414,0.00168,0.004832018089316
RECQ5_S12,RECQ5,-0.745636477511534,0.00168,0.004832018089316
IF4G2_S11,IF4G2,1.20605616681998,0.00169,0.00485529079616036
ZDHC5_S1,ZDHC5,-0.490613837535732,0.00169,0.00485529079616036
ATX2L_S7,ATX2L,0.474495329189272,0.00171,0.00490444193912063
ATX2_S9,ATX2,0.41521963187016,0.00171,0.00490444193912063
BDH_T13,BDH,0.713795725423348,0.00171,0.00490444193912063
2A5D_S3,2A5D,0.809163512441002,0.00173,0.00495342712436691
K1C18_S1,K1C18,1.01542049816756,0.00173,0.00495342712436691
KI21A_S3,KI21A,0.778629600812128,0.00173,0.00495342712436691
PRC2C_T12,PRC2C,1.49206686042658,0.00174,0.0049792575928009
MT1E_S4,MT1E,-0.85704435629867,0.00175,0.00498823529411765
MT1G_S4,MT1G,-0.85704435629867,0.00175,0.00498823529411765
MT1M_S4,MT1M,-0.85704435629867,0.00175,0.00498823529411765
MT1X_S4,MT1X,-0.85704435629867,0.00175,0.00498823529411765
MT2_S4,MT2,-0.85704435629867,0.00175,0.00498823529411765
PHF2_S4,PHF2,0.844041795058713,0.00175,0.00498823529411765
PRC2A_S7,PRC2A,0.448700770296933,0.00175,0.00498823529411765
BORG5_S5,BORG5,0.961798957162206,0.00176,0.00500832214765101
GSDMD_S3,GSDMD,0.492197046921925,0.00176,0.00500832214765101
TRA2A_T3,TRA2A,0.483771884347672,0.00176,0.00500832214765101
LAP2A_T3,LAP2A,-0.290812586585417,0.00178,0.00505675041876047
LAP2B_T3,LAP2B,-0.290812586585417,0.00178,0.00505675041876047
T2FA_S3,T2FA,-0.541319357230528,0.00178,0.00505675041876047
MFF_S1,MFF,-0.573256897286864,0.00179,0.00508232142857143
SC22B_S4,SC22B,0.701542505101633,0.0018,0.00510786391522588
4ET_S3,4ET,0.420582161656913,0.00181,0.00513051810584958
AKP8L_S5,AKP8L,-0.379582168006414,0.00181,0.00513051810584958
RETST_S3,RETST,-0.41062618142125,0.00182,0.00515599109131403
KPCD_S6,KPCD,0.645521478120613,0.00183,0.00518143572621035
SRRM2_S7,SRRM2,0.400684286383026,0.00184,0.00520685205784205
MYO1E_S3,MYO1E,1.38364362140002,0.00185,0.00522933333333333
TACC2_S3,TACC2,0.625616864268243,0.00185,0.00522933333333333
LMO7_S4,LMO7,-0.458225472552647,0.00186,0.00525468073292615
EEA1_S2,EEA1,-0.395911878875357,0.00187,0.00528
AHNK_S8,AHNK,0.360594781765694,0.00188,0.00530529118136439
SCRIB_S3,SCRIB,-0.242830150209104,0.00189,0.00533055432372506
SAFB1_S38,SAFB1,0.639540509107279,0.0019,0.00535282392026578
SAFB2_S38,SAFB2,0.639540509107279,0.0019,0.00535282392026578
ASPP2_S4,ASPP2,-0.780853244976239,0.00191,0.00537801881571666
LMNA_S12,LMNA,1.72915967896927,0.00192,0.00540318584070796
PDCD4_S3,PDCD4,-0.70619672284628,0.00194,0.00545645107794362
COASY_S3,COASY,-0.65948050686861,0.00195,0.00547549668874172
FMNL1_S22,FMNL1,0.887352783508313,0.00195,0.00547549668874172
T22D4_T21,T22D4,1.13420148237089,0.00195,0.00547549668874172
KLC4_S3,KLC4,-0.611722334286889,0.00197,0.00552860452289024
PGAM1_Y2,PGAM1,-0.838335067296191,0.00198,0.00554138613861386
PGAM2_Y2,PGAM2,-0.838335067296191,0.00198,0.00554138613861386
PGAM4_Y2,PGAM4,-0.838335067296191,0.00198,0.00554138613861386
RGPA1_S3,RGPA1,0.320247245834887,0.00198,0.00554138613861386
TBC9B_S3,TBC9B,0.995746151056798,0.00198,0.00554138613861386
SRBS1_S16,SRBS1,0.683130260275173,0.00199,0.00556631115997801
CLAP1_S5,CLAP1,0.399860142956046,0.00203,0.00567196046128501
WNK1_S1,WNK1,-0.560626685376791,0.00203,0.00567196046128501
NOS3_T1,NOS3,0.677043151784144,0.00204,0.00569424801713531
GLCI1_S3,GLCI1,0.457542769668304,0.002040215042303,0.00569424801713531
LYSM3_S3,LYSM3,-0.180124396407044,0.00205,0.00571528767123288
ZBT20_T5,ZBT20,0.203298247477933,0.00205,0.00571528767123288
S28A1_S4,S28A1,1.33831280055041,0.00206,0.00573688013136289
TPD52_S7,TPD52,1.281005745824,0.00206,0.00573688013136289
ICAL_S3,ICAL,0.437444858317553,0.00207,0.00576157549234136
ADAM9_S3,ADAM9,0.268790399731891,0.00209,0.00581406232914161
HSPB1_S1,HSPB1,-0.745689230415025,0.0021,0.00583549972692518
SRRM2_T3,SRRM2,-0.365801486403181,0.0021,0.00583549972692518
ARHGG_S3,ARHGG,0.642032562586635,0.00211,0.00585369683751363
SNTB2_S9,SNTB2,-0.937576488128148,0.00211,0.00585369683751363
TLN1_S8,TLN1,0.251552488849065,0.00211,0.00585369683751363
ABH15_S4,ABH15,-0.68424295913432,0.00212,0.00587823433242507
CCNL2_S3,CCNL2,-0.61917930860372,0.00213,0.00590274509803922
YAP1_S3,YAP1,0.725318428680337,0.00217,0.00600705114254625
ZCHC8_S7,ZCHC8,-0.289136616299503,0.00217,0.00600705114254625
DYSF_S4,DYSF,-0.395705677034633,0.00219,0.00605911908646003
G3P_S10,G3P,-0.289510455205957,0.00221,0.00611113043478261
PLCL1_S3,PLCL1,-0.641918505930444,0.00222,0.00612879001627781
RPGF1_S4,RPGF1,-0.735249728898008,0.00222,0.00612879001627781
SET1B_S15,SET1B,0.494854548518784,0.00222,0.00612879001627781
DCP1B_S3_S11,DCP1B,0.752756031940491,0.00224,0.00617730081300813
SHC1_S3,SHC1,0.668020760109251,0.00224,0.00617730081300813
KKCC2_S17,KKCC2,-0.69685285475519,0.00225,0.00620151679306609
MYOF_T5,MYOF,1.52056548641253,0.00226,0.00622233766233766
SREC_S5,SREC,0.735614311257667,0.00226,0.00622233766233766
GORS1_T5,GORS1,0.746258045481326,0.00227,0.00624311351351351
SMIM1_S9,SMIM1,0.0736927669304763,0.00227,0.00624311351351351
FA83H_S1,FA83H,0.334830471593709,0.00228,0.00626722852512156
ZBT21_S1,ZBT21,-0.673213410328354,0.002287527961502,0.00628452606270096
DAAM2_S4,DAAM2,-0.715958265305648,0.00229,0.00628792228818133
NCOR2_S5,NCOR2,1.14746265986779,0.002297386600694,0.00630177705977383
CCDC6_S14,CCDC6,0.778630884103789,0.0023,0.00630177705977383
E41L5_S4,E41L5,1.56718159305698,0.0023,0.00630177705977383
PDLI2_S6,PDLI2,0.517908551359191,0.0023,0.00630177705977383
CEP68_S26,CEP68,0.844328029807393,0.00232,0.00634632258064516
PRKDC_T18,PRKDC,0.539025374261024,0.00232,0.00634632258064516
TB182_S6,TB182,-0.450689911253981,0.00232,0.00634632258064516
AHNK_S7,AHNK,0.288559648072265,0.00233,0.00636341384863124
DNM3A_S9,DNM3A,-0.263775270319434,0.00233,0.00636341384863124
SVIL_S2,SVIL,-0.631325999160612,0.00233,0.00636341384863124
DPYS_T1,DPYS,-1.22375569552847,0.00234,0.00638729613733906
LT4R1_S4,LT4R1,1.54439643693024,0.00236,0.00643498392282958
TSC2_S7,TSC2,-0.631378889480177,0.00236,0.00643498392282958
ARG35_S3,ARG35,0.573874864948009,0.00237,0.00645533190578159
ARHG5_S3,ARHG5,0.573874864948009,0.00237,0.00645533190578159
SGPP1_S3,SGPP1,-0.296555443673528,0.00238,0.00647910112359551
FA65A_S7,FA65A,0.465884144555036,0.00239,0.0065028449197861
PIAS1_S10,PIAS1,-0.00751216239815866,0.0024,0.00652656333511491
6PGL_S7,6PGL,-1.37613540270075,0.00242,0.00657392418579818
LMCD1_S2,LMCD1,-1.22118350838684,0.00242,0.00657392418579818
CABL1_S7,CABL1,-0.278224908769255,0.00245,0.00665186766275347
TGM2_S1,TGM2,-1.06808344684117,0.00248,0.006729728
PLSL_S4,PLSL,-1.24112880955481,0.00249,0.00675326226012793
CDS2_S16,CDS2,1.91851142520295,0.0025,0.00677316293929713
PKP2_S6,PKP2,0.605695683493924,0.0025,0.00677316293929713
KANK3_S1,KANK3,0.431907162627421,0.00251,0.00679302127659574
SRSF4_S6,SRSF4,-0.585969773120308,0.00251,0.00679302127659574
EDC4_T1,EDC4,0.555806987415784,0.00252,0.00681645933014354
DOCK7_S10,DOCK7,-0.0925820045481959,0.002536994802667,0.00685878297341642
SVIL_S3,SVIL,0.827398475076898,0.00254,0.00686326075411577
MARCS_S5,MARCS,0.896738081691025,0.00257,0.00694063694267516
LAT4_S2,LAT4,-1.5211048586061,0.00258,0.0069602545068929
LEMD2_S5,LEMD2,1.55246910565941,0.00258,0.0069602545068929
ESYT2_S3,ESYT2,2.06601065567443,0.00259,0.00697983050847458
SIK2_S1,SIK2,-0.732611362522125,0.00259,0.00697983050847458
AGFG1_S18,AGFG1,1.03579779328382,0.0026,0.00700307040762308
ZYX_S9,ZYX,1.06458913392299,0.00261,0.00702628571428572
SNP29_Y1,SNP29,-1.06850043901918,0.00262,0.00704947646747753
CARL1_S3,CARL1,0.0105009864541537,0.00263,0.00706890649762282
PARP1_T13,PARP1,0.443702986313557,0.00263,0.00706890649762282
MTSSL_S2,MTSSL,0.600104043960416,0.002657822993263,0.00713991731241929
SRRT_T10,SRRT,-0.179815443198126,0.00267,0.00716884432717678
DESP_Y6,DESP,-0.096760675014876,0.00268,0.00718810753821824
PDE3A_S2,PDE3A,-0.510888682637472,0.00268,0.00718810753821824
S35C2_S4,S35C2,0.44336742059352,0.00272,0.0072877093206951
SDA1_S6,SDA1,0.60821568392195,0.00272,0.0072877093206951
LRCH4_S3,LRCH4,0.762843149553522,0.00273,0.00731065263157895
ARM10_S4,ARM10,-1.54577015233832,0.00275,0.0073603366649132
HNRL1_S5_T20,HNRL1,0.415063048649433,0.00276,0.00738321766561514
UBP24_S13,UBP24,0.74744777519534,0.00278,0.00743281135049921
ESYT1_S3,ESYT1,-0.625919300788656,0.0028,0.00747842519685039
TB10B_T14,TB10B,0.0635426520887743,0.0028,0.00747842519685039
VIME_S2,VIME,-1.20933764019009,0.00281,0.0075011962224554
IQEC1_S2,IQEC1,-0.490657235725995,0.00285,0.00760398531725223
NBEL2_S3,NBEL2,0.813884066556431,0.00287,0.00765333333333333
ML12A_T2,ML12A,0.979485233231091,0.00288,0.00765992681651856
ML12B_T2,ML12B,0.979485233231091,0.00288,0.00765992681651856
MYL9_T2,MYL9,0.979485233231091,0.00288,0.00765992681651856
SP110_S7,SP110,-0.115152128778221,0.00288,0.00765992681651856
SRC8_T15,SRC8,1.05169339290368,0.00288,0.00765992681651856
BD1L1_S2,BD1L1,-0.873270835768688,0.00289,0.00767849608355091
TB10B_S8,TB10B,0.608642888943979,0.00289,0.00767849608355091
FKB15_S6,FKB15,0.523320984673517,0.00293,0.00776854611776967
P5I11_S3,P5I11,0.352646042167609,0.00293,0.00776854611776967
SQSTM_S13,SQSTM,3.09670171493261,0.00293,0.00776854611776967
TFG_S15,TFG,-0.366444895473217,0.00293,0.00776854611776967
FABPL_T6,FABPL,-1.00675544839917,0.00295,0.00781343050494534
TE2IP_S3,TE2IP,-0.590366656057046,0.00295,0.00781343050494534
K1671_S3,K1671,0.654356660955657,0.00297,0.00786231009365245
EP15R_S1,EP15R,-1.18797872823308,0.00299,0.00790702702702703
G3P_T22,G3P,0.707805202064791,0.00299,0.00790702702702703
GDAP1_S7,GDAP1,-0.422754995420034,0.003,0.00792523364485981
LIMA1_S5,LIMA1,0.0914755479865408,0.003,0.00792523364485981
SRBS1_S12,SRBS1,0.427493396059325,0.00301,0.00794752464971458
HS12B_S15,HS12B,0.603334506422402,0.00303,0.00799618257261411
BIN2_S23,BIN2,0.761883159956472,0.00304,0.00801425906735751
RHG30_S2,RHG30,-0.755247359505866,0.00304,0.00801425906735751
TP53B_S8,TP53B,0.795211251120207,0.00305,0.00803645779388918
DPYL2_T13,DPYL2,-0.874697797946186,0.00306,0.00805863354037267
CLAP1_S9,CLAP1,-0.480053538253718,0.00308,0.00810710812209002
K0930_S8,K0930,1.48676487810131,0.00312,0.00820814891416753
AKIB1_S7,AKIB1,0.170863814844118,0.00313,0.0082302015503876
KPRB_S23,KPRB,0.444645317566113,0.00314,0.00825223140495868
KCD12_S16,KCD12,0.481586953287089,0.00315,0.00827423851316469
ETV6_S7,ETV6,0.584056025905896,0.00317,0.00832247678018576
HCLS1_S4,HCLS1,0.590300540971478,0.00318,0.00834442496132027
PP14A_S5,PP14A,2.50649665809613,0.00319,0.00836635051546392
CTIP_S3,CTIP,-0.612835658598898,0.0032,0.00838825347758887
DOCK5_S3,DOCK5,0.986275954011613,0.00321,0.00840580545548122
TCF20_S15,TCF20,-0.581625915511586,0.00321,0.00840580545548122
RAF1_T2,RAF1,0.624359276167809,0.00322,0.00842765432098765
K1C19_S1,K1C19,-1.44817401849097,0.00324,0.00847564010282776
DACT3_S1,DACT3,-0.489468995933056,0.00327,0.00854094455852156
MTP_T10,MTP,2.19569061087115,0.00327,0.00854094455852156
TRM1L_S37,TRM1L,0.762082444538957,0.00327,0.00854094455852156
RRBP1_S3,RRBP1,0.0615962685081209,0.00328,0.00856266803488969
HUTH_S3,HUTH,-0.637229631669708,0.00329,0.00857996924654024
TCPG_S4,TCPG,-1.7687668748102,0.00329,0.00857996924654024
DOCK8_S5,DOCK8,-0.631088552468708,0.00331,0.00862328725038402
DPYL2_S2,DPYL2,0.961390329514249,0.00331,0.00862328725038402
CHD8_S2,CHD8,-0.349466370329618,0.00332,0.00864491299897646
AGRA2_S4,AGRA2,0.34803743801579,0.00334,0.00866537874936451
XPC_S16,XPC,-1.30164819064736,0.00334,0.00866537874936451
ACTA_S5,ACTA,-0.664131211083649,0.00335,0.00866537874936451
ACTBM_S5,ACTBM,-0.664131211083649,0.00335,0.00866537874936451
ACTB_S5,ACTB,-0.664131211083649,0.00335,0.00866537874936451
ACTC_S5,ACTC,-0.664131211083649,0.00335,0.00866537874936451
ACTG_S5,ACTG,-0.664131211083649,0.00335,0.00866537874936451
ACTH_S5,ACTH,-0.664131211083649,0.00335,0.00866537874936451
ACTS_S5,ACTS,-0.664131211083649,0.00335,0.00866537874936451
CALX_S11,CALX,-0.277415848025252,0.00335,0.00866537874936451
POTEE_S5,POTEE,-0.664131211083649,0.00335,0.00866537874936451
POTEF_S5,POTEF,-0.664131211083649,0.00335,0.00866537874936451
POTEI_S5,POTEI,-0.664131211083649,0.00335,0.00866537874936451
ARHG5_S11,ARHG5,0.917179252908744,0.00338,0.00873409852717115
GOLI4_Y6,GOLI4,0.575426927648603,0.00338,0.00873409852717115
STMN1_S2,STMN1,0.631500366732972,0.00341,0.00880714720812183
PPM1K_S9,PPM1K,0.221212513696753,0.00342,0.00882849315068493
EMSY_S6,EMSY,0.463031099857086,0.00343,0.00884085106382979
MINK1_S3,MINK1,0.681314657071361,0.00343,0.00884085106382979
PCBP1_S13,PCBP1,0.481388871622526,0.00343,0.00884085106382979
MARCS_T13,MARCS,-0.0491449241846518,0.00345,0.00888789873417722
K1522_S11,K1522,0.472926004378795,0.00348,0.00895158746208291
MAGI3_S3,MAGI3,0.474607856590737,0.00348,0.00895158746208291
PHKG2_T5,PHKG2,-0.704680768363423,0.00348,0.00895158746208291
DC1L2_S7,DC1L2,0.347733876145821,0.0035,0.00899393939393939
VCIP1_S4,VCIP1,-0.0756389904375242,0.0035,0.00899393939393939
DDX21_S8,DDX21,0.418937621240435,0.00351,0.00901508329126704
GSTA1_S4,GSTA1,-1.0914500681656,0.00352,0.00902254911838791
GSTA2_S4,GSTA2,-1.0914500681656,0.00352,0.00902254911838791
GSTA3_S4,GSTA3,-1.0914500681656,0.00352,0.00902254911838791
GSTA5_S4,GSTA5,-1.0914500681656,0.00352,0.00902254911838791
HNRL2_T19,HNRL2,0.575128931971875,0.00354,0.00906924471299094
NED4L_S1,NED4L,0.886134252556318,0.00355,0.00909028686462003
CALX_S30,CALX,1.30068317892497,0.00356,0.00911130784708249
EI24_S3,EI24,1.22555731377625,0.00359,0.00918346907993967
OFD1_S3,OFD1,0.551321258156051,0.00364,0.00930669346733668
CRTC3_S4,CRTC3,0.410042734927184,0.00366,0.00935312908086389
PSA5_S3,PSA5,-0.702832221900511,0.00369,0.00942506024096386
KPB2_S1,KPB2,-0.761008135371645,0.0037,0.00944586051179127
RREB1_S17,RREB1,0.012192144612774,0.00372,0.0094873984962406
SQSTM_S14,SQSTM,2.27129498339824,0.00372,0.0094873984962406
SNX16_S3,SNX16,-0.151815025073217,0.00373,0.00950813627254509
ADDG_S14,ADDG,-0.304730537223578,0.00379,0.00965624436654982
MBP_S3,MBP,0.742498214344601,0.00381,0.00970234234234234
SODE_S6,SODE,-0.462530947990338,0.00382,0.00972294147073537
CRTC3_S8,CRTC3,0.624037909104691,0.00386,0.00981002997002997
EMSA1_S3,EMSA1,-0.277481961971933,0.00386,0.00981002997002997
S20A2_S8,S20A2,-1.01765036335806,0.00386,0.00981002997002997
RPB1_S12,RPB1,-0.209516299879741,0.00387,0.00983053419870195
FMO5_S3,FMO5,-0.503595182859702,0.0039,0.00990179640718563
MARK2_S4,MARK2,0.605776096405117,0.00392,0.00994761097256858
ADCY9_S6,ADCY9,-0.364014298942992,0.00395,0.0100187437686939
GMIP_S4,GMIP,-0.420683773236299,0.00396,0.0100341035856574
RHG09_S10,RHG09,0.525267316431079,0.00396,0.0100341035856574
ID2_S3,ID2,0.59667857665186,0.00399,0.0101000597014925
NIBAN_S3,NIBAN,0.854591404650363,0.00399,0.0101000597014925
MAP1S_S3,MAP1S,0.224797972230068,0.004,0.0101203381402287
CATA_Y2,CATA,1.35159141948978,0.00401,0.0101305263157895
EPS15_S1,EPS15,-1.26092705400598,0.00401,0.0101305263157895
FA83G_S4,FA83G,0.11078843089262,0.00401,0.0101305263157895
CING_S11,CING,0.578241443788632,0.00403,0.010176
ATAD1_S10,ATAD1,0.478718867061569,0.00404,0.0101961904761905
RFIP5_S1,RFIP5,0.393071959153953,0.00405,0.0102163609320773
PI4KA_S2,PI4KA,-0.447770860016961,0.00407,0.0102617244796829
TRFE_S3,TRFE,1.03715337291701,0.00409,0.0103070430906389
TENS3_S6,TENS3,-0.176987425892754,0.00411,0.0103523168316832
DC1L2_S4,DC1L2,0.940628636838919,0.00412,0.0103723701138051
NKAP_S13,NKAP,-0.50001968648289,0.00414,0.0104175667655786
ES8L2_S3,ES8L2,-0.734662027542456,0.00415,0.0104375679683638
WDR20_S3,WDR20,-0.138408242164921,0.00417,0.0104826877470356
NHSL1_S9,NHSL1,-0.367025641645134,0.00418,0.010502637037037
MTUS1_S2,MTUS1,-1.05027506915162,0.00419,0.0105225666337611
SASH3_S4,SASH3,1.25478296237884,0.0042,0.0105372781065089
TP53B_S2,TP53B,-0.588022925003358,0.0042,0.0105372781065089
EHD2_S12,EHD2,-1.29759813611495,0.00422,0.010582237555446
KHDR1_S2,KHDR1,0.399441408294075,0.004237976154421,0.0106220801348247
PSMD1_T4,PSMD1,-0.414161115664215,0.00425,0.0106469719350074
ACINU_S12,ACINU,0.272103083436502,0.00426,0.0106667716535433
PNKP_T8,PNKP,-0.109803607980216,0.00427,0.0106865518937531
FMNL1_S7,FMNL1,1.10645605057104,0.00428,0.0107063126843658
RELL1_S1,RELL1,0.647245657713691,0.00432,0.0107957563850688
TPPP_S3,TPPP,1.05827537206793,0.00432,0.0107957563850688
FRMD8_S4,FRMD8,1.16022578026813,0.00433,0.010810127576055
LIPB1_S5,LIPB1,-0.715984039344913,0.00433,0.010810127576055
NEST_S5,NEST,-0.319892864628938,0.00435,0.0108547327121138
SDPR_S7,SDPR,0.264962751805383,0.00436,0.0108743529411765
SREC2_T4,SREC2,1.18798949392729,0.00437,0.010893953944145
PCDH1_S11,PCDH1,0.411902612960291,0.00438,0.0109135357492654
MY18A_S10,MY18A,0.748575171036436,0.00439,0.0109224058679707
PANK2_S3,PANK2,0.639510254365741,0.00439,0.0109224058679707
PKHA4_S5,PKHA4,0.479901454008157,0.00439,0.0109224058679707
ACLY_S3,ACLY,-0.387813783363994,0.0044,0.010941935483871
S38A3_S3,S38A3,-0.500780860524116,0.00443,0.0110111577918906
VINEX_S19,VINEX,0.921510588108667,0.00444,0.011030625
HPPD_T11,HPPD,-0.779092265705606,0.00446,0.0110749048316252
ACACB_S7,ACACB,-0.981735834942859,0.00447,0.0110943219512195
PHF8_S3,PHF8,0.171390173098738,0.00454,0.0112570760233918
STML2_T2,STML2,-1.13514502507021,0.00454,0.0112570760233918
NUP53_S5,NUP53,-0.576508715437729,0.00457,0.0113259425231369
MXRA7_S31,MXRA7,1.80914545909491,0.00458,0.0113451996105161
ALDOB_S8,ALDOB,0.202863830161256,0.00463,0.0114523286339329
ALG3_S3,ALG3,-1.08843181312466,0.00463,0.0114523286339329
ARHGH_S4,ARHGH,1.03054172453485,0.00463,0.0114523286339329
COBL1_S3,COBL1,0.297625777760102,0.00465,0.0114906265177271
RRBP1_S4,RRBP1,-0.0469595701763464,0.00465,0.0114906265177271
2A5A_S1,2A5A,0.661711064911609,0.00466,0.0115097475728155
DOC11_S3,DOC11,1.04646852414606,0.00467,0.0115288500727802
TFG_S14,TFG,0.537111044466187,0.00468,0.0115423364032962
ZN609_S6,ZN609,-0.2242168878684,0.00468,0.0115423364032962
DOCK6_S5,DOCK6,0.635012786977756,0.0047,0.0115804358353511
WIPI2_S7,WIPI2,0.568070934748528,0.0047,0.0115804358353511
PRDBP_S3,PRDBP,-0.686312597058902,0.00473,0.0116430769230769
RING1_S15,RING1,0.599349985706109,0.00473,0.0116430769230769
ARP19_S29,ARP19,1.2202893334843,0.00475,0.0116866537717602
SF3B1_T8,SF3B1,-0.544319603716326,0.00476,0.0117055969067182
F1711_S3,F1711,-1.22409247855801,0.00478,0.0117491014492754
MLXPL_S3,MLXPL,0.369647335289999,0.00479,0.0117679961371318
BAZ1B_S8,BAZ1B,-0.582971822503886,0.0048,0.0117811866859624
SREC_S3,SREC,-0.247747839019263,0.0048,0.0117811866859624
G6PI_T4,G6PI,-0.431838886485078,0.00482,0.0118188722891566
TCOF_S12,TCOF,0.575417899998723,0.00482,0.0118188722891566
TGFI1_S2,TGFI1,-0.579858574438548,0.00483,0.0118376878612717
BNI3L_S6,BNI3L,0.514256353994513,0.00484,0.0118564853153587
CD2B2_S7,CD2B2,0.812924822906555,0.00486,0.011894025974026
UBP10_S16,UBP10,0.837764889162064,0.00486,0.011894025974026
AR6P4_S1,AR6P4,0.084703148748981,0.00487,0.0119127692307692
PALMD_S4,PALMD,0.917676898925607,0.00491,0.0120048438250841
CABIN_T9,CABIN,-0.238275526966999,0.00492,0.0120177436389822
UBP20_S3,UBP20,0.523907454913388,0.00492,0.0120177436389822
MOT8_T7,MOT8,-0.544330905216937,0.00493,0.012030618705036
RMD3_S3,RMD3,-0.394647294958558,0.00493,0.012030618705036
CRTC2_S5,CRTC2,0.493635571860251,0.00498,0.0121468072866731
PCF11_S3_S8,PCF11,-0.476557831856158,0.00499,0.0121653665548634
ZCH18_S2,ZCH18,-1.16997502558738,0.005,0.012183908045977
ACTB_S19,ACTB,0.256501170899689,0.00501,0.0121849330783939
ACTG_S19,ACTG,0.256501170899689,0.00501,0.0121849330783939
PML_S2_S9,PML,-1.31981555004839,0.00501,0.0121849330783939
POTEE_S19,POTEE,0.256501170899689,0.00501,0.0121849330783939
KAT7_S8,KAT7,1.32614322168239,0.00502,0.0122034209268992
IF4G2_S2,IF4G2,1.18474765166153,0.00506,0.0122947851002865
SQSTM_S11,SQSTM,2.78243039198836,0.00507,0.0123132028639618
BI2L1_S3,BI2L1,-0.356445294018659,0.00508,0.0123257224606581
TP53B_S4,TP53B,-0.806144776937742,0.00508,0.0123257224606581
CCDC6_S6,CCDC6,-0.300179444254075,0.00509,0.01234409914204
TOM1_S10,TOM1,0.692751744238527,0.0051,0.0123624583134826
PHRF1_S15,PHRF1,0.963335956359636,0.00511,0.0123808
FUND2_S4,FUND2,0.460040499030717,0.00513,0.0124233412660638
M3K7_S4,M3K7,1.02285874080446,0.00516,0.0124900475737393
ACTBM_S11,ACTBM,-0.242879133639865,0.0052,0.0125450924608819
ACTB_S11,ACTB,-0.242879133639865,0.0052,0.0125450924608819
ACTG_S11,ACTG,-0.242879133639865,0.0052,0.0125450924608819
POTEE_S11,POTEE,-0.242879133639865,0.0052,0.0125450924608819
POTEF_S11,POTEF,-0.242879133639865,0.0052,0.0125450924608819
POTEI_S11,POTEI,-0.242879133639865,0.0052,0.0125450924608819
POTEJ_S11,POTEJ,-0.242879133639865,0.0052,0.0125450924608819
MYCT1_T5,MYCT1,0.334872855341912,0.00522,0.0125814116532449
N4BP1_T5,N4BP1,1.27667076988981,0.00522,0.0125814116532449
CPSM_S3_T4,CPSM,0.253199021504708,0.00525,0.0126477272727273
HDGF_S9,HDGF,-0.2027605634588,0.00527,0.0126838978240303
OPTN_S3,OPTN,0.849291865528146,0.00527,0.0126838978240303
IRF3_S3,IRF3,0.190585983839785,0.00529,0.0127260141843972
ZN609_S3,ZN609,-0.538959497842992,0.0053,0.01274404536862
SRS11_S11,SRS11,0.435128100191102,0.00531,0.0127620595181861
YBOX1_S18,YBOX1,1.53166278109113,0.00536,0.0128761473087819
K2C8_S11,K2C8,0.913823116644058,0.00541,0.0129901274185937
MYCT_S3,MYCT,0.640187378280642,0.0055,0.0131937765205092
TENS1_S13,TENS1,-0.467442285033492,0.0055,0.0131937765205092
RIC1_S3,RIC1,-0.537277598891548,0.00553,0.0132594910461828
NIBL1_S8,NIBL1,-1.03484002828985,0.00554,0.01327721149317
DNM1L_S1,DNM1L,0.620320683524768,0.00555,0.0132886588235294
KPRA_S23,KPRA,0.155113939125047,0.00555,0.0132886588235294
MKL1_T7,MKL1,-0.216158251085118,0.00557,0.013330272812794
SSH1_S3,SSH1,0.541010146138435,0.00558,0.0133479266572638
SYNP2_S5,SYNP2,-0.642740101281102,0.00559,0.0133655639097744
STIM2_S3,STIM2,0.454501852920106,0.00562,0.0134309816815406
SRRM2_S14,SRRM2,-0.565080342784402,0.00566,0.0135202253521127
CPZIP_S2,CPZIP,-0.440909783434725,0.00568,0.0135552720450281
PAXI_S3,PAXI,-0.726582405510577,0.00568,0.0135552720450281
PLEC_S4,PLEC,0.604277467974939,0.00569,0.013572770745429
PRC2C_S3,PRC2C,0.843364453603429,0.00571,0.0136140955951265
ACTN4_S1,ACTN4,0.732123777979687,0.00572,0.0136187927000468
ADX_S1,ADX,-0.600655084856744,0.00572,0.0136187927000468
CP250_S3,CP250,0.211295951197267,0.00572,0.0136187927000468
SET_S3,SET,-0.180934182475822,0.00578,0.0137552104770814
IL16_S33,IL16,1.09415207643782,0.0058,0.0137963534361851
BORG4_S24,BORG4,0.69688347141572,0.00583,0.0138547594581971
S38A4_S14,S38A4,0.562867348631486,0.00583,0.0138547594581971
BCLF1_S5,BCLF1,0.144917025974072,0.00585,0.0138957983193277
K22E_S1,K22E,-0.0925420028885397,0.00591,0.0140317685487634
SRBS1_S4,SRBS1,-1.01290916300479,0.00592,0.0140489552238806
FERM2_S7,FERM2,0.426364950419697,0.00594,0.014076721006055
FHL2_S3,FHL2,-1.92511838665862,0.00594,0.014076721006055
ODBA_S2,ODBA,0.643503471946635,0.00594,0.014076721006055
MICA3_S4,MICA3,0.672412435202933,0.00595,0.0140938547486034
AT8B2_S5,AT8B2,0.527762975499614,0.00596,0.0141109725453699
DDI2_S13,DDI2,0.42244779501468,0.00598,0.0141517395348837
LAP2B_Y10,LAP2B,0.132764819066429,0.00603,0.0142568029739777
R3HD2_S3,R3HD2,0.391448205916714,0.00603,0.0142568029739777
CETN2_S3,CETN2,-0.115752372684457,0.00607,0.014344709707385
PI4KB_S1,PI4KB,-0.26082811604944,0.00609,0.0143852924791086
ILF3_S6,ILF3,-0.791641623020616,0.00614,0.0144966682134571
GIPC1_S8,GIPC1,0.0602018517303785,0.00615,0.0145135435992579
TENS1_S3_S11,TENS1,-0.688170609018285,0.00616,0.0145304033379694
RAIN_S4,RAIN,-0.73537388602599,0.00617,0.0145472474513438
HNRH1_S5,HNRH1,-0.505664255060381,0.00619,0.0145876424270496
KLC4_T2,KLC4,-0.72373827467823,0.0062,0.0146044444444444
K1522_S2,K1522,0.905989553446778,0.00622,0.0146380018501388
SYNEM_S3,SYNEM,0.741477554353263,0.00622,0.0146380018501388
PALM3_S3,PALM3,0.678723636198014,0.00625,0.0147018030513176
ASSY_T9,ASSY,-0.48125409289805,0.00626,0.0147185212569316
TBCD1_S3,TBCD1,0.474824093879694,0.00629,0.0147822263279446
KAPCA_T3,KAPCA,-0.868759419227333,0.00632,0.0148321771217712
KAPCB_T3,KAPCB,-0.868759419227333,0.00632,0.0148321771217712
KAPCG_T3,KAPCG,-0.868759419227333,0.00632,0.0148321771217712
TGFI1_S15,TGFI1,0.320575014446047,0.00634,0.0148722544951591
MAP7_S2,MAP7,-0.89399187050624,0.00636,0.0148985635359116
RFIP1_S6,RFIP1,1.26672828085216,0.00636,0.0148985635359116
RFIP2_S6,RFIP2,1.26672828085216,0.00636,0.0148985635359116
KLF3_S5,KLF3,0.540856143761652,0.00637,0.0149151219512195
ARFG2_S7,ARFG2,1.56853495151212,0.00639,0.0149550689972401
RTKN_S3,RTKN,0.561932341085839,0.00643,0.0150417655172414
PGAM1_S4,PGAM1,-0.363331701468779,0.00647,0.0151283823529412
MINK1_S20,MINK1,0.487005214332635,0.00649,0.0151365102505695
K22E_S3,K22E,3.43298563333174,0.00653,0.0151365102505695
K22O_S3,K22O,3.43298563333174,0.00653,0.0151365102505695
K2C1B_S3,K2C1B,3.43298563333174,0.00653,0.0151365102505695
K2C1_S3,K2C1,3.43298563333174,0.00653,0.0151365102505695
K2C3_S3,K2C3,3.43298563333174,0.00653,0.0151365102505695
K2C5_S3,K2C5,3.43298563333174,0.00653,0.0151365102505695
K2C6A_S3,K2C6A,3.43298563333174,0.00653,0.0151365102505695
K2C6B_S3,K2C6B,3.43298563333174,0.00653,0.0151365102505695
K2C6C_S3,K2C6C,3.43298563333174,0.00653,0.0151365102505695
K2C71_S3,K2C71,3.43298563333174,0.00653,0.0151365102505695
K2C72_S3,K2C72,3.43298563333174,0.00653,0.0151365102505695
K2C73_S3,K2C73,3.43298563333174,0.00653,0.0151365102505695
K2C74_S3,K2C74,3.43298563333174,0.00653,0.0151365102505695
K2C75_S3,K2C75,3.43298563333174,0.00653,0.0151365102505695
K2C78_S3,K2C78,3.43298563333174,0.00653,0.0151365102505695
K2C79_S3,K2C79,3.43298563333174,0.00653,0.0151365102505695
K2C7_S3,K2C7,3.43298563333174,0.00653,0.0151365102505695
KRT84_S3,KRT84,3.43298563333174,0.00653,0.0151365102505695
HYEP_S2,HYEP,-0.518430571876039,0.00656,0.0151991256830601
MYCT1_S1,MYCT1,0.831572505188377,0.00657,0.0152153664087392
K1468_S3,K1468,-0.693011330425947,0.00666,0.0154167788898999
XRN2_S1,XRN2,-1.0066394271507,0.00668,0.0154560436562074
ECHM_S2,ECHM,1.40245441226968,0.0067,0.0154882326215357
RL18A_S3,RL18A,-0.383230776566063,0.0067,0.0154882326215357
ARK72_S4,ARK72,-0.71656785876435,0.00671,0.0155043051771117
F122A_S1,F122A,0.482817641569498,0.00672,0.0155203631411711
CCD92_S3,CCD92,0.286223889109315,0.00674,0.0155594918330309
AAKB2_S5,AAKB2,-0.0980695636303367,0.00675,0.0155755102040816
ARI1A_S3,ARI1A,-0.360192564105607,0.00676,0.0155915140525839
ARHGB_T11,ARHGB,0.0212795676558573,0.00678,0.0156305573176257
HNF4G_S6,HNF4G,-0.320390311272089,0.00679,0.0156465217391304
WDR60_S3,WDR60,-0.580612040535527,0.0068,0.0156624717066546
MARCS_S1,MARCS,1.06940342407034,0.00683,0.0157244524886878
C102A_S1,C102A,-0.759337079567396,0.00687,0.0158022423146474
FKBP8_S3,FKBP8,-0.587031325080696,0.00687,0.0158022423146474
RCC1_S2,RCC1,-1.19767919818834,0.00689,0.0158410845006778
BUD13_S5,BUD13,-0.457055147621487,0.00692,0.0158956930022573
SO1B3_S2,SO1B3,1.25353097356801,0.00692,0.0158956930022573
SYNP2_T3,SYNP2,0.455336904867787,0.00695,0.0159574007220217
PP13G_S1,PP13G,-1.0023825771993,0.00697,0.0159961028416779
TGON2_S2,TGON2,-0.327410733963851,0.00699,0.0160347700631199
PALM3_S9,PALM3,-0.957263495313395,0.00701,0.0160734024335286
UBP10_S4,UBP10,0.888398988987716,0.00707,0.0162036756756757
MARE3_T10,MARE3,0.662088454522765,0.00709,0.0162421972084647
RABE1_S3,RABE1,-0.185848453824612,0.00712,0.0163035823582358
SPTB2_S15,SPTB2,-0.160782673645791,0.007173505174069,0.0164187108977342
PURB_S17,PURB,0.643654196779565,0.00721,0.0164948201438849
FETUA_S4,FETUA,-0.648262680234813,0.00722,0.0165102741573034
RFFL_S3,RFFL,0.33225232714059,0.00724,0.0165485714285714
TACC2_S2,TACC2,-0.950552895566737,0.00727,0.0166096811854513
DMD_S3,DMD,-0.497035997359765,0.00728,0.0166250628366248
AAKG2_S3,AAKG2,0.967611945827936,0.0073,0.0166632570659489
SPTN1_S2,SPTN1,-1.09661515203764,0.00733,0.0167242331838565
CPZIP_S10,CPZIP,1.15093436307055,0.00736,0.0167776344086022
WWP2_T5,WWP2,1.03257102905955,0.00736,0.0167776344086022
ROA2_S9,ROA2,0.843683545762668,0.0074,0.016861262875056
LAP2A_T16,LAP2A,-0.587639147906808,0.00751,0.0170965906040268
LAP2B_T16,LAP2B,-0.587639147906808,0.00751,0.0170965906040268
K1C18_S8,K1C18,1.54865413145909,0.00752,0.0171040500670541
VINEX_S3,VINEX,1.48276887548189,0.00752,0.0171040500670541
TENS1_S16,TENS1,1.1173486313763,0.00754,0.0171418766756032
AFAD_S10,AFAD,-0.735796955487901,0.00756,0.0171796694953104
IF2P_S5,IF2P,-0.213824799855267,0.00757,0.0171947142857143
LMO7_S17,LMO7,-0.0154941150238791,0.0076,0.0172551539491298
SQSTM_Y9,SQSTM,3.64993197794117,0.00763,0.0173155396966994
PALMD_T18,PALMD,1.07987759145405,0.00764,0.0173305037895675
MFR1L_S3,MFR1L,-0.426735858081756,0.00765,0.0173454545454545
PTPS_S2,PTPS,-0.921806931980693,0.00769,0.0174283830734967
NDRG1_T3,NDRG1,-0.532888959578426,0.00772,0.0174885841495993
KS6A4_S2,KS6A4,0.372233665515201,0.00773,0.0175034445927904
PALM3_S4,PALM3,-0.335128699667708,0.00782,0.017699359430605
RICTR_S6,RICTR,1.02443109645935,0.00786,0.0177819831036016
RL18A_S15,RL18A,1.14701693185977,0.0079,0.0178645333333333
TRI56_T14,TRI56,-0.150909091270356,0.00791,0.0178792003553976
SHAN3_S4,SHAN3,0.333117217616343,0.00792,0.0178938543516874
RHG29_S3,RHG29,-0.378492042532182,0.00799,0.0180439946737683
KANK2_S5,KANK2,-0.313697257724629,0.008,0.018058562555457
F122A_S8,F122A,-0.240189517612217,0.00803,0.018118243902439
LARP1_S13,LARP1,0.674442431748222,0.00805,0.0181553191489362
MPRIP_S3,MPRIP,-0.753259969967472,0.00806,0.0181617714791851
RHG17_S5,RHG17,-0.566549771548166,0.00806,0.0181617714791851
AKP13_T3,AKP13,0.727195882637561,0.00811,0.0182663479415671
FA65B_S1,FA65B,0.577967199242918,0.00813,0.0182951968155683
SF3B1_T6,SF3B1,0.758833862678555,0.00813,0.0182951968155683
FNBP1_T1,FNBP1,-0.269312908345734,0.00823,0.018503862129916
WNK2_S3,WNK2,-0.510836161515623,0.00823,0.018503862129916
ARHGH_T17,ARHGH,-0.643099271204113,0.00829,0.0186223046357616
CAPR1_S11,CAPR1,0.112031015993686,0.00829,0.0186223046357616
TENS1_T3,TENS1,-0.329017112652118,0.0083,0.0186365401588703
AGFG1_T16,AGFG1,0.588454555203405,0.00833,0.0186956506396118
ARHGB_S3,ARHGB,-0.285134111386371,0.00836,0.018754708994709
HN1_S2,HN1,-0.527660441704776,0.00837,0.0187688673424416
LMNA_S3_S6,LMNA,1.0915179128095,0.00838,0.0187747424042272
SDE2_S8,SDE2,0.810681261080655,0.00838,0.0187747424042272
CHD4_S9,CHD4,-0.675602076411463,0.0084,0.0188112676056338
STK24_T3,STK24,1.26530129221389,0.00841,0.0188170976253298
STK25_T3,STK25,1.26530129221389,0.00841,0.0188170976253298
EPN4_S16,EPN4,0.615010753635967,0.00842,0.0188311912087912
TBA1A_S8,TBA1A,0.37507395300334,0.00846,0.0188791578947368
TBA1B_S8,TBA1B,0.37507395300334,0.00846,0.0188791578947368
TBA1C_S8,TBA1C,0.37507395300334,0.00846,0.0188791578947368
TBA3C_S8,TBA3C,0.37507395300334,0.00846,0.0188791578947368
TBA3E_S8,TBA3E,0.37507395300334,0.00846,0.0188791578947368
PRDX6_T3,PRDX6,-0.637190401612974,0.00848,0.0189154932047348
SLTM_S10,SLTM,0.376444293261706,0.00849,0.0189295004382121
PTN21_S3,PTN21,0.328503490553671,0.00851,0.0189657818659658
TM100_S4,TM100,-0.72056000923736,0.00853,0.0190020315236427
EMSA1_S22,EMSA1,0.604304814935718,0.00857,0.0190827833698031
TLN1_S19,TLN1,0.610574638911496,0.00858,0.0190966929133858
RENT1_S8,RENT1,0.293785838017963,0.00862,0.0191773327503279
TBC15_S3,TBC15,0.803874204428944,0.00863,0.0191911888111888
FLNA_T3,FLNA,-0.872152073940929,0.00867,0.0192717169069463
SON_S4,SON,-0.0511238592635138,0.00868,0.019285519650655
NCOR2_S8,NCOR2,-0.447440018813557,0.00875,0.0194325621999127
DOCK7_S1,DOCK7,0.639148090243073,0.00876,0.0194378020061055
SI1L1_S3,SI1L1,-0.308963661072126,0.00876,0.0194378020061055
MY18A_S9,MY18A,0.529225986503911,0.00881,0.0195402266782912
TAOK1_S2,TAOK1,-0.363927500791354,0.00882,0.0195538823529412
AT2B2_S2,AT2B2,-0.397340596992136,0.00883,0.0195675261324042
PHAR2_S3,PHAR2,0.693007972631428,0.00884,0.019572637075718
SMRC2_S8,SMRC2,-0.253757378536552,0.00884,0.019572637075718
MAVS_S18,MAVS,0.58204783183918,0.00886,0.0195913428943937
NDRG1_S3,NDRG1,-0.750991430235326,0.00886,0.0195913428943937
SCAM3_S27,SCAM3,0.496664031367926,0.00886,0.0195913428943937
MIC19_Y1,MIC19,-0.260243296352774,0.00889,0.0196406079027356
PLPL2_S3,PLPL2,0.287177136455236,0.00889,0.0196406079027356
ACSL3_S4,ACSL3,0.2575851961267,0.00892,0.0196897874186551
NDRG1_S2,NDRG1,-1.70663088626126,0.00892,0.0196897874186551
RAPH1_S22,RAPH1,0.548994243456896,0.00893,0.0197033130962706
DSG2_S13,DSG2,0.210015093301003,0.00894,0.0197168270481144
CLD12_S4,CLD12,0.640025175934359,0.00912,0.0201050953206239
RL24_T3,RL24,1.65612214266021,0.00915,0.0201537662337662
SP110_S8,SP110,0.662043956720514,0.00915,0.0201537662337662
RS6_S2_S7,RS6,1.04392906083831,0.00916,0.0201670618779749
LSP1_S1,LSP1,-0.914196919926225,0.00918,0.0201936186770428
NUP98_T4,NUP98,-0.405171858913383,0.00918,0.0201936186770428
ARGI1_S10,ARGI1,-0.888414062222234,0.0092,0.020228867761452
UBF1_T3,UBF1,0.92930861050814,0.00923,0.0202860647948164
TBCD4_S2,TBCD4,0.41122708969746,0.00924,0.020299274611399
GIT1_S3,GIT1,0.53428427430636,0.00925,0.020312473025464
KPCD_S15,KPCD,0.486347760509895,0.00926,0.0203256600517688
STRN3_S11,STRN3,-0.152782332019163,0.00927,0.0203388357050453
DP13A_S12,DP13A,0.49479274898473,0.009322789866816,0.0204458426044654
LMO7_S11,LMO7,0.348288034501003,0.00938,0.0205624472210254
IF4B_S15,IF4B,-0.593349997771139,0.00941,0.0206193281653747
AMOL2_S3,AMOL2,-0.849888533139428,0.00942,0.0206228939458995
H11_S7,H11,-3.10203198805548,0.00944,0.0206228939458995
H12_S7,H12,-3.10203198805548,0.00944,0.0206228939458995
H13_S7,H13,-3.10203198805548,0.00944,0.0206228939458995
H14_S7,H14,-3.10203198805548,0.00944,0.0206228939458995
H15_S7,H15,-3.10203198805548,0.00944,0.0206228939458995
H1T_S7,H1T,-3.10203198805548,0.00944,0.0206228939458995
STIM1_S17,STIM1,1.14869981634619,0.00949,0.0207232274678112
PRP31_S6,PRP31,0.455688885520137,0.0095,0.0207361647361647
CYTSB_S4,CYTSB,0.609679539494307,0.00954,0.0207967095115681
JCAD_S21,JCAD,-0.401750210761229,0.00954,0.0207967095115681
MYCB2_S3,MYCB2,-0.224576788583762,0.00954,0.0207967095115681
DPYL2_S11,DPYL2,2.74994680284419,0.00955,0.0208006849315068
KPCD2_S3,KPCD2,0.24873477683213,0.00955,0.0208006849315068
CTND1_S3,CTND1,0.575310777909891,0.00964,0.0209877278562259
ABLM3_S15,ABLM3,0.000772946710939737,0.00966,0.0210222754491018
MLXPL_S5,MLXPL,-0.253903847683591,0.00968,0.0210567935014964
MAST2_S3,MAST2,0.297106972036099,0.00974,0.0211692097394276
TM1L2_S3,TM1L2,-0.600583519756367,0.00974,0.0211692097394276
PHAR2_S13,PHAR2,-0.00289126253772077,0.0098,0.0212905209222886
SRBS1_T11,SRBS1,0.525096524920273,0.00982,0.0213248655569782
FBLN2_S3,FBLN2,1.4852685364536,0.00985,0.0213717697228145
K2C8_S15,K2C8,0.376435911465983,0.00985,0.0213717697228145
BUP1_S4,BUP1,-1.26932042530181,0.00989,0.0214494117647059
PCIF1_S14,PCIF1,0.324031155437481,0.00991,0.0214836301661696
DHX9_S11,DHX9,0.385103797662101,0.00995,0.0215611584327087
URP2_S3,URP2,0.387213431548341,0.00996,0.0215736398467433
AAKB2_S7,AAKB2,-0.639511279082485,0.01,0.0216234594135147
RRBP1_S15,RRBP1,-0.0739703481817492,0.01,0.0216234594135147
TARA_S15,TARA,0.550217124255173,0.01,0.0216234594135147
UBP40_S3,UBP40,0.629380698267989,0.01,0.0216234594135147
CTSL2_S3,CTSL2,-1.79354038876129,0.0101,0.0218118845500849
MBB1A_S7,MBB1A,0.06620350496234,0.0101,0.0218118845500849
RANG_S2,RANG,-0.810537413671454,0.0101,0.0218118845500849
MINT_S6,MINT,0.199910010405591,0.0102,0.0219905084745763
PKHF1_S11,PKHF1,0.274844555754295,0.0102,0.0219905084745763
TM100_S3,TM100,-0.936537124864183,0.0102,0.0219905084745763
TRA2B_T4,TRA2B,0.609530682590357,0.0102,0.0219905084745763
K1C18_S17,K1C18,2.27005447648031,0.0103,0.0221779094371562
SPS2_S22,SPS2,0.235380714347528,0.0103,0.0221779094371562
ZO2_S5,ZO2,0.892986442418912,0.0103,0.0221779094371562
LMO7_S1,LMO7,-0.558103526448183,0.0104,0.0223837563451777
PTRF_S15,PTRF,1.0969248413,0.010465725918367,0.0225156928002754
CARL1_S2,CARL1,-0.231855140097013,0.0106,0.0227756756756757
NHRF1_S26,NHRF1,-0.400810784880172,0.0106,0.0227756756756757
ZNRF2_S3,ZNRF2,0.581307455102885,0.0106,0.0227756756756757
CGNL1_S3,CGNL1,-0.266197208429637,0.01062741513594,0.0228249422590387
ATG2A_S3,ATG2A,2.08020840468053,0.0107,0.0229614508646141
F102A_S3,F102A,-0.417373430434235,0.0107,0.0229614508646141
ADH1B_T6,ADH1B,0.580936370472312,0.010776502279571,0.0231061287814822
ADH4_T6,ADH4,0.580936370472312,0.010776502279571,0.0231061287814822
MARCS_S10,MARCS,-0.257024251290614,0.010872171019411,0.0233014347711724
TCOF_S4,TCOF,0.444518387259137,0.0109,0.0233512421052632
ITSN1_T1,ITSN1,0.375693939721747,0.01097857969763,0.0235096858171471
CA198_S1,CA198,-0.879677021071817,0.011,0.0235258511979823
LIMD1_S3,LIMD1,-0.357189149298502,0.011,0.0235258511979823
SEPT7_T10,SEPT7,1.69467781019561,0.011,0.0235258511979823
VAPB_S5,VAPB,-0.717705823908069,0.01109581570062,0.0237197816043679
MA7D3_S3,MA7D3,0.853474856614496,0.0111,0.0237197816043679
CO1A1_S29,CO1A1,0.60462335496286,0.0112,0.0238733137829912
FKB15_S5,FKB15,0.75178888300036,0.0112,0.0238733137829912
K2C8_S24_S27,K2C8,0.423985530783282,0.0112,0.0238733137829912
MCRI2_S8,MCRI2,-0.100233756630701,0.0112,0.0238733137829912
SUCO_S3,SUCO,-0.478011442930445,0.0112,0.0238733137829912
TXLNA_S12,TXLNA,-0.216271135922716,0.0112,0.0238733137829912
BIN2_S3,BIN2,0.938716354634033,0.0113,0.0240361204013378
I2BP1_S9,I2BP1,-0.215094397293419,0.0113,0.0240361204013378
LS14A_S1,LS14A,0.433850115994046,0.0113,0.0240361204013378
SRRM1_S1,SRRM1,-0.325734237013911,0.0113,0.0240361204013378
YTDC1_S10,YTDC1,0.427289485951571,0.0113,0.0240361204013378
BOK_S2,BOK,0.392913551242377,0.0114,0.024208347245409
E400N_S25,E400N,0.383659382917351,0.0114,0.024208347245409
EP400_S25,EP400,0.383659382917351,0.0114,0.024208347245409
NCOR2_T4,NCOR2,0.540520165924882,0.0114,0.024208347245409
PGM5_S10,PGM5,-0.707147462238165,0.0115,0.0243901625677366
SDS3_S4_S6,SDS3,-0.0942602168109244,0.0115,0.0243901625677366
SO1B3_S3,SO1B3,0.764287768106306,0.0115,0.0243901625677366
LIME1_S11,LIME1,0.688704094877769,0.0116,0.0245612983770287
MIA3_S16,MIA3,0.254128323057141,0.0116,0.0245612983770287
NDRG1_T1,NDRG1,-0.711246895122905,0.0116,0.0245612983770287
SQRD_S17,SQRD,0.35476170194706,0.0116,0.0245612983770287
GGYF2_T21,GGYF2,0.0802903690325035,0.011661263833935,0.0246807447533533
ETFD_S3,ETFD,0.496417753836883,0.0117,0.024742144638404
TSC1_S5,TSC1,1.39341223057053,0.0117,0.024742144638404
AF1L2_S3,AF1L2,0.341616016178173,0.0118,0.0249328903654485
NCOA2_S7,NCOA2,-0.329976291205067,0.0118,0.0249328903654485
COPE_S3,COPE,-0.461875246448142,0.0119,0.0251128992119453
NP1L1_T24_T28,NP1L1,0.851180425262806,0.0119,0.0251128992119453
RWD2B_S3,RWD2B,-0.338053006895665,0.0119,0.0251128992119453
LMNA_S19,LMNA,-0.388033848336188,0.011949384117006,0.025206661022938
CCYL1_S1,CCYL1,0.215587370020039,0.012,0.0252924606462303
DESM_S15,DESM,1.56628044363873,0.012,0.0252924606462303
S38A1_S1,S38A1,-0.271683568130427,0.0121,0.0254926708074534
GPR39_S5,GPR39,0.505205290358146,0.012136391644157,0.0255587585618671
AFAD_S3,AFAD,0.545258524385732,0.0122,0.0256502479338843
RAB12_S11,RAB12,-0.800762709355314,0.0122,0.0256502479338843
SPAT2_S1,SPAT2,0.883784938391655,0.0122,0.0256502479338843
ZC3HE_S10,ZC3HE,-0.226828180881184,0.0122,0.0256502479338843
SCRIB_S31,SCRIB,0.850930538644111,0.012209739154815,0.0256601209498962
PGK1_S4,PGK1,0.0339801957254486,0.0123,0.0258284770945109
RGPA2_S3,RGPA2,-0.102640654238011,0.0123,0.0258284770945109
AHNK_T5,AHNK,-1.38216169838865,0.012318907768095,0.0258575093746152
SYNPO_S19,SYNPO,0.600069802529863,0.0125,0.0262268041237113
AFF4_S3,AFF4,0.478184165283907,0.0127,0.0265916049382716
MRP2_S4,MRP2,2.62165193903662,0.0127,0.0265916049382716
PKHA2_S3,PKHA2,-0.690796490849559,0.0127,0.0265916049382716
PRC2A_T14,PRC2A,0.0522762394475004,0.0127,0.0265916049382716
TPR_S13,TPR,0.404249094094212,0.0127,0.0265916049382716
APBA1_S3,APBA1,-0.380581913567081,0.0128,0.0267679408138101
E41L3_S3,E41L3,1.02053359132335,0.0128,0.0267679408138101
SVIL_S6,SVIL,0.417283714057389,0.0128,0.0267679408138101
RASD1_S3,RASD1,0.809796259973913,0.0129,0.0269659819227609
ZCH18_S11,ZCH18,0.403460415159779,0.012958178104526,0.0270764723596831
ANKH1_S4,ANKH1,0.393327686780852,0.013,0.0271304347826087
GGYF2_S14,GGYF2,0.0634644705894594,0.013,0.0271304347826087
S38A4_T12,S38A4,0.563541274937962,0.013,0.0271304347826087
PKCB1_S3,PKCB1,-0.542199443257324,0.0132,0.0275365313653137
GPR84_S3,GPR84,1.08791914449452,0.0133,0.0277110565110565
RALY_S3,RALY,0.569716464522173,0.0133,0.0277110565110565
UBE4B_S3,UBE4B,0.0111180485197318,0.0133,0.0277110565110565
ACINU_S6,ACINU,-0.487782764132008,0.0134,0.0278965630114566
HDAC4_T1,HDAC4,0.259613682047316,0.0134,0.0278965630114566
AAPK2_S3,AAPK2,-1.06419350155752,0.0136,0.0282782182263997
CORO7_S4,CORO7,0.543912171775125,0.0136,0.0282782182263997
UBD_S3,UBD,4.19192658552256,0.0136,0.0282782182263997
COPE_S9,COPE,0.853221238361235,0.013670146067596,0.0284124604542191
F117A_S1,F117A,-0.693494510498685,0.0137,0.0284396572827417
RBM12_S3,RBM12,-0.78786541382341,0.0137,0.0284396572827417
ZO1_S5,ZO1,0.280530495124499,0.0137,0.0284396572827417
PGM2L_S10,PGM2L,-0.836939585059149,0.013748333680112,0.0285283530849959
ABCA6_T3,ABCA6,-1.07859722167914,0.0138,0.0285540463603091
EDC4_S10,EDC4,0.153121244746341,0.0138,0.0285540463603091
FGD4_S9,FGD4,-0.965761541912321,0.0138,0.0285540463603091
LIPA1_S6,LIPA1,-0.184789742940994,0.0138,0.0285540463603091
LTBP1_S11,LTBP1,1.04727577035755,0.0138,0.0285540463603091
MTAP2_T15,MTAP2,0.462125219107624,0.0138,0.0285540463603091
SVIL_T3,SVIL,1.59376711904081,0.0138,0.0285540463603091
MYPT1_T3,MYPT1,-0.156100826584194,0.0139,0.0287375863470134
SRRM2_S4_S25,SRRM2,-0.281640586221397,0.0139,0.0287375863470134
CBP_S1,CBP,0.225068502056324,0.014,0.0288973630831643
CSN1_S7,CSN1,0.268871114691276,0.014,0.0288973630831643
GDIR1_S1,GDIR1,-0.658049757862175,0.014,0.0288973630831643
IBTK_S4,IBTK,0.620813386514976,0.014,0.0288973630831643
SC16A_S28,SC16A,0.564900076502274,0.0141,0.0290919708029197
SC16A_S2,SC16A,-0.536905518110806,0.01417785433849,0.0292271844660194
KDM2A_S10,KDM2A,0.541740605699174,0.0142,0.0292271844660194
PLAK_S5,PLAK,0.124533342011681,0.0142,0.0292271844660194
RSF1_S3,RSF1,-0.703572122682669,0.0142,0.0292271844660194
TIF1A_S7,TIF1A,-0.0253474103869112,0.0142,0.0292271844660194
WDR7_S1,WDR7,0.333982028833147,0.0142,0.0292271844660194
IWS1_S7,IWS1,-1.13126156928616,0.0144,0.0296148746968472
PLIN5_S1,PLIN5,0.476603289348852,0.0144,0.0296148746968472
NUP98_S7,NUP98,-0.147157624498897,0.014410037021137,0.0296235427731495
CNOT2_S5,CNOT2,0.639170709685903,0.0145,0.0297844166330238
UBP2L_S12,UBP2L,0.758640755326803,0.0145,0.0297844166330238
PP1A_T15,PP1A,-0.294957717618617,0.0146,0.0299777239709443
CRTC2_S7,CRTC2,0.659729204226371,0.0147,0.0301587096774194
PRKRA_S11,PRKRA,-0.152871322949324,0.0147,0.0301587096774194
SRRM1_S2,SRRM1,-0.954747694975726,0.0148,0.0303516324062878
MAP1S_T16_S18,MAP1S,0.636348854647513,0.0149,0.030519806763285
PKHA7_S25,PKHA7,0.417955019222703,0.0149,0.030519806763285
YBOX1_S9,YBOX1,1.39209967280585,0.0149,0.030519806763285
CI078_S12,CI078,-0.126006638797983,0.015,0.0306999195494771
PKP2_S5,PKP2,0.178611991313405,0.015,0.0306999195494771
CYTSB_S2,CYTSB,0.0278932314623189,0.0152,0.0310468085106383
EI2BD_S3,EI2BD,0.482484905952101,0.0152,0.0310468085106383
F234A_S2,F234A,-0.203350983218305,0.0152,0.0310468085106383
G3BP1_S1,G3BP1,0.434587643554465,0.0152,0.0310468085106383
IL1AP_S3,IL1AP,0.320299613198673,0.0152,0.0310468085106383
RD23B_S16,RD23B,0.0242517239819486,0.015272034513018,0.0311510204081633
ARFP1_S3,ARFP1,1.35105329490381,0.0153,0.0311510204081633
CAV1_S4,CAV1,-1.19301926622502,0.0153,0.0311510204081633
EXOC7_Y9,EXOC7,0.936431164096699,0.0153,0.0311510204081633
GORS2_S6,GORS2,-0.513273054472212,0.0153,0.0311510204081633
HSPB6_S3,HSPB6,-0.511990161557052,0.0153,0.0311510204081633
LMNA_S4_S6,LMNA,-0.473786515733433,0.0153,0.0311510204081633
TAU_S8,TAU,0.389249739223088,0.0153,0.0311510204081633
MISP3_S3,MISP3,0.539484740432972,0.0154,0.03134208
DCA10_S3,DCA10,-0.697522892163369,0.0156,0.0317237410071942
PAIRB_S2,PAIRB,-0.346249653027577,0.0156,0.0317237410071942
ADH7_T19,ADH7,-0.877742348346443,0.0157,0.0319015974440895
TENS1_S23,TENS1,-0.25906223110147,0.0157,0.0319015974440895
IF4G1_S2,IF4G1,0.434379574543473,0.0158,0.0320822397201261
FA83H_S2,FA83H,-0.479537474713479,0.015801511937625,0.0320822397201261
AHNK_S10,AHNK,0.70051004421277,0.016,0.0324334661354582
CCDC6_S4_S14,CCDC6,0.709602426409502,0.016,0.0324334661354582
F122B_S3,F122B,0.310511182226232,0.016,0.0324334661354582
FAK2_S3,FAK2,0.52481430952404,0.016,0.0324334661354582
G3P_S17,G3P,0.313589919886182,0.0161,0.0325972144846797
KCD12_T12,KCD12,-0.169993631613635,0.0161,0.0325972144846797
PALMD_Y10,PALMD,-1.3875009574647,0.0161,0.0325972144846797
EGFR_S11,EGFR,0.524319021105425,0.0162,0.0327475566150179
PHRF1_S9,PHRF1,-0.119929194130246,0.0162,0.0327475566150179
RBMX_S9,RBMX,1.0434512145303,0.0162,0.0327475566150179
RMXL1_S9,RMXL1,1.0434512145303,0.0162,0.0327475566150179
TMX2_S19,TMX2,1.1136041313416,0.016221007409912,0.0327769998815061
ATL4_S3,ATL4,0.647155486830565,0.0164,0.0330599049128368
HUTH_S7,HUTH,1.03207776035871,0.0164,0.0330599049128368
LAD1_T3,LAD1,1.59751457273996,0.0164,0.0330599049128368
LPP_S3,LPP,-0.87906955616569,0.0164,0.0330599049128368
MAVS_S4,MAVS,-0.51143831551038,0.0164,0.0330599049128368
PLEC_S7,PLEC,0.561594493713651,0.0164,0.0330599049128368
SSRP1_S13,SSRP1,0.376927252990357,0.0165,0.0332483168316832
LMNA_S32,LMNA,1.68378352900144,0.0165875539106,0.033396915776987
GFPT1_T4,GFPT1,0.796649190954594,0.0166,0.033396915776987
HNRPK_S2,HNRPK,-0.969815647138425,0.0166,0.033396915776987
SZRD1_S1,SZRD1,0.497585839605076,0.0166,0.033396915776987
ALS2_S3,ALS2,0.694741480477369,0.0167,0.0335715527459502
SENP7_S3,SENP7,-0.300422292734264,0.0167,0.0335715527459502
NIBL1_S6,NIBL1,0.550858664851573,0.016727550293983,0.0336136555670559
ZRAB2_S5,ZRAB2,-0.506574007972415,0.0168,0.0337459139360442
FUBP2_S4,FUBP2,-0.233690395662021,0.016888438801643,0.0339101723057457
PKHG3_S6,PKHG3,1.87201708863908,0.0169,0.03392
EP15R_S10,EP15R,0.871449178549875,0.017,0.0340938115884903
RFIP1_S3,RFIP1,1.17208803472817,0.017,0.0340938115884903
IF2P_S4,IF2P,0.104221240270031,0.0172,0.0344677432059866
MRP2_S3,MRP2,-0.307419967422406,0.0172,0.0344677432059866
CTNA1_T5,CTNA1,0.529624421981086,0.0173,0.0346
CTNA2_T5,CTNA2,0.529624421981086,0.0173,0.0346
K1C18_T3,K1C18,0.436249408421073,0.0173,0.0346
SRRM1_S7,SRRM1,0.373598323273507,0.0173,0.0346
SZRD1_S3,SZRD1,0.239445081104565,0.0173,0.0346
K2C8_S4,K2C8,1.38954999248102,0.017352924029754,0.0346922111840426
NCK5L_S3,NCK5L,-0.333113925126681,0.017450753435542,0.0348740901335576
MAP4_S13,MAP4,0.306092556649441,0.0175,0.0349587750294464
CPSM_S3,CPSM,-1.13602588874259,0.0176,0.0351171764705882
HNF4A_T3,HNF4A,-0.344332455873235,0.0176,0.0351171764705882
RBM14_S3,RBM14,-0.218148277802538,0.0176,0.0351171764705882
AHNK_S12,AHNK,1.13134814797023,0.0177,0.0352338028169014
IQEC1_S1,IQEC1,-0.339176050115062,0.0177,0.0352338028169014
RB12B_S3,RB12B,0.284179025271082,0.0177,0.0352338028169014
RB15B_S3,RB15B,-0.440789620203279,0.0177,0.0352338028169014
STA5A_Y5,STA5A,0.524973379343198,0.0177,0.0352338028169014
STA5B_Y5,STA5B,0.524973379343198,0.0177,0.0352338028169014
BI2L1_T10,BI2L1,0.454919536848014,0.0178,0.0353775
CTND1_T3,CTND1,-0.443744366017801,0.0178,0.0353775
MA7D1_S3,MA7D1,0.781620247382927,0.0178,0.0353775
PDXD1_S10,PDXD1,-0.594070133261128,0.0178,0.0353775
H1BP3_S3,H1BP3,-0.272327792084678,0.0179,0.0355484777517564
NCOR1_S4,NCOR1,-0.176409305367166,0.0179,0.0355484777517564
WDR59_S3,WDR59,0.537415880451303,0.0179932804361,0.0357052631578947
KBTBB_S10,KBTBB,-0.959752424975917,0.018,0.0357052631578947
PDS5B_S15,PDS5B,0.324974430227589,0.018,0.0357052631578947
DYN2_S31,DYN2,0.370054172007397,0.0181,0.0358896336710834
CNPY2_S4,CNPY2,-0.121820879718795,0.0182,0.0360598130841121
CO1A2_S24,CO1A2,-0.0972615925845789,0.0182,0.0360598130841121
DCDC2_S2,DCDC2,0.247389902131618,0.0183,0.0362297276264591
LRRF2_S3,LRRF2,-0.182208330259486,0.0183,0.0362297276264591
CSK2B_S18,CSK2B,0.475675902994459,0.0184,0.0363852312475709
LBR_S12,LBR,0.497372743647393,0.0184,0.0363852312475709
ZO2_S20,ZO2,0.340513705799013,0.0184,0.0363852312475709
HDAC5_S3,HDAC5,0.244386881219167,0.0185,0.0365687645687646
LMNA_S13,LMNA,-0.846782778620265,0.0186,0.0367236321303842
SFR15_T14,SFR15,1.02517679462249,0.0186,0.0367236321303842
ZN592_S5,ZN592,-1.32614012605841,0.0186,0.0367236321303842
LYAR_S3,LYAR,-0.568857473752497,0.018696620156668,0.0368781395348837
NFIC_S6,NFIC,0.132123566764303,0.0187,0.0368781395348837
NTAL_S12,NTAL,0.482546384477737,0.0187,0.0368781395348837
ATX2L_T33,ATX2L,-0.056861499490196,0.0188,0.0370322880371661
BORG5_S6,BORG5,0.371691550422411,0.0188,0.0370322880371661
RD23B_T15,RD23B,0.433145167118969,0.0188,0.0370322880371661
DBNL_S9,DBNL,0.863805763186072,0.0189,0.037157341576507
IGHG2_Y23,IGHG2,0.572481520339282,0.0189,0.037157341576507
LUZP1_S7,LUZP1,0.575537411123011,0.0189,0.037157341576507
S4A4_S9,S4A4,0.243402022955577,0.0189,0.037157341576507
SCAFB_S3,SCAFB,0.573622820443258,0.0189,0.037157341576507
MTMRE_S5,MTMRE,0.830846861474266,0.019,0.0373106908529525
PCKGM_S8,PCKGM,0.164097855127439,0.019,0.0373106908529525
RAB8A_S10,RAB8A,-0.150580028290013,0.019,0.0373106908529525
SHRM2_S6,SHRM2,-0.344010252667199,0.0191,0.0374694972493436
ADH1A_S4,ADH1A,-0.277557519820131,0.019110327311723,0.0374694972493436
ADH1B_S4,ADH1B,-0.277557519820131,0.019110327311723,0.0374694972493436
ADH1G_S4,ADH1G,-0.277557519820131,0.019110327311723,0.0374694972493436
PAK2_T9,PAK2,0.828852334523065,0.0192,0.0376163265306122
SON_S5,SON,-0.422320205937848,0.0192,0.0376163265306122
ASPC1_S4,ASPC1,-0.321854777503733,0.0193,0.0377831473643709
OSBP1_S3,OSBP1,1.19200300199391,0.0193,0.0377831473643709
APC1_S7,APC1,-0.392491595822746,0.0194,0.0379351268255188
ARHG5_S10,ARHG5,0.623319306535797,0.0194,0.0379351268255188
RHG35_S3,RHG35,1.47160345807417,0.0194,0.0379351268255188
LIPB2_T2,LIPB2,0.76575607860647,0.0195,0.0381013824884793
PAK2_Y1,PAK2,-0.209676232155597,0.0195,0.0381013824884793
ALDOA_S8,ALDOA,-0.329749369184323,0.0196,0.0382527042577675
GEM_S2,GEM,-0.0567478964698843,0.0196,0.0382527042577675
RFIP5_S3,RFIP5,0.534172863968992,0.0196,0.0382527042577675
HNF1A_S3,HNF1A,0.436251552974928,0.0197,0.0384331288343558
SYNP2_Y15,SYNP2,0.592782213639712,0.0198,0.0386134151015715
FND3A_S2,FND3A,-0.871202998007132,0.0199,0.0387490241102181
ICAL_S32,ICAL,0.35675089695068,0.0199,0.0387490241102181
SNTB2_S1,SNTB2,-1.26501688863032,0.0199,0.0387490241102181
TISD_S33,TISD,0.483137656790834,0.0199,0.0387490241102181
TPMT_Y8,TPMT,-0.0254869204355736,0.02,0.038928844682479
NCF4_S3,NCF4,0.876342522483168,0.020028361523426,0.038969140891469
ANK1_S4,ANK1,0.875055324938917,0.0201,0.0390637127578304
KPYR_S3,KPYR,0.52893812974039,0.0201,0.0390637127578304
MYPT1_T2,MYPT1,-0.444952661960876,0.0201,0.0390637127578304
SRRM2_T7,SRRM2,0.556856475778652,0.0202,0.0392280916030534
UBP47_S9,UBP47,0.624311410790762,0.0202,0.0392280916030534
CRTC1_S6_T17,CRTC1,0.553272671929233,0.0203,0.0393472
MYO1F_S1,MYO1F,0.578946402746116,0.0203,0.0393472
RPGP1_S3,RPGP1,1.15743395027363,0.0203,0.0393472
S26A6_S5,S26A6,-0.229673515880955,0.0203,0.0393472
SPD2A_S3,SPD2A,0.655826449065654,0.0203,0.0393472
T2FA_T5,T2FA,-0.811028413481284,0.020380425534061,0.039488044599125
CHAP1_T2,CHAP1,-0.261607504243106,0.0204,0.0394958904109589
ZBT17_S8,ZBT17,0.0742023553241707,0.0204,0.0394958904109589
PSD3_S3,PSD3,-0.339985288746975,0.0205,0.0396593155893536
SRC8_S3,SRC8,-0.884919854141014,0.0205,0.0396593155893536
NIBL1_T13,NIBL1,-0.626631489004634,0.0209,0.0404177879133409
TBCD5_S2,TBCD5,-0.396349330383162,0.021,0.0405957446808511
ATIF1_S2,ATIF1,-0.698683209749499,0.0211,0.0407426185958254
MAP4_T3,MAP4,-0.499982084633,0.0211,0.0407426185958254
TISD_S1,TISD,-0.20292709220993,0.0211,0.0407426185958254
LIPB2_S3,LIPB2,0.0813774173289159,0.0212,0.0409046643913538
LRC47_S12,LRC47,0.180332890071888,0.0212,0.0409046643913538
CO4A2_T34,CO4A2,0.475021086986718,0.0213,0.0410820318423048
ATX2L_S3,ATX2L,0.674439954291738,0.0214,0.0412436363636364
KPCA_S10,KPCA,0.0308337444084703,0.0214,0.0412436363636364
WAC2A_T4,WAC2A,0.464517136601282,0.0215,0.0414049962149886
WAC2C_T4,WAC2C,0.464517136601282,0.0215,0.0414049962149886
AKP13_S13,AKP13,0.277789804136619,0.0216,0.0415661119515885
PKP4_S15,PKP4,0.800274592090071,0.0216,0.0415661119515885
TNC18_S3,TNC18,0.608292939070396,0.021654072600061,0.0416544126234822
ABCF1_T4,ABCF1,-0.365980174283684,0.0218,0.0419034378541745
PDIP3_S3,PDIP3,0.249350848081223,0.0218,0.0419034378541745
PGM1_S12,PGM1,0.782256111086405,0.0219,0.042048
SC16A_S13,SC16A,0.33451924762148,0.0219,0.042048
SHRM1_S3,SHRM1,0.818947030522575,0.0219,0.042048
P66B_S3,P66B,0.389155636648926,0.021950804211795,0.0421296461069834
MYCB2_S4,MYCB2,0.235475500659649,0.022,0.0421922352054278
SHE_S3,SHE,0.475834307055631,0.022,0.0421922352054278
TISB_S3,TISB,0.706225276036731,0.0221,0.0423520903954802
ZC3H3_S4,ZC3H3,1.32546309865063,0.0221,0.0423520903954802
MACOI_S3,MACOI,0.721905116066425,0.0222,0.0425117049303726
REPS1_S3,REPS1,-0.249832818211078,0.0222,0.0425117049303726
VINEX_T10,VINEX,-0.817084438203577,0.022273673279852,0.0426367380165113
DHCR7_S2,DHCR7,-1.49385061410042,0.0224,0.0428624294847687
GIT2_S9,GIT2,0.212764948109199,0.022494331982064,0.0430052592036063
MCAF1_S1,MCAF1,-0.406705978919199,0.0225,0.0430052592036063
RHG31_S4,RHG31,0.244494291656488,0.0225,0.0430052592036063
CAV1_S7,CAV1,0.461160801595111,0.022640091783455,0.0432567731859628
SNX3_Y1,SNX3,-0.750658544944107,0.0227,0.043354954954955
LARP1_S1,LARP1,0.418481393726964,0.0228,0.0435132783195799
RB6I2_S7,RB6I2,-0.429630838276977,0.0228,0.0435132783195799
AL1L1_S11,AL1L1,0.436239599714271,0.0229,0.0436877390326209
K2C8_S1,K2C8,0.666202017153129,0.023,0.0438292134831461
MRP_S10,MRP,-0.257015467674662,0.023,0.0438292134831461
SNX12_Y1,SNX12,-0.624750138554987,0.023,0.0438292134831461
KI13B_S1,KI13B,-0.472727258264511,0.0231,0.0439703703703704
LMNB2_S4,LMNB2,-1.11975240558961,0.0231,0.0439703703703704
OTU7B_S3,OTU7B,0.577917285589422,0.0231,0.0439703703703704
IF4B_S4,IF4B,1.73665198993901,0.0233,0.0443013452914798
KAD2_S3,KAD2,-0.3218413580849,0.0233,0.0443013452914798
NEST_S38,NEST,0.868448297675243,0.0233,0.0443013452914798
RAD_S1,RAD,0.773576990750911,0.0234,0.0444748599178185
DDB2_S3,DDB2,0.327788772492941,0.0235,0.0446149253731343
LMNA_S21,LMNA,-0.277166547039812,0.0235,0.0446149253731343
ZO3_S10,ZO3,0.866345264289835,0.0235,0.0446149253731343
BI2L1_S16,BI2L1,0.364070551874354,0.0236,0.0447713646532439
SQSTM_T4,SQSTM,1.32264222372331,0.0236,0.0447713646532439
CYTSB_S3,CYTSB,0.516901041611636,0.0238,0.0451171385991058
TNS2_Y8,TNS2,-0.401451646710213,0.0238,0.0451171385991058
SRCH_S12,SRCH,-0.872747347374423,0.024,0.0454454782285076
TB10B_S10,TB10B,0.131461155920562,0.024,0.0454454782285076
TRIPC_S3_S11,TRIPC,0.898336517270554,0.024,0.0454454782285076
ABI1_S10,ABI1,0.297745870621684,0.0241,0.0456008925251023
RBGP1_S12,RBGP1,0.158444282630154,0.0241,0.0456008925251023
CRCM_T7,CRCM,0.0291124795221101,0.024197989930245,0.0457692835557943
ARAF_S6,ARAF,-0.566026482393414,0.024230248358666,0.0458132677996628
H14_S1,H14,-0.220941686558175,0.0245,0.0463060921248143
ANK2_S3,ANK2,-0.281105314019624,0.0246,0.046460579064588
SHAN2_S4,SHAN2,-0.376868690625925,0.0246,0.046460579064588
KPCD1_S1,KPCD1,0.409369701249967,0.0248,0.0468035608308605
KPCD3_S1,KPCD3,0.409369701249967,0.0248,0.0468035608308605
F169A_S8,F169A,-0.122633673724945,0.0249,0.0469748609566185
SND1_S13,SND1,0.213458463488474,0.025,0.0471460340993328
AN13D_S4_T8,AN13D,0.433550322122227,0.0251,0.0473170804001482
BORG4_S27,BORG4,0.21023574049408,0.025192129889024,0.0474528497409326
PLEC_S13,PLEC,-0.240230333392809,0.0252,0.0474528497409326
SPTB2_S7,SPTB2,-0.0122073300007072,0.0252,0.0474528497409326
DSG2_S3,DSG2,-1.49239977786035,0.0253,0.0476059171597633
INP5E_S3,INP5E,0.245354645193057,0.0253,0.0476059171597633
SYNJ1_S1,SYNJ1,-0.309997457123212,0.0254,0.0477764140480592
LMOD1_S3,LMOD1,-0.381526801372673,0.0258,0.0485108647450111
RAI14_S8,RAI14,0.400460983112096,0.0259,0.0486629246676514
ROA3_S16,ROA3,0.814308576499882,0.0259,0.0486629246676514
GSK3A_S6,GSK3A,-0.444256494914628,0.025919401365975,0.0486634369557494
GSK3B_S6,GSK3B,-0.444256494914628,0.025919401365975,0.0486634369557494
RHG29_S5,RHG29,0.427627469261848,0.026,0.0487967539653265
HCLS1_S1,HCLS1,-0.267172435856021,0.026035694416812,0.0488457275784438
APC_S8,APC,0.592738461983394,0.0261,0.0489483228897899
ECHD2_T5,ECHD2,0.702551222329237,0.0262,0.0490635259477365
S38AA_S3,S38AA,-0.350381986493308,0.0262,0.0490635259477365
WAC2A_S1,WAC2A,0.224957866479623,0.0262,0.0490635259477365
WAC2C_S1,WAC2C,0.224957866479623,0.0262,0.0490635259477365
CUL4A_S3,CUL4A,0.397752818401295,0.0263,0.0492145641780066
STK10_S11,STK10,-0.741572335812039,0.0263,0.0492145641780066
UBD_S2,UBD,1.90783872638352,0.0264,0.0493835294117647
ABLM3_S2,ABLM3,-0.356564538981656,0.0265,0.0495523704520397
DESM_S12,DESM,0.818795439344859,0.0266,0.0496663486238532
RAB7A_S3,RAB7A,-0.463424595524819,0.0266,0.0496663486238532
SQSTM_S7,SQSTM,1.13925969114866,0.0266,0.0496663486238532
TRAM1_S21,TRAM1,1.51173594517173,0.0266,0.0496663486238532
PDE3A_S3,PDE3A,-1.01332603801039,0.0267,0.0498347762289068
LSR_S1,LSR,-0.548126780754028,0.0268,0.0499847507331378
TBC9B_S27,TBC9B,0.711175094168286,0.0268,0.0499847507331378
EF1D_S2,EF1D,-2.72940845603877,0.027,0.0503208791208791
MARK3_S5,MARK3,-0.159967098420943,0.027,0.0503208791208791
ABCBB_S2,ABCBB,-0.999605051986571,0.0271,0.0504518111964874
NHRF1_T17,NHRF1,-0.263507031431467,0.0271,0.0504518111964874
RTN4_S16,RTN4,-0.4961737109507,0.0271,0.0504518111964874
CPSF7_T11,CPSF7,-0.233556248423696,0.0272,0.0506194586686174
EF1A1_Y7,EF1A1,-0.468809029026257,0.0273,0.0507498721227621
EF1A2_Y7,EF1A2,-0.468809029026257,0.0273,0.0507498721227621
EF1A3_Y7,EF1A3,-0.468809029026257,0.0273,0.0507498721227621
PKHO2_S10,PKHO2,0.65342712598891,0.0274,0.0509171658144631
HMCS2_S1,HMCS2,-0.565029365432864,0.0275,0.0510656934306569
HNRPK_T15,HNRPK,0.221648769796227,0.0275,0.0510656934306569
CABL1_T3,CABL1,0.3389922038794,0.0276,0.0511953335763762
PCM1_S6,PCM1,-0.17699723961421,0.0276,0.0511953335763762
SPTB2_S20,SPTB2,-0.136576558091414,0.0276,0.0511953335763762
6PGL_S9,6PGL,-0.891398308612685,0.0277,0.0513060065526028
ARHGH_S22,ARHGH,-0.177476538972197,0.0277,0.0513060065526028
NCOR1_S3,NCOR1,0.623942826880712,0.0277,0.0513060065526028
SNTB2_S6,SNTB2,0.278462826358313,0.0277,0.0513060065526028
GOLI4_T9,GOLI4,0.0579172391369578,0.0278,0.0514537650054565
HDAC4_S3,HDAC4,0.412088914952953,0.0278,0.0514537650054565
BAZ2A_S10,BAZ2A,-0.0790861241307036,0.0279,0.0516200727272727
PHYD1_S9,PHYD1,0.314091549224301,0.028,0.0517862595419847
IGHG3_T1_S8_Y19,IGHG3,1.17890680792386,0.0282,0.0521372093023256
SI1L2_T1,SI1L2,-0.377675380029245,0.0283,0.0523030875408645
CCNL1_S4,CCNL1,1.15468922264921,0.028344520060807,0.0523663464304234
CL043_S13,CL043,0.810670452724665,0.0284,0.0524117519042438
MK01_Y15,MK01,0.726588416724609,0.0284,0.0524117519042438
MTAP2_T7,MTAP2,0.761827416308368,0.0284,0.0524117519042438
CHSP1_S6,CHSP1,-0.279050092245785,0.0285,0.0525772298767223
IF4B_S1,IF4B,0.221400720601163,0.0286,0.0527234782608696
RHG32_S6,RHG32,-0.203430607496228,0.0286,0.0527234782608696
LMNA_S5,LMNA,-0.388115617758607,0.0287,0.0528695148443157
M3K3_S1,M3K3,-0.49542783217226,0.0287,0.0528695148443157
LTBP2_S3,LTBP2,0.613598604759748,0.0289,0.0531801808318264
MARCS_T15,MARCS,0.0731591886670837,0.0289,0.0531801808318264
SRBS2_S5,SRBS2,-0.450994779677699,0.0289,0.0531801808318264
LPP_S6,LPP,-0.494431711847149,0.0291,0.0535288503253796
ABI1_S3,ABI1,0.815425593471023,0.0292,0.0536933863389953
CHSP1_S2,CHSP1,-1.22702316837146,0.0293,0.0538578034682081
VAPB_S3,VAPB,-0.566961519914357,0.029380366835136,0.0539636363636364
FCHO2_S3,FCHO2,-0.508771103079663,0.0294,0.0539636363636364
IF4G2_T3,IF4G2,0.024875939873127,0.0294,0.0539636363636364
YTDC1_S3,YTDC1,-0.302043999576213,0.0294,0.0539636363636364
SKP1_T3,SKP1,-0.466398677346233,0.0295,0.0541081470800288
TM245_S7,TM245,-0.262809537749074,0.0295,0.0541081470800288
LMO7_T3,LMO7,0.251765434330871,0.0296,0.0542133909287257
SRRM2_S5_S11,SRRM2,0.480851764764587,0.0296,0.0542133909287257
WAC2A_S3,WAC2A,-0.568467691074688,0.0296,0.0542133909287257
WAC2C_S3,WAC2C,-0.568467691074688,0.0296,0.0542133909287257
IF4B_S3,IF4B,0.90907440309139,0.0297,0.0543574100719424
LST1_S7,LST1,-0.271784816619741,0.0297,0.0543574100719424
GOGA1_S3,GOGA1,0.919819101768469,0.0298,0.0544816385195832
MCF2L_S5,MCF2L,-0.451557534616744,0.0298,0.0544816385195832
TLE3_S5,TLE3,0.423918299982007,0.0298,0.0544816385195832
RGS14_S3,RGS14,0.590536538492404,0.029838528230767,0.0545324826286431
CIP4_S25,CIP4,0.320111193248411,0.029963261774212,0.0547407812952211
DYR1A_Y4,DYR1A,-0.379820547417966,0.03,0.0547489239598278
DYR1B_Y4,DYR1B,-0.379820547417966,0.03,0.0547489239598278
STX10_S3,STX10,0.490285939790789,0.03,0.0547489239598278
RBL2_S5,RBL2,-0.411174868819699,0.030022845408836,0.0547709707566001
AFF4_T7,AFF4,-0.0872001968990135,0.0301,0.0548330827067669
ARHGQ_S3,ARHGQ,0.492835990109261,0.0301,0.0548330827067669
ROA1_S12,ROA1,0.562979427688308,0.0301,0.0548330827067669
SEPT4_S5,SEPT4,-0.29440641952141,0.0301,0.0548330827067669
ARHG2_S5,ARHG2,0.958621736796441,0.0302,0.0549562231759657
F117B_S1,F117B,-0.798055131568591,0.0302,0.0549562231759657
RHG09_S3,RHG09,2.08861122627883,0.0302,0.0549562231759657
CENPA_S3_S5,CENPA,0.629038826651651,0.03021969279948,0.0549723979133909
NTAL_S1,NTAL,0.502792328852076,0.0303,0.0550987848463188
CP054_S5,CP054,0.365656123185896,0.0305,0.0554228571428571
ZBT20_S32,ZBT20,0.0826058365357566,0.0305,0.0554228571428571
AKA11_S3,AKA11,-0.038000154297792,0.0306,0.0555648822269807
LRRF2_S10,LRRF2,0.695469500560537,0.0306,0.0555648822269807
CFTR_S3,CFTR,1.34882394025855,0.0308,0.0559080984659294
ARM10_S1,ARM10,-0.406148107432585,0.031,0.0562310160427808
TGFI1_S23,TGFI1,0.289236884999692,0.031,0.0562310160427808
ENPL_T26,ENPL,-0.0524295457411432,0.0311,0.056392302209551
IF4G2_T19,IF4G2,0.958351448291673,0.031134087731741,0.0564340001350546
CD2AP_S6,CD2AP,-0.221023345396375,0.0313,0.0566943396226415
PKHH2_S3,PKHH2,-0.340292362202512,0.0313,0.0566943396226415
ATF2_S6,ATF2,0.656010860152805,0.0314,0.056855231316726
ZN318_S1,ZN318,-0.592610727106714,0.0315,0.0570160085378869
ACTB_T7,ACTB,-0.509577519964263,0.0317,0.0572964831261101
ACTG_T7,ACTG,-0.509577519964263,0.0317,0.0572964831261101
EMIL1_T3,EMIL1,0.530822929339274,0.0317,0.0572964831261101
PLAK_S2,PLAK,-0.347971574363986,0.0317,0.0572964831261101
ADH7_S24,ADH7,-0.560977775540835,0.0318,0.0574568181818182
CDS2_T24,CDS2,0.876488495308805,0.0322,0.0580970212765957
PAXI_S23,PAXI,1.145223918304,0.0322,0.0580970212765957
PKCB1_S10,PKCB1,0.0774717129830422,0.0322,0.0580970212765957
SET1A_S3,SET1A,-0.29549737468745,0.0322,0.0580970212765957
MCF2L_S7,MCF2L,0.471949961760985,0.0323,0.0582567883729174
RAN_S3,RAN,0.454975284587708,0.0324,0.0583957492029756
ROA1_S2,ROA1,0.262701798138731,0.0324,0.0583957492029756
PYRG1_S5,PYRG1,-0.515972111448387,0.0325,0.0585552407932011
CO6A3_S3,CO6A3,0.645548666839141,0.0326,0.0587146194690266
WDR44_S10,WDR44,-0.384666949248942,0.0328,0.0590539278131635
NUFP2_S12,NUFP2,0.5103099874535,0.0329,0.0591920792079208
TENA_S13,TENA,1.1004296875038,0.0329,0.0591920792079208
HMGX4_S2,HMGX4,0.22352204117507,0.0332,0.0596896113074205
REEP3_S3,REEP3,0.378497175547659,0.0332,0.0596896113074205
ARHGI_S1,ARHGI,0.2232426153327,0.0333,0.0598060007059654
CPZIP_S4,CPZIP,-0.529746452874563,0.0333,0.0598060007059654
RFX1_S5,RFX1,0.530536671694507,0.0333,0.0598060007059654
BAG3_S2,BAG3,-0.575348116848098,0.0334,0.0599432804232804
IFIH1_S2,IFIH1,-0.0673420745134404,0.0334,0.0599432804232804
PKHA2_S1,PKHA2,-0.778454953809447,0.0335,0.0600803665844202
ZBTB3_S19,ZBTB3,0.283058537431523,0.0335,0.0600803665844202
MLTK_S3,MLTK,0.460450113940983,0.0336,0.0602172595984502
PKP2_S3,PKP2,-0.398791525226574,0.0336,0.0602172595984502
PKHA4_S3_S15,PKHA4,0.542145728116805,0.0338,0.0605330517423442
TTP_S4,TTP,-0.511400746277091,0.0338,0.0605330517423442
ZO3_S1,ZO3,-0.47479136354199,0.033886463754288,0.0606481012658228
ARHGH_S2,ARHGH,1.10981985712938,0.0339,0.0606481012658228
TXLNA_S31,TXLNA,1.20349642141865,0.0339,0.0606481012658228
HD_S7,HD,-0.217068249146849,0.0341,0.0609630358397751
OSB11_S10,OSB11,-0.45271951915538,0.0341,0.0609630358397751
YAP1_S2,YAP1,-0.0124350569777994,0.034160752645292,0.0610501965083406
BCLF1_S18,BCLF1,0.332992515413595,0.0343,0.0612130480533146
PEX19_S9,PEX19,0.46974812377201,0.0343,0.0612130480533146
RBM40_S3,RBM40,-0.775999856524153,0.0343,0.0612130480533146
TAB3_S3,TAB3,0.589624102465156,0.0343,0.0612130480533146
RN213_S3,RN213,-1.17090648568913,0.0344,0.0613699859747546
UBP47_T8,UBP47,-0.323497240155074,0.034473544090302,0.0614796327835459
CXB1_S8,CXB1,0.673231974953002,0.0345,0.0614837127845884
SNX5_S1,SNX5,0.331261073079779,0.0345,0.0614837127845884
SVIL_S5,SVIL,0.633067787387096,0.0347,0.061818487394958
MYLK_S3,MYLK,0.847322752958067,0.0348,0.0619315844700944
NEMO_S2,NEMO,-0.149911726020256,0.0348,0.0619315844700944
STAT3_Y20,STAT3,-0.331072025925167,0.0348,0.0619315844700944
FLNA_S9,FLNA,0.706326030606742,0.0349,0.0620477871586667
TE2IP_S9,TE2IP,0.269137269637492,0.0349,0.0620477871586667
MYH10_S6,MYH10,0.308322285040455,0.03490188027675,0.0620477871586667
TR150_S1,TR150,-0.80159816476804,0.035,0.062200488997555
DOCK7_S3,DOCK7,0.563290866508834,0.0351,0.0623564245810056
SH319_S8,SH319,0.303539202527294,0.0352,0.0625122513089005
MARE1_S3,MARE1,-0.68027513259141,0.0353,0.0626679692951849
GOGA4_S3,GOGA4,-0.313227365317944,0.0354,0.0628016736401674
SYNP2_S11,SYNP2,-0.067217715443774,0.0354,0.0628016736401674
HECD1_S3,HECD1,0.00745715118960076,0.035486759614107,0.0629336468862239
LTBP2_S2,LTBP2,1.43829542567035,0.0356,0.0630904911180773
MK03_Y15,MK03,0.501893412350812,0.0356,0.0630904911180773
I2BPL_S27,I2BPL,0.497039228257121,0.0357,0.0631796869565217
SASH3_T4,SASH3,0.945409286156258,0.0357,0.0631796869565217
SO2B1_S2,SO2B1,-0.228934338578428,0.0357,0.0631796869565217
TBCD5_T2,TBCD5,0.0839993013841946,0.0357,0.0631796869565217
DIP2B_Y1,DIP2B,0.39442921484141,0.0358,0.0633346314325452
CP2A6_S3,CP2A6,-0.853027622324466,0.035920141318368,0.0635030156455373
CP2AD_S3,CP2AD,-0.853027622324466,0.035920141318368,0.0635030156455373
SYJ2B_S3,SYJ2B,0.426080201271617,0.036,0.0636220910038208
CPZIP_S6,CPZIP,0.347887348579567,0.036063871714956,0.0637128400297556
SCAFB_S3_S9,SCAFB,0.564015314738055,0.0362,0.0639311350225616
CTND1_S5,CTND1,0.394306116735702,0.0364,0.0642397502601457
PPHLN_S8,PPHLN,-0.211336899639644,0.0364,0.0642397502601457
DEMA_S4,DEMA,1.28894976118705,0.036469809624823,0.0643339120091057
SH3B4_S3,SH3B4,0.00843704871775292,0.036478643110509,0.0643339120091057
GOLM1_T7,GOLM1,0.163815295825386,0.0366,0.0645255717255717
RHG01_S8,RHG01,-0.0882894469757128,0.0367,0.0646794596466921
HCLS1_S2,HCLS1,0.436166372198261,0.0369,0.0650094182825485
HTSF1_S1,HTSF1,-0.643707912339059,0.037,0.0651404844290657
SYNPO_S2,SYNPO,0.882696819769143,0.037,0.0651404844290657
FA83G_S1,FA83G,0.701910507108724,0.0372,0.0654699411968177
PDLI2_S14,PDLI2,-0.224993429668813,0.0373,0.0656005530591082
SYNP2_S3_S7,SYNP2,0.228072028984931,0.0373,0.0656005530591082
ADAM9_T6,ADAM9,0.310832014219254,0.0374,0.0657309844559586
SYNRG_S3,SYNRG,-0.458479800257293,0.0374,0.0657309844559586
ZO2_Y3,ZO2,1.16179249779176,0.037417419675386,0.0657388920263688
TBC17_S28,TBC17,0.265794504402646,0.037580996906798,0.0659003789183603
SNW1_S4_S12,SNW1,0.218953366970322,0.0376,0.0659003789183603
TBA1A_S2,TBA1A,-0.407481064484913,0.0376,0.0659003789183603
TBA1B_S2,TBA1B,-0.407481064484913,0.0376,0.0659003789183603
TBA1C_S2,TBA1C,-0.407481064484913,0.0376,0.0659003789183603
TBA3C_S2,TBA3C,-0.407481064484913,0.0376,0.0659003789183603
TBA4A_S2,TBA4A,-0.407481064484913,0.0376,0.0659003789183603
AKAP2_S12,AKAP2,0.194603326731616,0.0378,0.0662280991735537
CE170_S3,CE170,0.370773788330735,0.03785489140177,0.0663014414637541
IRAK3_S3,IRAK3,0.701987813038771,0.0379,0.066357604955265
AAKG2_S11,AAKG2,0.506331417516917,0.038,0.0665098039215686
KCD12_S15,KCD12,-0.617769774240991,0.0381,0.0665931982136723
PRC2C_T2,PRC2C,0.48221109223672,0.0381,0.0665931982136723
T22D4_S3,T22D4,0.144151311937027,0.0381,0.0665931982136723
US6NL_S6,US6NL,0.389871219580465,0.0381,0.0665931982136723
ERBIN_T5,ERBIN,0.901676566689301,0.0386,0.067443956043956
ARHG7_S3,ARHG7,-0.214019687079794,0.0388,0.0677701338825953
IRS1_S3,IRS1,-0.251690976710256,0.039,0.0680960878517502
AOXA_S21,AOXA,-0.673429285409318,0.0392,0.0683514736120631
SRG2B_S4,SRG2B,-0.267409622668804,0.0392,0.0683514736120631
SRG2C_S4,SRG2C,-0.267409622668804,0.0392,0.0683514736120631
SRGP2_S4,SRGP2,-0.267409622668804,0.0392,0.0683514736120631
LIMD1_S2,LIMD1,0.410454718220968,0.0394,0.0686766700924974
DHX9_T22,DHX9,0.62219045654489,0.03943980406284,0.0687225079012774
TM238_S3,TM238,0.31944874078364,0.0395,0.0688038343033208
C5AR1_T4,C5AR1,-0.258657580559036,0.0397,0.0691285420944559
KRI1_S7,KRI1,-0.43379758493893,0.0398,0.0692789599726309
F1711_S5,F1711,0.387359993942817,0.0399,0.0694055384615385
SIPA1_S3,SIPA1,0.280888240559399,0.0399,0.0694055384615385
ADRM1_T7,ADRM1,-0.781781367728484,0.0401,0.0697057738298599
ERBB3_S3,ERBB3,0.735454958443702,0.0401,0.0697057738298599
CCD86_S17,CCD86,-0.442543747677246,0.0404,0.0701793103448276
ZYX_S13,ZYX,0.625641972087186,0.0404,0.0701793103448276
HACD3_S5,HACD3,-0.376265738685685,0.0405,0.0703050153531218
TB182_S19,TB182,0.656698030798135,0.0405,0.0703050153531218
CTND1_Y7,CTND1,0.480540038238265,0.0406,0.0704065439672802
ELF4_T4,ELF4,-0.290642249564735,0.0406,0.0704065439672802
VIGLN_S12,VIGLN,-0.809845570805116,0.0406,0.0704065439672802
TIF1B_S13,TIF1B,1.24327928996479,0.0407,0.0705559114139693
PEAK1_S9,PEAK1,0.803772399867212,0.0408,0.0707051771117166
KCC2D_T9,KCC2D,-0.176986343933886,0.040917954238584,0.0708854447279249
TGON2_S6,TGON2,-0.330718303405596,0.0411,0.0711765827093261
CC120_S1,CC120,-0.138572646074212,0.0413,0.0714742857142857
TRA2A_T6,TRA2A,0.809529713401616,0.0413,0.0714742857142857
DOCK7_S5,DOCK7,0.151506051061959,0.0417,0.0721174711080897
HNRPM_S6,HNRPM,0.278187083462991,0.0417,0.0721174711080897
SRBS1_T7,SRBS1,0.345159453339501,0.0418,0.0722658511722732
VPS52_S5,VPS52,0.847760348440487,0.041933991262393,0.0724728762034836
AINX_S4,AINX,-0.394008389239604,0.0421,0.0727350764006791
SYMPK_S3,SYMPK,0.728468012220022,0.0422,0.0728830957230143
ALBU_S18,ALBU,1.75348123141623,0.042377839112343,0.0731654039374283
AL1A1_T8,AL1A1,-0.509048618342541,0.0425,0.073276855303287
WAC2A_S5,WAC2A,0.822584811186174,0.0425,0.073276855303287
WAC2C_S5,WAC2C,0.822584811186174,0.0425,0.073276855303287
ZC3HD_T5,ZC3HD,-0.708187580169474,0.0425,0.073276855303287
ARHG1_S4,ARHG1,0.759951114377252,0.042670717913459,0.0735462780297017
DCAF6_S5,DCAF6,-0.216133864400822,0.0429,0.0738914014895058
SIR6_T10,SIR6,-0.136985472712574,0.0429,0.0738914014895058
ERRFI_S1,ERRFI,-0.666825442455734,0.0431,0.0742107614213198
WNK1_S11,WNK1,-0.231861411657649,0.0433,0.0745299052774019
COBL_S3,COBL,0.120376128659587,0.0434,0.0746767669935746
ZO3_S3,ZO3,-0.551432542889204,0.0435,0.0748235294117647
ARHGF_S12,ARHGF,0.67486508436117,0.0436,0.0749195542046606
HACD3_S4,HACD3,-0.662707064433652,0.0436,0.0749195542046606
STEA3_T3,STEA3,1.02948563273844,0.0436,0.0749195542046606
LSR_T9,LSR,-0.0152511209844183,0.0438,0.0752378122889939
MBB1A_S3,MBB1A,-0.378496959461268,0.0439,0.0753587044534413
NRDC_S16,NRDC,0.0075035888708232,0.0439,0.0753587044534413
CIC_S5,CIC,0.088810146416745,0.043979920592762,0.0754704337187093
K0556_S3,K0556,0.475314402122143,0.0442,0.0758225219150371
CALRL_S6,CALRL,-0.340528528359176,0.0443,0.0759172785449646
SFR19_S15,SFR19,0.275713084076398,0.0443,0.0759172785449646
SMTN_S3,SMTN,-0.549583138329362,0.0443,0.0759172785449646
GSTA1_S1,GSTA1,-0.669746461537088,0.0445,0.0761574167507568
GSTA2_S1,GSTA2,-0.669746461537088,0.0445,0.0761574167507568
GSTA5_S1,GSTA5,-0.669746461537088,0.0445,0.0761574167507568
HD_S3,HD,0.429468534290341,0.0445,0.0761574167507568
FOXO1_S7,FOXO1,0.423749610394983,0.0448,0.0765935483870968
GAS2_T5,GAS2,-0.672613433089486,0.0448,0.0765935483870968
MAVS_S2,MAVS,-0.737517474255928,0.0448,0.0765935483870968
COASY_S22,COASY,0.503174751078189,0.04482062546665,0.0766030710024572
EXOC8_S4,EXOC8,0.32939156649469,0.0449,0.0767129617192747
F1711_S4,F1711,0.465954632045916,0.045,0.0768322147651007
MCL1_S14,MCL1,0.364243078264896,0.045,0.0768322147651007
DAB2_S9,DAB2,0.75860922023598,0.0452,0.0771219315895372
RCAS1_S3,RCAS1,0.336139961168748,0.0452,0.0771219315895372
PABP2_S5,PABP2,0.420113388938497,0.0454,0.0774372108615488
MYLK_S9,MYLK,0.797204086094692,0.045415244494697,0.0774372533475263
VIME_S5,VIME,0.449153142653022,0.0455,0.0775557788944724
CAMP3_T3,CAMP3,-0.331178274663926,0.0458,0.0779626630980261
MYO9B_S15,MYO9B,0.468256858195202,0.0458,0.0779626630980261
ODPAT_S5_S12,ODPAT,-0.304397016773714,0.0458,0.0779626630980261
ODPA_S5_S12,ODPA,-0.304397016773714,0.0458,0.0779626630980261
T22D3_S14,T22D3,-0.338599542854534,0.046,0.0782769230769231
NUCB1_S2,NUCB1,-0.146644115648564,0.0463,0.0787347593582888
PDS5B_T3,PDS5B,-0.135529081466995,0.0463,0.0787347593582888
PTN3_S3,PTN3,-0.141922480342703,0.0464,0.078878449716004
BCKD_T5,BCKD,-0.388620429755506,0.0465,0.0789166110740494
COASY_S26,COASY,-1.04293226062702,0.0465,0.0789166110740494
MRCKA_S1,MRCKA,-0.355412566660587,0.0465,0.0789166110740494
SHAN3_S3,SHAN3,0.347218632165901,0.0465,0.0789166110740494
ZO1_T6,ZO1,-0.5327636643551,0.0465,0.0789166110740494
K1C18_S15,K1C18,0.350889088844778,0.046654006583456,0.0791515790252164
TANK_S4,TANK,0.243594705841513,0.0467,0.0792032
OSBP1_T1,OSBP1,1.21088460531648,0.047,0.0796588940706196
TPD52_S1,TPD52,-0.0164370718391025,0.047,0.0796588940706196
KPCZ_T11,KPCZ,0.347626492646549,0.0476,0.080648951048951
COQ3_S1,COQ3,-0.467317342475975,0.0479,0.0811302263648469
CBX8_S6,CBX8,-0.0508099689280913,0.048,0.0812455089820359
PKHA7_S3,PKHA7,0.250219755987277,0.048,0.0812455089820359
PKN2_S3,PKN2,-0.232792913952256,0.0481,0.0813876953774526
LARP1_S1_S9,LARP1,1.01451546089132,0.048504085562388,0.082044144727869
AAPK2_S2,AAPK2,0.645724606923882,0.0487,0.0822934573231485
NBN_S7,NBN,0.652276090433429,0.0487,0.0822934573231485
TYB4_T3,TYB4,1.65553811340195,0.0487,0.0822934573231485
CASC3_S3,CASC3,0.403224337615647,0.0489,0.0824944297082228
H12_S4,H12,-0.634026699900928,0.0489,0.0824944297082228
H13_S4,H13,-0.634026699900928,0.0489,0.0824944297082228
H14_S4,H14,-0.634026699900928,0.0489,0.0824944297082228
RRBP1_S14,RRBP1,-0.133788980102239,0.0489,0.0824944297082228
K1109_T8,K1109,-0.43803068633218,0.049,0.0825809870818152
PAK4_S3,PAK4,-0.237724470163895,0.049,0.0825809870818152
PRSR2_S3,PRSR2,-0.245002548813042,0.049,0.0825809870818152
VIME_Y11,VIME,1.04536388819349,0.0491,0.082722119205298
NFAC2_S2,NFAC2,0.0972121880811898,0.0492,0.0828631578947368
UBP15_S7,UBP15,0.659002496736119,0.049227649147586,0.0828822894979873
AHNK_T3,AHNK,0.955811218430217,0.0493,0.0828943820224719
HNRPU_S22,HNRPU,0.340178674299257,0.0493,0.0828943820224719
IGHG4_Y23,IGHG4,0.509796875358574,0.0493,0.0828943820224719
NELFA_S13,NELFA,-0.233332743110177,0.0493,0.0828943820224719
KBTBB_S3_S7,KBTBB,-0.107032391622259,0.0494,0.0830350842418236
RGPS2_S15,RGPS2,0.481494528683452,0.0495,0.0831756935270806
PI42B_T4,PI42B,0.698117462881379,0.0496,0.0832887128712871
WAP53_S17,WAP53,0.673501146439008,0.0496,0.0832887128712871
PALM3_T4,PALM3,-0.532615111410997,0.0499,0.0837648300890795
LZTS3_T8,LZTS3,0.370155363513614,0.0501,0.0840728232189974
MLF2_S4,MLF2,0.352503504793681,0.0502,0.0842128585558853
4EBP2_T26,4EBP2,0.195942351902116,0.0505,0.0846324110671937
MTMR5_T4,MTMR5,0.352517331640112,0.0505,0.0846324110671937
PRP31_S7,PRP31,0.396449648286592,0.0505,0.0846324110671937
ABCF1_S13,ABCF1,1.00454302079285,0.0506,0.0847720777082647
AAKG2_S5,AAKG2,0.466974089004732,0.0507,0.0848837117472853
I2BP1_S1,I2BP1,0.190895906394056,0.0507,0.0848837117472853
F16A2_S3,F16A2,0.455774249408293,0.050735634286522,0.0849154300163895
COBL1_T3,COBL1,1.31260943712109,0.0508,0.0849951989477146
KCC2A_T3,KCC2A,-1.01862495347731,0.0509,0.0850785808147175
KCC2D_T3,KCC2D,-1.01862495347731,0.0509,0.0850785808147175
SRRM2_S11,SRRM2,0.272696446048382,0.0509,0.0850785808147175
IF4B_S3_S10,IF4B,-0.190223108297549,0.051,0.0852177339901478
LARP4_S11,LARP4,0.050262990156111,0.0512,0.0855238345370978
FETUA_S7,FETUA,-0.39100199948827,0.0514,0.0858297341647522
SWAHB_S14,SWAHB,0.223266648322556,0.0516,0.0861354330708661
UH1BL_S1,UH1BL,0.580675726804763,0.0518,0.0864409314529354
PDLI2_S5,PDLI2,0.397386070399127,0.0519,0.0865794098360656
DHX16_S8,DHX16,-0.126825731026037,0.052,0.0867177974434612
K1C18_S9,K1C18,0.327004414084605,0.0525,0.0874942679331805
MTAP2_T6,MTAP2,0.296734709905651,0.0525,0.0874942679331805
CPEB4_S4,CPEB4,0.0876912223500041,0.0527,0.0877988212180747
CASC4_S5,CASC4,0.154081071729875,0.0528,0.0879366284779051
LIRB5_S3,LIRB5,0.350718622590371,0.0532,0.0885738219895288
RHG17_S3,RHG17,0.343224072028704,0.053568109570379,0.0891575209336239
PALM3_T10,PALM3,0.148161398391935,0.0536,0.0891814257684761
LRRF2_S14,LRRF2,-0.106847387505992,0.0537,0.0892894117647059
STAB2_S9,STAB2,0.555162501924553,0.0537,0.0892894117647059
TR150_S4,TR150,-0.257740698531159,0.0538,0.0894264619405423
KCNJ8_S4,KCNJ8,-0.821697194693302,0.0542,0.0900031331592689
SOS1_S15,SOS1,0.739236178440397,0.0542,0.0900031331592689
SSFA2_T6,SSFA2,-0.111378256387002,0.0542,0.0900031331592689
ABLM2_S2,ABLM2,-0.376688080166243,0.0544,0.0903057748776509
SYEP_S15,SYEP,0.038118434476636,0.0547,0.090774168297456
PLPL2_S4,PLPL2,0.129152242295615,0.0548,0.0908808344198175
PTPS_S3,PTPS,0.317874576327844,0.0548,0.0908808344198175
FAK1_S25,FAK1,0.391938917137979,0.055,0.0911827956989247
SRC8_T3_S7,SRC8,-0.229907589601591,0.0552,0.0914845602605863
ACTB_S3,ACTB,-0.232717832929071,0.0554,0.09175625
ACTG_S3,ACTG,-0.232717832929071,0.0554,0.09175625
AKT1_S5,AKT1,0.0183583818475885,0.0555,0.0918919622518711
HNRPM_S10,HNRPM,0.412213427796041,0.0561,0.0928551724137931
SC31A_S3,SC31A,-1.16028734657829,0.0562,0.0929904390243902
PALLD_S1,PALLD,-0.206040517301399,0.0563,0.0931256176853056
MET22_S3,MET22,-0.289673599591883,0.056475149809674,0.0933653783696005
APJ_S3,APJ,1.17572455533411,0.0565,0.0933653783696005
PA24A_S2,PA24A,-0.347811573962059,0.0565,0.0933653783696005
CCD86_S3,CCD86,0.0175656345935781,0.0566,0.0935002597402598
NFIB_S21,NFIB,0.330400546642827,0.0567,0.0935743107362958
ODPAT_S3,ODPAT,-0.70083629189835,0.0567,0.0935743107362958
ODPA_S3,ODPA,-0.70083629189835,0.0567,0.0935743107362958
MAP4_S14,MAP4,0.0642356389562488,0.056726113950038,0.093587051808623
CROCC_S3,CROCC,-0.477407046884045,0.0568,0.0936785737439222
G3P_T8,G3P,-0.358600908308557,0.057,0.0939475218658892
VASP_S4,VASP,0.577809306503296,0.057,0.0939475218658892
CRK_S3,CRK,-0.292505606583807,0.0571,0.0940355233916549
GALT_S28,GALT,0.498817337783712,0.0571,0.0940355233916549
PDLI5_T9,PDLI5,0.40928769297552,0.057108837908847,0.0940355233916549
WIPF2_S14,WIPF2,-0.260201913416051,0.0572,0.0941551601423488
NU153_S13,NU153,0.515007398218654,0.0573,0.0942892626131953
ANXA4_S3,ANXA4,-0.493697157743588,0.0576,0.0947522793404462
PROX1_S10,PROX1,0.592128442386994,0.0577,0.094886102133161
SMRCD_S3,SMRCD,1.13773600165255,0.0578,0.0950198384491115
CD44_S16,CD44,-0.314873051420196,0.0579,0.0951227639651276
PRPK_T3,PRPK,-0.317196959128678,0.0579,0.0951227639651276
IRS2_S11,IRS2,0.0117114290226601,0.0582,0.0955847643641059
IF4B_S7,IF4B,0.228074289939205,0.0583,0.0956872258064516
SHRM3_S3,SHRM3,-0.240502425896663,0.0583,0.0956872258064516
MILK1_S3,MILK1,-0.0581541934063562,0.058530833108789,0.0960351108860105
ST38L_S5,ST38L,0.918720791652924,0.0586,0.0961176015473888
SRRM1_Y2,SRRM1,0.136029715417125,0.058667101190972,0.0961966519045006
F134C_S16,F134C,0.0117584355175996,0.0588,0.0963835051546392
DOCK8_S3,DOCK8,0.707368028324822,0.0589,0.0965163285024155
PYC_S1,PYC,-0.639470113264679,0.0591,0.0968128783000644
NUP98_S8,NUP98,-0.0542439568509144,0.0594,0.0972729964596073
DDX54_S6,DDX54,-0.451231314489414,0.0596,0.0975377291733676
TENS1_T10,TENS1,0.509287634148167,0.0596,0.0975377291733676
FNIP1_S3,FNIP1,0.320672857235049,0.0597,0.0976699678456592
MAP1B_S5,MAP1B,-0.586736403192361,0.0598,0.0977706940874036
RHG12_S1,RHG12,-0.362042810968267,0.0598,0.0977706940874036
TPC12_S10,TPC12,0.229665414345224,0.0599,0.097876765618003
LARP1_T5,LARP1,-0.468435255712359,0.059903350655358,0.097876765618003
SL9A1_S3,SL9A1,-0.355836672776785,0.0602,0.0983298876404494
SNIP1_S2,SNIP1,-0.576501729224061,0.0604,0.0986249037227214
MOT1_S3,MOT1,-0.259696225671775,0.060467199031612,0.0987029543384157
LARP1_S3,LARP1,0.387424977501563,0.0607,0.0990511866581142
IQEC1_S6,IQEC1,-0.360136890133765,0.0608,0.0991825585123437
PHF12_T3,PHF12,0.359703522327834,0.0611,0.09964
MYO9B_S3,MYO9B,0.601818425017037,0.0615,0.100260173021467
ML12A_S3,ML12A,-0.0127165277560075,0.0618,0.100588099808061
ML12B_S3,ML12B,-0.0127165277560075,0.0618,0.100588099808061
MYL9_S3,MYL9,-0.0127165277560075,0.0618,0.100588099808061
SNTB2_S17,SNTB2,0.3077312289492,0.0618,0.100588099808061
SRCN1_S3,SRCN1,-0.270749787028108,0.0618,0.100588099808061
LRWD1_S4,LRWD1,-0.33280260238356,0.061883265989424,0.100691415847198
ADCY6_S6,ADCY6,-0.215301082503041,0.0623,0.101337084398977
AAKB2_S4,AAKB2,0.137209817092522,0.0624,0.101434888178914
HBB_T10,HBB,1.74368369190012,0.0624,0.101434888178914
CPSF6_S5,CPSF6,-0.416218998349537,0.062719513103862,0.101921712766672
BCR_S2,BCR,-0.137256252696576,0.0629,0.102117166560306
DOK3_S3,DOK3,0.435786325992143,0.0629,0.102117166560306
UBP14_S2,UBP14,-0.310345435701338,0.0629,0.102117166560306
SO2B1_T5,SO2B1,0.211830280171153,0.0632,0.102571483253589
PHLB2_S4,PHLB2,-0.47577252173138,0.0635,0.102992668154288
RBM26_S4,RBM26,0.0794338309300502,0.0635,0.102992668154288
MPPB_S1,MPPB,0.629286685441859,0.0636,0.103121988527725
ZMYM4_S3,ZMYM4,0.793982431103335,0.0637,0.103251226505256
STXB5_S3,STXB5,0.345528181074918,0.0639,0.103542420382166
STML2_T6,STML2,0.605832811500663,0.063951373614737,0.103592673973824
K1C18_S20,K1C18,1.30941129625638,0.064,0.103638446849141
YJ005_S3,YJ005,0.498754594950682,0.0641,0.103767356029271
CAP1_T13,CAP1,0.405787985370014,0.0645,0.104381679389313
ATN1_S10,ATN1,0.110191999772587,0.0647,0.104672050874404
SFR19_Y14,SFR19,0.56378844528376,0.064734458965966,0.104694509605478
SAFB1_S32,SAFB1,0.324386067274018,0.0649,0.104895552731893
SAFB2_S32,SAFB2,0.324386067274018,0.0649,0.104895552731893
TCOF_S7,TCOF,0.353813560454032,0.0651,0.105185392187996
TRA2A_T4,TRA2A,-0.197655080721778,0.0652,0.105313523809524
BRD4_S1,BRD4,-0.391345335210671,0.0654,0.105581742395533
LPP_S2,LPP,0.009155049127828,0.065407557395975,0.105581742395533
PDE3A_T2,PDE3A,-0.801233811522281,0.0655,0.105663918833228
UBP2L_S17,UBP2L,0.880434446004867,0.0655,0.105663918833228
HPT_T9,HPT,0.872041851275061,0.0657,0.105952963549921
CYBR1_S14,CYBR1,0.712934314980127,0.0658,0.106080608365019
PDLI5_S7,PDLI5,0.763569239988052,0.066,0.106369337979094
HBB_S9,HBB,0.90301383306959,0.0661,0.106463057929725
UN5CL_S18,UN5CL,0.350993323889213,0.0661,0.106463057929725
AL9A1_T4,AL9A1,0.21936517904713,0.0663,0.106751392405063
BCAR1_S3,BCAR1,0.455555326134012,0.0664,0.106811002213089
FLI1_S11,FLI1,0.315358775946121,0.0664,0.106811002213089
NDRG2_T1,NDRG2,-0.47990146978804,0.0664,0.106811002213089
DCAF5_S13,DCAF5,-0.0596808708922753,0.0665,0.106904265402844
LMNB1_S9,LMNB1,-0.328592152836923,0.0665,0.106904265402844
CXB1_S3,CXB1,-0.431391375663761,0.0666,0.106963636363636
FCHO2_S4,FCHO2,0.0492120555316116,0.0666,0.106963636363636
RBM15_T3,RBM15,-0.244925185669892,0.0666,0.106963636363636
TOM22_S10,TOM22,-0.154045802165548,0.0667,0.107090438624172
MK14_Y9,MK14,-0.260720077371372,0.0668,0.107217160883281
HS90B_S5,HS90B,-0.054793427276466,0.0669,0.107343803216651
AT131_S2,AT131,0.16768008950735,0.067,0.107470365699874
AAK1_S12,AAK1,0.0660920113047464,0.0672,0.107723251417769
KMT2A_S3,KMT2A,0.242159607275173,0.0672,0.107723251417769
MBB1A_S14,MBB1A,0.40734023255489,0.0673,0.107815617128463
PPIG_T4,PPIG,-0.363660001742486,0.0673,0.107815617128463
ATX2_S34,ATX2,-0.183858044812111,0.0674,0.107941831916903
EMD_S2,EMD,0.706918576277189,0.0675,0.108067967275016
WIPF2_S11,WIPF2,-0.297086631494634,0.067533290406303,0.108085042238278
MTSSL_S5,MTSSL,-0.306778214451327,0.067553151398924,0.108085042238278
PLIN2_S5,PLIN2,1.91962710378325,0.0678,0.108445897516504
PKHA6_S3_S7,PKHA6,0.710449227643143,0.067900615895137,0.108572700714789
FLI1_S8,FLI1,0.167582592495736,0.0681,0.108857304429783
PKHA1_S1,PKHA1,0.322131343680241,0.0682,0.108948697017268
SPTN1_S4,SPTN1,-0.336954356772197,0.0682,0.108948697017268
PPCT_S1,PPCT,0.178194507900681,0.0683,0.109039974898023
TM201_S3,TM201,0.243528084413192,0.0683,0.109039974898023
SYNP2_T19,SYNP2,0.665065640645421,0.0685,0.109324968632371
TOIP1_S14,TOIP1,0.513274291634755,0.0686,0.109450235183443
ENAH_S3,ENAH,-0.221330652041267,0.0688,0.109666165413534
F16P2_Y8,F16P2,-0.364752914126871,0.0688,0.109666165413534
UBR5_S1,UBR5,0.266781271517456,0.0688,0.109666165413534
AFAD_S5,AFAD,0.811430234171273,0.068925408869076,0.109831656851193
FIBA_S5,FIBA,1.31785849628149,0.069,0.109916092673763
ACTBL_Y2,ACTBL,-0.665758606735023,0.0692,0.110200187793427
PA24C_S3,PA24C,-0.527574157756602,0.0693,0.110324906132666
RB6I2_S3,RB6I2,0.441681529964371,0.0697,0.110892307692308
SRRM2_S3_T5,SRRM2,0.470728533543839,0.0697,0.110892307692308
AK1C1_S12,AK1C1,0.262798058988746,0.0701,0.111459
AK1C2_S12,AK1C2,0.262798058988746,0.0701,0.111459
DAB2P_S3,DAB2P,0.391710502984266,0.0703,0.111672307211989
EMAL4_S9,EMAL4,0.324045908290767,0.0703,0.111672307211989
LASP1_S16,LASP1,-0.152941498566001,0.0703,0.111672307211989
NFIA_S5,NFIA,0.441586416681227,0.0704,0.111761372854914
YBOX1_S11,YBOX1,1.27693331517848,0.0704,0.111761372854914
MTSSL_Y8,MTSSL,-0.175209469639946,0.0705,0.11188521522146
FND3B_S3,FND3B,0.299891484545818,0.0707,0.112132668329177
MYLK_T4,MYLK,0.491695426553351,0.0707,0.112132668329177
BRE1A_S13,BRE1A,-0.213471347058596,0.0709,0.112414833281396
SEPT5_S3,SEPT5,0.994041864481514,0.0712,0.112855327102804
EVL_S7,EVL,-0.333499332101435,0.0715,0.113260273972603
SYNE2_S3,SYNE2,-0.264726675987671,0.0715,0.113260273972603
M4K2_S3,M4K2,-0.264032856159255,0.0716,0.113348102053516
NIPA_S7,NIPA,-0.0732851621346888,0.0716,0.113348102053516
TENS1_T14,TENS1,-0.392346072558311,0.072,0.113945878693624
CD33_T7,CD33,-0.309008024716047,0.0721,0.114068656716418
AFAD_S8,AFAD,0.216519929216405,0.0722,0.114120410065238
FBRL_S3,FBRL,-0.698613321399656,0.0722,0.114120410065238
PKHA1_S3,PKHA1,0.279635363980549,0.0722,0.114120410065238
PTRF_S1,PTRF,0.502120162815762,0.0723,0.11424298136646
SUN2_S3,SUN2,-0.316700033748547,0.0726,0.114681403290903
REEP4_S1,REEP4,-0.161018403743335,0.0727,0.114803724394786
LRRK2_S4,LRRK2,-0.327151780489627,0.0728,0.114890322580645
SC16A_S11,SC16A,-0.255545207517008,0.0728,0.114890322580645
SIGL7_S4,SIGL7,-0.0842699664667262,0.0729,0.115012465116279
SYNPO_Y23,SYNPO,0.406825749220527,0.0731,0.1152870413304
LBR_S4,LBR,-0.563950178573188,0.073119355812343,0.1152870413304
NUCL_S4,NUCL,0.883455000533812,0.0736,0.116008921933086
HEP2_T5,HEP2,-0.40010809443146,0.0738,0.116288138742645
TRIPC_S1,TRIPC,-0.555192767663994,0.0741,0.116724705882353
MEF2D_S2,MEF2D,-0.228806698094302,0.074275289194305,0.116964615110066
M4K3_S3,M4K3,1.5579300020136,0.0743,0.116967326732673
PDPK1_S3,PDPK1,0.117160860783953,0.0745,0.117209647495362
PDPK2_S3,PDPK2,0.117160860783953,0.0745,0.117209647495362
SEPT9_S1,SEPT9,0.492879828980672,0.0746,0.117294437577256
SFR15_S30,SFR15,0.498241304789374,0.0746,0.117294437577256
RPRD2_S5,RPRD2,0.222645730246668,0.0747,0.117415384615385
CSKI2_S7,CSKI2,-0.337740297541806,0.0748,0.117499969126274
OCLN_Y1,OCLN,0.441809540533574,0.0748,0.117499969126274
AFAD_S1_S11,AFAD,0.0540876665211677,0.0749,0.11758444924406
INT12_S3,INT12,-0.794061088993676,0.0749,0.11758444924406
TENS1_S4,TENS1,-0.332553147471386,0.0751,0.117862060456508
KANL1_T7,KANL1,0.658793474713895,0.0754,0.118296392229417
ZN318_S2,ZN318,-0.392945841696251,0.0755,0.118416769420469
BCLF1_S15,BCLF1,0.347688326329586,0.0756,0.118537072419106
MARK2_T2,MARK2,1.47046356557966,0.0759,0.118970794824399
GTPB1_S18,GTPB1,0.493435917151571,0.076,0.119090853095165
RFIP5_T1,RFIP5,0.0361045405817472,0.076170640873989,0.11932149654152
SC61B_T1,SC61B,-0.274010394247646,0.0763,0.119450584615385
SYEP_S16,SYEP,0.0559728258075306,0.0763,0.119450584615385
AKAP2_S5,AKAP2,-0.407480927828605,0.0765,0.119726853275915
RHG39_S8,RHG39,0.292482486125661,0.0771,0.120591699969259
RIN2_S4,RIN2,0.360525477406241,0.0771,0.120591699969259
RB15B_T2,RB15B,0.401269048720806,0.0772,0.120711001843884
CLIP1_S5,CLIP1,0.41094166690295,0.0774,0.120949385749386
RICTR_S3,RICTR,-0.257373773427069,0.0774,0.120949385749386
TNS2_S2,TNS2,-0.290918009016751,0.0776,0.121224685293215
OGT1_S3,OGT1,0.474703699268125,0.0778,0.121499815837937
CCNK_S3_S7,CCNK,0.368200482462344,0.077831056329972,0.12151102013099
NFKB1_T5,NFKB1,0.431048600794015,0.0781,0.121893496932515
HUWE1_S7,HUWE1,0.0410761644600427,0.078467504254529,0.122429519057664
S61A1_S3,S61A1,-0.110569261825373,0.078531676044399,0.122448499693815
BIN2_S17,BIN2,0.445930206922234,0.0786,0.122448499693815
PLIN1_S3,PLIN1,0.366516843358952,0.0786,0.122448499693815
SETD2_T3,SETD2,-0.294272237779951,0.0786,0.122448499693815
SETMR_S1,SETMR,-0.20185110809755,0.0786,0.122448499693815
CHD3_S10,CHD3,-0.402882823335354,0.0787,0.122529253365973
SHRM3_S5,SHRM3,0.519593335979287,0.0787,0.122529253365973
APOL3_S2,APOL3,0.234276910627209,0.0788,0.122647415111655
ZEB2_S4,ZEB2,-0.00941648971298409,0.079,0.122921100917431
MEF2A_S5,MEF2A,-0.350738129640439,0.0792,0.123194619382452
F91A1_S3,F91A1,-0.332927025457628,0.0797,0.123896608615949
VIP1_S4,VIP1,-0.18097057439708,0.0797,0.123896608615949
LCP2_S3,LCP2,0.560599257576193,0.079727524890893,0.12390154143093
TLN1_S10,TLN1,0.325099443439756,0.0798,0.123959919448122
MAST3_S4,MAST3,0.257328558758611,0.079813816059758,0.123959919448122
OPTN_S2,OPTN,-0.207648206951097,0.0799,0.124055904790967
PP13G_S3,PP13G,-0.886804932853179,0.0804,0.124794142769982
LEO1_S3,LEO1,0.0695543935299112,0.0805,0.124835111246571
NGEF_S7,NGEF,1.16015611807247,0.0805,0.124835111246571
ZYX_S5,ZYX,-0.347008251936276,0.0805,0.124835111246571
BIN2_S9_T12,BIN2,1.44802634113612,0.0806,0.124914042034724
PHAR4_S2,PHAR4,-0.0674599398672089,0.0806,0.124914042034724
MYO9B_S7,MYO9B,0.220202110285015,0.0808,0.12518587088916
UBP2L_S15,UBP2L,-0.337546564304288,0.0809,0.125302648401826
ACINU_S1,ACINU,-0.376384902598122,0.081,0.125343065693431
ATRX_S4,ATRX,0.255604854581315,0.081,0.125343065693431
M1IP1_T1,M1IP1,-0.121083317784046,0.081,0.125343065693431
K1C19_S3,K1C19,-0.198557242858322,0.0813,0.125692616226071
SRBS1_T10,SRBS1,0.0853522995854719,0.0813,0.125692616226071
TENS1_S9,TENS1,0.181491510356179,0.0813,0.125692616226071
DDX3X_S3,DDX3X,0.898321425929775,0.0814,0.125808991494532
ZO2_S11,ZO2,0.422669690567231,0.0815,0.125925296082599
RBM8A_S7,RBM8A,-0.704347662118486,0.082,0.126620940819423
SIK1_S3,SIK1,-0.362252034835095,0.082,0.126620940819423
NFM_S3_S8,NFM,-2.00821411955886,0.082473676982425,0.127313734370928
MAST3_S3,MAST3,0.737658301111193,0.0825,0.127315741583258
AKT1_T3,AKT1,-0.200515516571543,0.0826,0.127354181818182
F1711_S1,F1711,0.235773716629317,0.0826,0.127354181818182
PHLB1_S6,PHLB1,-0.128881106738548,0.0826,0.127354181818182
BCLF1_S8,BCLF1,0.227770301448395,0.0827,0.127431132646881
CCD86_S20,CCD86,0.306549286427306,0.0827,0.127431132646881
HDAC1_S22,HDAC1,0.499986453014707,0.0829,0.127700635785649
PAR12_S8,PAR12,0.243010478402131,0.082992431852835,0.127804326049402
AAKG2_S2,AAKG2,-1.10911951029621,0.0831,0.127931255673222
6PGL_S6,6PGL,-0.673056960375322,0.0836,0.128623162987602
ADH1A_T10,ADH1A,-0.975887487804029,0.0836,0.128623162987602
FA53C_S1,FA53C,-0.31518693566152,0.0839,0.128967734138973
MY15B_T6,MY15B,-0.473410069188994,0.0839,0.128967734138973
RD23A_S12,RD23A,0.397905803076773,0.0839,0.128967734138973
NOC2L_S8,NOC2L,0.680933751215532,0.0844,0.129697130776201
PLIN5_S3,PLIN5,0.258774466511441,0.0846,0.129965217391304
ZC11A_S3,ZC11A,0.312032713330179,0.084891503301592,0.130373670026713
PALM3_S2,PALM3,-0.646880929659742,0.0851,0.130654435727218
LARP1_S4,LARP1,0.404553264187119,0.0852,0.130729071170084
MTSSL_S8,MTSSL,-0.23903708455123,0.0852,0.130729071170084
CRTC3_S5,CRTC3,0.250410828162482,0.0856,0.131303225806452
CIC_S24,CIC,0.304816532791515,0.086,0.131877034358047
ANK1_S5,ANK1,0.750307134189553,0.0864,0.132450497137692
CE170_S1,CE170,-0.411725030267204,0.0865,0.132523938572719
G3P_T20,G3P,0.892579538765665,0.0865,0.132523938572719
RS3_T7,RS3,-0.168756257941661,0.0871,0.133403010234798
RHG21_S3,RHG21,0.223631240036686,0.0877,0.134281552813723
GAB2_S1,GAB2,0.311337976560905,0.087939979961626,0.134608489183139
RAF1_S1,RAF1,0.643811011530797,0.088,0.13465984962406
CAMP1_S1,CAMP1,0.82926554218016,0.0881,0.134772339146121
CALD1_S2,CALD1,-0.948737016684702,0.0884,0.135190622182146
C2CD5_S14,C2CD5,-0.0929523397900127,0.088477302826065,0.135262240913187
SC16B_S2,SC16B,0.317951621385962,0.0885,0.135262240913187
MTCL1_S4,MTCL1,0.276749306056878,0.0886,0.135374414414414
CT2NL_S14,CT2NL,0.547132967335738,0.089,0.135944761332933
ACACB_T8,ACACB,0.274803832633117,0.0893,0.136321152115212
SMAP_S3,SMAP,-0.0641988684310372,0.0893,0.136321152115212
ETV6_T4,ETV6,0.545739876784902,0.0895,0.136585482903419
SMC5_S3,SMC5,0.372180600538735,0.0898,0.137002218890555
AT8B1_S1,AT8B1,0.29598111100626,0.0905,0.138028776978417
ZNRF2_S1,ZNRF2,-0.111804041883038,0.0907,0.138292358405754
SOX5_S4,SOX5,0.255801914434713,0.0911,0.138860635110845
AK1C1_S5,AK1C1,1.79388353127979,0.0913,0.138998922800718
AK1C2_S5,AK1C2,1.79388353127979,0.0913,0.138998922800718
AK1C3_S5,AK1C3,1.79388353127979,0.0913,0.138998922800718
AK1C4_S5,AK1C4,1.79388353127979,0.0913,0.138998922800718
TOIP1_T9,TOIP1,0.724988141151413,0.091493507799801,0.13922009569378
M3K2_S3,M3K2,0.447743338298983,0.0915,0.13922009569378
K1C18_T4,K1C18,0.532034887168791,0.0917,0.13948269058296
PRC2C_S1,PRC2C,0.589763371287723,0.0921,0.140049252839211
CCDC6_S15,CCDC6,0.26284746540149,0.0922,0.140143957027753
ADDA_S5,ADDA,-0.723984137358943,0.0923,0.140143957027753
AT2A2_T5,AT2A2,0.309681524203968,0.0923,0.140143957027753
AT2A3_T5,AT2A3,0.309681524203968,0.0923,0.140143957027753
DCK_S4,DCK,-0.5038367917962,0.0923,0.140143957027753
UBP20_S2,UBP20,-0.512992538699579,0.092702591860903,0.140713242060941
WDR44_S12,WDR44,0.82947002911282,0.0929,0.140970832090665
ITSN2_S3,ITSN2,-0.052113927653614,0.0931,0.141148033373063
LRRF2_S13,LRRF2,0.0195789589506456,0.0931,0.141148033373063
RHG09_S2,RHG09,1.19709516526947,0.0931,0.141148033373063
ABLM3_S1,ABLM3,-0.0306861964385776,0.0933,0.141409115281501
SQRD_T16,SQRD,1.46117452892187,0.093610018853766,0.14183674089576
FYB_S11,FYB,0.346277959680393,0.0939,0.142233760047633
TRAP1_S1,TRAP1,-0.015382169826558,0.094,0.142342857142857
ECHD1_S1,ECHD1,0.736115362487213,0.0941,0.142409518143962
SHRM3_S1,SHRM3,0.561856673058939,0.0941,0.142409518143962
SNX17_S3,SNX17,-0.721483905800705,0.0942,0.142518465655665
OSTB_S16,OSTB,-0.221537059620074,0.0944,0.142778596908442
RPGF2_S3,RPGF2,0.387972377721677,0.0948,0.143340980683507
PKN1_S18,PKN1,0.910831652399004,0.0949,0.143449554367201
MARE1_S5,MARE1,0.616060484873631,0.095121464766398,0.143741613522849
PRC2A_S20,PRC2A,0.498332708603703,0.095243195278432,0.143882831822049
RHG01_S5,RHG01,0.348745987761128,0.0953,0.143883204747774
T176B_S10,T176B,0.533389156372829,0.0953,0.143883204747774
PP6R2_S3,PP6R2,-0.528645338757615,0.096,0.144897063185998
NIPA_S5,NIPA,-0.151655690340222,0.09619722374252,0.145151682800101
KPBB_S3,KPBB,-0.677023921505991,0.0969,0.146125429756965
TSC2_S3,TSC2,0.449164751455043,0.0969,0.146125429756965
S2546_T13,S2546,0.414063170326294,0.097,0.146232888888889
NCOR2_T9,NCOR2,0.370375713890249,0.0979,0.147502280130293
ZC3HD_S4,ZC3HD,0.308921259643834,0.0979,0.147502280130293
GLCI1_S4,GLCI1,0.00421806613321583,0.098,0.147565551938443
TNS2_S8,TNS2,0.359304213633493,0.098,0.147565551938443
PRC2B_S9,PRC2B,0.246884503825858,0.0981,0.147672426035503
K2C8_Y12,K2C8,0.561844055887785,0.0986,0.148337315198108
OCAD1_S3,OCAD1,-0.218882437375667,0.0986,0.148337315198108
ZCCHV_S4,ZCCHV,0.226288956940567,0.099,0.148895063553059
TBX3_S8,TBX3,0.648302831680686,0.0991,0.149001418439716
ZO3_S11,ZO3,-0.604657081189242,0.0995,0.149558641063516
PDLI1_S20,PDLI1,-0.431310978475491,0.0998,0.149920992028344
TAU_S4,TAU,-0.468659919718647,0.0998,0.149920992028344
AIF1_S2,AIF1,-0.336161163935192,0.0999,0.150026918536009
DIP2B_S6,DIP2B,0.251309981471626,0.100073822357089,0.150243614090548
EI2BE_S3,EI2BE,-0.642167755272047,0.100118952434326,0.150267029494351
ELF1_S9,ELF1,-0.204386610155539,0.10050046315961,0.150795150857003
PHLB2_S19,PHLB2,-0.0607246391596179,0.100579720201089,0.150827543983797
PCIF1_S3,PCIF1,-0.210145362195519,0.100581339767497,0.150827543983797
TENS1_T4,TENS1,0.89772075233684,0.100866867720441,0.151211144066471
ABLM3_Y17,ABLM3,0.646010046025795,0.100959976490284,0.151306144442582
HNRPC_S3,HNRPC,-0.286519809910729,0.100996189393083,0.151315845592464
USP9X_S15,USP9X,0.462272208704602,0.101252072336224,0.151627960803751
PML_S3_S12,PML,-0.15922691073357,0.101264113760052,0.151627960803751
MP2K3_S13,MP2K3,-0.512858297015484,0.101755085042831,0.152273491969978
MP2K6_S13,MP2K6,-0.512858297015484,0.101755085042831,0.152273491969978
SF3B1_T13,SF3B1,0.351753071360043,0.102833031726807,0.153841360019404
M3K3_S6,M3K3,0.300088391665526,0.102871872848114,0.153854229585892
AT2B1_S3,AT2B1,0.568573886346671,0.103130042213242,0.154195020505723
CLK3_Y1,CLK3,0.277760031133507,0.103796000145702,0.155145137703094
DCP1B_S25,DCP1B,0.202948511575001,0.104076756171797,0.155519099971249
SYNJ2_S4,SYNJ2,-0.320676668385274,0.104209783194754,0.155672159980889
PKHA6_S10,PKHA6,0.23010088061351,0.104640208665113,0.156224621041243
SSH3_S3,SSH3,-0.791614223782703,0.10464101975404,0.156224621041243
RIPK1_S3,RIPK1,0.197919986403572,0.105601047389742,0.157611654185687
FARP1_S11_S17,FARP1,1.28080397614254,0.105669289547565,0.157667256662173
AMPL_S1,AMPL,0.512838613479558,0.106245595266438,0.158480676844221
PCBP1_S10,PCBP1,0.179295208797015,0.106473612873109,0.158774250380533
TRIO_S2,TRIO,0.223446576911171,0.106735463409638,0.159118089020873
ANK3_S3,ANK3,-0.361973243354193,0.106786209628451,0.159147110307428
MILK1_S10,MILK1,0.167085775439131,0.10685507667023,0.159203112766656
ARHGH_S12,ARHGH,-0.218336145597996,0.106943496304446,0.159244986591961
RB15B_S11,RB15B,0.197179565432518,0.106945778141653,0.159244986591961
ABLM1_T2,ABLM1,-0.279908935900562,0.10846207278588,0.161455537254113
NEK4_S3,NEK4,-0.492651933137461,0.108497856852045,0.161461566441417
IF16_S6,IF16,0.256214319155368,0.108852392255804,0.161941804619161
WBP4_S3,WBP4,0.112288497838337,0.109451175354284,0.16278502782888
GRM1A_S5,GRM1A,-0.0359588513518937,0.109537702724268,0.162866110888684
AKA12_S8,AKA12,0.246071060870374,0.109766887995205,0.163159195477535
LARP1_S5,LARP1,0.0259707204803845,0.109891561862791,0.163296806880222
LSP1_S15,LSP1,0.323838871618417,0.110391067369667,0.163991168110034
MAP1A_S16,MAP1A,0.446384842837905,0.110813768652076,0.164571060975412
3BP5L_S7,3BP5L,0.316306301227727,0.110912275565848,0.164669290364469
PRSR2_S1,PRSR2,-0.102578354134872,0.111023462897957,0.164786283321122
APC1_S9,APC1,0.106853557649,0.111285674290166,0.16512729973414
SEPT7_S8,SEPT7,1.52855279906448,0.111733050480284,0.165742787417984
RTN4_S2,RTN4,0.553490621089978,0.112222892531163,0.166420891051751
STK10_S4,STK10,1.44441882210667,0.112738148273403,0.167136275761968
S38A4_S11,S38A4,-0.417897287600242,0.112968008973514,0.167428263809274
DEN1C_S3,DEN1C,0.367459392993027,0.113177472190808,0.167689859786497
GTPB1_S17,GTPB1,0.350306354995288,0.11407309064917,0.168967652175539
TIM8A_S1_S3,TIM8A,1.21779474629851,0.114277322532185,0.169220901351501
CA226_S3,CA226,-0.192940481275168,0.114365718120563,0.1693025236536
FOXK1_S5,FOXK1,0.352816570485713,0.114548228663511,0.169460895638786
ZCH24_S3,ZCH24,0.37828257363474,0.114564604966237,0.169460895638786
BRAF_S1,BRAF,-0.232403653496161,0.114572618120563,0.169460895638786
SYNRG_T3,SYNRG,0.479935478959449,0.114732416300479,0.169647932036279
PAXX_S2,PAXX,0.608889449171746,0.1148675559153,0.169798409208904
RT36_S4,RT36,0.292800693438123,0.115058494586358,0.17003125775643
RHG15_S3,RHG15,0.49340669213128,0.115225023049628,0.170227908616872
WNK1_S8,WNK1,-0.0355245884160334,0.11533956409598,0.170347663895601
TMG4_T2,TMG4,0.135423539400794,0.115566355902688,0.170633087299152
DCDC2_S10,DCDC2,0.31249194884434,0.115686207337267,0.170760494033076
BICC1_S3,BICC1,0.0232089148175962,0.115769692119423,0.170819787033208
CTBP2_S42,CTBP2,0.274413237300377,0.115816887286316,0.170819787033208
HUTH_S1_T3,HUTH,0.503723678157416,0.115827096160489,0.170819787033208
PP6R1_T33,PP6R1,0.480595252507545,0.115872961921505,0.170837910824867
B2L13_S2,B2L13,-0.469619149900411,0.116298232245372,0.171415239184372
G3BP1_S3,G3BP1,0.319294750016077,0.116358966742139,0.171424842816994
TPC10_S4,TPC10,0.127639348442166,0.116372131896599,0.171424842816994
HDAC2_S22,HDAC2,0.489999666624636,0.116507325730621,0.171534211177395
GPBP1_S12,GPBP1,0.772639345035381,0.116513803818608,0.171534211177395
ARMC1_S3,ARMC1,-0.252122088066695,0.11662421896573,0.171647100404291
ST2A1_S2,ST2A1,0.216638140905978,0.116676453543853,0.171674319153014
GP1BB_S6,GP1BB,0.884077154460688,0.116957193403776,0.172037640947792
SAMD1_S11,SAMD1,-0.51548835789329,0.117423491419219,0.17267361975173
TBC24_S32,TBC24,-0.207641067630924,0.117617165930537,0.172908448498865
HNF4A_S3,HNF4A,0.262187384070634,0.117940481554108,0.173333671330821
LIMC1_S1,LIMC1,-0.349077734575926,0.118005392862535,0.173378988993525
LEUK_S3,LEUK,0.175666715048885,0.118175682817617,0.173579062983844
PKHG3_S4,PKHG3,0.542340558146657,0.118227592311264,0.173605191826757
RALY_S14,RALY,0.37461914577893,0.118809150807618,0.174408816880889
BOK_S1,BOK,0.412401501364587,0.119136257762693,0.174838557685775
VIME_S10,VIME,-0.0280026411696192,0.119302564569638,0.175032136254417
M21D2_S3,M21D2,0.241850235303068,0.119607737490311,0.17542927885578
TM55A_S9,TM55A,0.266201381927489,0.119679127709426,0.175483401090939
SYNP2_S7,SYNP2,-0.217704969619735,0.120339656621654,0.176401086975216
KANK2_S10,KANK2,0.0625682595754022,0.120745537594141,0.176945073525055
PP1RA_S4,PP1RA,0.209700208125937,0.120797257281476,0.176969894917406
SHAN3_S1,SHAN3,0.27505758493769,0.121016448984158,0.1772399805502
AKA12_S7,AKA12,-0.576886651552274,0.121573796672317,0.17800502948741
RHDF2_S3,RHDF2,0.222576616591112,0.121913876201532,0.178451611655177
DCDC2_S4,DCDC2,-0.207364581519505,0.122129683637421,0.178716085805924
CP2B6_S3,CP2B6,-0.351588688373979,0.122197980326503,0.178758663851273
DP13A_T1,DP13A,-0.744608858402034,0.122229047079123,0.178758663851273
GGYF2_S9,GGYF2,0.306640691725608,0.122496190253304,0.179097878163451
CK084_S3,CK084,-0.189850861625272,0.122692343570257,0.179313587463945
VINEX_S10,VINEX,0.0588208865723602,0.122714212175601,0.179313587463945
ATX2L_T6,ATX2L,0.428789938796997,0.123559014777629,0.180496200743203
ASPD_S10,ASPD,0.218993142944438,0.123795037607277,0.180789079031523
FLNA_S17,FLNA,0.19572520763109,0.123919480561077,0.180918885823461
RRBP1_S8,RRBP1,0.779564234541072,0.12441234490085,0.181586348495561
RAF1_S3,RAF1,-0.0328839209780028,0.124649543424361,0.181880377672254
VCIP1_S3,VCIP1,0.318629469813067,0.125444957783892,0.182988516400356
TNIK_T2,TNIK,-0.405614195795427,0.125729438074984,0.183350926031963
PDLI2_S3,PDLI2,0.0897187826222254,0.12596314234299,0.183639102647889
IF4B_T6,IF4B,-0.384640242733831,0.126909109367224,0.184948017936546
RPTOR_S3,RPTOR,-0.554765308001921,0.12693366325362,0.184948017936546
FNBP1_S3,FNBP1,-0.135693471286131,0.127844044712763,0.186196670057267
TLE1_S5,TLE1,0.205539767030719,0.127863829634452,0.186196670057267
KANK2_S1,KANK2,-0.116725383806095,0.128252187334345,0.186708763707338
MPRIP_S20,MPRIP,0.279465906555985,0.128335727839361,0.186776940287949
CSPG2_S16,CSPG2,1.38667607836392,0.129082845397453,0.187810556872245
BCKD_S3,BCKD,-0.172036014791342,0.129178123651541,0.187826749605569
GTR10_S3,GTR10,-0.467668632151305,0.129193952809512,0.187826749605569
LRP1_T2,LRP1,-0.327065450813532,0.129204721623328,0.187826749605569
VP13D_S3,VP13D,-0.299000163009326,0.12933255230396,0.187958876356055
TENS3_S28,TENS3,0.0912283950153988,0.129468949158497,0.188103373306234
NOP56_S8,NOP56,0.0565458712620985,0.130623942110001,0.189727267329627
M3K2_S4,M3K2,0.482205686259294,0.130785517183433,0.189907737280053
ALKB5_S3,ALKB5,-0.0848835774219129,0.132234762715808,0.191957338858211
SSH1_S2,SSH1,0.226585311696404,0.132477172605884,0.192202069639021
PAR1_S11,PAR1,1.64021526488021,0.132478902952839,0.192202069639021
KPRB_S2,KPRB,-0.416168118273199,0.132831241100704,0.192658310923712
UFL1_S5,UFL1,-0.206579315288655,0.133042399205071,0.192909583116387
SF3B1_T4,SF3B1,0.570039267792308,0.133241602133515,0.193143382237984
PRIPO_S3,PRIPO,0.223194402866338,0.134290654265208,0.194608615466072
PI4KA_T2,PI4KA,0.348522008111433,0.134398404550669,0.194709305909397
RHG24_S7,RHG24,-0.100876742788358,0.134547281899926,0.19486950478418
CTND1_S15,CTND1,0.319832620708196,0.134672432817665,0.194995258445156
MAT2B_S24,MAT2B,0.334222053508563,0.13537410818876,0.195955465850473
ABLM1_T4,ABLM1,-0.348725075744728,0.135433823915063,0.195986147918043
PHF3_S19,PHF3,-0.0669758630984436,0.135709332979906,0.196328998067035
EVI2B_S3,EVI2B,1.71130665728102,0.135771832132594,0.196363582117862
DHB11_S1,DHB11,0.224809363670226,0.136387426716977,0.197197848006814
ACINU_S3_S5,ACINU,0.111054362218138,0.136494356030896,0.19729638735375
SFR19_S3_S5,SFR19,0.161630719597448,0.136573615239992,0.19735488620877
PIEZ1_T1,PIEZ1,-0.352649722556079,0.137508805638743,0.198649858912528
SO1B1_S5,SO1B1,-0.55159504140852,0.13763954614066,0.198782290878137
CG043_S3,CG043,0.59498780129991,0.137903832011567,0.199107462336791
KPB2_S6,KPB2,-0.241935355953689,0.138001460289809,0.199156152523311
DEN1A_S5,DEN1A,0.276358562540071,0.138015839975864,0.199156152523311
RHG23_S1,RHG23,0.507647696925518,0.138195758863169,0.199359234787583
HACD3_S3,HACD3,-0.520070633790402,0.138586439447472,0.199866157570504
NP1L1_T7,NP1L1,0.402430070192594,0.138649897293167,0.199901013722764
BAG6_S11,BAG6,-0.42118826728168,0.13918159186712,0.200610747711022
COG3_T13,COG3,0.399617773976193,0.139966715084726,0.201685258099996
NBEL2_T9,NBEL2,-0.286458962788914,0.140196303807859,0.201958888384594
TRIM3_S3,TRIM3,0.250457467628267,0.14056139966178,0.2024275124481
SPTN1_S6,SPTN1,0.344987897336731,0.140646113376668,0.202492197187461
TMX1_S1,TMX1,-0.0427969370352406,0.141184263662773,0.203209486143193
HNRPC_S10,HNRPC,0.247668138362504,0.141718939615772,0.203891276324258
PKHA4_S4,PKHA4,0.589033983693467,0.141738098340979,0.203891276324258
TCOF_S3,TCOF,-0.186410747252426,0.142688939726165,0.205201052947068
LAD1_S3,LAD1,0.292259786722705,0.142755859944638,0.205239280982853
PP6R2_S9,PP6R2,0.297991290306696,0.143113615182173,0.205695501143191
BIN2_S9_S23,BIN2,0.805710649867381,0.143252592489037,0.205837105502463
PLPL6_T11,PLPL6,0.190875780164915,0.1436482049036,0.206347280222901
NUFP2_S3,NUFP2,0.0761086491298051,0.143862577008622,0.206596892977665
LMNA_S2_S5,LMNA,-0.423137414063257,0.144062950714924,0.206826267843548
INT3_S9,INT3,-0.234781446940238,0.144623848231527,0.207572959041469
SMRC2_S3_S5,SMRC2,0.18145596610097,0.144696460042653,0.207618609333621
NDRG3_S3,NDRG3,-0.0717091415097285,0.144867864076738,0.207805946552704
RUBIC_S1,RUBIC,0.450944873759107,0.145095303417615,0.20805621339894
WNK1_S16,WNK1,0.540313946779465,0.145124115831926,0.20805621339894
B3A2_S6,B3A2,0.395406443240059,0.14524477878351,0.208163074259457
APOB_S3,APOB,0.401013900710357,0.145280478910246,0.208163074259457
RAB13_S1,RAB13,0.00360171033088176,0.145595348646303,0.208555499412272
MIA3_S13,MIA3,-0.00325578180093642,0.145664235346679,0.208595448759894
PHLB1_S10,PHLB1,-0.443562299419212,0.146245069324088,0.209368292830883
CAMP3_S5,CAMP3,-0.130422561653966,0.146362147315899,0.209476963584612
FRYL_S1,FRYL,0.164443090461187,0.14653916589118,0.20964109297105
LMNA_S3_S5,LMNA,-0.316375245684631,0.146578107582419,0.20964109297105
ATX2_S1,ATX2,0.386659811103808,0.146600434117727,0.20964109297105
SPTB1_T1,SPTB1,-0.125185219097629,0.147491590016986,0.210856198372134
3HAO_S3,3HAO,0.411851796666086,0.147554064736537,0.210886258814466
OCLN_S2,OCLN,0.806898447395504,0.147922818215178,0.211353917180237
COPA_S3,COPA,-0.112628331527929,0.148126918801539,0.211573780748952
FLNB_S1,FLNB,-0.326654170695814,0.14815986258029,0.211573780748952
GAB1_S2,GAB1,0.365738711885185,0.148230387827157,0.211615099120251
MIA3_S21,MIA3,-0.482272326806308,0.148692732743994,0.212215602861554
SKT_S11,SKT,0.0512530980152515,0.149218527185217,0.212873052416064
LMCD1_S3,LMCD1,-0.721908392644729,0.149237063279894,0.212873052416064
MT1F_S3_S9,MT1F,-0.403565500111225,0.149374781161341,0.213009777620208
CALX_S3_T11,CALX,0.817703630935111,0.149430622767967,0.213029702617937
LARP1_T7,LARP1,0.310968373610764,0.150039587732564,0.213837933440696
ZCCHV_S10,ZCCHV,0.763834347561766,0.150144194110835,0.213927095949574
ABLM2_S15,ABLM2,0.233589075233307,0.150250521009501,0.213978369621009
MIC25_S3,MIC25,-0.260808368436726,0.150264291402489,0.213978369621009
PI4KA_T1,PI4KA,-0.149940115839077,0.150580469789151,0.21436861507756
LMNB1_S4,LMNB1,0.0535175039646647,0.151476367734513,0.215568758390263
DOC11_S1,DOC11,-0.0544598097802975,0.151508231132779,0.215568758390263
TM134_S5,TM134,-0.180591167807571,0.15179379838602,0.215914690016234
SPTB2_T27,SPTB2,0.338960669883618,0.152001561915551,0.21614978955459
ZN609_S4,ZN609,-0.206604593125804,0.15265987537438,0.217025271278247
PDLI2_S12,PDLI2,0.297097935291997,0.152918698838418,0.217332497120076
YRDC_S6,YRDC,0.0157997477792811,0.153773118366761,0.218485793423647
SNX2_T13,SNX2,0.217136940788884,0.154001070495683,0.218748589246799
KS6A5_S6,KS6A5,0.235386322442095,0.154523171152085,0.219391415319417
IL6RB_S3,IL6RB,0.0714116120083993,0.154539864879086,0.219391415319417
ZZEF1_S2,ZZEF1,0.52044314604924,0.154818487862493,0.219659391211016
GRIN3_S1,GRIN3,0.366999335965869,0.154844912567226,0.219659391211016
SYCC_S6,SYCC,0.69976824191699,0.15485814392176,0.219659391211016
PRAM_S3,PRAM,1.61111401737289,0.154996381286241,0.21979419954972
BCL7C_S17,BCL7C,0.459853119440949,0.155169015276715,0.219977695661166
PAPOA_S2,PAPOA,-0.393609601079071,0.155367594069411,0.220197860341271
SHOT1_T11,SHOT1,0.208855972101965,0.155528169716279,0.220364056674026
PLXC1_S3,PLXC1,0.442174170664227,0.155620090355343,0.220432911950998
CCD86_S8,CCD86,0.168280895521442,0.155877427310577,0.220721199390499
AT11C_S3,AT11C,-0.322672035291122,0.155910375512864,0.220721199390499
ATTY_S15,ATTY,-0.573433339353294,0.156067465145501,0.220882131477137
T22D4_S8,T22D4,0.576684514254791,0.156261139198944,0.221094737554012
CSTFT_S10,CSTFT,0.23780917454358,0.156506048057135,0.221379697668808
AF1L1_S1,AF1L1,-0.0701199932263135,0.156568939050269,0.221407104471309
CING_S6,CING,0.284770444910665,0.156615366707914,0.221411221397573
DCP1A_S6,DCP1A,0.226682521959128,0.156748896118152,0.221538439846988
SMCA4_S6,SMCA4,0.568865466704775,0.157160830280112,0.22205895708559
PEAK1_T12,PEAK1,0.217092950861185,0.157380624887324,0.222300743832807
TM214_S4,TM214,0.190064518985317,0.157419335697642,0.222300743832807
IGG1_S30,IGG1,1.4202372898477,0.157621480351745,0.222462716235694
IGHG1_S30,IGHG1,1.4202372898477,0.157621480351745,0.222462716235694
RCOR1_S5,RCOR1,0.0503172006436505,0.158613914331487,0.223801330038438
NUMB_T1,NUMB,-0.18650342131224,0.159048637577592,0.224352500137174
CRKL_S27,CRKL,0.38660389509087,0.159576229499442,0.225034328074601
AFAP1_S3,AFAP1,-0.147150157570431,0.15989489628042,0.225421233658846
F104A_S17,F104A,0.162912249801849,0.159990883204297,0.225494075829214
PRSR2_S30,PRSR2,0.312257205645386,0.160194163621046,0.22571805718745
CPSF4_S3,CPSF4,0.652752973595185,0.160537410872026,0.226139077108767
DESP_S2,DESP,0.142792916596264,0.160867491165169,0.226541321629776
FGD4_S10,FGD4,0.108458271774158,0.161155354529339,0.226883908092218
SIN3A_S1,SIN3A,0.693676880660874,0.161334837692629,0.227073763258671
LSR_S16,LSR,0.398931413800825,0.161465148032661,0.227194323337992
MAP1B_S9,MAP1B,0.315551142144052,0.161854394060651,0.227679059159688
LAP2A_S1,LAP2A,-0.181000837033953,0.162381673627242,0.228294544187733
LAP2B_S1,LAP2B,-0.181000837033953,0.162381673627242,0.228294544187733
RBM14_T31,RBM14,0.737761127296303,0.162623728088401,0.228571692959609
SYNP2_S17,SYNP2,-0.442797852899045,0.162863007290291,0.228844789034245
PPLA_S3,PPLA,-0.27050813219226,0.162927328947601,0.228871962917005
AMPD2_S4,AMPD2,0.246138300379385,0.163148767734652,0.22911977097265
CUL4B_S12,CUL4B,0.426988614222268,0.163298625180477,0.229266943961994
COF1_S4,COF1,0.158755469601013,0.163423070899613,0.229378368203374
EPN1_S9,EPN1,0.577425064600703,0.163859381349111,0.229927339300683
CO1A1_S14,CO1A1,0.372704891536547,0.164189338505096,0.230326813982335
BMP2K_S1,BMP2K,0.339517842457543,0.164452779993252,0.230632785172455
PITM1_S3,PITM1,0.608937302261747,0.164612515372978,0.230793187714994
DEN1A_S3,DEN1A,-0.126756346497666,0.164699061044057,0.230850915314645
IF4G1_S21,IF4G1,0.214100784428605,0.165176571882402,0.231456457652895
SH3K1_S3,SH3K1,0.018410849016658,0.165870961633143,0.232365488102817
SLK_S6,SLK,-0.244420628930037,0.16661105824037,0.233313338066053
NUDC_S6,NUDC,0.255306140663718,0.166639282730353,0.233313338066053
CARL1_S1,CARL1,0.0271006999373494,0.166941193494609,0.233671744841973
G3P_T14,G3P,0.665092152885093,0.16713697936923,0.233881449678394
GAB1_S3,GAB1,-0.267789904134933,0.168078636905395,0.235069231998457
PHLB2_T14,PHLB2,0.323276410845127,0.168115154185754,0.235069231998457
SHIP1_S5,SHIP1,0.797204644110702,0.16812439764984,0.235069231998457
KI26B_S3,KI26B,-0.307482255704216,0.168630241693946,0.235711722455713
PPIG_S2,PPIG,0.251310397871027,0.168910032070073,0.236037968462656
SRSF4_S8,SRSF4,0.184428749773907,0.168999019682361,0.236097477249822
TM230_S3,TM230,0.306887848323878,0.169120603129926,0.236164729714519
TENA_S15,TENA,0.458209591561692,0.169164910767381,0.236164729714519
4ET_S19,4ET,0.176866888831882,0.169186407195248,0.236164729714519
ASPP1_S3,ASPP1,0.242044091707995,0.169393988053723,0.23638963555056
CCDC6_S4,CCDC6,-0.228122582532011,0.169673684443436,0.236666092724995
H10_S1,H10,0.0113358056911709,0.169687378069216,0.236666092724995
PCF11_S5,PCF11,0.801387330193706,0.169731637648095,0.236666092724995
TB182_S4_S19,TB182,0.510087628255445,0.170418907963486,0.237559288689922
SG223_S9,SG223,0.399162599983849,0.170830577654327,0.238067920872423
CH60_T21,CH60,0.638903398528262,0.170980819574855,0.238159880001189
SYHM_S3,SYHM,-0.258375081695422,0.170990181140791,0.238159880001189
DDX51_S8,DDX51,-0.038297140854664,0.171088932388455,0.238232207989179
TENS1_T12,TENS1,0.232222560954419,0.171190552709901,0.238308490338708
USO1_S14,USO1,0.488482966115733,0.17172634652719,0.238988963657096
SRBS2_S4,SRBS2,-0.303761244668105,0.171834962454139,0.239074730370976
NADK_S3,NADK,0.231597286187856,0.171950870095014,0.239170592412092
SDCG3_S9,SDCG3,-0.171313546201677,0.17211476900597,0.23933313602142
EPN1_S7,EPN1,0.444874913522419,0.172574355131436,0.239879233343032
UBE4B_S13,UBE4B,0.753580598930695,0.172601783268247,0.239879233343032
MPRIP_S17,MPRIP,0.376360915654781,0.17278181830971,0.240063869896178
BIN2_T7,BIN2,0.302790387857648,0.172847891303098,0.240090109459504
ES8L2_S18,ES8L2,0.336203197198678,0.173132600354509,0.240380137194797
41_T4,41,0.874318446803621,0.173151179799318,0.240380137194797
G3BP1_S17,G3BP1,0.304677101499798,0.173421170598397,0.240689284234764
SYQ_S3,SYQ,0.362404767184588,0.17416139225663,0.241650712790219
PATL1_T3,PATL1,-0.216810908609425,0.174567780540464,0.242148546180447
NEK9_S1,NEK9,0.23241778423152,0.174683739040307,0.242243353566934
SFR15_T25,SFR15,0.594479906189185,0.174783927149593,0.242271612405204
TNS2_S4,TNS2,-0.266931817498092,0.174799349280563,0.242271612405204
SH3B4_S9,SH3B4,0.316672379214018,0.175206018212128,0.242769123274321
H4_S1,H4,0.222034284587726,0.175387625529966,0.242954598066013
HNRL2_S6,HNRL2,-0.378786950382593,0.175629409806387,0.243223308953429
MTAP2_T4,MTAP2,0.587173944698618,0.176209633706237,0.243960439808798
NUMB_S3,NUMB,0.0759698235832805,0.176488300753407,0.24427978080341
PHLB2_Y2,PHLB2,0.0637222400648961,0.176560597476828,0.244313385902121
PLEC_S22,PLEC,0.266349853177078,0.177067020236198,0.244944231705743
ZYX_S4,ZYX,-0.548664399061092,0.177151785253013,0.244944231705743
KPCA_T6,KPCA,0.300126630518355,0.177165175919888,0.244944231705743
INF2_S2,INF2,0.167330961850857,0.177236176772036,0.244944231705743
TP53B_S17,TP53B,0.415086487610199,0.177257205412843,0.244944231705743
LMNA_S4,LMNA,-0.324512022058137,0.177687402237885,0.245472034370448
GRP2_S3,GRP2,0.119149978171296,0.178000994314492,0.245789800149672
FBLN5_T2,FBLN5,0.537931262924432,0.1780140356823,0.245789800149672
MARK3_S1,MARK3,0.485215906560223,0.178305656277383,0.246125659017722
MLTK_S11,MLTK,0.448666669134148,0.179051020313117,0.24708749426448
ASAP1_S7,ASAP1,0.206688999834446,0.179579005612247,0.247748910128827
TENS1_S7_S35,TENS1,1.02355389529764,0.179846878102958,0.248051210568677
NUP98_T3,NUP98,-0.239631604760862,0.180447403911928,0.248783943248534
EMAL4_T14,EMAL4,0.379904445923202,0.18052356702365,0.248783943248534
B4GT1_S25,B4GT1,0.173892525944041,0.180555754224323,0.248783943248534
PCBP1_S11,PCBP1,0.184526699751194,0.180573722959284,0.248783943248534
DYN2_T25,DYN2,0.38233912231325,0.18153409282836,0.250039378535651
RPGF1_T2,RPGF1,-0.254670441811623,0.182119405290013,0.250777681763352
THIK_S1,THIK,0.17568528293625,0.182224386905718,0.250854350805274
ARFG1_S3,ARFG1,0.274343001996541,0.182659378231867,0.251385154569581
TGON2_S3,TGON2,0.0653998917422772,0.183457922300181,0.252369984679908
ECH1_S4,ECH1,0.775933460514521,0.183490733575285,0.252369984679908
S27A2_T3,S27A2,-0.182795382585356,0.183523770305751,0.252369984679908
RCC1_S3,RCC1,-0.291656393423851,0.183650687356614,0.252476275944461
CDC27_S24,CDC27,0.791845070958364,0.184161967997566,0.253110776113348
TF65_S2,TF65,-0.290793260374863,0.184292011503779,0.253215496018839
FA65A_S3,FA65A,0.380047715285772,0.184337696001136,0.253215496018839
SPE39_T13,SPE39,0.385769636053538,0.184712903469223,0.253662416424131
NUCB1_S4,NUCB1,-0.708069617219409,0.185086870196021,0.254107392217311
XRN2_S18,XRN2,0.287932914017548,0.185576653987698,0.254711091310873
MFR1L_S2,MFR1L,0.0850479262618754,0.18567309943983,0.254774738389928
ARHGG_S1,ARHGG,-0.206104619007876,0.186247138589039,0.255493513383939
SNW1_S4,SNW1,-0.259340511031318,0.186719831150634,0.256072911292298
NUFP2_S2,NUFP2,0.282547206754566,0.186827488561162,0.256151512206735
PALM3_S18,PALM3,0.459735800074598,0.187194294761088,0.256585283336319
ILF3_S8,ILF3,-0.430856236108351,0.187316227426768,0.256683265593158
SEPT4_T4,SEPT4,0.552118832948918,0.187532679308376,0.256910681831184
MBD1_S16,MBD1,0.00598935643256933,0.189112791282712,0.259005621008463
ZO2_S15,ZO2,0.166260853724598,0.189672002498337,0.259630183402721
UBP2L_S16,UBP2L,-0.176447195533363,0.189721694992003,0.259630183402721
ZCHC8_T2,ZCHC8,0.643039548210418,0.189721898956627,0.259630183402721
SEPT2_S9,SEPT2,0.00345253947485634,0.190002471298217,0.259944225320067
ABLM1_S12,ABLM1,-0.11045552333638,0.1902005537295,0.26012877860663
LRWD1_S3,LRWD1,-0.221444741719825,0.190239619731775,0.26012877860663
PPHLN_S1,PPHLN,-0.48999241080734,0.190450574102772,0.260347265189388
ZBT21_S5,ZBT21,0.526976042033095,0.190673243472086,0.260581644583931
B3AT_S10,B3AT,-0.405032855561916,0.190863340807123,0.26077139581811
EPHB4_S7,EPHB4,0.525148259402123,0.191501485605335,0.26157303590871
KANL3_S5,KANL3,-0.489811862219958,0.192282937847833,0.262455212478653
SCRIB_S5,SCRIB,0.323674365573304,0.192301049601903,0.262455212478653
PKP4_S11,PKP4,0.310629724687737,0.192302089646309,0.262455212478653
GREM2_S5,GREM2,-0.191596177588624,0.192476788335135,0.262623196312461
CGNL1_S4,CGNL1,0.0441897128012612,0.193747334560167,0.264285908375906
AGRA2_S1,AGRA2,-0.113757559108802,0.194475839360342,0.265208542124208
HCFC1_S25,HCFC1,0.318701706577684,0.194887247454721,0.26564599966698
TMF1_T3,TMF1,-0.280576287201956,0.19490104496007,0.26564599966698
MYO9B_S2,MYO9B,0.278817162485349,0.19530905322844,0.266071825184044
K1C18_S2,K1C18,2.2043004335376,0.195318055633334,0.266071825184044
BNI3L_S2,BNI3L,-0.32442169102867,0.195956390049411,0.266869944478427
CGNL1_S2,CGNL1,0.600398110793784,0.196154891026418,0.267068794632704
SRCAP_S19,SRCAP,-0.0389986151740557,0.197541988891883,0.268885403820733
CDK9_S4,CDK9,0.339366277448246,0.197783810540606,0.269142558981172
SRSF9_S2_S7,SRSF9,-0.235124354307868,0.197857265440692,0.269170525818781
PKP4_T1,PKP4,0.405203141829113,0.198224029612666,0.269597397131581
PELP1_T14,PELP1,0.446019161359039,0.198965277426377,0.270533225960825
S38AA_S1,S38AA,0.0540520078224967,0.199344762660689,0.270976797333044
C3AR_S6,C3AR,-0.0467855420170899,0.199414446303515,0.270999119335546
AK17A_S7,AK17A,0.0614134624976746,0.199487289720261,0.271025722322213
COASY_S32,COASY,0.332175177378248,0.199833959884291,0.271424235956026
MTMRA_S3,MTMRA,0.518040801220046,0.200551680185476,0.272326380780278
SRC8_S6,SRC8,0.575332114175653,0.20067517947815,0.27237542808434
AL7A1_S3,AL7A1,0.473201655142742,0.200694866330226,0.27237542808434
LT4R1_S3,LT4R1,1.03516979905687,0.201032979515913,0.272761546607191
DPYL3_T3,DPYL3,0.50993165921079,0.201264065885731,0.272973294949834
MAP1B_T4,MAP1B,0.450625773954604,0.201296344860805,0.272973294949834
ANS1A_S5,ANS1A,-0.102017334494949,0.201512936536365,0.273194196934992
PHLB2_S6,PHLB2,0.350705774155367,0.202336413227625,0.274237525440105
PKP2_S10,PKP2,-0.374716519365321,0.202601784615338,0.274485665619565
FKB15_S4,FKB15,0.630597128149601,0.202627389950292,0.274485665619565
PITM2_S3,PITM2,0.155547164857537,0.20321775886163,0.275212125921739
AP2A1_S4,AP2A1,-0.345493196158497,0.203287160727851,0.275232856248884
SKAP2_S4,SKAP2,0.680412866782654,0.203389094692087,0.275258774953241
ICLN_S17,ICLN,-0.0236634322597121,0.203414503503181,0.275258774953241
GRDN_S3,GRDN,0.371637358448619,0.203569148944157,0.275394796550883
DTD1_S3,DTD1,-0.301506770463315,0.204593933488813,0.276661742617382
TLK1_S14,TLK1,0.424908851871026,0.204614413810772,0.276661742617382
PRSR2_T6,PRSR2,0.675237260975339,0.205046545564628,0.277172376151123
PRC2A_T3,PRC2A,0.699057781922956,0.20546962863496,0.277670510091548
S39AE_S7,S39AE,0.711637306448988,0.206443271515305,0.278778998825591
C170B_S5,C170B,-0.282985850501998,0.206490579294881,0.278778998825591
MTA70_S3,MTA70,0.185886205444257,0.206493712456282,0.278778998825591
TBCD1_S1,TBCD1,-0.428045230636307,0.20650905003413,0.278778998825591
LARP4_S5,LARP4,0.316520301177745,0.206991757271437,0.279356514853335
SYNP2_S16,SYNP2,0.360838159131558,0.208184540020146,0.280891789876028
TENS1_Y2,TENS1,0.212713173460144,0.208417844578399,0.281132023651881
FBN1_S8,FBN1,0.304503246297355,0.208528537365961,0.281206784552878
TP53B_S9,TP53B,-0.146103390075346,0.208987335021967,0.281750810967612
S4A4_S6,S4A4,-0.0308322530937312,0.209517683356822,0.282390986203844
VINC_S4,VINC,-0.672148401914982,0.210168369478443,0.283192972432817
PAWR_S4,PAWR,-0.0388253828014618,0.210410392905844,0.283444024120978
H15_S1,H15,0.0197233134028281,0.211061826738554,0.284186443727561
ABL2_S3,ABL2,-0.182441153299599,0.211073225402212,0.284186443727561
GOLM1_S8,GOLM1,0.16190843524516,0.211160216225988,0.284228354539108
GPAT3_S4,GPAT3,0.84222379156527,0.211344582561925,0.284401279046568
SSF1_S4,SSF1,0.18563278068284,0.212301653286683,0.285540406386124
SHRM4_S3,SHRM4,-0.0828291787191058,0.212303332814211,0.285540406386124
DDX3X_S2,DDX3X,0.50213251085001,0.212360630888878,0.285541989947836
ES8L2_S19,ES8L2,0.156771921208968,0.212691250886743,0.285877902404469
PCBP2_S13,PCBP2,2.31224963914196,0.212722825963703,0.285877902404469
VASP_S6,VASP,0.0279623159243533,0.213093354116896,0.286300233891409
PROSC_S3,PROSC,-0.415251194926402,0.213823590889335,0.287205499061493
RER1_S9,RER1,-0.132180998723888,0.213953114109066,0.28730362749721
PLEC_T3,PLEC,0.212439242113175,0.214256504612191,0.287635117537422
OSB11_S1,OSB11,1.35649247928844,0.215786743977208,0.289613018558701
NDRG1_S5,NDRG1,-0.295586960529599,0.215919286336658,0.28968801582276
DOC11_S6,DOC11,0.634994724921277,0.215956494499947,0.28968801582276
KCC2B_S3,KCC2B,0.261103130755942,0.216443852601968,0.290265240389777
NEST_S13,NEST,0.441429310220393,0.21738687810786,0.291453079265558
NUFP2_T1,NUFP2,0.122132318159333,0.218047511759922,0.292261786047019
HSPB1_S11,HSPB1,0.309467506085601,0.218239569649471,0.292442172867134
STT3B_Y3_Y5,STT3B,1.00008985964647,0.218467013513484,0.292669869604162
FLNB_S6,FLNB,0.190429077289561,0.218867535162407,0.293129249514695
TIF1B_S11,TIF1B,-0.538398947451454,0.219510890424576,0.293913529073748
ADX_S3,ADX,0.488904468730686,0.219849448077516,0.294289395374481
LAR1B_S9,LAR1B,0.230327595841089,0.219921906508674,0.294308958526074
NU214_S7,NU214,-0.163388067995275,0.220320805059685,0.294706110874293
PVR_S3,PVR,-0.315910541705023,0.220334521573469,0.294706110874293
TENS1_S18,TENS1,0.717701398618963,0.221164215813573,0.295738115652946
AFAD_T15,AFAD,0.193909602417613,0.221787717258902,0.296430896398599
MRCKB_S9,MRCKB,-0.329469445795773,0.221831745670189,0.296430896398599
ZEP3_S3,ZEP3,0.223507128990203,0.221857085983857,0.296430896398599
PGRC2_Y11,PGRC2,-0.288597009528112,0.22210278734917,0.296681276459065
RBM15_S5,RBM15,0.419102063911694,0.222254512760418,0.296785280500167
RPGP2_S3,RPGP2,-0.296189374426803,0.222297308173376,0.296785280500167
UBXN1_S21,UBXN1,0.441665077986046,0.22258827249598,0.297095784485715
SRSF1_S8,SRSF1,0.349921696992619,0.222954039461357,0.297505940933487
ZNT1_S7,ZNT1,0.476560387339433,0.223953929553783,0.298761823169808
KI13B_S5,KI13B,0.297200918793736,0.224183214037278,0.298989303544343
CENPB_S7,CENPB,0.585722674934506,0.224485927016785,0.299314569355713
SMAG1_S3,SMAG1,-0.175729138925425,0.225905355651031,0.301128228858382
RIN2_S3,RIN2,0.115358924111086,0.226400304836501,0.301666176243348
RGPA1_T3,RGPA1,0.196670483707394,0.226427501390202,0.301666176243348
ABLM1_S2_S17,ABLM1,0.400218221613878,0.226524869251881,0.301716893914547
IQGA2_S10,IQGA2,-0.2062069366329,0.226650832483041,0.301805662306651
FR8P1_S1,FR8P1,-0.380314559891236,0.227232421869685,0.302421805512152
FRMD8_S1,FRMD8,-0.380314559891236,0.227232421869685,0.302421805512152
SASH3_S3,SASH3,0.450565202220034,0.227341579901348,0.302452600665753
TM1L1_S22,TM1L1,0.528882254210087,0.227405114887934,0.302452600665753
PKP2_S13,PKP2,0.145753616742659,0.227433893503768,0.302452600665753
PKHA4_S2,PKHA4,0.250394064820277,0.228235795826975,0.303361946711525
SHRM2_S5,SHRM2,0.0599160034006719,0.228236936323058,0.303361946711525
PAK2_S1,PAK2,0.499336363951547,0.228319877510099,0.303392932037447
TP53B_S18,TP53B,0.131094161210281,0.228442266832855,0.303476306434874
EVI2B_S4,EVI2B,0.437951064630554,0.228557363743962,0.303549952161127
K1C19_S6,K1C19,0.668940679674608,0.229413526277635,0.304607521320618
ARHG2_T14,ARHG2,0.0834343021771497,0.230165692478855,0.305526491868618
MRCKA_S3,MRCKA,0.191348013949435,0.23039176952616,0.305746824034716
AKA12_S3,AKA12,-0.402274163441679,0.2305227808774,0.305840915020655
PITM3_S3,PITM3,0.247050418507671,0.230650272061694,0.305930287864937
CCM2_S3,CCM2,0.215204203815703,0.231004210720322,0.306319891619755
MCEE_S1,MCEE,-0.358458819225599,0.231879080459987,0.307324309107052
SC16B_S15,SC16B,0.583212735267011,0.231923904470417,0.307324309107052
MAP1B_S6,MAP1B,0.292273134762227,0.231942874797775,0.307324309107052
LMNA_S2,LMNA,-0.16203681326611,0.232263805676115,0.307669420275989
COPB2_T15,COPB2,0.456840722480024,0.232533510353009,0.30794651240919
HUWE1_S1,HUWE1,0.500410646880408,0.232730298201866,0.308126920960472
EPS15_S15,EPS15,-0.151065245621635,0.232949611476955,0.308299237288585
LAT4_S3,LAT4,0.236929784477264,0.232981636669538,0.308299237288585
PLAP_S8,PLAP,0.339191799466035,0.233119283770854,0.308401174161754
U2AF2_S12,U2AF2,0.552253628816229,0.233603939670122,0.308962008069036
SENP3_S4_S16,SENP3,0.0222396989320873,0.234673107107188,0.310278377572208
CDK12_Y10,CDK12,0.998893304067435,0.234721201901617,0.310278377572208
P121C_S1,P121C,0.278995188669626,0.235268672137524,0.310895486629283
TMCC1_S5,TMCC1,0.671424250805226,0.235310243515992,0.310895486629283
JIP4_S3_S5,JIP4,-0.100355932345664,0.235520358899459,0.311092312066575
CCDC6_S3,CCDC6,-0.0201948054755703,0.235672923871135,0.311213038322433
CYBR1_S7,CYBR1,1.25855961065959,0.23600119237397,0.311565663414312
DOCK7_S11,DOCK7,-0.205412391514381,0.2362499630015,0.311813180739723
DNJC1_S16,DNJC1,0.266912047634545,0.237674457050183,0.31361193917825
CPZIP_S1,CPZIP,-0.121112260106257,0.23846390055993,0.314572031643486
MAST2_S7,MAST2,-0.0237081091135798,0.238840140869517,0.31490598653907
AFAP1_S4,AFAP1,0.378088205519041,0.238840841598717,0.31490598653907
B2L13_S6,B2L13,0.234639079940911,0.23910130661703,0.315167732659961
MRCKB_S15,MRCKB,0.156611767004574,0.23929936290522,0.315347101388697
PP4R2_S10,PP4R2,0.239547285180899,0.239832108420034,0.315967314251976
ANXA2_T9,ANXA2,0.168550574607381,0.240070851047055,0.31611813926693
AXA2L_T9,AXA2L,0.168550574607381,0.240070851047055,0.31611813926693
DAB2_S20,DAB2,0.249756900258212,0.240214447023879,0.316165608637538
MARCS_S13,MARCS,0.0813684497721778,0.240250754283733,0.316165608637538
SPTB2_S30,SPTB2,0.622260800029393,0.240293319300582,0.316165608637538
SRCAP_S5,SRCAP,0.257395811087356,0.240742071549205,0.316674162368758
PLIN3_S3,PLIN3,0.0204902935605663,0.241030373903012,0.31697145061218
TB182_S7,TB182,-0.208107805324218,0.241819599956899,0.317927163974342
CRIP2_S3,CRIP2,-0.559029800827796,0.242406469367882,0.318616408200409
LMNA_S6,LMNA,-0.571895881425979,0.242760696019837,0.31899959229053
E41L2_S29,E41L2,0.811604388877297,0.242837750924585,0.319018455126333
P33MX_S15,P33MX,0.161585152050274,0.242987883577495,0.31913328643322
FRM4A_S12,FRM4A,-0.129920737580982,0.24343463476645,0.319637528178503
ARHGH_S15,ARHGH,0.550739565994859,0.2440057669441,0.320304783852317
BRD4_S2,BRD4,0.166029020267482,0.244119375921153,0.320371262493378
DESP_S5,DESP,-0.368206334392499,0.244326971690278,0.320561019071721
PICAL_S17,PICAL,0.175926583447996,0.244766907112084,0.321055432685301
SRC8_T3_T13,SRC8,0.289774541736866,0.244979772041112,0.321238080871749
CASC4_S7,CASC4,0.192388251744673,0.245054241292946,0.321238080871749
GA2L1_S3,GA2L1,0.350111313644087,0.245095564061346,0.321238080871749
SI1L3_S3,SI1L3,-0.158152416335594,0.24559940242689,0.321815544565546
SC16A_S5,SC16A,0.267217227952607,0.245837295981567,0.322044325940838
WWTR1_S7,WWTR1,-0.206990629657478,0.246251635009214,0.322504071795851
SNTB1_S10,SNTB1,0.211727229752458,0.246729166501431,0.323046319907175
HECAM_S3,HECAM,0.323673976226879,0.247424965170213,0.323873996085939
SF3B1_T10,SF3B1,-0.467913288103178,0.247715247150871,0.324170570345584
LIRB4_S3,LIRB4,-0.252653656203878,0.247799814027579,0.324197853888486
CPZIP_S11,CPZIP,0.0842215929980824,0.248023736927652,0.32440739678352
ARVC_S2,ARVC,0.243666518293591,0.248168490852426,0.32451330800749
PCY1A_S3,PCY1A,0.202931918326997,0.248408108689235,0.324743180115834
CTND1_S1,CTND1,-0.159965889648764,0.248936650540223,0.325350546608953
H1X_S4,H1X,0.404739121725125,0.249074120515981,0.325446616637214
CCD97_S11,CCD97,-0.14134046478005,0.249570072643829,0.32601091902742
S11IP_S4,S11IP,0.167888919705358,0.250240413413069,0.326802675422406
PRSR2_S29,PRSR2,0.111599541186055,0.250363385998212,0.326879370787504
ODFP2_S19,ODFP2,0.363259905008802,0.250742244796549,0.327290031176203
AAK1_S13,AAK1,0.385091225015345,0.250942930717274,0.327467974221464
LAD1_S11,LAD1,0.281522878263558,0.251168139465461,0.327677818871863
AAK1_T3,AAK1,0.214001756287236,0.251559285672407,0.328103985004154
PAIRB_S1,PAIRB,0.219760531368056,0.251962331627606,0.328545449339123
TENS1_S20,TENS1,0.224661537578939,0.252079084209839,0.328613471806216
T2FA_S1,T2FA,-0.35336437937675,0.253763788500555,0.330724937472035
RABE1_S5,RABE1,0.42051840100598,0.25419852191058,0.331206678484259
LIPA1_S7,LIPA1,0.385883714754107,0.254386773637651,0.331367102987293
CO1A1_S26,CO1A1,1.0379422585975,0.254626826259108,0.331594904531953
HBP1_S3,HBP1,0.113251781245656,0.255105099556004,0.332132739647121
MED1_T3,MED1,0.240934641454046,0.255508688390544,0.332573089417009
UH1BL_T5,UH1BL,0.644805850576467,0.256939971889146,0.334350531194878
HNRL1_S3,HNRL1,0.20097352059598,0.257451530823331,0.334930551989033
T184B_S1,T184B,-0.283030972470411,0.25764596290455,0.335097816783832
NUFP2_T2,NUFP2,0.198673513250233,0.257865145937924,0.335235972850539
ARHG5_S2,ARHG5,-0.0454296500817016,0.257883961819381,0.335235972850539
CO052_S4,CO052,0.423402486904819,0.25804779279221,0.335257274818258
UBP15_S5,UBP15,-0.387622230071421,0.258109515792078,0.335257274818258
NEB2_S3,NEB2,0.0473535004847243,0.258161306754207,0.335257274818258
F122A_S12,F122A,0.134763666483318,0.258163915632456,0.335257274818258
RHG17_S27,RHG17,0.129160329428476,0.258232426130574,0.335260674700781
RFTN2_S4,RFTN2,0.163156079535696,0.258650037307685,0.335717191280995
SUFU_S3,SUFU,-0.111456177283946,0.258862449279366,0.335899233099318
GRL1A_S1,GRL1A,-0.275233147061036,0.258922325514058,0.335899233099318
N4BP1_S4,N4BP1,0.156799504842685,0.259743967220204,0.336879251903237
NOP58_S1,NOP58,-0.814935057251493,0.260018930547936,0.337149928294571
LIMD1_S21,LIMD1,0.164171001535116,0.260587962669579,0.337801669824922
HID1_S3,HID1,-0.0330062425910459,0.260719526736625,0.337886131440639
WAPL_S4_S9,WAPL,0.211002106466724,0.260911387863024,0.338048673655988
EHD2_S18,EHD2,-0.124052646582963,0.261440427475092,0.33864788569075
TGFI1_S25,TGFI1,0.158868329678061,0.262341977339175,0.339729188267173
TMM51_S10,TMM51,-0.331539189039014,0.262423512856517,0.339748303667674
3BP1_S2,3BP1,0.439684218759464,0.263091760270635,0.340526806475958
SH24A_S3,SH24A,-0.296088360261451,0.263574405218296,0.341064744087154
KPCD2_S6,KPCD2,-0.159252427019349,0.263672741044775,0.341105239368374
TP53B_S14,TP53B,0.438869809426219,0.264272783890842,0.34179459187509
KGP1_T4,KGP1,0.044236058911573,0.264650089414051,0.342169693564632
ARHGA_T1,ARHGA,0.344793627620778,0.264697310116036,0.342169693564632
UBFD1_S21,UBFD1,0.543839343316945,0.265586449615482,0.34316116419143
MTMR1_S3,MTMR1,-0.353411066973368,0.265599187222062,0.34316116419143
BCL9L_S3,BCL9L,-0.120449942301143,0.265707184803277,0.343188246101245
DMAP1_T12,DMAP1,0.353472535245725,0.26575504906425,0.343188246101245
GATM_S1,GATM,-0.160530558269998,0.266152767198072,0.343614635753309
NIPA_S14,NIPA,0.108823153565273,0.266369749934431,0.343807531117804
SYNPO_S13,SYNPO,-0.0634671517218144,0.267058018255045,0.344608469916731
DDX10_S3,DDX10,-0.00980367605558135,0.268053349652136,0.345805132614115
MYLK_S4,MYLK,0.090081075930644,0.268251134223698,0.345972565508283
NCOR2_S4,NCOR2,0.141558045207416,0.268899487430011,0.346720879889482
GPSM3_S1,GPSM3,0.266018627957831,0.269320108008867,0.347175249442391
DNJB9_T10,DNJB9,0.266649430668976,0.26950011259737,0.347315552809387
YTDC2_S3,YTDC2,0.24329158925114,0.269565471313732,0.347315552809387
AKAP2_T1,AKAP2,0.18326680272045,0.269838663006928,0.347579523387152
TAOK3_S7,TAOK3,0.706706717493256,0.270056671404931,0.347655370795003
ARHG2_S1,ARHG2,0.0733129388533652,0.270068176799051,0.347655370795003
SREC2_S3_S14,SREC2,0.284713721862645,0.270102531594467,0.347655370795003
E41L2_S3,E41L2,0.21049955161471,0.270195542135342,0.347687131609666
MYH14_S7_S27,MYH14,0.297449756935716,0.270822180811413,0.348405374454733
RUBIC_S3,RUBIC,1.0514214712137,0.270903305877379,0.348421643150684
PKHA6_S12,PKHA6,0.406046452643059,0.273055295785186,0.351100668424318
EVL_S8,EVL,0.400065506206046,0.273137164037297,0.351117203289987
SMAG1_S4,SMAG1,-0.256423993214027,0.273293569356174,0.351229522830061
VIME_Y2,VIME,0.178924828653868,0.273377197399075,0.351229946791115
FLNA_S10,FLNA,0.444760132876128,0.273431961328539,0.351229946791115
TENS1_S8,TENS1,0.312941543480607,0.274043916203611,0.351927169521447
RGS3_S4,RGS3,0.375089186255277,0.27417894541298,0.352011727040434
DCTN2_T4,DCTN2,0.526839025635735,0.274450749761744,0.352271799896002
TOR4A_S20,TOR4A,0.0334333412641622,0.274655842914552,0.352407307519334
ECH1_S3,ECH1,0.512126414383741,0.274694847016839,0.352407307519334
ADH1A_T6,ADH1A,0.492863027325614,0.274998670962029,0.352708151715353
BCLF1_S9,BCLF1,-0.160647634041304,0.275443293483537,0.353189384386148
STML2_T4,STML2,0.26431362769262,0.275871074922956,0.353607212725588
MILK1_S13,MILK1,0.0710958223838628,0.275948467748978,0.353607212725588
I2BPL_S4,I2BPL,-0.229017666949733,0.2759776418501,0.353607212725588
CNDH2_S4,CNDH2,-0.166288870819049,0.276717125746837,0.354465442044287
IF4B_S3_S5,IF4B,-0.500085498709729,0.277256085998362,0.355066439858964
LA_S2,LA,-0.58360788632607,0.2781285814145,0.356094167648962
GBG12_S1,GBG12,-0.178373837968272,0.278669154281065,0.356696517479763
AB1IP_T5,AB1IP,-0.205432612008654,0.279147382775059,0.357218783591424
TPR_S10,TPR,0.290401419941867,0.279285166722909,0.357305237185356
BABA1_S3,BABA1,-0.141971696071957,0.279810857121863,0.357887793121176
IPYR2_S9,IPYR2,-0.0856633621112738,0.280748011480286,0.35886021557801
PALLD_S22,PALLD,0.296420763428648,0.280752042795043,0.35886021557801
RPTOR_S14,RPTOR,0.354815607319233,0.280782727636804,0.35886021557801
ALDOB_T22,ALDOB,0.129859108366668,0.281112696491057,0.35919171264352
MTA1_S4,MTA1,-0.0990772763660647,0.281502594770649,0.35959959884335
STA5B_S7,STA5B,0.156356758978495,0.281659962750253,0.359710313873817
PAN3_T5,PAN3,0.0303455853376874,0.282914339477889,0.361221620894228
TRAF4_S2,TRAF4,-0.241843400993169,0.283185298684664,0.361476868968282
KS6A4_S3,KS6A4,0.24928122711334,0.28344171422595,0.361504875956171
P121A_S5,P121A,0.213602418866301,0.283491441640158,0.361504875956171
P121B_S5,P121B,0.213602418866301,0.283491441640158,0.361504875956171
P121C_S5,P121C,0.213602418866301,0.283491441640158,0.361504875956171
MAST4_S5,MAST4,0.286458474431056,0.283623769337007,0.361582996338434
SHAN2_S3,SHAN2,0.466129650394569,0.28385581109062,0.361788168043355
SMAP2_S14,SMAP2,-0.1377543041793,0.28583200406775,0.364215686625773
CABL1_S2,CABL1,0.551044011849846,0.285950212779928,0.36427508328099
SRBS2_S1,SRBS2,0.0403423016230398,0.286577773824021,0.364983157250718
E41L2_S34,E41L2,1.43065820129883,0.288446588494307,0.367194211609309
SPTB2_S3_S7,SPTB2,0.121057531144586,0.28845818864041,0.367194211609309
KDM1A_S8,KDM1A,0.539156111964031,0.288559642344796,0.367231480802982
PYRG2_S8,PYRG2,0.0179307477675767,0.288840373428503,0.367496829208358
SAMN1_S1,SAMN1,-0.0769081892126961,0.289162725887636,0.367814987329073
BORG5_S4,BORG5,0.0903619231095385,0.289263905347994,0.367851724671481
KAPCA_S21,KAPCA,0.225254229614508,0.289717911675119,0.36833701514318
RB15B_S8,RB15B,-0.198533976406873,0.290172099722695,0.368822294126673
F1711_S11,F1711,0.150813180997692,0.290492689199893,0.369137563099165
SHOT1_S9,SHOT1,0.18364770395997,0.290895432436263,0.369557043754234
PAR3L_S2,PAR3L,0.243770158476988,0.29114494837392,0.369781701778958
LARP1_S14,LARP1,0.577714247383502,0.291594774573401,0.370031971857254
RBMX_S2,RBMX,-0.563371921727911,0.291618970281103,0.370031971857254
RMXL1_S2,RMXL1,-0.563371921727911,0.291618970281103,0.370031971857254
P4K2A_S10_S14,P4K2A,0.235635193786018,0.291643474857311,0.370031971857254
FUBP1_S10,FUBP1,0.420919438884695,0.291705628757753,0.370031971857254
HMGCL_S1,HMGCL,-0.434619999984702,0.293204485962301,0.371840584390874
DOC10_S5,DOC10,0.256476258811276,0.29366196604496,0.372327954955583
STAR8_S3,STAR8,0.260537126794215,0.294735653557464,0.373596164748475
PLPL7_S1,PLPL7,-0.175716785588397,0.295150636738458,0.374029001176905
B2L12_S5,B2L12,0.0101668458036473,0.296959897329677,0.376228077094969
G3P_T15,G3P,-0.306720025957337,0.297430606803733,0.376730626690912
TRI22_S2,TRI22,0.147690342779813,0.298804666058432,0.378296298993058
NHSL1_S4,NHSL1,0.193282055584094,0.298815413846914,0.378296298993058
DOCK4_S2,DOCK4,-0.183679861853544,0.300052235678345,0.379690209614372
DNJB9_S9,DNJB9,0.911123775432845,0.300065710074566,0.379690209614372
MYL6_S7,MYL6,0.0933693786766795,0.300341445790075,0.379944623615092
TIF1A_S10,TIF1A,-0.0253695245175289,0.300582816911084,0.380155449277553
DEMA_S6,DEMA,-0.0821506147033692,0.300718492215918,0.380232526937026
YAP1_T5,YAP1,-0.187573144985309,0.301179768382587,0.380721158144249
NFIA_Y24,NFIA,0.771725289749608,0.301353436817842,0.380777809832899
ACTA_T14,ACTA,-0.211932931028049,0.301598776263086,0.380777809832899
ACTC_T14,ACTC,-0.211932931028049,0.301598776263086,0.380777809832899
ACTH_T14,ACTH,-0.211932931028049,0.301598776263086,0.380777809832899
ACTS_T14,ACTS,-0.211932931028049,0.301598776263086,0.380777809832899
WDR3_S3,WDR3,0.450068791997796,0.302074207570968,0.381283445328972
UBAP1_S3,UBAP1,0.358133986363529,0.302699344502348,0.381977744252963
PGM1_T6,PGM1,0.563622813548128,0.303147003173603,0.382443888384939
VTNC_S11,VTNC,2.29874853480309,0.303219073456141,0.382443888384939
RAIN_S1,RAIN,-0.282780987000764,0.304254344378239,0.383654548747579
DCA10_T3,DCA10,-0.459940931501116,0.304484117214599,0.383849154704628
NU205_S1,NU205,-0.218768792545408,0.305167114145391,0.384614881538704
MRVI1_S3,MRVI1,0.226661653358252,0.30525928177632,0.384635766636433
LMOD1_S2,LMOD1,0.817407340872098,0.305386760928059,0.384701123942056
ACINU_T1,ACINU,-0.125149389609176,0.305540644243025,0.384761262812092
CLD2_S2,CLD2,1.19194366687115,0.305585743518802,0.384761262812092
MMAB_S1,MMAB,0.30229520533546,0.307947928232961,0.387639549443173
PARN_S4,PARN,0.0893221435946907,0.308073616060333,0.387701844797174
SRC8_S20,SRC8,0.262053835746176,0.308448275761451,0.38807735585417
FAK1_Y7,FAK1,0.441137504326755,0.309470409687792,0.389267106178365
LAD1_S7,LAD1,0.318523285368314,0.310207169201397,0.390097399134134
NIPA_S15,NIPA,0.0813988109293149,0.310502159043715,0.390301938878785
RASA3_Y1,RASA3,0.378145261216222,0.310523240680291,0.390301938878785
EMAL4_S1,EMAL4,0.449682846396596,0.310726257872573,0.390460656966078
AHNK2_S3,AHNK2,0.554141660566594,0.311486638695268,0.391319510538648
SAMH1_T7,SAMH1,0.239245210680113,0.311895258977287,0.391736133714252
PER1_S10,PER1,-0.0925578894325945,0.312262942868957,0.392101148400112
HNF1B_S7,HNF1B,0.408772337227735,0.312409264565562,0.392188092304362
RBM14_S30,RBM14,0.770209061519633,0.312503621968024,0.392209775178418
RNF25_S3,RNF25,0.253318528081425,0.313322150824972,0.393070750194234
S4A4_T3,S4A4,0.0986020839016065,0.313344135768045,0.393070750194234
AFAD_T11,AFAD,0.162413512289828,0.314123471365931,0.393951250261242
CAMP2_S3,CAMP2,0.355793935968296,0.314325456259485,0.394107422732444
SPN90_T5,SPN90,-0.375200918119479,0.314720119193286,0.394505042240808
CBY1_S4,CBY1,0.21809399798983,0.314838603676207,0.394556358498655
NFIC_S12,NFIC,0.0482451917676706,0.315073225938328,0.394753157738048
T22D2_S3,T22D2,0.266933148838577,0.315802757303583,0.395569775765788
TOM70_S7,TOM70,0.185964550725316,0.316599426833951,0.396470067371682
AMPD3_S3,AMPD3,0.27846385309066,0.317321192957886,0.397276139214991
TENS3_S13,TENS3,-0.2780068745247,0.318138015856192,0.398146199611993
IF4G3_S2,IF4G3,0.233251725374697,0.318172650869175,0.398146199611993
EP400_S19,EP400,0.180243756762752,0.318466433999421,0.398415838748231
TMM94_S7,TMM94,-0.0220454630431775,0.319391695957363,0.399113113418737
H11_S5,H11,-1.11861379371318,0.319572882088824,0.399113113418737
H12_S5,H12,-1.11861379371318,0.319572882088824,0.399113113418737
H13_S5,H13,-1.11861379371318,0.319572882088824,0.399113113418737
H14_S5,H14,-1.11861379371318,0.319572882088824,0.399113113418737
H15_S5,H15,-1.11861379371318,0.319572882088824,0.399113113418737
H1T_S5,H1T,-1.11861379371318,0.319572882088824,0.399113113418737
SQSTM_S17,SQSTM,1.15978026368907,0.319793848909635,0.399291068282754
PAXI_S4,PAXI,0.220629407368728,0.320096923701439,0.399571429782365
VIP2_S1,VIP2,0.143701833229533,0.320290659765158,0.399715201590661
ZO3_S4,ZO3,0.0712709796140136,0.323497544525505,0.403618319407987
GTPB1_S9,GTPB1,-0.228425417416734,0.323810942871516,0.403910291083666
SRBS1_S15,SRBS1,0.0160378261852583,0.324730916421475,0.404921257557739
DAB2_S3,DAB2,-0.287953325876304,0.324837499624374,0.404921257557739
ANK1_T3,ANK1,0.677530649427284,0.324974089706434,0.404921257557739
ARH40_T4,ARH40,0.0177995466978956,0.32501500364362,0.404921257557739
CAMP1_S16,CAMP1,-0.0201298446649893,0.325019342740921,0.404921257557739
K1211_S3,K1211,0.921728462760216,0.325572182733491,0.405510713769401
MADD_T2,MADD,0.199882324206975,0.325762152846256,0.405648025864354
SRC_S1,SRC,0.197847745606392,0.326206190970816,0.406101565857478
CATA_S9,CATA,-0.105290794453101,0.326445785073079,0.40630042917119
PLAK_S3,PLAK,-0.164020191497493,0.327186915709022,0.40712326415444
MARK3_S3,MARK3,0.273897929332411,0.327588200501781,0.407522925220798
RASL3_S2,RASL3,-0.260347556762075,0.328063700451759,0.408014692715363
TSC2_T2,TSC2,0.0892016878880657,0.329393849250556,0.409568891736762
NADK_S1,NADK,-0.193672111994581,0.329476349920088,0.409571382456244
PCM1_S2,PCM1,0.19871688717359,0.329770112172353,0.409836426656798
CP3A4_S4,CP3A4,0.783819509798038,0.331115450260083,0.411207081016183
CP3A5_S4,CP3A5,0.783819509798038,0.331115450260083,0.411207081016183
CP3A7_S4,CP3A7,0.783819509798038,0.331115450260083,0.411207081016183
CIP4_S6,CIP4,-0.223475439742796,0.331546969186807,0.411642503470589
BCL7C_T9_S17,BCL7C,0.240492902484529,0.33269232017836,0.412870679529817
I2BP1_S5,I2BP1,-0.0821570684756881,0.33269846424376,0.412870679529817
PDLI2_T4,PDLI2,0.057041060184744,0.334122325950475,0.414412058584871
ACSL3_T7,ACSL3,-0.162884221808809,0.334184881362761,0.414412058584871
ACSL4_T7,ACSL4,-0.162884221808809,0.334184881362761,0.414412058584871
S20A2_S3,S20A2,0.372313699967856,0.335191272025293,0.41555876999627
HBB_T4,HBB,0.370799837844951,0.337172055294734,0.417810866375939
HBD_T4,HBD,0.370799837844951,0.337172055294734,0.417810866375939
M3K7_S1,M3K7,-0.0697750928513008,0.337508310666342,0.418043053653564
RPRD2_S6,RPRD2,0.0780180785098848,0.337523754797335,0.418043053653564
PATL1_T2,PATL1,-0.342234368004285,0.338249924949309,0.418840500886368
ARI1A_S7,ARI1A,0.286046369887978,0.338811529055435,0.419433834509502
FTCD_S2,FTCD,0.170209543871057,0.340284128030242,0.421058226940045
SRRM2_T5_S11,SRRM2,-0.397472054071017,0.340289195986137,0.421058226940045
PHAR4_S5,PHAR4,0.459248047959245,0.341676706251325,0.422672278484498
WIZ_S17,WIZ,0.262317907919253,0.3418728417139,0.422812109538241
MT1E_S4_T7,MT1E,0.0706701256175392,0.343287238050545,0.42445819373054
AACT_T10,AACT,0.290618508989495,0.343757578635704,0.424936482045302
TNIK_S9,TNIK,-0.289338774364058,0.344187416573068,0.425364482760206
PHF12_T1,PHF12,0.161024481816834,0.344386914758056,0.425507679040551
BCLF1_S13,BCLF1,0.309641560215478,0.344958870287014,0.426093762538333
CCD86_S7,CCD86,-0.00208402080992949,0.345028754256669,0.426093762538333
FIP1_S5,FIP1,0.116514536850116,0.345463985480701,0.426527725825238
ZFAN5_S2,ZFAN5,0.36388933358145,0.346316722362452,0.427476827603143
SQSTM_S9,SQSTM,1.17558887226256,0.347743330226012,0.429133656121744
SIK2_S3,SIK2,0.106202657023503,0.348994614626626,0.430573375174654
SPF45_S6,SPF45,-0.128177611851495,0.34922319321648,0.430685699817841
PAXI_S22,PAXI,0.204864247352141,0.349254952328697,0.430685699817841
TB10B_S9,TB10B,-0.042064412514649,0.349509117582846,0.430894691122249
AMRP_S7,AMRP,-0.0169368687225181,0.350296437123256,0.431760724826339
MAST4_S4,MAST4,0.141050104045009,0.351346872463499,0.432950566019444
CP131_S7,CP131,0.327646795161469,0.351470009218818,0.43299743508604
NGAP_S3,NGAP,0.00304646317662351,0.351775419357203,0.43326878084954
TIF1B_S7,TIF1B,0.204855131414166,0.352091006686662,0.433552527110778
CA226_S2,CA226,0.180884502030841,0.352433436435833,0.433688006488929
ADH4_S13,ADH4,0.32815737064395,0.352447760461287,0.433688006488929
AL1A1_T1,AL1A1,0.219782279790692,0.352456742694914,0.433688006488929
RHDF1_T2,RHDF1,-0.146352218954443,0.352810097771973,0.434017837878094
FLNA_S12,FLNA,-0.0211631341288245,0.35572882283254,0.437502598639585
SRCN1_S7,SRCN1,-0.268404583189709,0.355943694871832,0.43766107286319
TFR2_S1,TFR2,-0.494809365734947,0.357281154714213,0.439199447979202
CNKR3_S4,CNKR3,0.0124465978857211,0.358064679510257,0.440056301774925
CHM2B_S4,CHM2B,-0.0955103233517058,0.358778410171143,0.440826986464809
HSF1_S11,HSF1,0.153689644018566,0.359009327638963,0.441004215120001
RPB1_Y1,RPB1,0.0851866952898419,0.359512816859818,0.44151610238541
ZC3HD_S6,ZC3HD,-0.0879265040644002,0.36019528378072,0.442247491282892
TBA1B_S1,TBA1B,-0.342726934809301,0.360719091138775,0.442676974364227
TBA4A_S1,TBA4A,-0.342726934809301,0.360719091138775,0.442676974364227
HNRPK_S13,HNRPK,-0.105247071886216,0.361205765880556,0.44316733465162
RABX5_S3,RABX5,-0.434389306888691,0.361600496935515,0.443544678979725
ADDA_S20,ADDA,-0.270242779715512,0.361800098926352,0.443682550816409
AB1IP_S3,AB1IP,0.458925937353799,0.362196174247296,0.444061237245841
KANK2_S2,KANK2,0.107228577489583,0.362315396670981,0.444100394666816
SNP23_S10,SNP23,-0.162605800749921,0.362916683118264,0.444730270642035
PAR3L_S3,PAR3L,-0.234960555272671,0.363650674879792,0.445522425665394
WDR4_S3,WDR4,0.194032704393442,0.363916753776888,0.445741079252962
ABLM3_T2,ABLM3,0.0967235225288008,0.364146455562764,0.445915082046533
PRC2A_S3,PRC2A,0.176912660440977,0.364864865397536,0.446687303932306
RTKN_S12,RTKN,0.172879228240839,0.36533647730642,0.447157083602373
R113A_S13,R113A,0.326158672412668,0.366553396993668,0.448538644517504
TF3C1_S27,TF3C1,-0.121481147632262,0.36786182531648,0.450031490072193
ABLM3_S7,ABLM3,0.238175169746353,0.368627999038748,0.450860398824315
ADAS_S4,ADAS,0.293154508081879,0.369047196578925,0.451264632586775
DAB2P_Y4,DAB2P,-0.134666714587625,0.369576588647904,0.451803383719494
H4_Y9,H4,-0.393331342601396,0.370146102345065,0.452390912498605
ADDA_T23,ADDA,-0.397041791578331,0.370688178425516,0.452944633004089
ZC3H4_S21,ZC3H4,0.365562371733998,0.370842683987085,0.453024628121558
SYTL5_S3,SYTL5,0.163561610771382,0.37154608375271,0.453774957785355
SYNJ1_T7,SYNJ1,0.216377171747246,0.372518261394813,0.454853111105546
IQGA1_S3,IQGA1,0.832647549513216,0.373289266471849,0.455616801337867
TEAD3_S5,TEAD3,0.146573719973871,0.373404177182077,0.455616801337867
PHC3_T4_S11,PHC3,-0.166883721048086,0.373412354870068,0.455616801337867
RHN2P_S3,RHN2P,0.125128328414038,0.373702621140099,0.455700477170853
RHPN2_S3,RHPN2,0.125128328414038,0.373702621140099,0.455700477170853
ACINU_S7,ACINU,0.0837978294993468,0.373749624849444,0.455700477170853
AAKB1_S10,AAKB1,-0.244019220574367,0.374367157082968,0.456344057316277
SFR15_S14,SFR15,-0.174864100968755,0.375557215500491,0.457685056878203
CCNL1_S6,CCNL1,0.475346336288325,0.375903414740688,0.45799726393693
C2D1A_T4,C2D1A,0.103485709573635,0.376650730936939,0.45879792171586
KAP0_S5,KAP0,-0.164102801741077,0.377171479450944,0.459222519903304
STAT3_S20,STAT3,0.187636613822388,0.377179817349825,0.459222519903304
GOLM1_Y7,GOLM1,0.0449839364683373,0.377740789941138,0.459718180558505
F120A_S14,F120A,0.363695400471802,0.377767632255328,0.459718180558505
GP1BB_S4,GP1BB,0.215984475522217,0.378504665458362,0.460504958835998
SYNPO_S6,SYNPO,0.240209536922566,0.378632093596342,0.460549866655077
SNX3_S3,SNX3,-0.0579409173367335,0.379071382250359,0.460901778400636
PWP1_S10,PWP1,0.758490223350794,0.379150638097281,0.460901778400636
REEP3_S1,REEP3,0.255646461908687,0.379193169100838,0.460901778400636
P66B_S8,P66B,0.193512713696038,0.379836205185771,0.461573110099165
HOME3_S3,HOME3,-0.319043660808655,0.380038559328137,0.461708736834184
TNS2_S19,TNS2,0.634951498160269,0.380626647661776,0.462237790027651
ALDOA_T9,ALDOA,0.208015286984349,0.380655727243683,0.462237790027651
CE170_S8,CE170,0.279577380717653,0.380803315045333,0.462306673097269
KC1E_S7,KC1E,-0.141515608925706,0.381361598267658,0.462874000950821
PGM1_T8,PGM1,0.076274561172523,0.381473381063538,0.46289925181285
EMD_S3,EMD,0.178504754327176,0.38156682257398,0.462902239689177
OSBP1_S6,OSBP1,0.266905496349202,0.382938088108715,0.464455063718031
F16P1_T2,F16P1,-0.241717915724088,0.383528807915597,0.464919136292824
BAG3_S3,BAG3,0.0737243933339093,0.38358056310552,0.464919136292824
ACTB_Y5,ACTB,0.543013459741697,0.383777588920963,0.464919136292824
ACTG_Y5,ACTG,0.543013459741697,0.383777588920963,0.464919136292824
POTEE_Y5,POTEE,0.543013459741697,0.383777588920963,0.464919136292824
RGPA1_S1,RGPA1,0.0575631372106566,0.385280587929538,0.466628810136989
ASPP2_S3,ASPP2,0.15510865479289,0.385449223679148,0.46672195385043
MYLK_S8,MYLK,1.15359615561809,0.386257914483143,0.467589880773312
TIF1B_S6,TIF1B,0.775664979532971,0.386864683529489,0.46821009638076
DPYL3_S8,DPYL3,0.112670073167707,0.38695429545619,0.46821009638076
CEBPB_S10,CEBPB,0.665920349170879,0.387403727703852,0.468642455196671
ASPP1_S2,ASPP1,0.264152773160873,0.388534184745256,0.469898248629394
NCOA1_S6,NCOA1,0.172335767721659,0.388846692803252,0.470164442248799
ANT3_S7,ANT3,0.147991986651587,0.389272636117524,0.470513178818284
MEP50_T3,MEP50,-0.140159414693569,0.389320063448305,0.470513178818284
IL6RB_S7,IL6RB,0.193395187705629,0.389546417954152,0.470674940524988
SH2D3_S16,SH2D3,0.0114621274603753,0.390027451924274,0.471144272409949
ASSY_T10,ASSY,0.282557298534751,0.390498358140711,0.471601150301433
ACINU_S11,ACINU,0.203408966983726,0.390833786594458,0.471894234976887
BAIP2_S2,BAIP2,0.0525303249398654,0.391062687685517,0.472058589547784
S12A2_S26,S12A2,-0.185718876846866,0.393254108402506,0.474532381485033
SYEP_S10,SYEP,0.709670431286004,0.393298555959588,0.474532381485033
GRDN_S1,GRDN,-0.354149303085234,0.393927263107453,0.47517826332165
FIBA_S2,FIBA,0.172576593916257,0.394118446911426,0.475296197649997
CDN1B_S2,CDN1B,-0.35623957611313,0.394513267704135,0.475659598596834
ETS1_S4,ETS1,0.659193251128297,0.39532598476737,0.476526560174456
ACTA_S19,ACTA,-0.184490080591659,0.396122997064215,0.476979129287189
ACTC_S19,ACTC,-0.184490080591659,0.396122997064215,0.476979129287189
ACTH_S19,ACTH,-0.184490080591659,0.396122997064215,0.476979129287189
ACTS_S19,ACTS,-0.184490080591659,0.396122997064215,0.476979129287189
HERC1_S3,HERC1,0.327692261375026,0.3961701651666,0.476979129287189
MEPCE_S9,MEPCE,0.0971980885399122,0.396323168370928,0.477050456747405
MCL1_S26,MCL1,0.269231904884775,0.396654765308647,0.477336671213433
HMCS2_S9,HMCS2,0.299821238465786,0.396898155486068,0.47751662688889
CSPG2_S12,CSPG2,1.58514996471805,0.397346380755592,0.477942880681904
ARHGH_S10,ARHGH,0.175865558560931,0.398112579984356,0.478751313391729
ASPD_S21,ASPD,0.348268896973884,0.398923896646795,0.479613607310702
CD2AP_S1,CD2AP,-0.111084241456833,0.399030928907605,0.479628954944931
KIF1B_S3,KIF1B,0.412357032583445,0.40014243172514,0.480851368119394
DYN2_S8,DYN2,-0.523957045445385,0.400514010329706,0.481184246648771
PLEC_S1,PLEC,0.0821833263241548,0.400724231958109,0.481323156799542
M3K1_S3,M3K1,0.166532474966001,0.400979332772657,0.481515894535586
NUCKS_S15,NUCKS,0.202565270305121,0.401509364526348,0.482038614136399
CAPZB_S3,CAPZB,-0.236577772391427,0.402047649799148,0.48245831839242
TENS1_T6,TENS1,0.0539301370819989,0.40204859866035,0.48245831839242
SNTB1_S16,SNTB1,0.286221946820418,0.403565804772694,0.484075294854942
SRCN1_S19,SRCN1,-0.20498972778205,0.403586360215146,0.484075294854942
TLN1_S5,TLN1,-0.260924147616642,0.403686659719306,0.484081481181199
FIP1_S3,FIP1,0.172461204576576,0.404029822361042,0.484378825676951
LPIN2_S4,LPIN2,0.120639064953667,0.404702251048647,0.484993825184582
GSK3A_Y7,GSK3A,-0.144972354688687,0.404828768781234,0.484993825184582
GSK3B_Y7,GSK3B,-0.144972354688687,0.404828768781234,0.484993825184582
DHB4_S3,DHB4,-0.0242754981492508,0.406347098205779,0.486698219319916
ASSY_S13,ASSY,0.367660073844349,0.408078855779709,0.488657382491683
TOP2B_S10,TOP2B,0.180113455331981,0.408334451865063,0.488848397903398
CHAP1_S3,CHAP1,-0.156480342963039,0.408933334769683,0.489450201672112
INF2_S3,INF2,0.158975144657448,0.40918367586753,0.489625977362371
SEPT2_S8,SEPT2,0.163475158435961,0.40927265757118,0.489625977362371
FRY_S3,FRY,0.176388733721004,0.409426922222455,0.489695387933204
HSPB1_T3,HSPB1,0.0668386261407423,0.410427165896184,0.490776361945895
PCBP1_S12,PCBP1,0.563287621348165,0.410847130375197,0.491163110749296
RB15B_S4,RB15B,0.303645909770614,0.412040434370844,0.492437796257146
TLN1_S4,TLN1,-0.22967554592411,0.412136747545257,0.492437796257146
SVIL_S10,SVIL,-0.216925595523443,0.412203729217607,0.492437796257146
NF1_S17,NF1,0.248574269142607,0.412351844352122,0.492499104240281
DOCK5_T1,DOCK5,0.525806050172942,0.413427224330417,0.493667617318273
SYFA_S3,SYFA,-0.200428284414916,0.414401375187487,0.494714734151556
CLAP1_S6,CLAP1,0.213949919667932,0.414632565048105,0.494874616693586
GCOM2_S3,GCOM2,0.182993557180506,0.415278956302798,0.495135224888342
GRL1A_S3,GRL1A,0.182993557180506,0.415278956302798,0.495135224888342
FOG1_S1,FOG1,-0.159597895528581,0.415299800889563,0.495135224888342
G3P_S6,G3P,-0.287859152375435,0.415329416125956,0.495135224888342
ARHGB_S4,ARHGB,-0.178056733866381,0.415337488172847,0.495135224888342
AFAD_S2_S11,AFAD,-0.15375666180596,0.415468984425909,0.495144382395064
RHG12_S12,RHG12,0.17250544253101,0.415539802049317,0.495144382395064
PGRC1_S13,PGRC1,0.296059453365896,0.416564650320647,0.496249342269129
CDR2_S3,CDR2,-0.0852168647340954,0.418004831371684,0.497848450847174
I2BP2_S7,I2BP2,0.156918386169251,0.419133458065071,0.499045243532412
CAMP3_S3,CAMP3,-0.264349940654449,0.419205851190552,0.499045243532412
GMEB2_S3,GMEB2,-0.182842846285721,0.421474329352598,0.50162839479439
RGPA2_T1,RGPA2,0.142871230778393,0.42271562376692,0.502988094884492
SP100_S15,SP100,0.415268600650064,0.422985992673777,0.503192127828893
EPN1_S24,EPN1,0.112211630588945,0.423374908892864,0.503537058542985
ARK72_S5,ARK72,-0.250611749942954,0.423677333474888,0.503778984043054
MDHC_S10,MDHC,-0.0964343108868886,0.424325007700152,0.504431224107097
XPO4_S8,XPO4,0.404285183495042,0.424754254477301,0.504823556827963
AKAP1_T5,AKAP1,-0.0821833665119786,0.425116989614173,0.505136675188443
DMXL2_S3,DMXL2,0.415701370618628,0.425405723230423,0.505361737052625
LDB1_T7,LDB1,0.449790499806942,0.427133757564454,0.50729611542669
SASH3_S6,SASH3,0.346676758237255,0.427728588588727,0.507884027710488
IQGA2_Y1,IQGA2,0.429134177491379,0.42814254374094,0.508256944132968
OSBL7_S4,OSBL7,-0.0425196171830308,0.428855098824006,0.50898407810043
SNTB1_S3,SNTB1,0.233991215133362,0.429472303028539,0.509597732698043
TRI56_S3,TRI56,0.301215441594231,0.430160520820196,0.510295343887423
DIAP1_S3,DIAP1,-0.171581606164772,0.431830721368515,0.512157275133567
PRAM_S1,PRAM,0.169599457140822,0.432051405874045,0.512299592889103
UBP14_S8,UBP14,0.199254414530738,0.432681267726068,0.512926908245628
TB22A_S3,TB22A,0.0715727117144013,0.43289202510583,0.513057214940243
CHD4_S2,CHD4,0.286322345018763,0.433327231337006,0.513453412445898
DNJB6_S7,DNJB6,-0.0948111201835782,0.433559647612793,0.513609193726168
MYCT1_S2,MYCT1,-0.150213776838946,0.433912640818117,0.513906515394412
LIN52_S5,LIN52,0.155250741211515,0.434012636920163,0.513906515394412
HUWE1_S6,HUWE1,0.111775610040245,0.434869177782374,0.514800925210963
EPS15_S2,EPS15,-0.278887963785421,0.435968303565013,0.515982025712674
LTBP2_S1,LTBP2,-0.443532135760114,0.436456379791756,0.516439548925687
CAP2_S5,CAP2,0.138387867080086,0.436639977241081,0.516513978181755
DC1I2_S10,DC1I2,0.450921636740131,0.436722314099432,0.516513978181755
ABLM3_T3,ABLM3,0.270148139770661,0.436986609565996,0.516706453514243
NUCKS_S3,NUCKS,0.941194213988581,0.438163819607342,0.517978046970761
NAKD2_S14,NAKD2,-0.224557012349349,0.438492616265137,0.518246325564928
EP15R_S6,EP15R,0.0863010983921708,0.438805172413631,0.518495289651778
BCAR3_S3,BCAR3,0.1447159701909,0.438930575571373,0.518523048179045
TRA2A_T5,TRA2A,0.338829391758598,0.440176474026764,0.519874164310161
SDPR_S8,SDPR,0.0605822508523495,0.442328705237945,0.522270481170932
H15_S17,H15,0.646321326421736,0.442410725991886,0.522270481170932
SOX13_S5,SOX13,0.0762483256225821,0.44267770489439,0.522464431107088
ALDOB_S13,ALDOB,-0.393917635718678,0.442804759776052,0.52249318593241
ACLY_S12,ACLY,0.156065917201594,0.443245713974016,0.522892231091999
FERM2_S12,FERM2,0.207117980496895,0.443959384650937,0.523612737390813
NSF1C_S3,NSF1C,-0.106973963208462,0.444629281517142,0.524281294173631
RBP2_S11,RBP2,0.00409799876271493,0.445512629266977,0.525201171851339
BRE1A_S11,BRE1A,0.0573713785403728,0.445758308681685,0.525369069856941
RABE2_S8,RABE2,0.198957882302009,0.446296484339145,0.525881545233342
KIF1B_S6,KIF1B,-0.331798908195764,0.44650377517417,0.526003619049869
ASAP2_S3,ASAP2,0.0658757900988266,0.446606846363096,0.526003619049869
BCLF1_Y1_S7,BCLF1,0.213319134967303,0.447570066327675,0.527016083655453
LPIN3_S3,LPIN3,-0.0602901525810239,0.448151862521549,0.527464452665785
FIBG_T10,FIBG,0.685652852285101,0.448158181775587,0.527464452665785
4ET_T2,4ET,0.212975153918647,0.448477749509327,0.527718498960096
CSKI2_S14,CSKI2,0.014910613720362,0.448777436933293,0.527949040258172
CSKI2_S1,CSKI2,0.16386343722337,0.4493623259178,0.528460335621339
DMXL1_S13,DMXL1,0.465874846690605,0.449461667443536,0.528460335621339
EIF3B_S14,EIF3B,0.358668528784562,0.449523650269095,0.528460335621339
PYGO2_T4,PYGO2,0.0604882995731974,0.449899670745068,0.528780208997668
PCY1A_T1,PCY1A,-0.112891278141773,0.450598147478858,0.529478839346981
PROF1_T4,PROF1,0.145237905612566,0.451209654455324,0.530074976187645
E41L2_S8,E41L2,-0.489942073289681,0.452563615481869,0.531542861396988
SDC2_S3,SDC2,0.467553708425305,0.453566994339026,0.532598399999299
TJAP1_S2,TJAP1,0.0349840954783619,0.453758407296625,0.532700225271165
SRSF6_S1,SRSF6,0.231734815093727,0.453975403006952,0.532832030103661
ZN592_S9,ZN592,-0.0447836957642379,0.454171408479275,0.532939143529186
ADX_S2,ADX,0.249171136750933,0.454502987384509,0.533205257046895
KCD12_S28,KCD12,-0.0159757455600629,0.4551781080973,0.533874184877608
TENS1_S15,TENS1,-0.178145538663773,0.455783779523976,0.53445734061941
ADX_S11,ADX,-0.294251319503976,0.455978099700767,0.53445734061941
HNRL1_S28,HNRL1,0.359745848993208,0.455990431530829,0.53445734061941
NUFP2_S7,NUFP2,0.0584512504416344,0.456168507051024,0.534542921205806
YETS2_S3,YETS2,-0.084061937861507,0.457222989974077,0.535655209069331
S2546_S6,S2546,-0.109791792532998,0.459578021222294,0.538290279000698
LMO7_S12,LMO7,0.232718969796084,0.461172048356855,0.540032135201437
PGAM1_Y3,PGAM1,0.407239321694731,0.461383587209247,0.540032135201437
PGAM4_Y3,PGAM4,0.407239321694731,0.461383587209247,0.540032135201437
CLAP2_S3,CLAP2,-0.0505855720537608,0.462822469874209,0.541591703477455
RRBP1_S7,RRBP1,0.258072659824128,0.464611789896919,0.543560539663261
TRIP6_S10,TRIP6,0.139846872740741,0.464919878843412,0.543795941047191
GPC5C_S3,GPC5C,0.126578183788399,0.465698787870045,0.544461253453074
C170B_S8,C170B,0.107771233292393,0.465791252631145,0.544461253453074
SP4_S16,SP4,0.682516415524359,0.465809716250242,0.544461253453074
MYOF_S5,MYOF,0.512233499220214,0.466484093948452,0.545124269639349
RPR1B_S6,RPR1B,0.0693732750746269,0.468047448351172,0.546825583745296
NU214_S10,NU214,0.0795237545663714,0.468298380564888,0.546993149750723
SSH3_S1,SSH3,-0.0774629105985019,0.46960657347512,0.548395282497455
CENPV_T29,CENPV,0.429956327386905,0.471177297615803,0.550103279088849
ACACB_S6,ACACB,-0.148647059257369,0.472508968947599,0.551531459969118
ZC3H4_T1,ZC3H4,0.0866922585854905,0.47325226414877,0.552272366969941
PDLI2_S4,PDLI2,-0.133729299075086,0.473510358925105,0.552446848477628
CING_S7,CING,-0.0155953213494969,0.473862081792741,0.552615673368234
WWTR1_S3,WWTR1,-0.116220690387295,0.473872284376102,0.552615673368234
PSMD2_S10,PSMD2,-0.00950543852208832,0.474670682312743,0.553419897251887
MTMR3_S1,MTMR3,0.0632745572709748,0.475461412220847,0.55421481451997
EP300_T4,EP300,0.73280385594523,0.475998457678303,0.554713731714889
LARP7_S3,LARP7,0.0938519385783086,0.476578232612754,0.555142489861429
OSBP1_S8,OSBP1,0.388861079488195,0.476584590352736,0.555142489861429
ES8L2_S6,ES8L2,0.712061213473021,0.476748230817109,0.555205996428805
UCHL3_S5,UCHL3,0.159440041254165,0.477923537054131,0.556447358474009
MATR3_S10,MATR3,0.0827509216142515,0.479632206698396,0.558262567168386
TWF1_S7,TWF1,0.163017426553895,0.479788490771984,0.558262567168386
MAP1B_S8,MAP1B,0.0367962507975494,0.479811754368583,0.558262567168386
RBM23_S3,RBM23,0.151143456522952,0.480478518962248,0.558910540576113
IWS1_S4,IWS1,0.0693585978450763,0.480944053218976,0.559324192635006
CADH2_T5_T8_Y10,CADH2,-0.0632625248204293,0.481535753776916,0.559884349912465
PHF12_T8,PHF12,0.0863743352926549,0.481777969033999,0.560037995532325
KS6A1_S4,KS6A1,-0.237475396854762,0.482817149136801,0.560861565024667
KS6A3_S4,KS6A3,-0.237475396854762,0.482817149136801,0.560861565024667
KS6A6_S4,KS6A6,-0.237475396854762,0.482817149136801,0.560861565024667
UNC5B_S3,UNC5B,-0.000405329679733187,0.482986644469302,0.560930391933305
CPSF6_T7,CPSF6,-0.0653476341591015,0.483335027419486,0.561206896282598
CTND1_S6,CTND1,0.107498100545569,0.484174791818586,0.56194076393261
CDK17_S3,CDK17,-0.0852300715997315,0.484187953828727,0.56194076393261
CATA_Y15_Y16,CATA,0.897607927951473,0.485825197370025,0.563712338476326
TENS1_S10,TENS1,0.0132633522583697,0.486949269456895,0.564887798220858
CNNM4_S1,CNNM4,-0.132472840161978,0.487074217278478,0.564903947461339
SRRM2_S5_S14,SRRM2,-0.082614670236068,0.487366477435195,0.565114092340536
AK1C1_T11,AK1C1,-0.368119564254429,0.487772112151228,0.565455572254602
VIME_T7,VIME,-0.14969169275065,0.488020152900641,0.565614245548624
DOXA2_S3,DOXA2,0.748511819245331,0.490662599310764,0.568547325277424
SARG_S3,SARG,-0.0728887341648606,0.491162399691776,0.568996878331456
SRBS1_S13,SRBS1,0.229766128520231,0.491479415015921,0.569234523924654
DOCK2_S3,DOCK2,1.68797946410538,0.491709677368848,0.569371606384319
ZYX_T11,ZYX,0.0239528242439577,0.493005805470485,0.57074255704979
TPC12_S3,TPC12,0.293613142015518,0.493129252008236,0.570755603780233
MARE2_S6,MARE2,-0.309352335842123,0.493503609459989,0.571054412275305
LIMA1_S2,LIMA1,0.113358471995805,0.493611891742687,0.571054412275305
SO2B1_S1,SO2B1,-0.018240684590861,0.495307474449723,0.572873834143161
FLNC_S3,FLNC,0.631427571476641,0.495409762230721,0.572873834143161
FARP1_S11,FARP1,0.250751929286445,0.495958213791714,0.57337773046404
CTNA1_S8,CTNA1,0.118665783013402,0.49659887750632,0.573987980179954
GBF1_S6,GBF1,-0.158426825028709,0.496786326715022,0.574074229008865
CRYAB_S3,CRYAB,-0.0559996780580309,0.49748762247374,0.574754092449225
K1C18_Y7,K1C18,0.583243062095427,0.497881841205373,0.575009653090932
RGPS2_S3,RGPS2,-0.167787816608674,0.497934852892816,0.575009653090932
MYH10_S12,MYH10,-0.136858840331589,0.500296760645128,0.577511927054005
ACACA_S11,ACACA,0.143034545245159,0.500328729255907,0.577511927054005
ABLM1_S13,ABLM1,0.228310184708651,0.50155805076926,0.578799583196642
CNBP_S8,CNBP,-0.113054924599356,0.501868984466097,0.579027073234354
NOP58_S8,NOP58,-0.149660037607853,0.502148779085094,0.57921854182384
E41L2_S11,E41L2,0.177195447991626,0.502779732891312,0.579814886888258
AMOL2_S10,AMOL2,-0.110220324093748,0.503124512717054,0.580081015342028
CD44_S12,CD44,0.922306377682355,0.504001640288344,0.58096065831153
STK10_S4_S8,STK10,0.778782621265319,0.504347255964958,0.581227369954633
BCLF1_Y7,BCLF1,-0.108714393014448,0.504635370833439,0.58142770987331
F16P1_Y10,F16P1,0.140537282287003,0.505139734715104,0.581877059142053
CTND2_S3,CTND2,-0.0941889002661979,0.506754881472587,0.583605440681875
MCRI1_S1,MCRI1,0.297736151810711,0.507860666742109,0.584746565373128
RLA2_S15,RLA2,-0.100028395007379,0.508271257619253,0.585067381355345
ROA3_Y6,ROA3,0.291753889113015,0.508369279279084,0.585067381355345
ABCF1_S5,ABCF1,-0.164541071190609,0.509322542437222,0.585971738310049
YBOX1_S10,YBOX1,0.0452715970225553,0.509385416380768,0.585971738310049
EPIPL_S5,EPIPL,-0.122783886651485,0.510057727129877,0.586612503534542
CAMP3_S15,CAMP3,0.17469162611776,0.51035802097437,0.586825222761038
GP1BB_S2,GP1BB,0.242309209386088,0.511120281101248,0.58756890877613
RS8_S3,RS8,-0.259966712690139,0.513100939598386,0.589712577518994
BCKD_S1,BCKD,-0.109503934498905,0.515264175184567,0.59206506850476
DOCK5_S4,DOCK5,0.123863898961361,0.515421409150858,0.592112018460051
PRR5_S3,PRR5,0.170458547870636,0.516070297292907,0.59272362813235
ADDG_S18,ADDG,0.367468089864299,0.516824455071556,0.593455840082166
ZGPAT_S3,ZGPAT,-0.165803981940108,0.517178708358255,0.593728625479874
SC61B_S13,SC61B,1.48219810136788,0.518171239189363,0.594733874350435
ABLM3_T2_S8,ABLM3,-0.128984334061919,0.518680780680916,0.595127686314359
MA7D1_S2,MA7D1,-0.209543954470658,0.518748287893904,0.595127686314359
LIMA1_S16,LIMA1,0.58511653951369,0.521396033327021,0.598030436782661
TLE4_S5,TLE4,-0.225060015569358,0.522088682941148,0.598689929863548
STIM1_S6,STIM1,-0.107239042797038,0.522266861212552,0.598759303706504
CEBPB_S17,CEBPB,0.52474696863409,0.523303928832534,0.599813108785747
ARC1B_S3,ARC1B,0.669583182499802,0.524240782474384,0.600751599376051
M3K1_S4,M3K1,0.334097431090934,0.524873664235612,0.601341410409996
HN1L_S10,HN1L,-0.158153140434009,0.525440662651651,0.601807861534737
SNIP1_S8,SNIP1,0.262746809709314,0.525517360219897,0.601807861534737
ACINU_S8,ACINU,-0.0881557325447052,0.526052931493419,0.60228562453612
SPE39_S5,SPE39,-0.135515461130373,0.530726895696111,0.607500212666325
WDR44_S6,WDR44,-0.229109269740792,0.531179514460857,0.607881549612425
ABLM2_S3,ABLM2,0.364253934676821,0.531376214592811,0.607969907768883
BIN1_S20,BIN1,0.0709617569238991,0.531866905538459,0.608394517846151
ZC3H1_S3,ZC3H1,0.117304990960684,0.532834990704849,0.609364898338115
RL40_S3,RL40,1.51221099864135,0.53333964757691,0.609394144817273
RS27A_S3,RS27A,1.51221099864135,0.53333964757691,0.609394144817273
UBB_S3,UBB,1.51221099864135,0.53333964757691,0.609394144817273
UBC_S3,UBC,1.51221099864135,0.53333964757691,0.609394144817273
HTF4_S13,HTF4,-0.17187754593351,0.534249532852214,0.610296727245636
HBP1_S1,HBP1,0.232319506515954,0.534487210479409,0.610431184493655
NP1L4_T7,NP1L4,0.16551405792171,0.534756247959952,0.610534051068145
GOLM1_S7,GOLM1,0.232864256588992,0.534856845292605,0.610534051068145
K1C18_S7,K1C18,0.0391821776465923,0.534937264084471,0.610534051068145
ANXA2_S2,ANXA2,0.620877621697717,0.53530700865396,0.610682076240213
AXA2L_S2,AXA2L,0.620877621697717,0.53530700865396,0.610682076240213
FARP1_S3,FARP1,-0.360978341975655,0.535888591705334,0.611208508091625
PCBP2_S11,PCBP2,0.93289030426554,0.536019951275784,0.61122131602223
4EBP1_T1,4EBP1,0.399888061227766,0.537639022725809,0.612836750853619
TMF1_S7,TMF1,0.37585327783928,0.537677526692326,0.612836750853619
SRRT_S4,SRRT,0.13473939624227,0.537890918874844,0.612942664106429
LRC47_S21,LRC47,0.662314759908779,0.538523923535863,0.613526583732752
KCD12_S3,KCD12,-0.0504265828050768,0.538722749566753,0.613615704006187
DOCK4_T4,DOCK4,0.250678130388436,0.539454026099276,0.6143111201417
JCAD_S3,JCAD,-0.291531320549622,0.540183823283799,0.615004540807333
CAPS2_S1,CAPS2,-0.0554353508208747,0.542100245001473,0.617048332565435
RAB18_S3,RAB18,0.120610928529801,0.543917521938025,0.618978383274585
TOPRS_S3,TOPRS,-0.208318925777957,0.544680907253335,0.619628993896334
MAP1S_S5,MAP1S,0.0833825606990997,0.544732800648251,0.619628993896334
AT133_S5,AT133,0.206161542218033,0.545669741361782,0.620556022362259
SKAP2_T6,SKAP2,0.307180961087865,0.546147827437305,0.620829233458368
SERA_T3,SERA,0.150590435845594,0.546154019056536,0.620829233458368
EGFR_T7,EGFR,0.0932238842716623,0.546848380392095,0.621479687164391
HUWE1_T5,HUWE1,0.144057409150036,0.54703226456818,0.621549835221728
CCDC6_T3,CCDC6,-0.462945577786402,0.547237208709803,0.621643875399749
3BP1_S5,3BP1,0.0411692643445257,0.547425540578609,0.621719006799992
NAV2_S3,NAV2,0.302762009811306,0.549020537612098,0.623304147707837
CD11A_T3,CD11A,0.103840521594573,0.54906627162471,0.623304147707837
KSR1_S7,KSR1,0.262613566184674,0.54950524125452,0.62355198844286
NSE3_S12,NSE3,-0.00630664144287519,0.549575508176202,0.62355198844286
CTNB1_T2,CTNB1,0.201683048849404,0.549652253963488,0.62355198844286
TARA_S14,TARA,-0.0946344372963917,0.54993739822668,0.623736398167041
ATM_T3,ATM,0.113682916757508,0.551222900797764,0.625055074494991
IF4G3_S1,IF4G3,0.117555227716443,0.551390234058426,0.625105505991371
SIK3_S3,SIK3,0.142612270835333,0.553059816210603,0.626858619933069
MIC19_Y4,MIC19,0.271565846186668,0.553288282454745,0.626864083411064
EHBP1_T4_S13,EHBP1,-0.115767779836851,0.553311045322148,0.626864083411064
SRBS2_S6,SRBS2,-0.0788755630373387,0.553589808323437,0.627040281556021
FOXK1_S1_S5,FOXK1,-0.140991691890997,0.554598787979827,0.628043319216862
GRAP2_T3,GRAP2,-0.163674702145928,0.556467771196463,0.630019586080909
ILF3_S11,ILF3,0.508276948412397,0.557780405610037,0.631365228864042
CREB1_S15,CREB1,0.3719483189153,0.558808610533312,0.632388391991435
SYNP2_T3_T19,SYNP2,0.397177801359687,0.55952497358898,0.633058275655043
AT2B1_S2,AT2B1,-0.139029883974934,0.56178211600893,0.635470743942516
ACINU_T10,ACINU,-0.0970374215122845,0.562567584713891,0.636217797515954
RBPMS_T9,RBPMS,0.0690088369963179,0.563419354480425,0.637039483465867
NFIC_S11,NFIC,0.837878898365223,0.564480003966754,0.637921092807455
PPIG_S5,PPIG,0.0228741027021234,0.564551369230966,0.637921092807455
LYST_S3,LYST,0.179166181342075,0.56457521244339,0.637921092807455
ARGI1_S14,ARGI1,0.0435230647282762,0.565357507188205,0.638663187516338
BIN2_S4_S23,BIN2,0.448987759212295,0.565818302934115,0.639041848019706
EMAL4_T16,EMAL4,0.457483633141737,0.568547538137964,0.641981774089206
T22D4_T12,T22D4,0.109666484312055,0.569540046605343,0.642959786360769
TRAD1_S11,TRAD1,0.134222859245154,0.570017449268511,0.643355985332339
GPSM3_S1_S5,GPSM3,-0.571391657621057,0.571758673991915,0.645178117824543
CIRBP_S1,CIRBP,0.196655230437929,0.572712131963611,0.646110715616597
CEBPB_S15,CEBPB,0.85946914518188,0.573644047322016,0.647018601812108
SURF6_S3,SURF6,-0.0825151450087997,0.573853792650835,0.647111723627537
SFR19_S3,SFR19,0.133336560489482,0.575345760313812,0.64865039407859
SMRC1_S3_S5,SMRC1,0.310200527530811,0.576131101604249,0.649391901852552
H10_S4,H10,0.151462636143002,0.576429744029232,0.649543499478962
SMAG1_Y1,SMAG1,0.160680369833603,0.576520920528104,0.649543499478962
CYTSA_S2,CYTSA,0.100287445557584,0.579789876635375,0.653081888935308
SRSF9_S7,SRSF9,0.141859859676985,0.58138419165123,0.6547327948476
SNAA_S4,SNAA,-0.155841742903345,0.582438018461155,0.655774427512803
ZN687_S9,ZN687,-0.0657553739911,0.583762180578449,0.657087276486286
EPN1_S8,EPN1,-0.0872592178507075,0.583862338245774,0.657087276486286
MRP3_S3,MRP3,0.423036459416223,0.584472719623301,0.657628747776063
KSR1_S4,KSR1,0.09647815186022,0.584918307208355,0.657984600282138
MEPCE_S16,MEPCE,-0.0913318565546246,0.585155192395854,0.65810557447173
SYNEM_T4,SYNEM,-0.344616487505209,0.585900019850938,0.658797635580458
SYNP2_S15,SYNP2,0.379220545657962,0.58647930464963,0.659303292544701
PCBP1_S6,PCBP1,0.148488065285188,0.586657359789305,0.659357774819524
HMHA1_S1,HMHA1,1.16425025824944,0.587262359584168,0.65989198002744
NCOA3_S3,NCOA3,0.067341720911706,0.587790273966493,0.660339349512368
INF2_T8,INF2,0.11048220192141,0.588201532138951,0.660654236292926
BLNK_S21,BLNK,1.22469278113531,0.588330256415733,0.660654236292926
SYNRG_S6,SYNRG,-0.191534864209014,0.588546220706987,0.660750920334764
CTNA1_T3,CTNA1,-0.109764827395652,0.589790111797038,0.661855334985295
CTNA2_T3,CTNA2,-0.109764827395652,0.589790111797038,0.661855334985295
SNTB1_S4,SNTB1,0.491941473914844,0.590028005666542,0.661924903778061
CAMP1_S3,CAMP1,0.114007420633025,0.590112296292705,0.661924903778061
PHAR4_S3_T17,PHAR4,0.223331276102256,0.590725487549404,0.662452730006792
SPTB2_S13,SPTB2,0.281166091370066,0.590843256440806,0.662452730006792
HD_S16,HD,0.083777717483734,0.591037559885112,0.662524587947885
KAP0_S9,KAP0,0.167777176636032,0.592220956305807,0.663704895525098
RPGF1_S6,RPGF1,0.0921338024298228,0.592353177675489,0.663706885710832
SRC8_T5_S21,SRC8,0.364893970909651,0.59368098134126,0.66504817989087
PLCB3_S3,PLCB3,-0.161357362534142,0.594785222052928,0.666138500947677
DCXR_S12,DCXR,0.244703432919709,0.595265161149012,0.666529300159809
CE170_T5,CE170,0.433338734798553,0.595615554724568,0.666774904826975
CCNY_S3,CCNY,-0.0477454707818543,0.596468436773865,0.667582799451259
NDRG2_T3_S5,NDRG2,0.198773075837219,0.596916708989543,0.667937588594413
REM1_S3,REM1,0.0618258231378909,0.597360583506643,0.668287301864952
ZN687_S26,ZN687,0.26577951134209,0.598790749447853,0.669740016089399
CO1A2_Y28,CO1A2,0.838317681586702,0.599196446173279,0.670046487501021
PRKDC_S3,PRKDC,0.119956623823099,0.600675685735995,0.671553040875575
WDR26_S3,WDR26,0.0451520715119821,0.601099271437658,0.671878974752813
NIPA_S3,NIPA,-0.296918608019548,0.601916227671084,0.672644358970014
PTN21_S7,PTN21,0.0787706220020503,0.602783752432491,0.673465905221018
BUD13_T3,BUD13,-0.0828462513716144,0.604176209360701,0.674873447470307
NCF1B_S8,NCF1B,0.515786414628803,0.604589288398632,0.674890368444985
NCF1C_S8,NCF1C,0.515786414628803,0.604589288398632,0.674890368444985
NCF1_S8,NCF1,0.515786414628803,0.604589288398632,0.674890368444985
TTC7B_S11,TTC7B,-0.324602638425925,0.604728548193633,0.674897752403862
CE170_T1,CE170,0.355540372362151,0.605842682878485,0.675992888264415
DEMA_S7,DEMA,0.154285092103927,0.606685195234331,0.676784537020889
PRAM_S2,PRAM,0.201545213676998,0.609610405535185,0.679898672372429
CK096_S2,CK096,0.440469269077848,0.609761837043055,0.679918524408298
LBR_S1,LBR,-0.190807441872466,0.610113995432998,0.680162140395069
DOCK2_S8,DOCK2,0.0758421576421916,0.611267661404033,0.681298983838712
CD97_S6,CD97,0.112327440184191,0.612424592221216,0.68243896741602
G3P_Y5_S9,G3P,0.0504813119676406,0.613168547265699,0.682916563368174
HUTH_T13,HUTH,-0.209717329434477,0.61331246824521,0.682916563368174
AGAP1_S6,AGAP1,-0.180513543867144,0.613317681171345,0.682916563368174
MOT1_T7,MOT1,0.491827725054939,0.613390073622751,0.682916563368174
RL34_S3,RL34,0.48235868330391,0.614335221223481,0.683819209272604
DOCK7_S7,DOCK7,-0.0794882518563355,0.615149057516747,0.684575329100002
MOT1_S8,MOT1,0.202723865483287,0.617340013774208,0.68686332606236
SH2D3_S3,SH2D3,0.0726812742303084,0.617647553230773,0.687055258163134
PKHA4_S13,PKHA4,0.137473661387702,0.617950664675196,0.687242181828939
LAYN_S3,LAYN,-0.160189092340276,0.618757976219143,0.687989637894012
CTNA1_S4,CTNA1,-0.082486254405364,0.619516644408243,0.688509994979624
CTNA2_S4,CTNA2,-0.082486254405364,0.619516644408243,0.688509994979624
NUCB1_T12,NUCB1,0.0726926329267418,0.619631931409532,0.688509994979624
CEBPB_S13,CEBPB,0.81556785522769,0.619956299339403,0.688649492125221
HNRPL_S6,HNRPL,-0.107827675771422,0.62006888377293,0.688649492125221
HDAC7_S3,HDAC7,-0.0115848207589145,0.620163516689812,0.688649492125221
CDK18_S16,CDK18,0.207112880400381,0.620401370393316,0.688763293161945
SYMC_S2,SYMC,0.570451386872078,0.620912503484478,0.689102522768919
DAPK2_S3,DAPK2,0.291344394749045,0.620977804028202,0.689102522768919
BCAP_S1,BCAP,-0.100017779794122,0.621569099907975,0.689608281799341
MYO1E_S12,MYO1E,0.0984609197277802,0.622126243991864,0.690075938397777
LIMC1_S2,LIMC1,-0.191723696003108,0.622655066537265,0.690511983117176
SO2B1_S8,SO2B1,-0.149305004883119,0.622859359769153,0.69058801972226
DJC30_T1,DJC30,-0.294815393080897,0.623319759032803,0.690947915895186
NB5R3_S3,NB5R3,-0.0815789843644891,0.623621336883092,0.691131640614501
EST1A_S3,EST1A,0.138510610924089,0.624412076339632,0.691857283191648
YAP1_S4,YAP1,0.269082162941259,0.625164099537267,0.69253972097662
CP2D6_S3,CP2D6,-0.254026585719,0.626092483409512,0.693208863213604
CP2D7_S3,CP2D7,-0.254026585719,0.626092483409512,0.693208863213604
CKAP4_S6,CKAP4,0.481761076139194,0.6261768740821,0.693208863213604
BORG2_S4,BORG2,-0.0193156909160862,0.626567435561922,0.693490344167731
JIP4_S3,JIP4,-0.203432844425203,0.626795706354883,0.693592116992963
SUV3_S6,SUV3,-0.0119262866318933,0.627187698449069,0.693779329349025
UNK_S13,UNK,-0.0906601374729939,0.627342941710135,0.693779329349025
RHG35_S10,RHG35,0.459294991610119,0.627373957219903,0.693779329349025
CEBPB_S11,CEBPB,0.35187371130325,0.627558592559291,0.693832707288499
BORG5_S24,BORG5,0.109128811634788,0.628404802003678,0.69461734360085
ROA1_S8,ROA1,-0.163146128041222,0.629268573463608,0.695408953695451
RHDF1_S3,RHDF1,-0.14204416468711,0.629394306558088,0.695408953695451
SI1L1_S6,SI1L1,0.0507104698194677,0.631820452274331,0.697938007201866
LARP1_S9,LARP1,0.00505548858354139,0.632238321059522,0.698248009019068
ALBU_T1,ALBU,0.392739023926567,0.632812782947881,0.698663886189032
RBM25_S1,RBM25,-0.663660297946615,0.632939701950552,0.698663886189032
SRC8_T13,SRC8,0.484966290033821,0.633026830843443,0.698663886189032
LEO1_S4,LEO1,0.261356332500365,0.633945652583048,0.699526237333019
SDS3_S4,SDS3,-0.128203857127491,0.636278680211289,0.701948379209679
GGYF2_S5,GGYF2,0.123377978643404,0.637495125269967,0.703137914019855
RAF1_T4,RAF1,0.176192593465032,0.638841594417353,0.704470314780124
ROA3_S4,ROA3,-0.0781857240066529,0.639027744706632,0.704522896005925
RU17_S8,RU17,0.168949161901041,0.63918930964226,0.704548355168938
DTNB_S4,DTNB,0.0873944091090965,0.641533177214571,0.706939123970277
SC16A_S17,SC16A,0.354391854018424,0.641720529986757,0.706939123970277
MTG8_S3,MTG8,0.0706406014315132,0.641775120601161,0.706939123970277
TYB4_T4,TYB4,1.17027092570386,0.642144368111874,0.707192758647882
GPSM3_S5,GPSM3,0.0667227117797702,0.644535707343321,0.709520487055159
FERM2_S6,FERM2,0.0723495103134135,0.644592419110553,0.709520487055159
ZBT21_S8,ZBT21,0.29059763636759,0.644676338768868,0.709520487055159
CDK13_S5,CDK13,0.645801078914229,0.645243606984659,0.709991235367203
RBM15_S1,RBM15,-0.0756739758996659,0.645640304276533,0.710274133656
FCHO2_S5,FCHO2,0.398090617232848,0.646401845159395,0.710958190266105
NEK9_S2,NEK9,-0.0873209556346987,0.646706476930978,0.711139519045778
EDC4_S6,EDC4,0.231775950661146,0.649538062359772,0.714098889647044
RGRF2_S3,RGRF2,0.122841573582033,0.649725455784393,0.714150598192048
HUWE1_S2,HUWE1,-0.0560067496661048,0.649950449793539,0.714243604438343
KAP2_S2,KAP2,0.140525678202212,0.65030396312435,0.71447777248471
ARH38_S3,ARH38,0.150215277527972,0.652394739113743,0.716547148833646
KRI1_S6,KRI1,0.0665359968071708,0.652469131396675,0.716547148833646
RHG07_S3,RHG07,0.101114494471735,0.652660624571067,0.716555293431987
MAGI3_S17,MAGI3,0.309966964460056,0.652758212471946,0.716555293431987
PKP2_S2,PKP2,0.1337526514782,0.654438434595528,0.718244770323996
EIF3C_S9,EIF3C,-0.14939768614194,0.655158825898989,0.718725335526963
EIFCL_S9,EIFCL,-0.14939768614194,0.655158825898989,0.718725335526963
KMT2D_S5,KMT2D,0.0740563786879266,0.655869634740405,0.719350011114288
HSPB1_Y17,HSPB1,-0.0929117931573568,0.657411485862945,0.720885698291091
ABCF1_S7,ABCF1,0.0631926718144909,0.658143756504531,0.721533168087708
LAR1B_T7,LAR1B,0.0884902708379369,0.659444853960636,0.722803838205885
TPD53_S4,TPD53,-0.280161086024235,0.659606756047226,0.722825581470662
DOCK2_S2,DOCK2,0.943536284219846,0.660780934459746,0.723956372638068
HBA_S4,HBA,0.304507785077216,0.661675837254052,0.724780766404438
ARGI1_S6,ARGI1,-0.156823741892333,0.662329318675471,0.725340416147395
LRC47_S3,LRC47,0.0751252957531546,0.66261896636184,0.72550146349237
DLGP4_S3,DLGP4,0.166589463767333,0.663635684068729,0.726458339187111
KANK3_S11,KANK3,0.0800791928086876,0.664090033028431,0.726799330619199
RB15B_T3,RB15B,0.175436860627535,0.664361202067436,0.726939741100885
AF1L2_Y23,AF1L2,0.112979319365276,0.666073193994506,0.728656291344667
TNS2_T3,TNS2,-0.104624050844156,0.666979701592147,0.72928937583196
CCNY_S9,CCNY,0.174985611862598,0.667169121055178,0.72928937583196
CCYL1_S9,CCYL1,0.174985611862598,0.667169121055178,0.72928937583196
RHG35_S1,RHG35,0.677904561123828,0.667225244594688,0.72928937583196
CHD8_S7,CHD8,0.052751096052893,0.667420902530436,0.729346553280683
CO5A2_T15,CO5A2,0.563882572752719,0.668076621043456,0.729906344829097
PSN1_S1,PSN1,0.62770118827657,0.668259406380495,0.729949304350356
P121C_S3,P121C,0.362637497765823,0.66846668124302,0.730018989947303
ANR28_S3,ANR28,-0.0829413158800491,0.669065979913559,0.730516675064418
ENOA_S7,ENOA,0.109299785707162,0.670207373589535,0.731605903630885
PLIN1_S2,PLIN1,0.374959007742469,0.671488512140851,0.732796368972424
ROA2_S16,ROA2,0.0350908825377012,0.671585980447801,0.732796368972424
CI172_S11,CI172,-0.105660792032776,0.671837899777267,0.732914072484291
AR6P4_S10,AR6P4,-0.047835340613402,0.672689856615763,0.733686171588639
PHC3_T4,PHC3,-0.0447205540877536,0.672897883778859,0.733755772110338
CIC_S2,CIC,0.0346306228669585,0.673479495896385,0.734232628052455
AR6P4_S3,AR6P4,0.193436682643632,0.674953093842537,0.735618307382431
K1C23_T3,K1C23,-0.185919937308832,0.675039677116464,0.735618307382431
K1C18_S19,K1C18,-0.100596958900438,0.676035500814888,0.736545744785043
STK10_S8,STK10,0.455448172453943,0.676840669991876,0.737265110023264
DOCK4_S8,DOCK4,-0.136467338731383,0.677148564226977,0.737442614466365
KPCD1_S2,KPCD1,-0.13136390290442,0.677362937396017,0.737518216450018
HEM2_S1,HEM2,-0.101085025696451,0.678342667715304,0.738426934817173
HS90A_T20,HS90A,0.194627554413318,0.679846812503086,0.739906006848278
CCAR2_S4,CCAR2,0.087385309619289,0.680492621052411,0.740370302786108
TB182_S8,TB182,0.585540841451653,0.680564446959636,0.740370302786108
LS14A_S2,LS14A,0.0889705984275924,0.680911451844059,0.740589454250229
CO5A2_S20,CO5A2,1.07095888901452,0.682564985587387,0.742229246990516
OSBL3_S4,OSBL3,0.264329557803487,0.68285176416753,0.742382430787263
AKAP1_T3,AKAP1,0.0593239077213056,0.68331208554073,0.742724180993641
GBF1_S10,GBF1,0.150633507090702,0.683654295889445,0.74289934903777
NAGK_S7,NAGK,0.0667756995064646,0.683765261702806,0.74289934903777
3BP1_S11,3BP1,0.0872551275699471,0.684527339587984,0.743508868719867
CI129_S8,CI129,0.0670970656692566,0.684764653856387,0.743508868719867
F120A_S8,F120A,0.0670970656692566,0.684764653856387,0.743508868719867
PP14A_S9,PP14A,0.308676328644064,0.686597762419855,0.745340178193348
SND1_S12,SND1,-0.0368254188868223,0.686889720303914,0.745498058213804
PGM1_S6,PGM1,-0.182610731979288,0.687709604985777,0.746228720445219
PKHA3_S3,PKHA3,-0.441833422937788,0.68856489417146,0.74699748007343
TF3C3_S4,TF3C3,0.401991563726728,0.688744710154546,0.747033273346052
TBC9B_S3_S27,TBC9B,0.735217879393657,0.689224444751727,0.747394282799827
AAK1_T4,AAK1,-0.0890644823122092,0.689434989154758,0.747463291033328
HCK_Y7,HCK,0.326868544863577,0.690404659495884,0.748195720450492
LYN_Y7,LYN,0.326868544863577,0.690404659495884,0.748195720450492
BIN2_S2,BIN2,0.738306591896062,0.691416953308373,0.749133189615205
FOG1_S8,FOG1,0.0629959741995909,0.69197475293353,0.749577931216904
NUP93_S3,NUP93,0.466866081552124,0.69708497011487,0.754952815654419
BAG6_S4,BAG6,0.0899686272305169,0.698667254018012,0.756387280000128
KAP0_S3,KAP0,0.290644609332105,0.698706803459238,0.756387280000128
PAXI_S18,PAXI,0.0934945332320343,0.699149604361008,0.756642235465078
VDAC2_S8,VDAC2,0.283032684950464,0.699239738827987,0.756642235465078
DEMA_T2,DEMA,0.269874504728587,0.700944534740253,0.758325705455753
TRM1_S7,TRM1,-0.107847016790779,0.701247516469808,0.758492211691833
RB15B_S1,RB15B,-0.0901548574629172,0.701783823083874,0.758910965324283
PALMD_S4_T21,PALMD,0.398375653688624,0.704331207246702,0.761503863678542
RCAN1_S9,RCAN1,0.0889532940970167,0.704886031136703,0.761603458465578
RCAN3_S9,RCAN3,0.0889532940970167,0.704886031136703,0.761603458465578
ANXA2_S16,ANXA2,0.0655644748171145,0.705202948559463,0.761603458465578
AXA2L_S16,AXA2L,0.0655644748171145,0.705202948559463,0.761603458465578
RIPK3_S3,RIPK3,0.0897529163346287,0.705287911151142,0.761603458465578
AAK1_T5,AAK1,-0.0605741182553404,0.705321441880858,0.761603458465578
AP3D1_S4,AP3D1,0.128125405669174,0.707862562935645,0.764067144902112
GLCI1_T8,GLCI1,0.214583531178054,0.707965484375419,0.764067144902112
PDCD4_S4,PDCD4,-0.434752309994112,0.708053574727488,0.764067144902112
EPS15_S6,EPS15,0.136565088863481,0.708565175705146,0.76445708523914
MPRIP_S14,MPRIP,0.189138918896627,0.709614756163406,0.765348954113893
CHD4_S6_S22,CHD4,0.405240155593647,0.709692681900422,0.765348954113893
ZCCHV_S14,ZCCHV,0.0886884435385085,0.710282786272717,0.765823016858568
ELYS_S10,ELYS,0.0664021238377214,0.710594858787715,0.765997169811842
LAT3_S18,LAT3,0.687072872001593,0.711736859926251,0.767065694408974
SO2B1_S7,SO2B1,-0.054336535583297,0.713298577676127,0.768586015081773
FAK1_T6,FAK1,0.404389667532893,0.714662474099056,0.769892582726233
RRAS2_S9,RRAS2,-0.043234091723301,0.715630327604733,0.770772037860475
FARP1_S6,FARP1,-0.331705792919814,0.716073984818828,0.771086652858878
DMWD_S3,DMWD,-0.238036723321144,0.717173212535649,0.772106920309222
SMRC2_S3,SMRC2,-0.104643992293787,0.718014705009723,0.772849337653791
TGON2_S10,TGON2,0.488841231564725,0.720340376533442,0.775187333791362
CLIC6_S3,CLIC6,0.330849236219359,0.720491529382734,0.775187333791362
ST2A1_S5,ST2A1,-0.0817541847851077,0.721665387639058,0.776286150593557
LAR1B_S10,LAR1B,-0.082965519293644,0.722266532044612,0.776768572192557
MRP3_S6,MRP3,0.077110931193054,0.722456051458673,0.77680819734187
PGM5_T8,PGM5,0.126259509742469,0.722810688847843,0.776962547747237
LPP60_S3,LPP60,0.0995154312549722,0.722905011995955,0.776962547747237
RILP_S6,RILP,0.446073478725134,0.723132642374023,0.777043059007187
SKIV2_S2,SKIV2,0.0625438250058083,0.724724395246052,0.778589046244069
UH1BL_S9,UH1BL,0.0561339887602505,0.726671963366148,0.780516561031657
TAXB1_S3,TAXB1,-0.129445506135207,0.727884646930703,0.781589499169403
SC61B_S12,SC61B,1.2875749750241,0.727978112532194,0.781589499169403
AFAP1_T3,AFAP1,0.0860924127624088,0.729033029746549,0.782556973702625
FYN_S8,FYN,0.465187107066939,0.730920717448054,0.784417762154756
STAT3_T5,STAT3,0.0237259966804948,0.732781420295909,0.786248811991899
CO6A1_S3,CO6A1,-0.0582110759826677,0.734004126962475,0.7873946864822
PGM1_S8,PGM1,-0.0986232678913929,0.734199047788418,0.787437764575774
TBC17_S26,TBC17,-0.0916151599564314,0.735451832019981,0.788615157285071
ZFY26_S8,ZFY26,0.0724345813321942,0.736629191627438,0.78971119405824
LARP4_S2,LARP4,0.349155100962837,0.737116463512646,0.790067108985115
FXR2_S4,FXR2,0.579210858893371,0.738184672668956,0.79104541165536
PELP1_S12,PELP1,0.263915145162521,0.739572365511709,0.79236559185588
KANK2_S8,KANK2,-0.0788553796155681,0.739918022300981,0.792569031045767
AKA11_S5,AKA11,-0.0714722098058624,0.740150093913785,0.79265074254543
EXOC8_S3,EXOC8,0.120019497477643,0.740478323527011,0.792835376705689
NRP1_S3,NRP1,-0.0564696474910724,0.740903552448953,0.793123769169003
SH3K1_S20,SH3K1,0.388804718673835,0.74177760460912,0.793892396350695
MCEE_S2,MCEE,0.0869149986941436,0.742620010357372,0.794626837581138
GAS2_S6,GAS2,-0.0925445346165921,0.743383204323159,0.794863171099825
VIME_T1,VIME,0.0716215824345379,0.743426761987337,0.794863171099825
ROA2_S21,ROA2,0.330912732488123,0.743432675378748,0.794863171099825
RGS12_S11,RGS12,-0.0568204124800632,0.743465768723284,0.794863171099825
COG3_S16,COG3,-0.0833753367965276,0.744014701084536,0.795282940991202
DEMA_S1,DEMA,-0.0836575134857199,0.745451845016118,0.796513935404962
PKHG1_S3,PKHG1,0.072950276986737,0.745479434040572,0.796513935404962
CLD23_S3,CLD23,0.220777402322527,0.746318137026812,0.797207741318119
KANK1_S1,KANK1,0.0695177943191309,0.746442154017201,0.797207741318119
GELS_S3,GELS,0.345780392023419,0.747851172379884,0.798544966436275
PP14A_S8,PP14A,0.481023417187451,0.748786366802342,0.799375794018111
SFR19_S18,SFR19,0.188997046286462,0.749070753079287,0.799511640794507
ARHGG_S2,ARHGG,0.760992641523702,0.751234923436597,0.801509022382059
CDK13_S12,CDK13,0.098392652624843,0.75125717919419,0.801509022382059
TLN1_T3,TLN1,-0.0686598261468061,0.751827186516764,0.80194827036179
GSK3A_S3,GSK3A,0.765548601467307,0.751986722544793,0.80194827036179
ABCBB_S3,ABCBB,0.13224865619167,0.752141734702528,0.80194827036179
EH1L1_S4,EH1L1,0.205682967642146,0.752465591972002,0.802125483334076
MTAP2_S3,MTAP2,0.0763292867086108,0.753550883727209,0.803114138333481
AP2A1_S1,AP2A1,-0.088288705351368,0.755339210076384,0.804851497564114
ZN316_S6,ZN316,0.0949856102178535,0.755545728234547,0.804902986862934
DEMA_S10,DEMA,0.115447912501222,0.75585708604578,0.80506611969875
CDK14_S3,CDK14,0.0542090267456723,0.756286547468734,0.80535495050668
GPC5C_S1,GPC5C,-0.0771716230790637,0.757098548676564,0.805894060224249
WDFY3_S2,WDFY3,-0.164694277659447,0.75720784410612,0.805894060224249
PYC_S2,PYC,0.0323890245771535,0.757267983870309,0.805894060224249
JIP4_T19,JIP4,-0.0755152507739563,0.758702868623198,0.807252236627945
CP2C9_S3,CP2C9,0.0919466387491111,0.760005861742679,0.808300548609271
CP2CJ_S3,CP2CJ,0.0919466387491111,0.760005861742679,0.808300548609271
ZFP91_S3,ZFP91,0.565722972177232,0.760326524627982,0.808472592958657
NO40_S1,NO40,-0.0721687753696843,0.761309089040705,0.809348233397223
ZN638_S10,ZN638,0.00924356859300859,0.763332256482008,0.811329542715784
NHSL1_S3,NHSL1,0.163402508576925,0.763900218411958,0.811763640618221
VIME_S8,VIME,-0.0919132875201466,0.764802969470074,0.812553248833522
TUT7_S3,TUT7,0.473570094216943,0.766634108596327,0.814328673181234
NOP56_S6,NOP56,0.257411181209774,0.767844471915563,0.815444097914086
LYRIC_T12,LYRIC,0.44070717760459,0.770151824261666,0.81772380672858
M3K1_S2,M3K1,0.0497877634674582,0.771617768689651,0.819109369307937
ULK1_S3,ULK1,-0.0590055028858885,0.772072371689494,0.81942099022865
GATM_S12,GATM,-0.10503003282616,0.772330374977924,0.819523868172613
LMO7_S16,LMO7,0.0686838619428382,0.774763368705253,0.821927740596291
ARRB1_S15,ARRB1,0.492012185982093,0.774918901658885,0.821927740596291
FA76B_S5,FA76B,-0.0755754211204315,0.777467737213724,0.824459326165783
STBD1_S11,STBD1,-0.495467066059557,0.777850252130724,0.82469307831655
LYST_S1,LYST,0.0964833741735127,0.778048428808649,0.824731334537168
SEP10_S8,SEP10,-0.0597138565093075,0.778768164339948,0.825322312052001
FLNA_S15,FLNA,-0.00280889364414668,0.781082750296535,0.827602880780668
ARRB1_T13,ARRB1,0.549943334701518,0.781272159770956,0.82763121984481
SAMH1_T16,SAMH1,0.452541157199414,0.781528513698179,0.827714882069751
RL40_T1,RL40,0.940546835294522,0.782164534786038,0.827714882069751
RS27A_T1,RS27A,0.940546835294522,0.782164534786038,0.827714882069751
UBB_T1,UBB,0.940546835294522,0.782164534786038,0.827714882069751
UBC_T1,UBC,0.940546835294522,0.782164534786038,0.827714882069751
KANK2_T6,KANK2,0.0569307722590126,0.783036026997531,0.828464817085348
AGFG1_S4,AGFG1,-0.0593288972467387,0.784074338951467,0.829390901576936
MYO9B_T2,MYO9B,0.440216195514375,0.784900434343857,0.829996835114911
SNTB1_T12,SNTB1,0.0490481937465995,0.784973421889338,0.829996835114911
TFPT_S10,TFPT,0.0603630777687017,0.785457854357696,0.830336497604811
BAG6_S26,BAG6,0.238082839593267,0.78680741045611,0.831590383132673
SI1L1_S4,SI1L1,0.0253497217718467,0.787095649649557,0.831722256576728
OSTP_S1,OSTP,-0.089385138590339,0.788033435826083,0.832540307616925
TRAM1_S17,TRAM1,0.158212064569326,0.790361915460423,0.834826951601128
HABP4_S13,HABP4,0.106580024958449,0.790683696407988,0.834993492595235
SZRD1_S6,SZRD1,-0.114500250837018,0.792529063407273,0.836768598177258
M3KL4_S5,M3KL4,-0.0783587826209265,0.793266687220535,0.837373631655204
ASHWN_S9,ASHWN,0.118571902522502,0.794422093307257,0.838419334318051
TGON2_T7,TGON2,0.108534848260539,0.795414449851953,0.839292559279705
SSFA2_S6,SSFA2,0.181540280441274,0.79576146816349,0.839484625754891
SYEP_S12,SYEP,0.299922734883463,0.796429030457378,0.840014698790866
RPB1_S5,RPB1,0.403931162929789,0.796927313881427,0.840363128740118
PP1RA_S3,PP1RA,0.0497276967628579,0.797089712912698,0.840363128740118
KS6A1_S5,KS6A1,-0.0481346530668238,0.797363408121327,0.840477526521921
MB12B_S3,MB12B,-0.0993992154265956,0.797949364337963,0.840920953966768
MAP4_S15,MAP4,-0.0225191482615672,0.799723122454457,0.842615706574503
RBM14_T3,RBM14,-0.0745955555637805,0.800791430515097,0.843438772827945
ZO2_S3_S11,ZO2,0.332687607432278,0.800835831668986,0.843438772827945
NDRG2_T3,NDRG2,0.0290545305425785,0.802397263195549,0.844908376477432
ANR27_S3,ANR27,0.0984771317528571,0.803683487902676,0.846087644620073
DOCK2_S1,DOCK2,1.19414785020556,0.804458870132739,0.846640358154507
RHG04_S7,RHG04,0.563625704199567,0.804676779224567,0.846640358154507
DEFI6_S3,DEFI6,-0.0918817038790439,0.804707698906289,0.846640358154507
SCFD1_S12,SCFD1,0.590648537747828,0.807033814147922,0.848912145210797
FBN1_S16,FBN1,0.074833170495641,0.80749326056749,0.849219865598882
SESQ1_S3,SESQ1,0.1319184539091,0.80829215350196,0.84984168671945
TENXA_S19,TENXA,0.274174871604279,0.808585614270609,0.84984168671945
TENX_S19,TENX,0.274174871604279,0.808585614270609,0.84984168671945
SO1B1_S9,SO1B1,-0.0465054589104279,0.80917698456584,0.850287587251341
PRP31_S1,PRP31,0.0659677081244047,0.809982887166717,0.850958688809468
PSA2_Y2,PSA2,-0.0353295613817477,0.810788869448577,0.851594567868326
PGM1_S11,PGM1,0.307420792975909,0.810922893341596,0.851594567868326
EHBP1_T4,EHBP1,0.150546496056567,0.811959718216879,0.852403753416397
KANK2_S14,KANK2,0.188721276432392,0.812028497014402,0.852403753416397
TA2R_S1,TA2R,0.0245953501488539,0.813297238220669,0.853559477736544
PHIP_S9,PHIP,0.315435231219893,0.813693484854582,0.853799226838547
HAOX1_S4,HAOX1,-0.0735873813651218,0.814409512084643,0.854256893822551
SMC3_S4,SMC3,0.210950417294265,0.814465446527751,0.854256893822551
LMNA_S4_S8,LMNA,0.295627841333839,0.814866394795998,0.85450128127
SREC2_S22,SREC2,0.0166929138460828,0.815063275192151,0.854531618416993
ABLM1_S14,ABLM1,-0.0406489504831354,0.816057883124502,0.855398127181184
ELF1_S8,ELF1,0.00206284999985379,0.816537697729999,0.855639277056232
TGM2_S2,TGM2,-0.0298347120623436,0.816624278574108,0.855639277056232
SRCN1_S11,SRCN1,0.0605716223551046,0.819445424061644,0.858418430641475
MINK1_S9,MINK1,0.280747812411729,0.819853040730686,0.858668643729463
RPR1B_Y17,RPR1B,-0.0640231543899942,0.820637656150876,0.859004318336388
CX023_S6,CX023,0.083844108281925,0.821048447138481,0.859004318336388
MYH9_S2,MYH9,-0.0407329620015153,0.821236656397419,0.859004318336388
ADT1_T4,ADT1,-0.053402730702437,0.821355347623138,0.859004318336388
ADT2_T4,ADT2,-0.053402730702437,0.821355347623138,0.859004318336388
ADT3_T4,ADT3,-0.053402730702437,0.821355347623138,0.859004318336388
ADT4_T4,ADT4,-0.053402730702437,0.821355347623138,0.859004318336388
ZCCHV_S6,ZCCHV,-0.0333065483157074,0.823346926724451,0.860910226710647
PHLB1_S20,PHLB1,0.614555364789801,0.823848506096431,0.861257694476811
OSBP1_S10,OSBP1,0.115738475181059,0.824081488536351,0.861272523342729
OGFR_S7,OGFR,0.0244729188772784,0.824322678906727,0.861272523342729
ATG2B_S3,ATG2B,0.0355550341876277,0.824370516642903,0.861272523342729
S19A3_S3,S19A3,-0.0719593076685693,0.824601670915863,0.861337159026876
HBB_S1,HBB,-0.104511200161714,0.827077566541963,0.863746030083232
MYLK_T7,MYLK,-0.108021340547312,0.827636190988194,0.864152050020097
CP135_S3,CP135,-0.0340263519380105,0.828190837865958,0.864553751141156
ZO1_S13,ZO1,0.276980495907654,0.828528000970104,0.864728301320182
ATTY_S2,ATTY,0.190510430856323,0.829030390483056,0.865003469826673
PWP1_S2,PWP1,0.0519509808225479,0.829131667127493,0.865003469826673
PAR12_S7,PAR12,-0.0489405289769003,0.829570537199426,0.865283905959549
SC16A_S16,SC16A,0.029488879036988,0.830435414332428,0.865958513779508
ANO6_S3,ANO6,-0.34684057440802,0.830557694033805,0.865958513779508
PKHA7_S4,PKHA7,0.029944361569119,0.831255871578857,0.86650888641533
MCLN1_S3,MCLN1,0.286431807269448,0.832095209534546,0.867206150371112
NBN_S13,NBN,0.141197935319901,0.833503917537584,0.868496402300067
ZN318_T1,ZN318,0.0395900585381215,0.834000251918566,0.868835643276344
SP130_S3,SP130,0.0538371757680698,0.834176482225802,0.868841339112565
SMC3_S9,SMC3,0.570766528046546,0.836656387133205,0.871213191202459
PRSR2_S6,PRSR2,0.0213737600534776,0.83680237811503,0.871213191202459
NELFE_S5,NELFE,-0.0576180583348548,0.836967389661482,0.871213191202459
EIF3B_S18,EIF3B,0.438910099459029,0.83794288590677,0.872050195028359
SMG1_T8,SMG1,-0.0324584873072933,0.838512496331326,0.872464536060079
ELYS_S14,ELYS,0.028818159238224,0.839370589488214,0.873178809919451
RANB3_S28,RANB3,0.103589238273714,0.84056072279721,0.874165374901289
ZMYM3_S3,ZMYM3,0.0426048124301736,0.840662574566039,0.874165374901289
RB6I2_S8,RB6I2,0.0494297285988555,0.842945458279784,0.876360133168684
PDLI7_T6,PDLI7,-0.0454946326263094,0.843864620200092,0.87713650410175
PHF8_S15,PHF8,0.0885599900528698,0.844798487901103,0.877927840367813
TTC7B_S3,TTC7B,0.210985406395203,0.845825375067154,0.878815500988703
TTC28_S4,TTC28,0.305703930973934,0.846307054444539,0.87913644201997
LMNA_T8,LMNA,-0.21347964892949,0.84692553598589,0.879599331924109
RBCC1_S13,RBCC1,0.0481751832448192,0.848151829709715,0.880693165216945
HTSF1_S7,HTSF1,0.0225329116183266,0.850437351119134,0.882886195163059
DJC30_S3,DJC30,-0.542953433734418,0.85114061581323,0.883345494332676
AHDC1_T3,AHDC1,-0.058439401126313,0.85122699660242,0.883345494332676
PCTL_S10,PCTL,-0.042805176096541,0.851765167690195,0.883723730262584
ABLM1_S6,ABLM1,0.277269953006177,0.853893559295858,0.88575136181393
MYLK_S33,MYLK,0.314727432917116,0.855255941562188,0.886983740454222
ZN777_S2,ZN777,0.0791679900058943,0.857482347521634,0.889111510941527
EP400_S3,EP400,-0.02872407319509,0.859121250861382,0.890629365196151
TMM51_S23,TMM51,0.297550998955302,0.859430117264765,0.890768066132232
PANK2_S5,PANK2,-0.0828806023772823,0.860028374331853,0.891206592382987
PDLI2_S8,PDLI2,-0.0248505479086381,0.860943327134707,0.891973049981957
NIPA_S10,NIPA,0.014780743420828,0.865059827034834,0.896055456016538
RBBP6_Y14,RBBP6,0.438705477578259,0.867056929203308,0.897936157606671
SRBS1_S3_S7,SRBS1,0.435694874621326,0.867228435235688,0.897936157606671
OSMR_S1,OSMR,0.427448028825634,0.867641976390129,0.898181561723901
CK052_T1,CK052,0.446414554090317,0.869429668384054,0.899849095349485
TNS2_S7,TNS2,0.00487975157613844,0.870074099321642,0.900332930109521
ST38L_T6,ST38L,0.519086617824621,0.871579814336875,0.901707624104518
LIMD1_S7,LIMD1,0.386251521929184,0.872066411057609,0.901876359037318
NDRG1_S1,NDRG1,0.0345679637943149,0.87209742265401,0.901876359037318
MT1E_T7_S10,MT1E,0.0371222428378187,0.872764855317428,0.902383170870773
XRN2_S3,XRN2,0.409367145458655,0.874479292888965,0.903870365158678
HNRL1_S1,HNRL1,-0.021814426108179,0.874558531382896,0.903870365158678
ZHX3_S13,ZHX3,0.120674735241425,0.87507777586563,0.904223339480976
CBX8_S7,CBX8,0.0397209360316821,0.876357342782229,0.905078486332696
HSP74_S9,HSP74,-0.017051049385395,0.876397080629441,0.905078486332696
TGFI1_S4,TGFI1,0.266039503309924,0.876439013789543,0.905078486332696
FRM4A_S7,FRM4A,0.192772027696608,0.876658404523611,0.905121339735417
NSUN2_S6,NSUN2,0.210610653913783,0.877012601444987,0.905303330523858
SCRIB_T20,SCRIB,0.325681771420927,0.878337202870262,0.906309447335955
SAV1_S2,SAV1,0.0471251385769229,0.878343530820282,0.906309447335955
ZO3_S2,ZO3,0.115295359956814,0.879164360439728,0.906969160777363
ADH1A_T7,ADH1A,0.0398814158172039,0.879339400572864,0.906969160777363
PARVA_S7,PARVA,0.641775835297849,0.880198795126242,0.907671558492566
ABLM1_S17,ABLM1,0.279438314858955,0.881315418331569,0.908638875070116
PCDH1_S3,PCDH1,0.198709178435024,0.881812941226461,0.908967634716417
PLEC_S3_S13,PLEC,0.0223734136407293,0.883027312125561,0.910035034250527
NU214_T15,NU214,0.0578780434466284,0.885855377801161,0.912764714915412
TNR6B_S3,TNR6B,-0.0289031451919512,0.887390488651402,0.914161329471215
ATX2L_S5,ATX2L,0.0329647717351705,0.888036790951459,0.914473150662499
GYS2_S12,GYS2,0.0153925113388886,0.888052641003028,0.914473150662499
NCK1_S4,NCK1,0.345838206439083,0.88836250042482,0.91460712305979
RPRD2_S14,RPRD2,-0.0205420126226543,0.889635333447923,0.915647942519321
PCKGC_S5,PCKGC,0.0261210868601868,0.889733378108397,0.915647942519321
TEX2_S1,TEX2,0.104198477627824,0.890218026784286,0.915961439894529
ATX2_S2,ATX2,-0.00215688241623465,0.890767049721444,0.916341032952428
SI1L1_S1,SI1L1,0.197973038813826,0.892147510407052,0.917575608035391
SO1B1_S2,SO1B1,0.263520621218255,0.892843941876837,0.918106300782002
ACBD4_S6,ACBD4,-0.0412020366831265,0.89319286117567,0.918279506498648
PML_S12,PML,-0.0193489013115545,0.89396781844908,0.918768664026905
SH24A_T1,SH24A,0.0335939714919003,0.894029806524608,0.918768664026905
CD97_T8,CD97,-0.0283568702169695,0.897608571685532,0.922260180277865
KCNJ8_S2,KCNJ8,-0.043444669766644,0.898129864681069,0.922609479405871
PAR3L_S4,PAR3L,0.0255715309391508,0.898476615978245,0.922779374666393
DPYL2_T1,DPYL2,-0.0674878015475139,0.899662278977162,0.923810630764037
RFX1_S9,RFX1,0.248070979571525,0.900012213193338,0.923920115314705
KIF1C_S8,KIF1C,0.15928026596276,0.900132077754519,0.923920115314705
LIPA1_S3,LIPA1,-0.024135013465526,0.901577456780284,0.925046997265544
DNJC9_S3,DNJC9,0.0208610941191074,0.901593565141477,0.925046997265544
TRAP1_T4,TRAP1,0.0532351409291087,0.903315692450166,0.926618639056546
CPZIP_S3,CPZIP,0.735653950398293,0.903489596768775,0.926618639056546
MP2K2_S19,MP2K2,0.0176894741717487,0.903864188269427,0.926815999579775
G3BP1_S2,G3BP1,-0.0185168832759707,0.904167766230428,0.926833622855238
CD97_T7,CD97,0.21265594780396,0.904245696512068,0.926833622855238
ABI2_S3,ABI2,0.0352228218303821,0.904502487761988,0.926910102262436
CSTF2_S25,CSTF2,0.792315086599075,0.904913478658293,0.927144538746153
RTKN_T1,RTKN,-0.157437797267307,0.905830916253646,0.927897664968502
AAK1_T18,AAK1,-0.0186141988611747,0.906082692868938,0.927968748252246
LARP1_S17,LARP1,0.280820383449922,0.906271481533024,0.927975306508357
TB182_S12,TB182,-0.0152191711201876,0.907384566024819,0.928911592126775
PI4KA_S3,PI4KA,0.0153857931667237,0.907551007166313,0.928911592126775
C170L_S9,C170L,0.0224380507054019,0.907934110538408,0.928929972736662
CE170_S9,CE170,0.0224380507054019,0.907934110538408,0.928929972736662
LMNA_S2_T8,LMNA,0.051778811085159,0.908456914095017,0.929278001390319
LIRB3_S3,LIRB3,0.187399799207932,0.909861166282936,0.930419478454913
KHDR1_S3,KHDR1,0.0224482477094173,0.909938546539239,0.930419478454913
F261_S3,F261,0.0215598559093104,0.910428168441795,0.930562859945519
PLD1_S1,PLD1,0.0225768650256065,0.910444559121225,0.930562859945519
DJC17_S7,DJC17,0.11250364904671,0.910710390225282,0.930647613068133
SMAG2_S13,SMAG2,0.157598239166945,0.913090089916734,0.932892043673964
NDE1_S3,NDE1,0.0842341364583853,0.914030454080267,0.933665318281549
GCST_S3,GCST,-0.0233323929590118,0.914716220206253,0.934178267444684
SSH2_S3,SSH2,-0.0133403910538943,0.914997809628399,0.934278317356872
DOCK9_S3,DOCK9,-0.279219463847975,0.915362195892494,0.934462851665531
DIDO1_S3,DIDO1,0.0634409855552328,0.916485864689086,0.935422282755881
MAP1A_S3,MAP1A,0.175412077781058,0.916706527478503,0.935459849941962
CCNK_S3,CCNK,-0.0906489448172629,0.917108891933364,0.93568278366893
KI13B_S4,KI13B,0.0499127211854791,0.917368778973092,0.935760294189072
SAMH1_S4,SAMH1,-0.0237862971191223,0.921064541538038,0.939341829493994
STA13_S3,STA13,-0.0129893289826082,0.921663456283292,0.939764261637152
UH1BL_S4,UH1BL,0.789459436763526,0.923043449830115,0.940982783557529
E41L2_S30,E41L2,1.23046771962532,0.923510780235569,0.941270602932407
AGRA2_Y3,AGRA2,0.395176371091749,0.923804736608046,0.941381634260312
ALDOB_S17,ALDOB,-0.302421151151926,0.924387029257518,0.941786384634011
REQU_S5,REQU,0.272489790215975,0.925608094681027,0.942841638786199
CNNM3_S19,CNNM3,0.179800539318902,0.928020963987535,0.94511022113062
SNX17_S9,SNX17,0.370856956858293,0.930417087428571,0.947298697634216
VDAC1_S8,VDAC1,0.0199981988244822,0.93054223482229,0.947298697634216
CCDC9_S5,CCDC9,0.180656764140394,0.931054795872559,0.947630886457208
CCDC6_S10,CCDC6,-0.140199715406005,0.932602547694944,0.949016352534375
CLN6_S3,CLN6,0.0157807235737701,0.933510466488531,0.949750300638601
SYTL5_S11,SYTL5,0.0211048432568452,0.934972120259658,0.951047210691951
TCF20_S4,TCF20,-0.0166993890190094,0.936118074253377,0.952022538836934
FOXA1_S15,FOXA1,0.392610228076245,0.937399331059787,0.952843257050204
RBM27_T5,RBM27,-0.174685561121531,0.937411442848522,0.952843257050204
HCLS1_T12,HCLS1,0.428625358856375,0.937486899526989,0.952843257050204
HNF4A_S12,HNF4A,0.013462079658374,0.939052209797202,0.954243587666899
HDGR2_S3,HDGR2,-0.0147267654767559,0.94001283920983,0.954672801569578
DNJB9_S5,DNJB9,0.0781218846438363,0.940111956795544,0.954672801569578
HMDH_S1,HMDH,0.0190441807633395,0.940468683301265,0.954672801569578
TOB1_S2,TOB1,-0.121953878971254,0.940555548412409,0.954672801569578
MEPCE_S7_S16,MEPCE,0.412181713102602,0.940574593895819,0.954672801569578
MID51_S1,MID51,0.199066243567607,0.940600384093611,0.954672801569578
ARHGC_S3,ARHGC,-0.0139029370935435,0.94210125142193,0.955916014860705
GGYF2_S16,GGYF2,0.264289073350731,0.942201024867617,0.955916014860705
EX3L4_S2,EX3L4,0.101298564359654,0.942570824422718,0.956100549175197
CD2AP_S26,CD2AP,0.387231138069187,0.943456765877278,0.956760459178252
CXXC1_S7,CXXC1,0.00657755867403483,0.943597481162828,0.956760459178252
TIM8A_S1_S2,TIM8A,0.0159144735207888,0.944260509779182,0.957241975245363
CRTC3_S15,CRTC3,0.0327850942560923,0.945574450016989,0.958373631232155
STX16_S1,STX16,0.0133290829381002,0.94575353821082,0.958373631232155
NIPS1_S1,NIPS1,-0.107914277084678,0.946297248261705,0.958733651763352
MY18A_S5,MY18A,0.241327857786486,0.946583071861103,0.95883230532138
LMO7_S5,LMO7,-0.0151316037248708,0.946932773664188,0.958995611545261
P4K2A_S10,P4K2A,-0.00776781000390667,0.947367380634226,0.959244822421282
KPCD_S3,KPCD,0.172876598339513,0.947572479647782,0.959261594995606
TCF20_T3,TCF20,0.00771343453806634,0.948256991847354,0.959763591509715
DCP1A_S5,DCP1A,0.126250183993925,0.949297850662748,0.960625987305501
E41L2_S33,E41L2,1.09716827575399,0.950335743573535,0.961485039431725
LTBP4_Y3_T10,LTBP4,0.793507555829676,0.951377055858897,0.962347208789278
ACTB_S14,ACTB,0.0201748508461298,0.952256875198793,0.96266302026852
ACTG_S14,ACTG,0.0201748508461298,0.952256875198793,0.96266302026852
POTEE_S14,POTEE,0.0201748508461298,0.952256875198793,0.96266302026852
SMTN_S1,SMTN,0.0581912394620506,0.953826548546288,0.964058299365021
MEN1_T14,MEN1,0.38394843331882,0.954029823695022,0.964072242891812
RERE_S5_S9,RERE,0.100218690359145,0.954287025311799,0.964140664175225
ELF4_T2,ELF4,0.00822373365716194,0.954677692837961,0.964343875552818
EMAL4_T6,EMAL4,0.505122705165035,0.955232882204496,0.964713160908391
RBM10_S4,RBM10,0.00600531161443471,0.958372621934345,0.967691982615985
DNJB9_S4,DNJB9,-0.0767747097465165,0.958643430054759,0.967773367483852
ADA17_S1,ADA17,0.244170014961392,0.959672360730959,0.968619911009546
PGRC1_S10,PGRC1,0.0948333323337945,0.96017684302879,0.968936885626831
IKZF1_T3,IKZF1,0.0291054464151032,0.960684127768707,0.969256561984371
SON_S1,SON,0.0157563596835643,0.962738377666637,0.971136571286251
AAKB2_S1,AAKB2,-0.184997723569633,0.963239914979419,0.971449888486677
PEX19_S8,PEX19,0.43171261938877,0.963539795022413,0.971559745753872
DCLK1_S7,DCLK1,-0.0133341940717875,0.964151413886785,0.971983830762029
PHLB1_T1,PHLB1,-0.0147275103572121,0.964370100011904,0.972011701438306
PDLI4_S11,PDLI4,0.346513884808287,0.966200570152158,0.973471346792671
ABLM1_T9,ABLM1,0.0595371174371097,0.966280995979022,0.973471346792671
ZSWM8_S9,ZSWM8,0.00827810634395582,0.966392250913872,0.973471346792671
C2C2L_S7,C2C2L,0.331517875474248,0.966624477306704,0.973512537715065
ABCBB_S6,ABCBB,-0.16006432943897,0.96684306064972,0.97353997478444
LTBP1_S10,LTBP1,0.0120143025211286,0.967172747211378,0.973679251644537
NUCB1_S5,NUCB1,0.0104444437618468,0.967493024669654,0.973809002872245
PGRC1_T9,PGRC1,0.771017075075649,0.969738309309816,0.975794858521852
AKP13_S7,AKP13,0.00465204255558658,0.969849567520638,0.975794858521852
HPS5_S3,HPS5,-0.0129273473404491,0.971313200268748,0.977074251278646
LZTS1_S4,LZTS1,-0.00534634756236747,0.972104373290517,0.977676823740294
TENXA_T13,TENXA,-0.00656144850945261,0.973287916127392,0.978480323504479
TENX_T13,TENX,-0.00656144850945261,0.973287916127392,0.978480323504479
KSYK_S3,KSYK,0.416479247800733,0.973837561664963,0.978839493036612
DOCK6_S1,DOCK6,0.0941963071608166,0.975677356408858,0.980495040372955
HIPK1_Y6,HIPK1,-0.318811999369846,0.976111800873006,0.980544292762459
HIPK2_Y6,HIPK2,-0.318811999369846,0.976111800873006,0.980544292762459
GANP_S8,GANP,0.137850852131741,0.976476430112586,0.980716951522471
PROX1_S8,PROX1,0.00558331348289942,0.977494038835504,0.98154522786561
BCKD_T2,BCKD,0.00658265566880273,0.977996469435913,0.981855966158233
EIF3B_S3,EIF3B,0.419510862930892,0.97891096087089,0.98242477314694
GOGA2_S7,GOGA2,-0.00504873703607337,0.978949213807977,0.98242477314694
PAK4_S1,PAK4,0.00433987682613855,0.979956814652471,0.983242017935668
S11IP_S3,S11IP,0.340269596391541,0.980297113896396,0.98338953381405
IF16_S8,IF16,0.880385157225559,0.981618799453745,0.984521279641367
LIPB1_S4,LIPB1,-0.00304474956341895,0.98240475272461,0.985115368912656
PKN2_T20,PKN2,0.161117574575363,0.983146724999475,0.985665130403415
MT2_S3,MT2,0.00649995029006979,0.983347331589173,0.985672029772599
CSKI2_Y3,CSKI2,0.0872305856278651,0.984796655430341,0.986930349188413
ARHGB_T6,ARHGB,-0.107182693221079,0.985255208765845,0.987099701619517
PFKAP_S1,PFKAP,0.279630209098053,0.985353652619011,0.987099701619517
XPC_S9,XPC,0.00493603911053288,0.987531429919671,0.989086597525844
IQEC1_S5,IQEC1,-0.0018683153770385,0.989308173107319,0.990671124733328
VIME_S16,VIME,-0.407422714326595,0.992365978802354,0.993537603334588
LMNA_S2_S3,LMNA,0.213983918089769,0.996229643110269,0.997209605379707
CO1A1_S6,CO1A1,-0.12173051312546,0.997272213830763,0.998009784546539
MYH14_S7,MYH14,0.39359256656335,0.997421335381123,0.998009784546539
TB10B_S7,TB10B,0.0215811304241668,0.998653805911012,0.99904651287362
CSPG2_S10,CSPG2,0.475316460446638,0.999542989817254,0.999739479494828
STIM1_S3,STIM1,-1.84001709949918e-05,0.999886486862271,0.999886486862271
