Genesymbol_phosphosite,Gene,Log2change,p-value,adj_pvalue
DDX21_S5,DDX21,-1.3291995464296,2.22e-16,8.64263076923077e-14
GFPT2_Y1,GFPT2,-1.67567058206175,2.22e-16,8.64263076923077e-14
MACF1_S3,MACF1,-0.998681383345757,2.22e-16,8.64263076923077e-14
SPTB2_S4,SPTB2,1.95463971466133,2.22e-16,8.64263076923077e-14
PKHA6_S3,PKHA6,-1.20666835000426,4.44e-16,1.60506e-13
SRBS2_S13,SRBS2,-1.9354801143478,6.66e-16,2.10664125e-13
TPIS_S6,TPIS,-2.37089294274785,6.66e-16,2.10664125e-13
SPTN1_S1,SPTN1,-2.07595821391024,8.88e-16,2.64362823529412e-13
UGPA_S8,UGPA,-2.41300620672041,1.11e-15,3.12095e-13
AHNK_S13,AHNK,1.64177487067912,1.33e-15,3.365565e-13
SRBS2_S11,SRBS2,2.06106015905537,1.33e-15,3.365565e-13
SO2B1_S1,SO2B1,-1.92842596806454,2e-15,4.82e-13
CTGE4_S3,CTGE4,-2.07120934501408,2.89e-15,5.04354827586207e-13
CTGE5_S3,CTGE5,-2.07120934501408,2.89e-15,5.04354827586207e-13
CTGE6_S3,CTGE6,-2.07120934501408,2.89e-15,5.04354827586207e-13
CTGE8_S3,CTGE8,-2.07120934501408,2.89e-15,5.04354827586207e-13
CTGE9_S3,CTGE9,-2.07120934501408,2.89e-15,5.04354827586207e-13
CTGEF_S3,CTGEF,-2.07120934501408,2.89e-15,5.04354827586207e-13
GFPT1_S3,GFPT1,-2.55554596378348,2.22e-15,5.04354827586207e-13
MIA2_S3,MIA2,-2.07120934501408,2.89e-15,5.04354827586207e-13
BAD_S3,BAD,-1.83126446645405,4.66e-15,7.37008125e-13
EIF3C_S4,EIF3C,-2.23222051221724,4.66e-15,7.37008125e-13
EIFCL_S4,EIFCL,-2.23222051221724,4.66e-15,7.37008125e-13
ITSN1_S14,ITSN1,-1.66896981380346,4.88e-15,7.48414545454545e-13
TMX1_S14,TMX1,-1.18533212148078,7.77e-15,1.15658735294118e-12
CCNL1_S5,CCNL1,-0.90361104905068,8.44e-15,1.220424e-12
MVD1_S2,MVD1,-1.62525757596892,8.77e-15,1.23291583333333e-12
RNF31_S3,RNF31,-0.98424033390623,1.91e-14,2.61257027027027e-12
ABLM1_S3,ABLM1,2.15072967578884,2.78e-14,3.70252105263158e-12
CHSP1_S3_S5,CHSP1,-1.33287230970502,3e-14,3.84636e-12
TPC12_S1,TPC12,-3.15537634222583,3.04e-14,3.84636e-12
MY18A_S2,MY18A,-2.43101317330021,3.63e-14,4.48083658536585e-12
DESP_S1,DESP,-1.95340392255544,4.55e-14,5.48275e-12
PGRC1_S9,PGRC1,-2.81905660370219,5.93e-14,6.97947209302326e-12
ANCHR_S2,ANCHR,-1.63935678089233,7.11e-14,8.17811590909091e-12
TPIS_S3,TPIS,1.78009900369091,7.7e-14,8.65993333333334e-12
ZO2_S1,ZO2,-1.90090600039744,7.93e-14,8.72472391304348e-12
EVA1A_T4,EVA1A,-2.1202891839369,1.02e-13,1.032444e-11
EVA1B_T4,EVA1B,-2.1202891839369,1.02e-13,1.032444e-11
ITSN2_S8,ITSN2,-0.800477832232433,1.02e-13,1.032444e-11
ODBA_S1,ODBA,-2.72200163169666,9.9e-14,1.032444e-11
PGM1_S2,PGM1,-3.33628338786443,1.52e-13,1.50837647058824e-11
BCLF1_S7,BCLF1,2.6771404950072,1.76e-13,1.71295384615385e-11
NUMBL_T2,NUMBL,1.12192545948443,1.8e-13,1.71883018867925e-11
F134A_S5,F134A,1.49644293093671,2.16e-13,2.0244e-11
BNIP2_S3,BNIP2,1.67269249387634,2.7e-13,2.48449090909091e-11
SGPP1_S3,SGPP1,-1.16095272676654,3.42e-13,3.090825e-11
SRSF6_S3,SRSF6,-0.820152158078798,3.82e-13,3.39175789473684e-11
CALX_T11,CALX,-2.31788151332319,5.09e-13,4.44146379310345e-11
FLCN_S3,FLCN,-0.670923682662045,6.08e-13,5.21540338983051e-11
SO1B3_S3,SO1B3,-2.06307873988018,6.49e-13,5.474315e-11
SYNPO_S1,SYNPO,-2.02603194002643,6.67e-13,5.5339131147541e-11
PROX1_S5,PROX1,-1.13046544326972,7.87e-13,6.42420483870968e-11
EF1D_S19,EF1D,-1.94228037940338,1.09e-12,8.75633333333333e-11
CYTSA_S3,CYTSA,1.62870818718222,1.65e-12,1.3047890625e-10
NPM_S14,NPM,-1.35616409294155,1.78e-12,1.38593538461538e-10
ACSA_S3,ACSA,-2.3311776221112,1.89e-12,1.44928636363636e-10
MAP4_S3,MAP4,2.77237833967922,2.39e-12,1.80534179104478e-10
AAKB2_S5,AAKB2,-1.10361466448234,3.13e-12,2.32806e-10
H90B2_S6,H90B2,-1.55030100902127,3.22e-12,2.32806e-10
HS90B_S6,HS90B,-1.55030100902127,3.22e-12,2.32806e-10
TOM70_S2,TOM70,-0.520015851794434,3.31e-12,2.35942394366197e-10
PEX1_S3,PEX1,-1.68832049574416,3.43e-12,2.41100416666667e-10
PEBP1_T4,PEBP1,-2.64749878185982,4.59e-12,3.1821904109589e-10
P4K2A_S3,P4K2A,-1.42015095803169,4.75e-12,3.24861486486486e-10
GTR10_S3,GTR10,-2.19906251963982,4.91e-12,3.313268e-10
PTSS2_S9,PTSS2,0.884593281699766,5.02e-12,3.34292368421053e-10
TRA2A_T2,TRA2A,-1.55940426672656,5.56e-12,3.60758461538462e-10
TRA2B_T2,TRA2B,-1.55940426672656,5.56e-12,3.60758461538462e-10
FND3A_S3,FND3A,-1.47311461753438,5.88e-12,3.68640740740741e-10
SRBS2_S15,SRBS2,-1.45586178462083,5.76e-12,3.68640740740741e-10
TPD53_S7,TPD53,1.88775469301368,5.9e-12,3.68640740740741e-10
LAP2B_S6,LAP2B,-1.5439238859399,6.29e-12,3.85367710843373e-10
RTN4_S4,RTN4,1.18966496471003,6.32e-12,3.85367710843373e-10
KAP2_S3,KAP2,-1.27540003436017,6.47e-12,3.898175e-10
UBP15_S1,UBP15,-1.47653937269552,6.73e-12,4.00712117647059e-10
SC24B_S6,SC24B,-1.5845771166034,7.45e-12,4.38423837209302e-10
ATX2_T3,ATX2,2.450004281405,7.82e-12,4.54908275862069e-10
PALM3_S6,PALM3,-1.48137520469598,7.98e-12,4.58940681818182e-10
NPM_S22,NPM,-1.36907040726936,8.08e-12,4.59470561797753e-10
SRBS1_S2,SRBS1,-1.51763809105503,8.56e-12,4.81357333333333e-10
PEA15_S7,PEA15,1.69410539965388,9.65e-12,5.30854891304348e-10
SRRM2_S3,SRRM2,-0.685627773521189,9.64e-12,5.30854891304348e-10
RBM10_S8,RBM10,-0.567494687209824,1.26e-11,6.85683870967742e-10
AKAP2_S1,AKAP2,-1.13482326012156,1.28e-11,6.89157446808511e-10
EVL_S3,EVL,2.72736267646651,1.3e-11,6.92557894736842e-10
DEMA_S3,DEMA,-1.35267206855796,1.94e-11,1.0122e-09
NDRG2_S3,NDRG2,-1.45200329662749,1.93e-11,1.0122e-09
RBM14_S1,RBM14,1.91559275104057,2.04e-11,1.05351428571429e-09
LRC8A_S3,LRC8A,1.0881191355535,2.17e-11,1.1093303030303e-09
PGM2_T8,PGM2,-1.72343287275399,2.32e-11,1.17254851485149e-09
TMX1_S13,TMX1,-1.01146275674184,2.34e-11,1.17254851485149e-09
AFAD_S4,AFAD,2.35127167494125,2.42e-11,1.20074705882353e-09
ADH4_S13,ADH4,-2.59673710169206,2.68e-11,1.3168427184466e-09
TOP2B_S4,TOP2B,1.70438000467716,2.71e-11,1.31877980769231e-09
TENS1_S3,TENS1,1.91071965539349,2.94e-11,1.41708e-09
FARP1_T11,FARP1,2.26483062286204,3e-11,1.43235849056604e-09
PGM1_S10,PGM1,-1.62344994717749,3.03e-11,1.43316168224299e-09
PNISR_S3,PNISR,1.04770462708465,3.38e-11,1.58390555555556e-09
PECR_Y4,PECR,-1.99820588012615,3.58e-11,1.64596486486486e-09
SYNPO_S3,SYNPO,1.64225498844126,3.6e-11,1.64596486486486e-09
SYNPO_T5,SYNPO,2.08057535381578,3.61e-11,1.64596486486486e-09
SRBS2_S2,SRBS2,-0.71202580645118,3.74e-11,1.6900125e-09
TRI25_S5,TRI25,-0.618350404770904,3.89e-11,1.74223805309735e-09
PNPO_S7,PNPO,-1.04633799093246,4.02e-11,1.78466842105263e-09
SLTM_S9,SLTM,-1.26353967878135,4.53e-11,1.99359391304348e-09
COBL1_S3,COBL1,-1.91336971482959,4.57e-11,1.99385948275862e-09
LARP4_S8,LARP4,-1.885754697099,4.71e-11,2.03737692307692e-09
RBM25_S6,RBM25,2.1668160521064,4.88e-11,2.09302372881356e-09
BAD_S1,BAD,-3.22532935123908,5.27e-11,2.2226225e-09
HNRL2_S9,HNRL2,-2.14611488523338,5.27e-11,2.2226225e-09
ODBA_S5,ODBA,-1.7134764063157,5.45e-11,2.27954132231405e-09
XRN2_S1,XRN2,-2.32530966734867,7.42e-11,3.07808360655738e-09
SRRM2_S2,SRRM2,-1.14199271581447,7.64e-11,3.14358048780488e-09
LAR4B_S3,LAR4B,-0.766997378005722,1e-10,4.08145161290323e-09
SSRA_S28,SSRA,0.779964348758621,1.14e-10,4.615632e-09
LARP7_S8,LARP7,-0.524971676673081,1.25e-10,4.9423828125e-09
SRBS2_S3,SRBS2,-1.3844638399758,1.24e-10,4.9423828125e-09
TRAF4_S2,TRAF4,-1.5599188230227,1.25e-10,4.9423828125e-09
PUM2_S4,PUM2,-0.333801098221306,1.26e-10,4.9433023255814e-09
PKP2_S1,PKP2,-3.19788204814147,1.3e-10,5.061e-09
TB182_S3,TB182,0.756679064868813,1.33e-10,5.13826717557252e-09
MCEE_S1,MCEE,-1.68760707888523,1.39e-10,5.32938636363636e-09
BCLF1_S10,BCLF1,1.10054022430198,1.41e-10,5.36542105263158e-09
CAAP1_S1,CAAP1,-0.999420168004588,1.45e-10,5.39347445255474e-09
DEN1A_S1,DEN1A,-0.932207573560754,1.46e-10,5.39347445255474e-09
ERMP1_S3,ERMP1,1.79839058684126,1.45e-10,5.39347445255474e-09
TEBP_S6,TEBP,-1.15305589290645,1.46e-10,5.39347445255474e-09
KAP2_S8,KAP2,-1.21064792287595,1.54e-10,5.64356115107914e-09
WDR44_S8,WDR44,-0.568683641531947,1.55e-10,5.64356115107914e-09
STK10_S10,STK10,2.31208434796253,1.58e-10,5.7117e-09
AKP13_S3,AKP13,1.68926453507797,1.82e-10,6.53263829787234e-09
EMAL3_S4,EMAL3,1.25091665348666,1.92e-10,6.79518881118881e-09
TRIM3_S4,TRIM3,-0.385395615907544,1.92e-10,6.79518881118881e-09
AT11C_S3,AT11C,-2.4401832061779,2e-10,7.02916666666667e-09
ODPAT_S4,ODPAT,-2.02338580165759,2.05e-10,7.10619863013699e-09
ODPA_S4,ODPA,-2.02338580165759,2.05e-10,7.10619863013699e-09
OCAD1_S1,OCAD1,-1.89435228100257,2.17e-10,7.471e-09
PKHA5_S3,PKHA5,1.79482939777372,2.19e-10,7.48891216216216e-09
CLIP1_S3,CLIP1,-2.27172435031722,2.32e-10,7.82768e-09
CLIP2_S3,CLIP2,-2.27172435031722,2.32e-10,7.82768e-09
PEA15_S3,PEA15,-0.510137767474242,2.42e-10,8.11100662251656e-09
HAP28_S4,HAP28,-2.71847851321795,2.47e-10,8.224125e-09
LYRIC_S12,LYRIC,-1.82215462925524,2.56e-10,8.46807843137255e-09
RHG01_S3,RHG01,-1.15240452719721,2.75e-10,9.0375e-09
HACD3_S5,HACD3,-1.51920089491011,2.84e-10,9.24605769230769e-09
PPM1H_S3,PPM1H,-0.756524910233712,2.85e-10,9.24605769230769e-09
RBM14_S4,RBM14,1.70764923001043,2.9e-10,9.34834394904459e-09
HMCS2_S1,HMCS2,-2.72948973774752,2.98e-10,9.54543037974683e-09
CHMP7_S2,CHMP7,-1.02334448141186,3.39e-10,1.07904339622642e-08
SAFB1_S4,SAFB1,-1.97104511118974,3.55e-10,1.122909375e-08
CAP1_S14,CAP1,1.30893231410311,3.7e-10,1.16308695652174e-08
IF4G1_S8,IF4G1,-1.43251006893461,3.81e-10,1.19027222222222e-08
RBP2_S3,RBP2,-1.98927241799227,3.87e-10,1.20159938650307e-08
NU214_S4_T8,NU214,-1.45175406336044,3.97e-10,1.22513231707317e-08
ZYX_S14,ZYX,1.07367375669899,4.08e-10,1.25144727272727e-08
IQGA2_S2,IQGA2,-1.51827028337479,4.33e-10,1.32012831325301e-08
KTN1_S10,KTN1,-0.475493941246392,4.47e-10,1.35465089820359e-08
PUM2_S3,PUM2,-0.707097826717115,4.57e-10,1.3767125e-08
PCDH1_S14,PCDH1,1.28626664719404,5.15e-10,1.5422573964497e-08
LSP1_S3,LSP1,0.831690062652089,5.25e-10,1.56295588235294e-08
SRRM2_S5,SRRM2,-0.803743945003768,5.92e-10,1.75211228070175e-08
NUCKS_S8,NUCKS,-2.5819651889643,6.03e-10,1.75680689655172e-08
SRSF9_S2,SRSF9,-0.918786877577559,6.04e-10,1.75680689655172e-08
ZO1_S1,ZO1,-0.775565320894209,5.98e-10,1.75680689655172e-08
CTNB1_S1,CTNB1,-1.36434803758236,6.23e-10,1.801716e-08
NP1L4_S18,NP1L4,-1.51425210223559,7.54e-10,2.16817840909091e-08
TR150_S3,TR150,0.925612046789297,7.85e-10,2.24456779661017e-08
DEN5B_Y1,DEN5B,-1.13536293047623,7.95e-10,2.2603904494382e-08
PHAR4_S1,PHAR4,-1.35952223164126,8.52e-10,2.40892290502793e-08
CLAP1_S2,CLAP1,2.06435329979108,8.65e-10,2.43209166666667e-08
CHD8_S3,CHD8,-0.740408753632931,8.82e-10,2.46618895027624e-08
NAKD2_S14,NAKD2,-1.56811238385929,9.56e-10,2.65841538461538e-08
CXB1_S1,CXB1,-2.6911529617933,9.85e-10,2.72409016393443e-08
FUND2_S1,FUND2,-1.04493492409421,1e-09,2.75054347826087e-08
HSPB1_S3,HSPB1,-1.70326091631482,1.01e-09,2.76303243243243e-08
CBX3_S1,CBX3,-1.4276817806851,1.02e-09,2.77538709677419e-08
PPCT_T2,PPCT,-1.12289504658312,1.16e-09,3.13944385026738e-08
TENS1_S19,TENS1,3.06830505313906,1.19e-09,3.20350531914894e-08
UBA1_S3,UBA1,-2.31468774203966,1.27e-09,3.40077777777778e-08
USF1_S5,USF1,1.6196339759037,1.28e-09,3.40951578947368e-08
PAXI_S2,PAXI,-0.762016431224466,1.33e-09,3.52415183246073e-08
EIF3G_S10,EIF3G,1.09588653643995,1.34e-09,3.53215625e-08
KS6A3_S2,KS6A3,-1.82576505543557,1.36e-09,3.56630051813472e-08
SC31A_S11,SC31A,-2.17607522453594,1.38e-09,3.60009278350515e-08
DSRAD_S8,DSRAD,1.28162534342724,1.42e-09,3.68544615384615e-08
CDK12_T3,CDK12,-0.691492293144573,1.44e-09,3.69941116751269e-08
TB182_S1,TB182,-1.52615402121389,1.44e-09,3.69941116751269e-08
ARHG6_S2,ARHG6,-0.98274650492078,1.5e-09,3.8020447761194e-08
ARHG7_S2,ARHG7,-0.98274650492078,1.5e-09,3.8020447761194e-08
HD_S30,HD,1.09883131297338,1.51e-09,3.8020447761194e-08
SDPR_S2,SDPR,-1.14233716729192,1.51e-09,3.8020447761194e-08
GPAT3_S2,GPAT3,-1.98581562372187,1.56e-09,3.90849504950495e-08
S38A3_S3,S38A3,-1.50549773381428,1.64e-09,4.08868965517241e-08
OSBP1_S3,OSBP1,-1.31501985107358,1.65e-09,4.09345588235294e-08
SYAP1_T14,SYAP1,-0.974680466394804,1.68e-09,4.1475512195122e-08
MY18A_S7,MY18A,-1.41727137815322,1.7e-09,4.17655339805825e-08
SC61B_S16,SC61B,2.67541339020048,1.71e-09,4.18082608695652e-08
CPSM_S4,CPSM,-2.2192869857865,1.79e-09,4.35537980769231e-08
NPM_S4,NPM,-1.5317073566182,1.81e-09,4.38297129186603e-08
CING_S3,CING,-0.883293616829818,1.83e-09,4.4103e-08
LCP2_S14,LCP2,1.09041107909073,1.99e-09,4.77317061611374e-08
AHNK_S3,AHNK,1.62178361668596,2.04e-09,4.87001886792453e-08
AHNK_S9,AHNK,1.33422227309766,2.12e-09,5.03723943661972e-08
MT1F_S3_S9,MT1F,-2.50358284565888,2.2e-09,5.20289719626168e-08
KAPCA_T3,KAPCA,-2.22188437104716,2.24e-09,5.22350917431193e-08
KAPCB_T3,KAPCB,-2.22188437104716,2.24e-09,5.22350917431193e-08
KAPCG_T3,KAPCG,-2.22188437104716,2.24e-09,5.22350917431193e-08
UBP8_S3,UBP8,-0.765423212035639,2.25e-09,5.22350917431193e-08
SRRM1_T3,SRRM1,-0.441351332829609,2.31e-09,5.33831506849315e-08
PRKRA_S3,PRKRA,-2.61658367082467,2.34e-09,5.38306363636364e-08
MIC19_S2,MIC19,-1.20626017846334,2.37e-09,5.427407239819e-08
CXB1_S3,CXB1,-1.48299435553819,2.44e-09,5.56254054054054e-08
RAVR1_T31,RAVR1,0.811921347860433,2.58e-09,5.85532735426009e-08
M4K4_S3,M4K4,2.5700436430012,2.86e-09,6.4618125e-08
ARGI1_S8,ARGI1,-1.85389977957807,2.92e-09,6.56138495575221e-08
DNJC5_S3,DNJC5,-2.35280323870411,2.93e-09,6.56138495575221e-08
CBX3_S3,CBX3,1.404261690296,3.02e-09,6.73313656387665e-08
KIF1B_S1,KIF1B,-1.09616960048963,3.11e-09,6.90338157894737e-08
SIN1_S3,SIN1,1.5043441175178,3.31e-09,7.31524454148472e-08
TLN1_S9,TLN1,2.01747098888313,3.48e-09,7.65751304347826e-08
SRC8_S2,SRC8,-2.69893694078786,3.51e-09,7.69009090909091e-08
PHF2_S3,PHF2,2.78556801417743,3.56e-09,7.76601724137931e-08
CTNB1_S4,CTNB1,1.30983165178764,3.67e-09,7.97161802575107e-08
PPIG_T3,PPIG,-0.878490102225277,3.72e-09,8.04569230769231e-08
MILK2_S21,MILK2,1.36475597000739,3.82e-09,8.22681702127659e-08
PLSL_S2,PLSL,-1.69334844846673,3.93e-09,8.42785169491525e-08
SKIV2_S3,SKIV2,-1.29409767030659,4.04e-09,8.62718987341772e-08
SPTB2_S3,SPTB2,-1.13025303627217,4.11e-09,8.73979411764706e-08
LMNA_S7,LMNA,1.58216273293077,4.13e-09,8.74557740585774e-08
DAP1_S11,DAP1,-1.79990308142056,4.41e-09,9.2995875e-08
PHRF1_S3,PHRF1,-0.962015638438959,4.53e-09,9.513e-08
AHNK_S1,AHNK,-1.24507283493866,4.73e-09,9.89195454545455e-08
DSRAD_T6,DSRAD,-1.34606210323378,4.83e-09,1.00595185185185e-07
BCAP_S3,BCAP,-1.32860034689339,4.88e-09,1.0122e-07
MAP4_S4,MAP4,-0.547929456617094,5.26e-09,1.08656571428571e-07
ACINU_S3,ACINU,-0.963314647764893,5.51e-09,1.13309028340081e-07
CAMP3_S9,CAMP3,-1.64993208799282,5.53e-09,1.13309028340081e-07
PALLD_S3,PALLD,1.3831731422154,5.67e-09,1.15244457831325e-07
SSFA2_S5,SSFA2,-1.0980959364832,5.65e-09,1.15244457831325e-07
DHCR7_S1,DHCR7,-2.21361118943526,5.74e-09,1.1620056e-07
TB182_S4,TB182,2.31552136574056,5.99e-09,1.20778446215139e-07
PCKGM_S8,PCKGM,-1.81784830936236,6.02e-09,1.20901666666667e-07
UBP2L_S9,UBP2L,0.857038499179488,6.15e-09,1.23024308300395e-07
U2AF2_S9,U2AF2,-1.51423884066814,6.39e-09,1.27322007874016e-07
ABLM3_S3,ABLM3,-1.34788050239479,6.48e-09,1.28608941176471e-07
ES8L2_S6,ES8L2,-1.39178830384548,6.71e-09,1.326535546875e-07
ZDHC5_S6,ZDHC5,1.31592637997608,6.75e-09,1.32925097276265e-07
SYNPO_S4,SYNPO,1.20486408966501,7.61e-09,1.4927988372093e-07
PDCD4_T7,PDCD4,3.34432129140018,7.9e-09,1.5437027027027e-07
NUMBL_S3,NUMBL,1.38092927147358,8.09e-09,1.57453333333333e-07
RBM39_S3,RBM39,-0.266944892862864,8.12e-09,1.57453333333333e-07
BCR_S3,BCR,1.65258809948995,8.79e-09,1.69794618320611e-07
CALX_S13,CALX,0.0478687894384284,9.8e-09,1.87870454545455e-07
LIMA1_S3,LIMA1,-1.23487660554142,9.78e-09,1.87870454545455e-07
AFAD_S1,AFAD,-1.99788506052691,1.02e-08,1.94068421052632e-07
VINC_S9,VINC,0.994283644362259,1.02e-08,1.94068421052632e-07
TB182_S14,TB182,1.30128814640168,1.04e-08,1.97132584269663e-07
SYNE1_S3,SYNE1,2.39701502200038,1.12e-08,2.1150447761194e-07
GIPC1_S8,GIPC1,0.952158875057525,1.13e-08,2.12599628252788e-07
PEAK1_T3,PEAK1,1.54968792875664,1.15e-08,2.15561111111111e-07
HUTH_S3,HUTH,-1.6384427595746,1.17e-08,2.1850073800738e-07
IF2P_S9,IF2P,-0.351591193918223,1.19e-08,2.2141875e-07
NUCKS_S6,NUCKS,-2.51207093646028,1.2e-08,2.22461538461538e-07
STX12_S3,STX12,2.667993487192,1.23e-08,2.27190875912409e-07
AB1IP_S2,AB1IP,1.76941352465842,1.24e-08,2.27378260869565e-07
TAPT1_S2,TAPT1,-1.47333804263227,1.24e-08,2.27378260869565e-07
STIM1_S4,STIM1,-2.38700090100236,1.26e-08,2.3021155234657e-07
ROA2_S21,ROA2,-0.628571852505647,1.3e-08,2.36665467625899e-07
RS3_T6,RS3,-1.99891461166567,1.36e-08,2.46701075268817e-07
PALM3_S4,PALM3,-1.64555976702554,1.38e-08,2.49435e-07
NUCKS_T6,NUCKS,2.2584201618919,1.43e-08,2.56639361702128e-07
PP12C_S3,PP12C,-2.33634548253924,1.43e-08,2.56639361702128e-07
BCLF1_S1,BCLF1,1.72669462155167,1.45e-08,2.58396126760563e-07
SRC8_T5_S9,SRC8,1.74112533747416,1.45e-08,2.58396126760563e-07
RUSD2_S4,RUSD2,-0.72728552491699,1.48e-08,2.62816842105263e-07
SEPT9_S9,SEPT9,2.02272949185533,1.64e-08,2.90211188811189e-07
MVD1_S3,MVD1,-1.77013512369588,1.8e-08,3.163125e-07
SRRM2_T15,SRRM2,-0.928034308155969,1.8e-08,3.163125e-07
F16P1_T2,F16P1,-1.48659682920545,1.81e-08,3.16969204152249e-07
DCAF8_S5,DCAF8,-1.12162881223713,1.83e-08,3.19366551724138e-07
NU214_T8,NU214,-1.07344829250092,1.87e-08,3.25225773195876e-07
CALX_S10,CALX,-0.640221207671478,2e-08,3.46643835616438e-07
MTOR_S4,MTOR,-1.90599005485856,2.01e-08,3.47188054607509e-07
FCHO2_S12,FCHO2,0.562823882164176,2.17e-08,3.7355e-07
AN32A_T3,AN32A,1.52807831283234,2.18e-08,3.73999322033898e-07
TEBP_S12,TEBP,-2.26023845441644,2.25e-08,3.83409090909091e-07
ZO1_S4,ZO1,1.53263519256177,2.25e-08,3.83409090909091e-07
ROA1_S3,ROA1,-0.613583219611799,2.26e-08,3.83820805369128e-07
STRP1_S3,STRP1,1.07488344917991,2.28e-08,3.85922408026756e-07
MAST4_S3,MAST4,0.833352759235269,2.38e-08,4.00172093023256e-07
SGPP1_S2,SGPP1,-1.48267677871666,2.38e-08,4.00172093023256e-07
ALBU_S16,ALBU,1.9290480647663,2.45e-08,4.09222772277228e-07
RPRD2_T13,RPRD2,1.42061580439618,2.45e-08,4.09222772277228e-07
KCD12_S16,KCD12,1.55538210838145,2.47e-08,4.1120625e-07
GMIP_S4,GMIP,1.68482159227753,2.51e-08,4.16495409836066e-07
FLNB_S3,FLNB,-3.23254085014355,2.54e-08,4.20096078431373e-07
CK096_S5,CK096,2.31640898780546,2.59e-08,4.20946666666667e-07
CRTC2_S3,CRTC2,-0.972028421692248,2.6e-08,4.20946666666667e-07
GSTA1_S4,GSTA1,-3.22183384399793,2.62e-08,4.20946666666667e-07
GSTA2_S4,GSTA2,-3.22183384399793,2.62e-08,4.20946666666667e-07
GSTA3_S4,GSTA3,-3.22183384399793,2.62e-08,4.20946666666667e-07
GSTA5_S4,GSTA5,-3.22183384399793,2.62e-08,4.20946666666667e-07
ILK_T3,ILK,2.35633341477724,2.59e-08,4.20946666666667e-07
MAP1B_S7,MAP1B,1.31206613104415,2.61e-08,4.20946666666667e-07
SRRM1_S5,SRRM1,1.13326223930062,2.58e-08,4.20946666666667e-07
ITPR3_S3,ITPR3,1.03125625395731,2.72e-08,4.35630379746835e-07
DBNL_S3,DBNL,2.71441616333556,2.77e-08,4.4223880126183e-07
CALU_Y10,CALU,-1.43227572160934,2.81e-08,4.44991950464396e-07
HS90A_S5,HS90A,-2.13419924904789,2.84e-08,4.44991950464396e-07
KIF1C_S3,KIF1C,2.68879560614117,2.84e-08,4.44991950464396e-07
PKP4_S3,PKP4,1.0738106042303,2.84e-08,4.44991950464396e-07
SC16A_S1,SC16A,-1.15369039060574,2.81e-08,4.44991950464396e-07
ZC3HD_S3,ZC3HD,1.42212271232863,2.84e-08,4.44991950464396e-07
CCNK_S5,CCNK,-0.504954699610398,2.91e-08,4.54552777777778e-07
VP26B_S3,VP26B,-2.32684813614413,2.94e-08,4.57825846153846e-07
BCL10_S3,BCL10,-1.0866766320144,2.99e-08,4.62896341463415e-07
BCLF1_S3,BCLF1,1.69448084211355,3e-08,4.62896341463415e-07
BIN1_S3,BIN1,-0.495878832792493,3e-08,4.62896341463415e-07
IF4G1_S4,IF4G1,3.28551194434653,3.05e-08,4.6918085106383e-07
GEPH_S3,GEPH,-3.25336018608446,3.22e-08,4.93830909090909e-07
HNRL2_S3,HNRL2,2.49976095261398,3.29e-08,5.03041993957704e-07
WDR44_S5,WDR44,-0.749931929385846,3.32e-08,5.061e-07
UBP24_S3,UBP24,-1.96312301434151,3.34e-08,5.0761981981982e-07
AHNK_S7,AHNK,0.710815658698634,3.46e-08,5.22718208955224e-07
MIA3_S8,MIA3,-1.7026917383761,3.46e-08,5.22718208955224e-07
AOXA_S21,AOXA,-1.73842959936374,3.62e-08,5.452625e-07
NU153_S2,NU153,-2.1495770558511,3.76e-08,5.6466943620178e-07
ZO2_S3,ZO2,-1.23889776311964,3.81e-08,5.7048550295858e-07
STBD1_S2,STBD1,-1.56258363460929,3.89e-08,5.80746017699115e-07
CHSP1_S6,CHSP1,-1.11323652469312,4.21e-08,6.24485964912281e-07
MYH9_S7,MYH9,1.25919744266537,4.22e-08,6.24485964912281e-07
PDS5B_S5,PDS5B,-0.631108605540933,4.2e-08,6.24485964912281e-07
IF2P_S1,IF2P,-1.99160047888133,4.36e-08,6.43322448979592e-07
I2BPL_S3,I2BPL,1.45153700381566,4.75e-08,6.98829941860465e-07
RMD3_S3,RMD3,-0.642344945414916,4.86e-08,7.12940869565217e-07
XRCC1_S11_T17,XRCC1,-0.500031429929909,4.89e-08,7.15268497109827e-07
CHSP1_S3,CHSP1,-0.891373206948279,4.91e-08,7.16124207492796e-07
EMAL3_S3,EMAL3,-0.892974969307235,4.99e-08,7.25700862068966e-07
AAKB1_S1,AAKB1,-1.0000643966623,5.6e-08,8.12080229226361e-07
FARP1_S12,FARP1,-0.790731862272248,5.63e-08,8.14098e-07
BCLF1_S6,BCLF1,-1.4637284089956,5.65e-08,8.14662393162393e-07
BICD2_S4,BICD2,1.50630558550246,5.9e-08,8.47323229461756e-07
ST2A1_S5,ST2A1,-1.47591331418456,5.91e-08,8.47323229461756e-07
CK096_S6,CK096,1.93999401839273,6.21e-08,8.87819491525424e-07
SGTA_T5,SGTA,-2.47288754780554,6.28e-08,8.95298028169014e-07
STBD1_S3,STBD1,-2.01693745305918,6.48e-08,9.21215730337079e-07
PCM1_S6,PCM1,-0.772271571330007,6.61e-08,9.37064705882353e-07
PIEZ1_S3,PIEZ1,0.76539839146767,6.64e-08,9.38688268156425e-07
FLNB_S1,FLNB,-2.66069287170199,6.84e-08,9.6426852367688e-07
ATX2L_S6,ATX2L,0.508412255928427,6.91e-08,9.71430833333333e-07
EPS8_S3,EPS8,1.5587627797271,7.05e-08,9.8836703601108e-07
ZC3HD_S7,ZC3HD,0.811783264079322,7.27e-08,1.01639419889503e-06
RBM12_S1,RBM12,-1.88982425550921,7.31e-08,1.01917107438017e-06
MSH6_S3,MSH6,1.81569469503395,7.54e-08,1.04835e-06
CBX3_S4,CBX3,1.95904504995606,7.93e-08,1.09955424657534e-06
PDLI7_S22,PDLI7,1.00501952230983,7.97e-08,1.10208114754098e-06
PEA15_S9,PEA15,2.41313468407507,8.03e-08,1.10735231607629e-06
SRSF1_S6,SRSF1,-1.02768047603505,8.18e-08,1.1249722826087e-06
CHIP_S7,CHIP,-0.564153667265635,8.21e-08,1.12603821138211e-06
AGM1_S10,AGM1,-0.562858125182552,8.63e-08,1.18044405405405e-06
AKTS1_S1,AKTS1,1.34778287864512,8.71e-08,1.18634193548387e-06
PSMD1_T4,PSMD1,-0.832353150753618,8.72e-08,1.18634193548387e-06
BMS1_S4,BMS1,0.885071255670631,8.82e-08,1.19672975871314e-06
MLXPL_S5,MLXPL,-0.753812111039527,8.89e-08,1.20300240641711e-06
ESYT2_S4,ESYT2,-1.9015697705069,9.1e-08,1.228136e-06
MORC2_S1,MORC2,-1.19151079544641,9.16e-08,1.23294574468085e-06
AKAP1_T5,AKAP1,-0.668158367151263,9.34e-08,1.25383925729443e-06
FIBA_S18,FIBA,-2.29672665851787,9.61e-08,1.28667222222222e-06
LA_S3,LA,-1.16075526132985,9.89e-08,1.3206672823219e-06
AR6P4_S1,AR6P4,-0.480696045509365,9.96e-08,1.32651473684211e-06
C163A_S4,C163A,1.37948265948018,1e-07,1.32834645669291e-06
KNG1_S8,KNG1,2.33652502970995,1.07e-07,1.41760994764398e-06
AKTS1_T3,AKTS1,1.12169530665782,1.09e-07,1.44033681462141e-06
OCAD1_S2,OCAD1,-1.80363207848313,1.1e-07,1.449765625e-06
G3BP1_S3,G3BP1,-1.32611349068861,1.12e-07,1.47229090909091e-06
CPSF7_S4,CPSF7,-1.66455604143227,1.13e-07,1.48158808290155e-06
ZDHC5_S12,ZDHC5,0.871620691094119,1.16e-07,1.51699224806202e-06
FBP1L_T1,FBP1L,-1.43327324683469,1.19e-07,1.55221391752577e-06
TRIPC_Y1,TRIPC,-0.328906779827913,1.26e-07,1.63929562982005e-06
ASPC1_S4,ASPC1,-0.639641719781714,1.27e-07,1.64385421994885e-06
HUWE1_S3,HUWE1,-1.41483823412347,1.27e-07,1.64385421994885e-06
AHNK_S5,AHNK,0.776178718627324,1.28e-07,1.64836641221374e-06
MTSSL_S8,MTSSL,-1.03124684680366,1.28e-07,1.64836641221374e-06
TAF12_S10,TAF12,-1.52805257172803,1.29e-07,1.65702791878173e-06
SEPT9_S6,SEPT9,1.87212433714698,1.39e-07,1.78095949367089e-06
PROX1_S6,PROX1,-1.66279395497648,1.4e-07,1.78924242424242e-06
K2C8_S8,K2C8,1.42532122687935,1.41e-07,1.79296733668342e-06
RB6I2_S11,RB6I2,2.47971513631425,1.41e-07,1.79296733668342e-06
ARGL1_S3,ARGL1,0.288896255885107,1.42e-07,1.80115789473684e-06
HMOX1_S3,HMOX1,-1.41469292953609,1.45e-07,1.8346125e-06
S38A4_S14,S38A4,-1.00716426251485,1.46e-07,1.84265835411471e-06
CHM2B_S1,CHM2B,-3.41953889151378,1.47e-07,1.85066417910448e-06
P5I11_S3,P5I11,1.40991292862338,1.5e-07,1.88374689826303e-06
FARP1_S13,FARP1,-2.68207711697581,1.52e-07,1.89943703703704e-06
LYRIC_S6,LYRIC,-1.29802436125637,1.52e-07,1.89943703703704e-06
F117B_S3,F117B,1.704879889777,1.55e-07,1.93215517241379e-06
RHG31_S3,RHG31,0.609177876467254,1.61e-07,2.0020171990172e-06
TIM8A_S1_S2,TIM8A,-1.20695883650922,1.65e-07,2.04672794117647e-06
LYRIC_S7,LYRIC,1.93740617481988,1.66e-07,2.054097799511e-06
GGYF2_S10,GGYF2,0.384493468511976,1.67e-07,2.06143170731707e-06
TIF1B_S3,TIF1B,-0.946112285277722,1.71e-07,2.10567153284672e-06
CHM2B_S4,CHM2B,-1.01042353466957,1.75e-07,2.14969660194175e-06
SRC8_S4,SRC8,-1.22745545230834,1.76e-07,2.15674576271186e-06
CTND1_S2,CTND1,-1.12798426080239,1.77e-07,2.15854698795181e-06
TBCD5_S3,TBCD5,-1.18213969530506,1.77e-07,2.15854698795181e-06
KPBB_S2,KPBB,-1.28065693881817,1.8e-07,2.18460431654676e-06
LMNA_S4,LMNA,0.910210363929825,1.8e-07,2.18460431654676e-06
GPC5C_S5,GPC5C,-1.13887506039345,1.85e-07,2.23457040572792e-06
PEPL_Y1,PEPL,-0.997732008228663,1.85e-07,2.23457040572792e-06
CALX_S3,CALX,-0.767602877002673,1.94e-07,2.32662085308057e-06
CAP1_S16,CAP1,1.08540272947567,1.94e-07,2.32662085308057e-06
HNRPC_S4,HNRPC,-0.916915600293689,1.94e-07,2.32662085308057e-06
SPF45_S16,SPF45,0.63726623922299,2.01e-07,2.40487234042553e-06
NUP98_S6,NUP98,-0.464838850329276,2.06e-07,2.4588820754717e-06
NOP56_S2,NOP56,-1.49440206485978,2.1e-07,2.50072941176471e-06
SH319_S3,SH319,1.63042938906279,2.17e-07,2.57802112676056e-06
ADDA_S4,ADDA,0.878190588424214,2.23e-07,2.64309836065574e-06
FAF1_S2,FAF1,1.16162253423889,2.28e-07,2.69604672897196e-06
ARHG6_S3,ARHG6,1.66002669345933,2.3e-07,2.71335664335664e-06
RS6_S2,RS6,2.08824877537542,2.31e-07,2.71881627906977e-06
RBP2_S7,RBP2,-0.696538565982742,2.41e-07,2.82338194444444e-06
SYNP2_S3,SYNP2,1.4208189507042,2.41e-07,2.82338194444444e-06
PHF11_S6,PHF11,1.31393926600941,2.42e-07,2.82854965357968e-06
CD44_S1,CD44,-4.23266075679027,2.44e-07,2.84535483870968e-06
IQGA2_S4,IQGA2,-1.32190753578167,2.45e-07,2.85044827586207e-06
DPYL2_T3_T10,DPYL2,1.79551688415908,2.48e-07,2.87873394495413e-06
ARGI1_S10,ARGI1,-1.64665258371341,2.5e-07,2.89530892448513e-06
NUCB1_S5,NUCB1,-1.23008062008675,2.52e-07,2.91180821917808e-06
CTNB1_S2,CTNB1,-1.91076290531908,2.59e-07,2.98587471526196e-06
NDRG2_S6,NDRG2,-0.415050519097233,2.61e-07,3.00209318181818e-06
FOXK1_S6,FOXK1,-1.35069968352646,2.63e-07,3.0182380952381e-06
BCLF1_T2,BCLF1,-1.61409493362085,2.64e-07,3.02285972850679e-06
MAP1S_S10,MAP1S,0.595925784667149,2.66e-07,3.0388848758465e-06
SRRM1_S3,SRRM1,0.799334859267726,2.69e-07,3.06623648648649e-06
ABR_S3,ABR,1.47739041707898,2.72e-07,3.09346516853933e-06
ACSA_S1,ACSA,-1.20529346487475,2.74e-07,3.10226845637584e-06
VP13D_S6,VP13D,-0.91491944878271,2.74e-07,3.10226845637584e-06
ZNRF2_S1,ZNRF2,-1.59209841266638,2.78e-07,3.14053125e-06
SSFA2_S3,SSFA2,-1.33611199976835,2.91e-07,3.28006904231626e-06
ATN1_S4,ATN1,2.00904501904967,2.99e-07,3.34787389380531e-06
SC61B_S1,SC61B,2.90369507875163,2.99e-07,3.34787389380531e-06
SMAP2_T7,SMAP2,1.39056601908908,2.98e-07,3.34787389380531e-06
ARGI1_S6,ARGI1,-1.39619641210815,3.01e-07,3.36282781456954e-06
SC31A_S5,SC31A,-0.892824142406415,3.05e-07,3.40001101321586e-06
CASC3_S9,CASC3,0.0971296825385024,3.06e-07,3.40366153846154e-06
SL9A1_S20,SL9A1,1.56855893406943,3.09e-07,3.42949342105263e-06
HDGF_S7,HDGF,-1.09204313166764,3.18e-07,3.52165864332604e-06
GLCE_S3,GLCE,-0.72598139018284,3.21e-07,3.54712008733624e-06
HN1_S4,HN1,-1.16520680304348,3.36e-07,3.70478431372549e-06
PGM1_S6,PGM1,-1.15613708720926,3.41e-07,3.75174130434783e-06
HN1_S2,HN1,-1.01758625143368,3.5e-07,3.84240780911063e-06
SRS11_S10,SRS11,-0.556482907807488,3.51e-07,3.84504545454545e-06
KKCC2_S3,KKCC2,-1.17842788152435,3.56e-07,3.89139524838013e-06
PR38B_S3,PR38B,1.49409602412844,3.64e-07,3.96172903225806e-06
RBM33_S5,RBM33,-0.637019220223267,3.64e-07,3.96172903225806e-06
MRP2_S4,MRP2,-1.64004833395279,3.65e-07,3.96408798283262e-06
JCAD_S4,JCAD,0.990980459311764,3.68e-07,3.9881113490364e-06
SRRM2_S20,SRRM2,-1.21912762964211,3.78e-07,4.08773076923077e-06
CTR2_S3,CTR2,-2.33382155165627,3.81e-07,4.10264042553191e-06
MFR1L_S3_S10,MFR1L,-1.58721716837986,3.81e-07,4.10264042553191e-06
PLEC_T4,PLEC,2.09124332271097,3.87e-07,4.15840127388535e-06
6PGL_S7,6PGL,-2.97587727359306,3.9e-07,4.18175847457627e-06
DHCR7_S3,DHCR7,-1.96126718783968,3.98e-07,4.25851585623679e-06
MAP1B_S15,MAP1B,1.0222596724562,4.02e-07,4.29224050632911e-06
NIPA_S12,NIPA,-0.800901542283545,4.04e-07,4.30451368421053e-06
K2C8_S1,K2C8,4.00893980561977,4.15e-07,4.40317610062893e-06
SRRM2_S4,SRRM2,0.769406411623432,4.15e-07,4.40317610062893e-06
S11IP_S4,S11IP,0.873307239467541,4.19e-07,4.43631589958159e-06
MAST4_S1,MAST4,-0.96236996864224,4.2e-07,4.43762004175365e-06
ZO2_S2,ZO2,-2.51731169281105,4.21e-07,4.43891875e-06
PARN_S3,PARN,-1.00592850357104,4.34e-07,4.56647401247401e-06
WBP4_S6,WBP4,-0.921354170035312,4.42e-07,4.641e-06
PKHF2_S3,PKHF2,-0.612523379557923,4.43e-07,4.64186956521739e-06
ZDHC8_S3,ZDHC8,1.46330077262514,4.47e-07,4.67410537190083e-06
ZCHC8_S3,ZCHC8,-0.886080041005858,4.5e-07,4.69577319587629e-06
SCRIB_S2,SCRIB,-2.03725604747116,4.52e-07,4.70693827160494e-06
MY18A_S3,MY18A,-2.1279303241463,4.55e-07,4.72844969199179e-06
CAMP1_S7,CAMP1,0.686637765194626,4.57e-07,4.73950204918033e-06
EF1D_T6,EF1D,-0.856517788572,4.65e-07,4.81260736196319e-06
ZBT7A_S22,ZBT7A,-0.451125138669805,4.89e-07,5.05067142857143e-06
RS3_T7,RS3,-0.754947771376079,4.94e-07,5.09192260692464e-06
FUBP2_S2,FUBP2,-0.863060064330456,5.03e-07,5.16365720081136e-06
M3K11_S18,M3K11,0.626991016522328,5.02e-07,5.16365720081136e-06
PGM1_T4,PGM1,-1.68192080535413,5.09e-07,5.21467408906883e-06
ACLY_S3,ACLY,0.98828281213311,5.14e-07,5.24466532258065e-06
REPS1_S1,REPS1,-0.898709349786142,5.14e-07,5.24466532258065e-06
UBP10_S3,UBP10,-2.40139441826431,5.18e-07,5.27484507042254e-06
RABE1_S4,RABE1,1.27185311578986,5.22e-07,5.30490361445783e-06
TCPG_S4,TCPG,-1.46977062345783,5.25e-07,5.3246993987976e-06
LDB1_S3,LDB1,2.06734705198497,5.27e-07,5.33320517928287e-06
PB1_S3,PB1,0.534002338147987,5.28e-07,5.33320517928287e-06
ZO3_S1,ZO3,-1.23220928819434,5.29e-07,5.33320517928287e-06
ARHGH_S3,ARHGH,0.830760303536936,5.42e-07,5.45340357852883e-06
SQRD_S17,SQRD,0.945469308055039,5.6e-07,5.62333333333333e-06
F134C_S16,F134C,-0.430928360823235,5.66e-07,5.67232871287129e-06
H11_T2,H11,-0.104451464413715,5.78e-07,5.72457534246575e-06
H12_T2,H12,-0.104451464413715,5.78e-07,5.72457534246575e-06
H13_T2,H13,-0.104451464413715,5.78e-07,5.72457534246575e-06
H14_T2,H14,-0.104451464413715,5.78e-07,5.72457534246575e-06
H15_T2,H15,-0.104451464413715,5.78e-07,5.72457534246575e-06
H1T_T2,H1T,-0.104451464413715,5.78e-07,5.72457534246575e-06
CORO7_S3,CORO7,-0.873005213855995,5.82e-07,5.75293359375e-06
PP1B_T13,PP1B,-0.811514178137413,5.84e-07,5.76145029239766e-06
ADH1A_S4,ADH1A,-1.60447039750899,6e-07,5.88488372093023e-06
ADH1G_S4,ADH1G,-1.60447039750899,6e-07,5.88488372093023e-06
AFF4_S3,AFF4,1.54041086490681,5.98e-07,5.88488372093023e-06
NEK6_S11,NEK6,1.04100625952656,6.02e-07,5.89307930367505e-06
SPTN1_S9,SPTN1,1.12332900893713,6.04e-07,5.90124324324324e-06
RETST_S3,RETST,-1.30979660453226,6.07e-07,5.91912716763006e-06
SYNP2_T3,SYNP2,1.322439147212,6.1e-07,5.93694230769231e-06
UGPA_S3,UGPA,1.53820257455555,6.13e-07,5.95468905950096e-06
SRSF9_T2,SRSF9,-0.769287532414691,6.32e-07,6.12749425287356e-06
NUCKS_S5,NUCKS,-1.44054512381911,6.35e-07,6.14480879541109e-06
SYMPK_S11,SYMPK,-0.579388853154528,6.4e-07,6.18137404580153e-06
CRKL_Y14,CRKL,2.13560907270167,6.45e-07,6.2178e-06
COPE_S3,COPE,-0.996204764184473,6.7e-07,6.44652091254753e-06
PALM3_T10,PALM3,-0.427906346563824,6.79e-07,6.52071916508539e-06
EVA1A_T8,EVA1A,1.70552209337882,6.81e-07,6.52753977272727e-06
CGNL1_S3,CGNL1,-0.761235523216852,6.87e-07,6.57260302457467e-06
WDR20_S1,WDR20,-0.593441126213545,6.92e-07,6.60794716981132e-06
PLEK_S1,PLEK,1.40874651714698,7.14e-07,6.79239473684211e-06
TACC2_S11_S15,TACC2,0.923983450542374,7.13e-07,6.79239473684211e-06
HNF4A_T3,HNF4A,-1.1178509441856,7.22e-07,6.85561350844278e-06
BOK_S3,BOK,1.40115049797622,7.33e-07,6.94350280373832e-06
RBM25_S5,RBM25,-1.65352260927684,7.34e-07,6.94350280373832e-06
DTX3L_S4,DTX3L,-1.02851650893159,7.42e-07,6.99303910614525e-06
MAP4_T33,MAP4,0.969066540681766,7.41e-07,6.99303910614525e-06
HDGF_S8,HDGF,-0.518806421769008,7.5e-07,7.05529739776952e-06
GRIN3_S5,GRIN3,1.01063112691672,7.85e-07,7.37084415584416e-06
AGT2_S3,AGT2,-1.74338313789656,7.98e-07,7.46520887245841e-06
TCEA1_S11,TCEA1,-0.472471489465197,7.98e-07,7.46520887245841e-06
FIBA_S3,FIBA,0.877896100784321,8.02e-07,7.48878597785978e-06
STA5A_Y5,STA5A,1.49987192896602,8.08e-07,7.51707352941177e-06
STA5B_Y5,STA5B,1.49987192896602,8.08e-07,7.51707352941177e-06
NXP20_S3,NXP20,-1.12649324198012,8.15e-07,7.56828440366973e-06
PJA2_S13,PJA2,-0.866499742891166,8.18e-07,7.58223076923077e-06
RGPA1_S1,RGPA1,1.24631959770719,8.32e-07,7.6979012797075e-06
CAPR1_S11,CAPR1,-0.339605800950543,8.51e-07,7.83074727272727e-06
ITIH2_S6,ITIH2,0.926383951561343,8.51e-07,7.83074727272727e-06
TRIPC_S3,TRIPC,-0.640803040449373,8.48e-07,7.83074727272727e-06
NAV1_S3,NAV1,1.08894082200366,8.58e-07,7.88083121597096e-06
KAP0_S5,KAP0,-0.846227539589316,8.79e-07,8.02999819494585e-06
PDZD8_S15,PDZD8,0.86829346537381,8.78e-07,8.02999819494585e-06
ZYX_S3,ZYX,-1.93794202326607,8.77e-07,8.02999819494585e-06
VDAC1_T2,VDAC1,-0.909926008524766,9.11e-07,8.30733513513514e-06
TR150_S8,TR150,-0.769490508452065,9.15e-07,8.32880395683453e-06
MARCS_S5,MARCS,2.19461053208161,9.31e-07,8.45922980251346e-06
MEPCE_S3,MEPCE,-1.01774144791856,9.44e-07,8.56197849462366e-06
UIMC1_S3,UIMC1,-0.932014265132705,9.47e-07,8.5738228980322e-06
PDLI2_S12,PDLI2,-0.433957813787433,9.65e-07,8.7211875e-06
ASSY_T9,ASSY,-1.26078294897636,9.72e-07,8.73444991212654e-06
DEN1A_T2,DEN1A,-0.911626717136491,9.69e-07,8.73444991212654e-06
GEPH_S4,GEPH,-2.3627026384365,9.79e-07,8.73444991212654e-06
PEAK1_S8,PEAK1,1.32257068580988,9.75e-07,8.73444991212654e-06
PEPL_S1,PEPL,-1.24737486359377,9.79e-07,8.73444991212654e-06
RS10L_S6,RS10L,-1.64805385531505,9.82e-07,8.73444991212654e-06
RS10_S6,RS10,-1.64805385531505,9.82e-07,8.73444991212654e-06
SLTM_S10,SLTM,1.04664457552611,9.72e-07,8.73444991212654e-06
TB182_S6,TB182,-0.844559425498721,9.76e-07,8.73444991212654e-06
ACACB_S3,ACACB,-0.827637562551717,9.89e-07,8.78127894736842e-06
SRRT_T10,SRRT,-0.506735827559038,1.01e-06,8.95203152364273e-06
GPTC8_S3,GPTC8,0.123480590778932,1.02e-06,9.02486013986014e-06
DSG2_S2,DSG2,-1.556919503562,1.03e-06,9.06579130434783e-06
G3P_S10,G3P,-0.742802976047887,1.03e-06,9.06579130434783e-06
NOLC1_S2,NOLC1,-0.932763169329189,1.03e-06,9.06579130434783e-06
ANK3_S3,ANK3,1.85597306379426,1.04e-06,9.10629757785467e-06
GOLI4_T9,GOLI4,-1.04015972028362,1.04e-06,9.10629757785467e-06
LZTS3_T8,LZTS3,1.25870813218009,1.04e-06,9.10629757785467e-06
LMNA_S3,LMNA,1.41942994783838,1.05e-06,9.16215517241379e-06
NF1_S1,NF1,-0.643764810733872,1.05e-06,9.16215517241379e-06
ERRFI_S3,ERRFI,-0.790640779713337,1.07e-06,9.32060240963855e-06
EHBP1_S3,EHBP1,-2.05544313121918,1.08e-06,9.34338461538462e-06
LIMA1_S5,LIMA1,0.41445488731524,1.08e-06,9.34338461538462e-06
MARK3_T3,MARK3,1.05238038712045,1.08e-06,9.34338461538462e-06
PAXI_S5,PAXI,1.37684949074721,1.08e-06,9.34338461538462e-06
SRRM2_S10,SRRM2,-0.416871028879973,1.09e-06,9.41380546075085e-06
MAP4_S5,MAP4,2.24715824580646,1.1e-06,9.46785714285714e-06
ZNF22_S1,ZNF22,-2.20396529480225,1.1e-06,9.46785714285714e-06
EMAL4_S3,EMAL4,1.58127766623406,1.12e-06,9.62363327674024e-06
CD11A_S3,CD11A,-0.881827138307516,1.14e-06,9.76233502538071e-06
CD11B_S3,CD11B,-0.881827138307516,1.14e-06,9.76233502538071e-06
F1711_S3,F1711,-3.02505010372723,1.16e-06,9.90010118043845e-06
FINC_S24,FINC,1.70227877185282,1.16e-06,9.90010118043845e-06
ADH7_S24,ADH7,-1.38855911774241,1.17e-06,9.95188235294118e-06
IF4G2_T3,IF4G2,-0.670637581743203,1.17e-06,9.95188235294118e-06
MP2K4_T1,MP2K4,-1.68259822663042,1.18e-06,1.00201006711409e-05
HUTH_S11,HUTH,-0.864975441073849,1.19e-06,1.00880904522613e-05
ADDA_S6,ADDA,1.18144838428121,1.2e-06,1.0122e-05
SRRM2_T3,SRRM2,-0.86674394453626,1.2e-06,1.0122e-05
SRSF9_S2_S7,SRSF9,-1.16782765294857,1.2e-06,1.0122e-05
TENS1_T1,TENS1,-0.965466511237741,1.22e-06,1.02735773710483e-05
CYTSB_S3,CYTSB,1.82757267366412,1.25e-06,1.04912935323383e-05
T22D4_S3,T22D4,1.251894819888,1.25e-06,1.04912935323383e-05
COPB2_S13,COPB2,-1.64010787122351,1.27e-06,1.06415066225166e-05
TGON2_S2,TGON2,-1.52496837191463,1.28e-06,1.07075702479339e-05
SO2B1_S7,SO2B1,-0.995549845671794,1.31e-06,1.09404455445545e-05
GBF1_Y2,GBF1,-0.660851590242478,1.32e-06,1.10057990115321e-05
EF1A1_Y7,EF1A1,-1.31984482028257,1.37e-06,1.13479050736498e-05
EF1A2_Y7,EF1A2,-1.31984482028257,1.37e-06,1.13479050736498e-05
EF1A3_Y7,EF1A3,-1.31984482028257,1.37e-06,1.13479050736498e-05
H1X_S8,H1X,0.923381568977024,1.37e-06,1.13479050736498e-05
ANS1A_S3,ANS1A,-0.736910477567089,1.38e-06,1.13748859934853e-05
ARHG2_S3,ARHG2,3.05853795416577,1.38e-06,1.13748859934853e-05
G6PI_T4,G6PI,-1.19706159139997,1.38e-06,1.13748859934853e-05
KCD12_S17,KCD12,1.10146226153134,1.4e-06,1.15209756097561e-05
NB5R3_S3,NB5R3,-1.35324348170985,1.43e-06,1.174875e-05
RAVR1_T13,RAVR1,0.64336322951452,1.44e-06,1.1811734197731e-05
LAR1B_S12,LAR1B,2.19173137118311,1.48e-06,1.21006138933764e-05
LARP7_T4,LARP7,-0.867472975782557,1.48e-06,1.21006138933764e-05
MAP1S_S11,MAP1S,1.10060289526265,1.5e-06,1.22443548387097e-05
GGYF1_S1,GGYF1,1.22969302755922,1.56e-06,1.26931832797428e-05
PLEC_S4,PLEC,1.43023034135906,1.56e-06,1.26931832797428e-05
TR150_S8_S13,TR150,1.985187921456,1.6e-06,1.29977528089888e-05
S12A2_S26,S12A2,0.88437688406509,1.61e-06,1.30580288461538e-05
EXOC2_S3,EXOC2,0.98264470896136,1.62e-06,1.3118112e-05
TBA1B_S1,TBA1B,-1.51614281589218,1.65e-06,1.33184210526316e-05
TBA4A_S1,TBA4A,-1.51614281589218,1.65e-06,1.33184210526316e-05
PAK2_S3,PAK2,0.373353296625748,1.7e-06,1.37001592356688e-05
MAP1B_S3,MAP1B,1.84514019233531,1.74e-06,1.40002225755167e-05
DEN4C_S3,DEN4C,-1.83344651996276,1.76e-06,1.41386666666667e-05
K1C18_S5,K1C18,1.55252423906852,1.77e-06,1.41964659270998e-05
TM201_T2,TM201,1.24801170868482,1.8e-06,1.44142405063291e-05
ABLM2_S2,ABLM2,1.16841581934902,1.82e-06,1.45513744075829e-05
HNRPK_S2,HNRPK,-0.852403429536528,1.85e-06,1.47679022082019e-05
ATX2L_S11,ATX2L,1.87993399298273,1.87e-06,1.49040472440945e-05
STML2_T2,STML2,-2.25333510978384,1.89e-06,1.50397641509434e-05
NDRG1_S2,NDRG1,-1.12082444021262,1.91e-06,1.51512695924765e-05
SPS2L_S2,SPS2L,-0.873495254313916,1.91e-06,1.51512695924765e-05
AMPD2_S1,AMPD2,0.649988946630052,1.95e-06,1.5420234375e-05
VIME_S16,VIME,1.57254601769868,1.95e-06,1.5420234375e-05
AB1IP_T5,AB1IP,-1.25850121805833,1.97e-06,1.55298598130841e-05
PLEC_S3,PLEC,0.691222453883732,1.97e-06,1.55298598130841e-05
F234A_S2,F234A,-1.23102215355358,1.98e-06,1.55602173913044e-05
PKHA6_T1,PKHA6,1.60294416168918,1.98e-06,1.55602173913044e-05
3BP5L_S4,3BP5L,-1.38399130834771,2e-06,1.5693023255814e-05
RBM26_S5,RBM26,0.960155480953601,2.02e-06,1.58254179566563e-05
EF1D_S10,EF1D,-0.719577011383005,2.05e-06,1.60356259659969e-05
TB182_S10,TB182,0.0787570320376603,2.06e-06,1.60889814814815e-05
S19A3_S3,S19A3,-3.17647051723438,2.07e-06,1.61173384615385e-05
ZRAB2_S6,ZRAB2,-0.840656273210858,2.07e-06,1.61173384615385e-05
CRIP2_S3,CRIP2,1.06512782712124,2.12e-06,1.64812903225806e-05
NUCKS_S10,NUCKS,2.17804460756668,2.15e-06,1.66633231240429e-05
SL9A1_S14,SL9A1,1.46055644555675,2.15e-06,1.66633231240429e-05
HAP28_S5,HAP28,-1.88660684301038,2.17e-06,1.67926146788991e-05
TSC2_S1,TSC2,0.782962985428309,2.19e-06,1.69215114503817e-05
IF16_S10,IF16,0.993444186684611,2.2e-06,1.69728658536585e-05
NEK9_T5,NEK9,0.97761028617118,2.21e-06,1.70240639269406e-05
FIBA_S11,FIBA,-1.53368193679213,2.22e-06,1.70751063829787e-05
POGZ_S16,POGZ,-0.670102215700722,2.23e-06,1.71259939301973e-05
PIAS1_S10,PIAS1,-0.317556994457303,2.27e-06,1.74067727272727e-05
CPNE3_S2,CPNE3,-1.41303974008322,2.28e-06,1.74570045385779e-05
TR150_S4,TR150,-0.660799670054753,2.3e-06,1.75835347432024e-05
CLAP1_S3,CLAP1,1.1128051018541,2.31e-06,1.76333484162896e-05
FOXK1_S3,FOXK1,-0.765379269911896,2.38e-06,1.81130526315789e-05
PDS5B_S3,PDS5B,2.22476019165506,2.38e-06,1.81130526315789e-05
MAP4_S2,MAP4,-0.896865521417765,2.4e-06,1.82378378378378e-05
SRRM2_T3_S14,SRRM2,-0.747283023737662,2.42e-06,1.83622488755622e-05
ALG3_S3,ALG3,-1.60850701692028,2.48e-06,1.87893413173653e-05
SC16B_S7,SC16B,-0.898865370730166,2.52e-06,1.90638565022422e-05
PACS1_S3,PACS1,2.39590333348438,2.53e-06,1.91109402985075e-05
NUCB1_S2,NUCB1,-2.16496789226012,2.57e-06,1.93841579731744e-05
PXDC2_S3,PXDC2,1.18226154287299,2.63e-06,1.98071875e-05
TOM22_S10,TOM22,-0.980562920961537,2.65e-06,1.99281575037147e-05
NHRF1_S3,NHRF1,-1.70570273625845,2.69e-06,2.01989465875371e-05
ZC3HD_S1,ZC3HD,-0.469754087254875,2.72e-06,2.03939555555556e-05
SMIM1_S9,SMIM1,-0.704050949878264,2.81e-06,2.10375887573964e-05
SYNP2_S8,SYNP2,1.48303979822616,2.85e-06,2.13055391432792e-05
HMGN3_S3,HMGN3,-2.4958919414281,2.88e-06,2.14980530973451e-05
HMHA1_S3,HMHA1,1.09421147178125,2.93e-06,2.18390721649485e-05
PGRC1_S12,PGRC1,2.53647803867779,2.98e-06,2.21790882352941e-05
DOCK8_S3,DOCK8,0.783973859680095,3.06e-06,2.26082627737226e-05
EXOC7_S10,EXOC7,0.953250623346034,3.06e-06,2.26082627737226e-05
PGAM1_Y2,PGAM1,-1.50280284610007,3.06e-06,2.26082627737226e-05
PGAM2_Y2,PGAM2,-1.50280284610007,3.06e-06,2.26082627737226e-05
PGAM4_Y2,PGAM4,-1.50280284610007,3.06e-06,2.26082627737226e-05
RS17_S6,RS17,-1.30318741447747,3.07e-06,2.26490816326531e-05
FTCD_S2,FTCD,-1.83498620293583,3.12e-06,2.29844541484716e-05
PAWR_S6,PAWR,3.03696829657523,3.14e-06,2.30981686046512e-05
ABCF1_T4,ABCF1,-1.05818075017596,3.16e-06,2.32115529753266e-05
SRRM1_S4,SRRM1,0.732212675477684,3.19e-06,2.33979565217391e-05
UBR4_S3,UBR4,-2.80813200016569,3.21e-06,2.35105788712012e-05
CALU_S7,CALU,-1.28511313912887,3.23e-06,2.36228757225433e-05
BIN2_S23,BIN2,1.54893468595078,3.27e-06,2.38809090909091e-05
TGFI1_S3,TGFI1,2.75892365799607,3.29e-06,2.399234870317e-05
HACD3_S3,HACD3,-1.05591133663903,3.32e-06,2.41762877697842e-05
SNTB2_S21,SNTB2,0.723694000333375,3.4e-06,2.4723275862069e-05
MARF1_S3,MARF1,0.916448313808696,3.44e-06,2.49782496413199e-05
ANXA2_Y14,ANXA2,0.801619483707307,3.46e-06,2.50158e-05
AXA2L_Y14,AXA2L,0.801619483707307,3.46e-06,2.50158e-05
CPZIP_S6,CPZIP,1.04578678073099,3.46e-06,2.50158e-05
NFIA_S1,NFIA,-0.295530175850436,3.48e-06,2.51245078459344e-05
AAKB1_S3,AAKB1,2.40087759428065,3.5e-06,2.5232905982906e-05
ZRAB2_S7,ZRAB2,-0.65490861169446,3.62e-06,2.60609103840683e-05
AAKB2_S1,AAKB2,-0.966094296029571,3.65e-06,2.62023404255319e-05
ABH15_S4,ABH15,-1.07569792121306,3.65e-06,2.62023404255319e-05
MLTK_S4,MLTK,-1.26589252921563,3.68e-06,2.6380283286119e-05
ACBD5_S2,ACBD5,0.442325217306128,3.71e-06,2.65577227722772e-05
SHOT1_S1,SHOT1,-1.01852233739403,3.72e-06,2.65916949152542e-05
ZMYM4_S6,ZMYM4,1.08229126517044,3.73e-06,2.66255712270804e-05
SYNP2_S12,SYNP2,0.715442701434252,3.76e-06,2.68019154929577e-05
PDLI2_S1,PDLI2,-1.08607659978015,3.77e-06,2.68354008438819e-05
SRBS1_T14,SRBS1,-0.583198794131312,3.78e-06,2.68687921348315e-05
S38AA_S8,S38AA,-1.05977871236532,3.82e-06,2.71150350631136e-05
CDK17_S3,CDK17,0.703889179723612,3.92e-06,2.77858823529412e-05
LMNA_S2,LMNA,1.01839758192955,4.02e-06,2.84151117318436e-05
MINK1_S3,MINK1,1.85950778227151,4.02e-06,2.84151117318436e-05
PBDC1_S4,PBDC1,-2.02319721661559,4.03e-06,2.84460669456067e-05
KI13A_S3,KI13A,2.6001993405452,4.05e-06,2.85474233983287e-05
PRP4B_S3,PRP4B,1.28505055360432,4.07e-06,2.86484979137691e-05
HACD3_S4,HACD3,-2.0769021172502,4.09e-06,2.87492916666667e-05
EPN1_T1,EPN1,-0.9242676150795,4.13e-06,2.89901941747573e-05
BI2L1_S3,BI2L1,-1.19741922276557,4.21e-06,2.947e-05
PRC2C_S3,PRC2C,2.23936995330781,4.21e-06,2.947e-05
RBM14_S3_S8,RBM14,0.77779136755112,4.24e-06,2.96390055248619e-05
LARP1_T3,LARP1,-1.23989637179309,4.25e-06,2.96679310344828e-05
STMN1_S11,STMN1,2.09272402757572,4.27e-06,2.97664876033058e-05
RHG17_S1,RHG17,-0.19587388616428,4.3e-06,2.99343878954608e-05
EMSA1_S3,EMSA1,0.547944052767499,4.32e-06,3.00323076923077e-05
DPYL2_T10,DPYL2,2.7603670267254,4.43e-06,3.07547736625514e-05
K1C18_S10,K1C18,-0.537119462037665,4.53e-06,3.14059315068493e-05
F134C_S3,F134C,-1.71277217184146,4.54e-06,3.14322024623803e-05
K1C18_S4,K1C18,2.71217371130483,4.55e-06,3.14584016393443e-05
RHG31_S4,RHG31,0.92618392985316,4.61e-06,3.18297544338336e-05
K1C18_T1,K1C18,0.752982154810311,4.67e-06,3.22000953678474e-05
MIC19_Y1,MIC19,-1.26107758030749,4.89e-06,3.36711428571429e-05
EMAL4_S4,EMAL4,0.488736008940273,5.03e-06,3.45880842391304e-05
NMT1_S4,NMT1,-0.241785938772759,5.06e-06,3.47471641791045e-05
RL13_S5,RL13,-1.63447832925215,5.14e-06,3.52486991869919e-05
S38AA_S3,S38AA,-0.926554304181971,5.18e-06,3.54749391069012e-05
NCOR1_S6,NCOR1,-0.678093527986713,5.21e-06,3.55840890688259e-05
UTP20_T10,UTP20,-0.180632767309527,5.21e-06,3.55840890688259e-05
MRP2_S3,MRP2,-1.00111816735745,5.23e-06,3.56725471698113e-05
PININ_S3,PININ,-0.762325740518299,5.24e-06,3.56926514131898e-05
TRAM1_S18,TRAM1,1.78783673586018,5.34e-06,3.63249193548387e-05
TNS2_S3,TNS2,1.01689219815313,5.37e-06,3.64799597315436e-05
AAPK1_S11,AAPK1,1.06054986801516,5.62e-06,3.81271045576407e-05
SP100_S6,SP100,-0.859988691117785,5.64e-06,3.82115662650602e-05
RHG25_S2,RHG25,0.762573860209713,5.69e-06,3.84987834224599e-05
TF3C2_S2,TF3C2,-1.05919880710255,5.71e-06,3.8582523364486e-05
T184B_S3,T184B,2.78335937031219,5.99e-06,4.042052e-05
EXOC4_S3,EXOC4,0.397291826322643,6e-06,4.04340878828229e-05
FARP1_S8,FARP1,1.19792825398239,6.11e-06,4.1120625e-05
AMPD2_S3,AMPD2,0.568726848510204,6.16e-06,4.14020717131474e-05
ROCK2_S12,ROCK2,1.78203645534446,6.18e-06,4.14814058355438e-05
CAV1_S7,CAV1,1.27419274343159,6.24e-06,4.18286622516556e-05
AAK1_T5_S9,AAK1,1.10804520628404,6.25e-06,4.18402777777778e-05
CPEB4_S4,CPEB4,-0.563249799460762,6.26e-06,4.18518626155878e-05
ASSY_Y1,ASSY,-2.14683740406451,6.29e-06,4.19969525065963e-05
F91A1_S3,F91A1,-1.35733700462207,6.33e-06,4.22083399209486e-05
PHLB1_S3,PHLB1,1.80704627550053,6.37e-06,4.24191710526316e-05
RBM7_S1,RBM7,-1.7023123811023,6.39e-06,4.24964388961892e-05
EIF3C_S1,EIF3C,-2.43193788617187,6.48e-06,4.29820183486239e-05
EIFCL_S1,EIFCL,-2.43193788617187,6.48e-06,4.29820183486239e-05
NOP56_S10,NOP56,1.3388351747917,6.51e-06,4.31244895287958e-05
AIFM1_S3,AIFM1,1.63419601871075,6.58e-06,4.349296875e-05
G3P_S6,G3P,-0.940480651983696,6.6e-06,4.349296875e-05
IL16_S3,IL16,2.72651310508544,6.59e-06,4.349296875e-05
TAGL2_S3,TAGL2,-2.93484662772096,6.6e-06,4.349296875e-05
API5_S9,API5,2.87852498973333,6.64e-06,4.36996618985696e-05
KPCD_S4,KPCD,1.08154137088441,6.72e-06,4.41687272727273e-05
ACAP2_T5,ACAP2,1.97183528357129,6.76e-06,4.43740077821012e-05
TNS2_S5,TNS2,1.35134325244086,6.81e-06,4.46443134715026e-05
EF1D_S26,EF1D,1.4046700692483,6.96e-06,4.55686416558862e-05
MTSS1_S3,MTSS1,1.52347115607465,6.97e-06,4.55751550387597e-05
HAP28_S7,HAP28,-0.84968113077146,6.98e-06,4.55816516129032e-05
PCF11_S1,PCF11,-0.984836957898711,7e-06,4.56533505154639e-05
IF4B_S15,IF4B,-1.22282971549651,7.05e-06,4.59202702702703e-05
DESP_S9,DESP,-1.28792805314509,7.11e-06,4.61921822849807e-05
SRBS1_S3,SRBS1,1.0199723632819,7.11e-06,4.61921822849807e-05
UGDH_S7,UGDH,-2.87157940310593,7.24e-06,4.69764615384615e-05
CSN1_S7,CSN1,0.61158663951022,7.27e-06,4.71107170294494e-05
CCD86_S16,CCD86,1.69623793476644,7.3e-06,4.72446291560102e-05
PROX1_S2,PROX1,-1.40410198571975,7.38e-06,4.77013793103448e-05
LMOD1_S3,LMOD1,1.69082225382677,7.45e-06,4.80924107142857e-05
MOT1_S3,MOT1,-1.63618731460803,7.51e-06,4.8417974522293e-05
PAXI_S13,PAXI,0.523398652427548,7.58e-06,4.88070992366412e-05
RGPS2_S4,RGPS2,-0.837538818423821,7.62e-06,4.90023125794155e-05
VIME_S3,VIME,2.51299843268306,7.67e-06,4.92612563451777e-05
VPS50_S8,VPS50,-0.620089971777171,7.88e-06,5.0545855513308e-05
DCDC2_S2,DCDC2,0.83547243570667,8.1e-06,5.18912658227848e-05
NED4L_S3,NED4L,0.940306234371467,8.13e-06,5.2017610619469e-05
BABA1_S3,BABA1,-0.846115942045172,8.16e-06,5.21436363636364e-05
S27A2_T3,S27A2,-1.799295604032,8.26e-06,5.27160907944515e-05
SRC8_T5,SRC8,1.41959817613056,8.33e-06,5.30958816120907e-05
WNK1_S3,WNK1,0.659940380316567,8.39e-06,5.34110566037736e-05
APBA1_S3,APBA1,-1.63226218207152,8.44e-06,5.36618592964824e-05
CCNY_S1,CCNY,-0.525482099295907,8.53e-06,5.4166035131744e-05
FND3B_S2,FND3B,1.52998963547962,8.56e-06,5.42884210526316e-05
MYCPP_S1,MYCPP,0.661388914281405,8.61e-06,5.4537183979975e-05
FYN_S3,FYN,-1.23160561980175,8.64e-06,5.46537453183521e-05
RS6_S4_S8,RS6,1.85144934860174,8.65e-06,5.46537453183521e-05
CE170_S5,CE170,1.7635201238311,8.71e-06,5.49642269326683e-05
CP2B6_S3,CP2B6,-2.84785077404361,8.79e-06,5.53310820895522e-05
NUCKS_S13,NUCKS,-0.666468856474689,8.79e-06,5.53310820895522e-05
ACTBM_S17,ACTBM,1.60995876775825,8.82e-06,5.54449503722084e-05
RAGP1_S15,RAGP1,0.598211724506373,8.83e-06,5.54449503722084e-05
PML_S3,PML,0.890036186509166,8.86e-06,5.55643866171004e-05
PLCL1_S3,PLCL1,1.28337342706454,8.89e-06,5.56835272277228e-05
B2L13_S2,B2L13,-1.10958135858019,9e-06,5.63028430160692e-05
PYRG1_S5,PYRG1,-1.70727702311874,9.07e-06,5.66707037037037e-05
SLK_S6,SLK,1.51343445486892,9.09e-06,5.67256350184957e-05
RCAS1_S3,RCAS1,-0.694819367292285,9.14e-06,5.69674137931034e-05
SRRM1_S3_S5,SRRM1,-0.830226996765422,9.19e-06,5.72085977859779e-05
ZBT21_S8,ZBT21,-0.83524645478932,9.22e-06,5.73248402948403e-05
BCLF1_S5,BCLF1,1.62045720390139,9.33e-06,5.79286029411765e-05
EPS15_S1,EPS15,-2.13967549283786,9.34e-06,5.79286029411765e-05
INT1_S2,INT1,-1.09470767725541,9.41e-06,5.82913219094247e-05
BORC7_S1,BORC7,-1.22529507672154,9.67e-06,5.98286919315403e-05
RPTOR_S14,RPTOR,-0.308532354877705,9.7e-06,5.99410256410256e-05
KPCD2_S3,KPCD2,0.538725879982948,9.9e-06,6.11023170731707e-05
TCEA3_S14,TCEA3,-2.83402778646722,1e-05,6.16443361753959e-05
CK096_S1,CK096,0.904746796564235,1.01e-05,6.21850364963504e-05
LBR_S2,LBR,-2.36627953126557,1.02e-05,6.27244228432564e-05
TGM2_S1,TGM2,-1.63570348492325,1.03e-05,6.32625e-05
NIBL1_S11,NIBL1,0.607633923254016,1.05e-05,6.43347457627119e-05
TNS2_S1,TNS2,-1.57024944174952,1.05e-05,6.43347457627119e-05
LMO7_S17,LMO7,-0.583328935522363,1.06e-05,6.48689238210399e-05
AP3B1_S5,AP3B1,-0.971196821555451,1.07e-05,6.53229191797346e-05
LIMK1_S3,LIMK1,0.792795021278905,1.07e-05,6.53229191797346e-05
K1C18_S16,K1C18,1.57424002080834,1.08e-05,6.58539759036144e-05
CENPA_S3_S5,CENPA,1.96340165550098,1.09e-05,6.63837545126354e-05
HMCS2_S9,HMCS2,-1.0535075622403,1.1e-05,6.69122596153846e-05
K1671_S4,K1671,1.62476446899407,1.13e-05,6.84901796407186e-05
LYSM3_S3,LYSM3,-0.556136325554941,1.13e-05,6.84901796407186e-05
TPD52_S1,TPD52,-1.41702120650024,1.13e-05,6.84901796407186e-05
PHRF1_S17,PHRF1,-0.548798503250897,1.14e-05,6.90136363636364e-05
PHF3_S1,PHF3,-1.47387736523304,1.15e-05,6.94528639618138e-05
REPS1_S3,REPS1,-0.690082040731011,1.15e-05,6.94528639618138e-05
RB6I2_S3,RB6I2,1.08942447111874,1.18e-05,7.11797377830751e-05
MRP2_S5,MRP2,-1.95707923784868,1.22e-05,7.3417598097503e-05
TMG4_T2,TMG4,-1.32774284206317,1.22e-05,7.3417598097503e-05
MTMRC_S3,MTMRC,-0.653659252657401,1.26e-05,7.57346793349169e-05
RSF1_S6,RSF1,-0.975980430273454,1.27e-05,7.62451957295374e-05
RLA2_S6,RLA2,-1.37740912679757,1.28e-05,7.66636686390532e-05
ROA3_S4,ROA3,-1.2821680924202,1.28e-05,7.66636686390532e-05
DHB4_T5,DHB4,-1.01151045396484,1.29e-05,7.70801652892562e-05
DREB_S2,DREB,2.11225766910144,1.29e-05,7.70801652892562e-05
EIF3C_S6,EIF3C,-0.405737884186865,1.3e-05,7.74035294117647e-05
EIFCL_S6,EIFCL,-0.405737884186865,1.3e-05,7.74035294117647e-05
RRP8_S7,RRP8,-0.453570164295152,1.3e-05,7.74035294117647e-05
NU155_S5,NU155,-0.742051844531028,1.32e-05,7.85019976498237e-05
E41L2_S3,E41L2,1.28008601645233,1.34e-05,7.9504572098476e-05
SPF45_S1,SPF45,-0.651872171125636,1.34e-05,7.9504572098476e-05
SYNP2_S4,SYNP2,0.423991056503142,1.35e-05,8.00040983606557e-05
FAS_S3,FAS,-1.90431924345285,1.36e-05,8.04084112149533e-05
RHG09_S10,RHG09,1.00170346681554,1.36e-05,8.04084112149533e-05
TOM70_S8,TOM70,1.07636552168473,1.38e-05,8.14006993006993e-05
ZCH18_S11,ZCH18,-0.309587956506043,1.38e-05,8.14006993006993e-05
CRTC3_S4,CRTC3,0.575216294418525,1.4e-05,8.21972157772622e-05
GOGA3_S3,GOGA3,-0.725293952654251,1.4e-05,8.21972157772622e-05
NEDD4_S3,NEDD4,1.06897824986202,1.4e-05,8.21972157772622e-05
SON_S5,SON,-1.16461485806896,1.4e-05,8.21972157772622e-05
LAR1B_S5,LAR1B,-1.24413612378748,1.41e-05,8.24019630484988e-05
PHAR2_S4,PHAR2,1.90079506512187,1.41e-05,8.24019630484988e-05
RRAS2_S9,RRAS2,-1.41631484967948,1.41e-05,8.24019630484988e-05
SPT6H_T3,SPT6H,0.812744849875533,1.41e-05,8.24019630484988e-05
ABCF1_S6,ABCF1,-1.26528979246134,1.42e-05,8.27951612903226e-05
ZBT21_S5,ZBT21,-0.455932862603544,1.42e-05,8.27951612903226e-05
MON1A_S1,MON1A,-0.813576971403737,1.43e-05,8.32822784810127e-05
TEX2_S3,TEX2,1.8485395073727,1.44e-05,8.3672101033295e-05
TTL12_S2,TTL12,-0.573717111691864,1.44e-05,8.3672101033295e-05
AKIB1_S7,AKIB1,0.607210393142026,1.45e-05,8.41565366972477e-05
IF4G1_S3,IF4G1,-2.28808934519006,1.47e-05,8.5219587628866e-05
TOP2B_S5,TOP2B,1.29955164396647,1.51e-05,8.74383295194508e-05
DEK_S3,DEK,-1.65822679043179,1.52e-05,8.77163055872292e-05
DOCK4_T4,DOCK4,-0.233675023816262,1.52e-05,8.77163055872292e-05
MY18A_S9,MY18A,-0.688691323142579,1.52e-05,8.77163055872292e-05
KAP2_S10,KAP2,-0.505233660205364,1.53e-05,8.81928246013667e-05
ZO1_T6,ZO1,-0.941275838674519,1.57e-05,9.03955631399317e-05
PUM1_S3,PUM1,-0.462588082190595,1.58e-05,9.07648127128263e-05
ZBT21_S1,ZBT21,-2.36891631021436,1.58e-05,9.07648127128263e-05
ROBO1_S4,ROBO1,1.2542991047045,1.59e-05,9.12357142857143e-05
PALLD_S4,PALLD,1.38960893958919,1.6e-05,9.17055492638731e-05
NOS3_S7,NOS3,0.443921352334454,1.63e-05,9.33193438914027e-05
ACTB_T14,ACTB,1.39266347136171,1.64e-05,9.35742953776776e-05
ACTG_T14,ACTG,1.39266347136171,1.64e-05,9.35742953776776e-05
POTEE_T14,POTEE,1.39266347136171,1.64e-05,9.35742953776776e-05
ESYT1_S3,ESYT1,-0.873355490633657,1.65e-05,9.40388513513514e-05
EEPD1_S3,EEPD1,0.616946198943287,1.69e-05,9.61021348314607e-05
PARD3_S6,PARD3,3.13644511787944,1.69e-05,9.61021348314607e-05
KHNYN_S3,KHNYN,-0.535706862182592,1.7e-05,9.65622895622895e-05
CARL1_S3,CARL1,1.70521175662834,1.73e-05,9.8046248600224e-05
TAGL2_S2,TAGL2,-1.47855645191778,1.73e-05,9.8046248600224e-05
CCD86_S7,CCD86,-1.12424273044477,1.76e-05,9.95235754189944e-05
RL18A_S3,RL18A,-1.00836476755482,1.76e-05,9.95235754189944e-05
PARP4_T2,PARP4,0.756277188199731,1.77e-05,9.997734375e-05
DBNL_T3,DBNL,1.28658886725575,1.78e-05,0.000100206674082314
DPYL2_S2,DPYL2,1.93138893628646,1.78e-05,0.000100206674082314
RD23A_S4,RD23A,-0.314940458983255,1.78e-05,0.000100206674082314
ANKH1_S4,ANKH1,0.786030844606824,1.8e-05,0.00010122
CCM2_S3,CCM2,1.10483811139069,1.85e-05,0.000103800997782705
PARVA_S6,PARVA,2.5319973812875,1.85e-05,0.000103800997782705
EIF3C_S3,EIF3C,-1.3215479169497,1.86e-05,0.000104131194690265
EIFCL_S3,EIFCL,-1.3215479169497,1.86e-05,0.000104131194690265
CNPY2_S4,CNPY2,-0.280417277061991,1.87e-05,0.000104459933774834
CTNB1_S6,CTNB1,1.08169028253849,1.87e-05,0.000104459933774834
SCAFB_S7,SCAFB,-0.953009707148537,1.88e-05,0.000104902756339581
CALX_S11,CALX,-0.847205966065701,1.89e-05,0.000105344603524229
AFAD_S6,AFAD,-0.128116774528058,1.91e-05,0.000106342244224422
HDGF_S6,HDGF,-0.808159768029094,1.94e-05,0.000107893846153846
WAC_S25,WAC,1.0336517461199,1.96e-05,0.000108886498353458
FKB15_S2,FKB15,-0.785800202702127,1.98e-05,0.000109876973684211
NAB2_S3,NAB2,2.12838920877576,1.99e-05,0.000110310952902519
SSRA_T20,SSRA,1.00603754965186,2.01e-05,0.000111297702407002
NCOR2_S3,NCOR2,1.01521395280708,2.02e-05,0.000111729180327869
SRBS1_T15,SRBS1,-0.499671255573156,2.04e-05,0.000112712227074236
DOCK7_S3,DOCK7,0.333584853092397,2.06e-05,0.000113569281045752
RB6I2_T2,RB6I2,1.5943570880739,2.06e-05,0.000113569281045752
KPCD_T3,KPCD,-0.838155115301887,2.1e-05,0.000115522826086957
PKHA6_S7,PKHA6,1.03053202292832,2.1e-05,0.000115522826086957
COASY_S32,COASY,-1.1055889700694,2.14e-05,0.000117467895878525
SHE_S3,SHE,1.41396132770593,2.14e-05,0.000117467895878525
TENS1_S12,TENS1,1.62302612675021,2.16e-05,0.000118437269772481
SRC8_S7,SRC8,-0.443283114574459,2.17e-05,0.000118856818181818
RASL3_S3,RASL3,0.710958338887873,2.18e-05,0.000119275459459459
BIN1_S4,BIN1,-0.654003535574745,2.19e-05,0.000119693196544276
MYCPP_S3,MYCPP,-0.613756448340813,2.2e-05,0.00012011003236246
AKAP2_S3,AKAP2,-1.00209021542314,2.22e-05,0.000121071336206897
BCLF1_S4,BCLF1,-0.412622780930513,2.23e-05,0.000121355161290323
MT2_S3,MT2,-1.42525655489797,2.23e-05,0.000121355161290323
KHDR1_S3,KHDR1,1.27837081957529,2.28e-05,0.000123809871244635
PLIN5_S1,PLIN5,-1.22398156645432,2.28e-05,0.000123809871244635
PGM1_S3,PGM1,-2.39498796394987,2.3e-05,0.000124762057877814
FBP1L_S3,FBP1L,0.92876623955583,2.31e-05,0.00012517034261242
RTKN_S3,RTKN,1.1716034710887,2.32e-05,0.000125577754010695
RABX5_T2,RABX5,-1.25544438905097,2.35e-05,0.000127065705128205
I2BP2_S3,I2BP2,-0.495011430039328,2.37e-05,0.000127873880597015
RBP1_S3,RBP1,-2.28384351895937,2.37e-05,0.000127873880597015
ABCBB_S6,ABCBB,-1.78924260202976,2.38e-05,0.000128140212765957
PQLC1_S1,PQLC1,-2.18994947304529,2.38e-05,0.000128140212765957
CHD8_S2,CHD8,-0.48853185471285,2.39e-05,0.000128541870350691
CHAP1_T2,CHAP1,-0.590044856007517,2.42e-05,0.000130017197452229
PGRC1_Y8,PGRC1,2.8105869927949,2.44e-05,0.000130952704135737
IF4G3_S1,IF4G3,-0.424766782057018,2.47e-05,0.000132142389006343
PKHA6_S1,PKHA6,-1.25910683217443,2.47e-05,0.000132142389006343
SH3K1_S1,SH3K1,0.97692635823449,2.47e-05,0.000132142389006343
LAD1_S3,LAD1,1.17243504914752,2.48e-05,0.000132537275607181
41_S14,41,1.4688354825111,2.53e-05,0.000135066772151899
NDRG2_S2,NDRG2,-1.37246338143315,2.55e-05,0.000135847894736842
ZDHC5_S3,ZDHC5,-0.580429964711474,2.55e-05,0.000135847894736842
CTGE5_S9,CTGE5,1.76463810469976,2.57e-05,0.000136482371458552
MGMT_T5,MGMT,1.41219683887178,2.57e-05,0.000136482371458552
MIA2_S9,MIA2,1.76463810469976,2.57e-05,0.000136482371458552
ULK1_S3,ULK1,-1.15850854665222,2.59e-05,0.000137400314465409
CD2B2_S7,CD2B2,1.98254042448128,2.62e-05,0.000138846282722513
CLAP1_S1,CLAP1,-1.16424597309802,2.64e-05,0.000139759832635983
FOXK2_S3,FOXK2,-0.53545212423464,2.7e-05,0.000142786833855799
MTUS1_S3,MTUS1,1.1767923335485,2.72e-05,0.000143544525547445
NFIA_S3,NFIA,-0.940286458182238,2.72e-05,0.000143544525547445
PALM3_T4,PALM3,-1.47372166413327,2.74e-05,0.000144449375
BAG3_S7,BAG3,4.83363978919125,2.75e-05,0.00014482570239334
ALDOB_S8,ALDOB,-0.813565914469481,2.83e-05,0.000148575
DESP_S3,DESP,1.10058088243526,2.83e-05,0.000148575
SC61B_T1,SC61B,-0.785586367485974,2.83e-05,0.000148575
K1C19_S3,K1C19,2.11756017284319,2.84e-05,0.000148791304347826
SMAP2_S2,SMAP2,1.48805622347192,2.84e-05,0.000148791304347826
TCOF_S10,TCOF,1.27615099245972,2.87e-05,0.000150207549120993
CBX3_S2,CBX3,-1.62348991057209,2.88e-05,0.000150419814241486
TTC33_T8,TTC33,-0.664439936021329,2.88e-05,0.000150419814241486
4ET_S3,4ET,1.02102435446319,2.93e-05,0.000152558950617284
GOGA5_S3,GOGA5,0.324762931206721,2.93e-05,0.000152558950617284
MICA3_S3,MICA3,-0.455941710632747,2.93e-05,0.000152558950617284
LMNB1_S4,LMNB1,0.500903566451075,2.95e-05,0.000153127692307692
LMNB2_S4,LMNB2,0.500903566451075,2.95e-05,0.000153127692307692
NCOR2_S1,NCOR2,-0.43821360847184,2.95e-05,0.000153127692307692
TR150_S3_S8,TR150,-0.288327761955153,2.97e-05,0.000154007889344262
TGON2_S7,TGON2,-1.16356784565922,3e-05,0.000155404298874104
NBEL1_S3,NBEL1,1.36038459406927,3.03e-05,0.000156797852760736
CTND1_S6,CTND1,-0.453935641787265,3.04e-05,0.000157154647599591
SRRM1_T1_S3,SRRM1,-0.378634544540285,3.05e-05,0.000157510714285714
TBCD4_S2,TBCD4,1.5487378617076,3.07e-05,0.000158381957186544
LMO7_S3,LMO7,-1.30638850911942,3.09e-05,0.000159251425661914
WIPF1_S3,WIPF1,0.601240564011836,3.13e-05,0.000161148830111902
URP2_S3,URP2,1.20950323951005,3.14e-05,0.000161499390243902
E41L2_S1,E41L2,-0.611257854852958,3.15e-05,0.00016184923857868
RWD2B_S3,RWD2B,-1.10061344923737,3.16e-05,0.000162198377281947
ANXA2_T9,ANXA2,1.22977384976539,3.19e-05,0.000163406781376518
AXA2L_T9,AXA2L,1.22977384976539,3.19e-05,0.000163406781376518
TRRAP_S3,TRRAP,-1.80269151164033,3.2e-05,0.000163753286147624
F16P1_Y10,F16P1,-1.08763056970812,3.23e-05,0.000165121515151515
CSKI2_S14,CSKI2,0.925319469952928,3.24e-05,0.000165298790322581
CTND1_T3,CTND1,1.95132850843559,3.24e-05,0.000165298790322581
CRTC3_S8,CRTC3,1.07068374535062,3.25e-05,0.000165641993957704
ATRX_S4,ATRX,0.920461713929623,3.28e-05,0.000167002816901408
CING_S9,CING,-0.380453632482056,3.29e-05,0.000167343618090452
MTSSL_Y8,MTSSL,-0.593513867009559,3.35e-05,0.000170224397590361
ARK72_S4,ARK72,-1.86339621898307,3.37e-05,0.00017106890672016
HYEP_S2,HYEP,-1.57253985086104,3.38e-05,0.000171404609218437
WDR44_S4,WDR44,-0.964506480659277,3.39e-05,0.00017173963963964
MTSSL_S3,MTSSL,1.59839092332703,3.43e-05,0.0001735923
RABE1_S3,RABE1,-0.704328040322107,3.45e-05,0.00017443006993007
ALDOB_S17,ALDOB,-1.53186651806632,3.47e-05,0.000175072365805169
COASY_S3,COASY,-1.93905428837711,3.47e-05,0.000175072365805169
ENAH_S3,ENAH,1.47445593453177,3.48e-05,0.000175072365805169
ODPAT_S5,ODPAT,-0.600103000419921,3.48e-05,0.000175072365805169
ODPA_S5,ODPA,-0.600103000419921,3.48e-05,0.000175072365805169
SENP6_S4,SENP6,-1.42897918280016,3.5e-05,0.00017590367428004
COIL_S2,COIL,2.5280677616281,3.56e-05,0.000178741666666667
PBIP1_S7,PBIP1,-0.665996387684015,3.57e-05,0.000179066105054509
TCOF_S18,TCOF,0.278040316857784,3.61e-05,0.000180893168316832
IQGA2_S1,IQGA2,1.60438296664843,3.65e-05,0.000182716617210683
AK1C1_T11,AK1C1,-2.66290370855333,3.66e-05,0.000183036166007905
AJUBA_S8,AJUBA,1.43557390766898,3.74e-05,0.000186852319842053
S38AA_S1,S38AA,-1.17478240512552,3.75e-05,0.000187167159763314
AFAD_S3,AFAD,-0.714098482942935,3.76e-05,0.000187481379310345
PYC_S1,PYC,-1.47077568198222,3.78e-05,0.00018829311023622
GP1BB_S4,GP1BB,-1.1248396335908,3.82e-05,0.000190098525073746
CPZIP_S20,CPZIP,1.20139312695493,3.83e-05,0.000190408939096267
INT1_S1,INT1,-0.625514135453493,3.91e-05,0.000194195387634936
MBB1A_S13,MBB1A,1.55638482910777,3.97e-05,0.000196982058823529
BUP1_S4,BUP1,-3.13112053150699,4.02e-05,0.000199072602739726
SCAM3_Y2,SCAM3,-0.947413030384473,4.02e-05,0.000199072602739726
TB182_S2,TB182,-0.745253404143759,4.08e-05,0.00020184633431085
AFAD_T1,AFAD,1.8202210884681,4.11e-05,0.00020313193359375
ATX2L_T33,ATX2L,-0.842005207989812,4.12e-05,0.000203427512195122
LARP4_S11,LARP4,-0.539747017272254,4.15e-05,0.000204709064327485
MARCS_S14,MARCS,-0.744547090666388,4.16e-05,0.00020500253164557
CCD92_S3,CCD92,0.819558281126221,4.2e-05,0.000206772373540856
LMNA_T8,LMNA,0.877431750188559,4.28e-05,0.000210301747572815
SR140_S6,SR140,-0.631093325837012,4.28e-05,0.000210301747572815
PJA1_S4,PJA1,0.995781255054458,4.29e-05,0.000210384593023256
PLCL2_S3,PLCL2,0.821953931487743,4.29e-05,0.000210384593023256
ITA5_S8,ITA5,-0.657010036302632,4.31e-05,0.000211160793804453
NTAL_S12,NTAL,1.39459074311397,4.33e-05,0.000211935493230174
BHMT1_S3,BHMT1,-1.2642368740895,4.34e-05,0.000212219710144927
PRC2C_S5,PRC2C,0.845246503498372,4.35e-05,0.000212503378378378
NKAP_S13,NKAP,-1.09581360428658,4.44e-05,0.000216690838958534
CDK18_S3,CDK18,1.4817259463726,4.47e-05,0.000217944797687861
DHB4_S3,DHB4,-0.525921495809235,4.49e-05,0.000218498942307692
SRRM2_T3_S12,SRRM2,-0.652679697578081,4.49e-05,0.000218498942307692
RAI14_S2,RAI14,-0.967115732503394,4.5e-05,0.000218775216138329
SO2B1_S8,SO2B1,-1.12068756660418,4.52e-05,0.000219536660268714
CCDC6_T3,CCDC6,-1.57289262222628,4.57e-05,0.000221752348993289
TENS3_S3,TENS3,1.38038292448849,4.61e-05,0.000223479022988506
AHNK_S6,AHNK,1.01040271425611,4.66e-05,0.000225686698564593
AKAP1_S3,AKAP1,-1.25136700073402,4.71e-05,0.000227890152963671
S26A6_S5,S26A6,-0.816666001664378,4.74e-05,0.000229122636103152
SNX2_S1,SNX2,-1.21728447803792,4.75e-05,0.000229386927480916
NU214_S4,NU214,-0.76549780344833,4.76e-05,0.000229650714966635
WWC2_S3,WWC2,-1.46243124089712,4.8e-05,0.00023136
ADDA_S9,ADDA,-0.0342498094587683,4.84e-05,0.000232623361823362
IRS2_S3,IRS2,0.997383033651479,4.84e-05,0.000232623361823362
NUCKS_S4,NUCKS,-1.63997165576931,4.84e-05,0.000232623361823362
DCLK1_S3,DCLK1,1.89861046634329,4.87e-05,0.000233843168880455
MCMBP_S3,MCMBP,-0.598146997607937,4.94e-05,0.000236979526066351
TFG_S18,TFG,-0.537145531336466,4.95e-05,0.000237234375
MYO9B_T7,MYO9B,0.488740635339639,4.97e-05,0.000237967549668874
ARHGG_S3,ARHGG,0.947345437572348,4.98e-05,0.000238220982986767
STT3B_S8,STT3B,-1.24329666202441,5.06e-05,0.000241819263456091
PCDH7_S14,PCDH7,1.22206168693357,5.08e-05,0.000242546037735849
TENA_S3,TENA,1.4163666071565,5.11e-05,0.000243748444863336
ERCC5_S6,ERCC5,-0.983658943025873,5.13e-05,0.000244472033898305
PKHA6_S14,PKHA6,-0.494741003521374,5.14e-05,0.000244718156161806
RS10L_S7,RS10L,-0.58308412651882,5.21e-05,0.000247585070422535
RS10_S7,RS10,-0.58308412651882,5.21e-05,0.000247585070422535
PHAR4_S3,PHAR4,0.642013498309418,5.22e-05,0.000247827579737336
SHC1_S3,SHC1,1.14871694617936,5.25e-05,0.000249018275538894
PAK2_S5,PAK2,1.56003893709052,5.29e-05,0.000250680617977528
PININ_S4,PININ,-0.851448531932257,5.3e-05,0.000250919550982226
RB15B_T10,RB15B,0.958408156824975,5.31e-05,0.000251158037383178
AMRP_S7,AMRP,-0.725403500982967,5.4e-05,0.000255176470588235
PPR18_S2,PPR18,-0.451733586583268,5.44e-05,0.000256826865671642
RHG17_S5,RHG17,-0.826629354896777,5.5e-05,0.000259417520969245
ELYS_S11,ELYS,0.473910033503022,5.54e-05,0.000261060893854749
NCBP3_S4,NCBP3,0.824119481860475,5.56e-05,0.000261759627906977
K1522_S9,K1522,0.778377177447443,5.57e-05,0.000261986710037175
PHRF1_S5,PHRF1,-1.05702422759252,5.62e-05,0.000263848051948052
TB182_S13,TB182,1.5514806698706,5.62e-05,0.000263848051948052
STAT3_S18,STAT3,0.261715341967885,5.68e-05,0.000266417794253939
NEB2_S3,NEB2,1.022383537739,5.81e-05,0.0002720111933395
NUMA1_S14,NUMA1,1.00415068652255,5.81e-05,0.0002720111933395
MAP1B_S4,MAP1B,0.760456967533296,5.92e-05,0.000276904990757856
NUCKS_S9,NUCKS,2.10467265357008,5.94e-05,0.000277583933518006
DYST_S3,DYST,1.1611212430194,6.01e-05,0.000280596033210332
LRRF2_S10,LRRF2,1.39518558447579,6.05e-05,0.000281943370165746
SMAG2_S8,SMAG2,0.343011584052079,6.05e-05,0.000281943370165746
EVI2B_T2,EVI2B,2.22176364195332,6.06e-05,0.000282149586016559
MATR3_S3,MATR3,0.83573806609627,6.14e-05,0.000285349311294766
PLEC_S2,PLEC,0.593688086122266,6.14e-05,0.000285349311294766
ZEB2_S4,ZEB2,-0.297777275699377,6.19e-05,0.000287409082568807
MTMR3_S3,MTMR3,-0.897644654222682,6.22e-05,0.000288537305224565
SHRM2_S3,SHRM2,-1.1024973265523,6.31e-05,0.000292444230769231
DCP1A_S6,DCP1A,0.935612241868795,6.33e-05,0.00029310274473925
DHCR7_S2,DHCR7,-2.56508811358836,6.34e-05,0.000293297440585009
AK1C1_S12,AK1C1,-1.22982506438667,6.46e-05,0.000298303467153285
AK1C2_S12,AK1C2,-1.22982506438667,6.46e-05,0.000298303467153285
ZDHC5_S1,ZDHC5,-0.819004654330686,6.51e-05,0.000300338286235187
LRC47_S12,LRC47,-0.201838798869264,6.56e-05,0.000302369398907104
SURF6_S3,SURF6,-0.681435363891757,6.67e-05,0.000307159872611465
AINX_S4,AINX,1.29038498861093,6.69e-05,0.000307800818181818
MRP3_S6,MRP3,0.842599704211932,6.7e-05,0.000307980926430518
KAP0_S9,KAP0,-0.182091347733338,6.75e-05,0.000309997731397459
MRCKB_S5,MRCKB,1.00394261978452,6.79e-05,0.000311552039891206
ABLM1_S8,ABLM1,-0.402886126032793,6.8e-05,0.000311728260869565
F262_S3,F262,0.481349127213063,6.89e-05,0.000315568235294118
LIPB1_S13,LIPB1,0.576732973444281,6.91e-05,0.000316198101265823
P4R3A_S18,P4R3A,-0.190553336616351,6.97e-05,0.000318655555555556
SC22B_S4,SC22B,-0.952787488443384,6.98e-05,0.000318824729241877
TAU_S8,TAU,1.01896502513808,6.99e-05,0.000318993597835888
RLA2_S15,RLA2,-0.684075535403249,7.06e-05,0.000321897837837838
SNX2_S3,SNX2,-1.15722741795408,7.12e-05,0.000324341314131413
SUN2_S13,SUN2,0.341780834787801,7.14e-05,0.000324667924528302
TBC25_S3,TBC25,-0.936837953783743,7.14e-05,0.000324667924528302
FARP1_S22,FARP1,-1.19478512795971,7.19e-05,0.00032664802513465
NFIC_S6,NFIC,-0.373412892765287,7.26e-05,0.000329532376681614
SYHM_S3,SYHM,-0.654159598756604,7.29e-05,0.000330597580645161
UBR5_S3,UBR5,-0.514954642845874,7.31e-05,0.000331207788719785
CL16A_S3,CL16A,1.39032608583292,7.32e-05,0.000331364221824687
DPYS_T1,DPYS,-1.68487094713735,7.34e-05,0.000331972654155496
COPA_S4,COPA,-2.46561222075001,7.36e-05,0.00033258
VIME_S1,VIME,2.00495695568459,7.37e-05,0.000332734790365745
PRC2B_S4,PRC2B,-1.08555326508647,7.4e-05,0.000333791443850267
MPRIP_T3,MPRIP,1.61766438953549,7.44e-05,0.000335296883348175
SO1B1_S5,SO1B1,-2.1901010648447,7.79e-05,0.000350757918149466
MAP4_S13,MAP4,-0.750335717835931,7.82e-05,0.000351795733333333
SARG_S3,SARG,1.75723089443496,7.87e-05,0.000353730639431616
WDR26_S4,WDR26,0.463876609267439,7.92e-05,0.000355662111801242
PPIG_S12,PPIG,-0.641683248155632,7.94e-05,0.00035624414893617
CTBL1_S11,CTBL1,-0.882591893922934,7.99e-05,0.000357853008849557
TMF1_S7,TMF1,-1.04799963288191,7.99e-05,0.000357853008849557
TOP2B_S3,TOP2B,-0.397934930928564,8e-05,0.000357984084880637
K2C8_S18,K2C8,0.466985557312422,8.01e-05,0.000358114929328622
TBC24_S32,TBC24,-0.650684380096782,8.05e-05,0.00035958561341571
SO1B3_S2,SO1B3,-3.18501184609092,8.06e-05,0.000359714814814815
PGRC1_S1,PGRC1,-3.14732298398406,8.14e-05,0.000362965110132159
GGYF2_T21,GGYF2,-0.138916794989418,8.17e-05,0.00036398213028169
STAB2_S9,STAB2,-1.30693892173927,8.21e-05,0.000365442480211082
VINEX_S19,VINEX,1.42221765285308,8.27e-05,0.000367789718804921
AKAP1_S4,AKAP1,-1.62578089956538,8.29e-05,0.000368355487269535
KPBB_S6,KPBB,-1.4037958237833,8.3e-05,0.000368476315789474
ADH7_T19,ADH7,-1.6094644410295,8.32e-05,0.000369040490797546
KLC4_S3,KLC4,-1.31577932332222,8.34e-05,0.000369399912587413
PDE3B_S3,PDE3B,0.537024072686688,8.35e-05,0.000369399912587413
SASH1_S3,SASH1,1.46207819992389,8.35e-05,0.000369399912587413
HBA_S3,HBA,2.42767767383269,8.41e-05,0.000371729344978166
SPTB2_S7,SPTB2,-0.303681188460147,8.45e-05,0.000373171465968586
ABLM3_S2,ABLM3,-1.91901243765347,8.78e-05,0.000387406974716652
PAK1_S3,PAK1,1.71795738883467,8.82e-05,0.000388832926829268
HUWE1_S15,HUWE1,0.49178993258145,8.84e-05,0.00038937545691906
VINEX_S3,VINEX,1.12817028339502,8.92e-05,0.000392557565217391
VIGLN_S6,VIGLN,-1.16511452072764,8.98e-05,0.000394854735013032
4ET_S1,4ET,-0.879850750578,9.08e-05,0.000398905208333333
HNRL2_S1,HNRL2,1.27757458869471,9.11e-05,0.000399876062445794
EFR3A_S16,EFR3A,0.470428531072469,9.15e-05,0.000401283795493934
MARK2_S4,MARK2,1.15895501534358,9.31e-05,0.000407947272727273
TBCD1_S3,TBCD1,0.789901738684733,9.34e-05,0.000408907785467128
LAT4_S2,LAT4,-2.10968042877107,9.38e-05,0.000410304062229905
PGAM1_S1,PGAM1,-0.353313652682343,9.41e-05,0.000410551810344828
PGAM4_S1,PGAM4,-0.353313652682343,9.41e-05,0.000410551810344828
SNTB1_S17,SNTB1,0.619511249158528,9.41e-05,0.000410551810344828
SC31A_S4,SC31A,-1.02081651559625,9.48e-05,0.000413249612403101
F122A_S3,F122A,0.322762745977462,9.57e-05,0.000416813855421687
LRRF2_S4,LRRF2,1.75294618730424,9.59e-05,0.000417325795356836
SI1L1_S3,SI1L1,-0.663205609102978,9.65e-05,0.000419576030927835
EF2_T7,EF2,1.601561244898,9.67e-05,0.000419724442538594
RFIP5_T1,RFIP5,0.371080934836579,9.67e-05,0.000419724442538594
CRBG3_S6,CRBG3,-1.02729119093411,9.77e-05,0.000422976646706587
JIP4_S6,JIP4,-1.92478386239273,9.76e-05,0.000422976646706587
PKHG3_S3,PKHG3,1.98527087867551,9.77e-05,0.000422976646706587
MTAP2_T6,MTAP2,0.673503922795746,9.87e-05,0.000426576174210077
SH24A_T1,SH24A,-1.50223161567908,9.87e-05,0.000426576174210077
CTR9_S5,CTR9,-0.366086524572121,0.000101,0.000435401192504259
LRRF2_S3,LRRF2,-0.621373340856184,0.000101,0.000435401192504259
SRBS1_T7,SRBS1,1.29650680696553,0.000101,0.000435401192504259
MCMBP_S2,MCMBP,-0.329233207051478,0.000102,0.000439337872340426
HCLS1_S4,HCLS1,1.07622834827515,0.000103,0.000441765254237288
MYH9_S6,MYH9,0.81898101428655,0.000103,0.000441765254237288
PAR3L_S3,PAR3L,0.471545728370604,0.000103,0.000441765254237288
PDLI1_S3,PDLI1,-0.74055099468709,0.000103,0.000441765254237288
TERA_S2,TERA,0.915620458234107,0.000103,0.000441765254237288
ABCBB_S2,ABCBB,-3.93545974780529,0.000105,0.000449201183431953
PAK2_Y1,PAK2,-1.3017753424607,0.000105,0.000449201183431953
VINC_S1,VINC,-0.716783067980815,0.000105,0.000449201183431953
ADH1A_T10,ADH1A,-2.21926462468878,0.000106,0.000451951137320977
LYRIC_S2,LYRIC,-1.34853163537348,0.000106,0.000451951137320977
RHDF1_T2,RHDF1,1.01632767383224,0.000106,0.000451951137320977
SIGL7_S4,SIGL7,-0.396752348644924,0.000106,0.000451951137320977
ANT3_S7,ANT3,1.00530535906408,0.000107,0.000455064705882353
TOP2B_S8,TOP2B,0.95469675819939,0.000107,0.000455064705882353
VAPB_S1,VAPB,-1.77965147876078,0.000107,0.000455064705882353
MLTK_S3,MLTK,-0.594390518941265,0.000108,0.000458162615255658
SP100_S12,SP100,-0.905429066373445,0.000108,0.000458162615255658
TLN1_T2,TLN1,-0.446690875554479,0.000108,0.000458162615255658
NPM_S21,NPM,-1.01590238011859,0.000109,0.000461630962343096
PKN2_S2,PKN2,-1.37466187987595,0.000109,0.000461630962343096
PHF3_S6,PHF3,0.548945829037719,0.000111,0.000469708193979933
KLC2_S3,KLC2,0.67775419541549,0.000112,0.000473543859649123
PGM1_S8,PGM1,-1.02342086323937,0.000113,0.000477373121869783
BRAP_S9,BRAP,-1.11877206431819,0.000114,0.000481195996663887
MTA1_S4,MTA1,0.338821335132176,0.000115,0.000484608659450458
TNS2_Y4,TNS2,0.946930344409862,0.000115,0.000484608659450458
LAP2A_S2,LAP2A,-0.568333426300465,0.000117,0.000490992537313433
LAP2B_S2,LAP2B,-0.568333426300465,0.000117,0.000490992537313433
NFAC4_S3,NFAC4,0.462791452155738,0.000117,0.000490992537313433
PKP2_S8,PKP2,-1.01273273102219,0.000117,0.000490992537313433
TPD52_S7,TPD52,-1.6961122170415,0.000117,0.000490992537313433
TPIS_S2,TPIS,-2.41382491853801,0.000118,0.000494778790389395
APC_S12,APC,0.771215732239984,0.000119,0.000498558774834437
PEPL_S4,PEPL,-0.753649147142381,0.00012,0.00050150289017341
SAFB1_T3,SAFB1,1.95591993879248,0.00012,0.00050150289017341
SAFB2_T3,SAFB2,1.95591993879248,0.00012,0.00050150289017341
ABI1_S10,ABI1,0.662625150876168,0.000121,0.000504017283950617
IF4G3_S3,IF4G3,0.969241424005751,0.000121,0.000504017283950617
NIBAN_S3,NIBAN,1.22869073565272,0.000121,0.000504017283950617
SIPA1_S3,SIPA1,0.624127045934456,0.000121,0.000504017283950617
SRBS1_S14,SRBS1,0.707607015489805,0.000123,0.000511926809210526
CP250_S3,CP250,0.639895323120457,0.000124,0.000515241379310345
SC16A_S13,SC16A,-0.775599334389343,0.000124,0.000515241379310345
3BP2_S1,3BP2,-0.539129863009303,0.000125,0.000518120393120393
JCAD_S3,JCAD,1.24582907774691,0.000125,0.000518120393120393
TGFI1_S1,TGFI1,-0.627129015320365,0.000125,0.000518120393120393
FAS_S16,FAS,-0.925755976880858,0.000126,0.000521411283728536
TPD54_S7,TPD54,2.63081922429912,0.000126,0.000521411283728536
BIG1_S3,BIG1,-1.68238557805655,0.000127,0.000524691428571429
RL1D1_S5,RL1D1,0.842846068453486,0.000127,0.000524691428571429
RREB1_S17,RREB1,-0.179399069738823,0.000128,0.000527960880195599
SAMH1_S4,SAMH1,1.53237949607269,0.000128,0.000527960880195599
RHG29_S5,RHG29,0.929754804500377,0.000129,0.000531652280130293
LAR1B_S9,LAR1B,-0.246833361492193,0.000133,0.000547246341463415
RS6_S3,RS6,3.19517960769665,0.000133,0.000547246341463415
CYLD_S3,CYLD,-0.754644500836399,0.000134,0.000550465909090909
SON_S6,SON,0.787532289054966,0.000134,0.000550465909090909
PPR3B_S10,PPR3B,-0.959623473955397,0.000135,0.000554124087591241
FND3A_S2,FND3A,-1.65407578246227,0.000138,0.000565063106796117
LDB1_T7,LDB1,2.44015971192043,0.000138,0.000565063106796117
SPTN1_S8,SPTN1,-0.551020164388878,0.000138,0.000565063106796117
CLAP1_T6,CLAP1,1.01398631025607,0.00014,0.00057232633279483
FLNA_S1,FLNA,-2.4739984784858,0.00014,0.00057232633279483
RCC1_S2,RCC1,-1.23195485912302,0.000141,0.000575484677419355
TTC7B_S6,TTC7B,-0.406490465530762,0.000141,0.000575484677419355
ARHGC_T1,ARHGC,-1.77291728264948,0.000142,0.000578632850241546
FLNA_S4,FLNA,-1.09699807657664,0.000142,0.000578632850241546
CP8B1_S13,CP8B1,-1.81282215970465,0.000143,0.000581303614457831
PHAR2_S3,PHAR2,0.791002521370285,0.000143,0.000581303614457831
ST2A1_S2,ST2A1,-1.61562820631011,0.000143,0.000581303614457831
KAPCA_S21,KAPCA,-0.726251748473573,0.000145,0.000587546036829464
PVR_S3,PVR,-1.9326757329614,0.000145,0.000587546036829464
SETMR_S1,SETMR,-0.601004588628733,0.000145,0.000587546036829464
SRSF2_T1,SRSF2,-0.904290012651407,0.000145,0.000587546036829464
K1522_S11,K1522,0.916080875522144,0.000146,0.000589709497206704
MPRIP_S1,MPRIP,1.51391039462832,0.000146,0.000589709497206704
SF3B1_T6,SF3B1,1.66004939398344,0.000146,0.000589709497206704
TBCD4_S5,TBCD4,0.841484625195177,0.000146,0.000589709497206704
IF4B_S1,IF4B,-0.905388960363461,0.000147,0.000592330414012739
NUCL_S5,NUCL,0.714237095762508,0.000147,0.000592330414012739
SRRM1_S4_T8,SRRM1,-0.0273807409493457,0.000147,0.000592330414012739
EHBP1_S13,EHBP1,-1.43238844728504,0.000148,0.000594938840349484
G3P_S17,G3P,-0.143442491896272,0.000148,0.000594938840349484
PKP2_S3,PKP2,-0.854674039902198,0.000148,0.000594938840349484
CING_S7,CING,-0.710056199746018,0.00015,0.000602022204599524
MTOR_S5,MTOR,-0.862723032615261,0.00015,0.000602022204599524
DCLK1_S7,DCLK1,1.92322519199739,0.000151,0.000605555467511886
HUWE1_S4,HUWE1,-0.720024622170648,0.000155,0.000621104513064133
SC16A_S2,SC16A,-1.48221347146619,0.000157,0.000628124110671937
SRSF2_S3,SRSF2,-0.791072734825179,0.000157,0.000628124110671937
NOC2L_S8,NOC2L,1.70137737116645,0.000158,0.000631127071823204
ZO1_S3,ZO1,0.979835815533132,0.000158,0.000631127071823204
CO1A1_S29,CO1A1,1.12426284684871,0.000159,0.00063362125984252
CP131_S3,CP131,0.705801845430552,0.000159,0.00063362125984252
FERM2_S7,FERM2,0.662116493843719,0.000159,0.00063362125984252
SRRM2_T5,SRRM2,1.27180553478932,0.000161,0.000641086546026751
HNRPD_S13,HNRPD,0.223529922901626,0.000162,0.000644561320754717
PRC2C_S1,PRC2C,1.00212646126812,0.000163,0.000648030636292223
MYOF_S7,MYOF,1.94952031337002,0.000164,0.000650983529411765
R113A_S13,R113A,-0.306305149117435,0.000164,0.000650983529411765
EPIPL_S5,EPIPL,-0.662205718571847,0.000165,0.000653415492957746
KS6A4_S3,KS6A4,1.17774628608034,0.000165,0.000653415492957746
MYL6_S7,MYL6,0.540579905546823,0.000165,0.000653415492957746
G3P_T8,G3P,-1.06420456562091,0.000168,0.00066425625
TRA2A_T3,TRA2A,-0.831992916094531,0.000168,0.00066425625
FYV1_S3,FYV1,0.933582068372017,0.000169,0.000667688524590164
HSPB1_S3_S7,HSPB1,0.943125822046546,0.000171,0.000675063182527301
ODBA_S2,ODBA,-1.55173125982643,0.000172,0.000677425680933852
PP1RA_S3,PP1RA,-0.492678871674761,0.000172,0.000677425680933852
RFIP5_S2,RFIP5,0.531157829781428,0.000172,0.000677425680933852
I2BP2_S4,I2BP2,-0.1177346120669,0.000174,0.000684769828926905
LMNA_S1,LMNA,-0.653806711008693,0.000175,0.000687635869565217
SRBS1_S4,SRBS1,1.18752695976722,0.000175,0.000687635869565217
TRA2B_T4,TRA2B,0.945531883644392,0.000176,0.000691028704422032
DOC11_S3,DOC11,1.58920629229326,0.000177,0.000693878388845856
SNX12_Y1,SNX12,-1.59777071843238,0.000177,0.000693878388845856
WDR20_S3,WDR20,0.571878127507997,0.000178,0.000697258513931889
ALDOA_S8,ALDOA,-0.704695000144468,0.000182,0.000711275675675676
MYO1E_S3,MYO1E,1.49431369414951,0.000182,0.000711275675675676
PGRC2_Y11,PGRC2,-0.366001292632142,0.000182,0.000711275675675676
TPMT_Y8,TPMT,-1.10017156350103,0.000184,0.000718537037037037
TCEA1_S8,TCEA1,-0.0439125702398287,0.000186,0.000725787201233616
AKAP2_S36,AKAP2,1.08863738246157,0.000187,0.000728565819861432
TISB_S3,TISB,1.55347324761776,0.000187,0.000728565819861432
GHDC_S1,GHDC,-0.794959719335658,0.00019,0.000739116064565719
SQSTM_S3,SQSTM,1.55489043931805,0.00019,0.000739116064565719
SCAM3_S27,SCAM3,0.758789483014007,0.000192,0.000746322580645161
CRK_S3,CRK,-1.07663696864051,0.000193,0.000749059049079755
SPTB2_S2,SPTB2,-1.0622853381611,0.000193,0.000749059049079755
F263_S3,F263,-0.449729363126231,0.000194,0.000751787136294028
HECAM_S3,HECAM,-1.50304703627376,0.000194,0.000751787136294028
VIME_S5,VIME,1.40567270677446,0.000196,0.000758956388676358
ABLM3_S15,ABLM3,-0.360559604409418,0.000197,0.000761081679389313
CLMN_S4,CLMN,-0.948283533326853,0.000197,0.000761081679389313
PREX1_S3,PREX1,1.63483001445638,0.000197,0.000761081679389313
K1C18_S28,K1C18,1.23625737894873,0.000198,0.000764361556064073
PRDX6_T3,PRDX6,-1.09170246552975,0.000199,0.000767636432926829
KAP3_S3,KAP3,-1.06415454361985,2e-04,0.000770906321401371
PGM2_S10,PGM2,-0.980957198818992,0.000204,0.000785128517110266
SDPR_S7,SDPR,0.489090131024241,0.000204,0.000785128517110266
WDR44_S3,WDR44,0.498328821092154,0.000205,0.000788377659574468
DACT3_S1,DACT3,-0.0962976518154761,0.000206,0.00079042153146323
K1C18_S9,K1C18,1.68479361214874,0.000206,0.00079042153146323
WWP2_T5,WWP2,3.71332618025752,0.000206,0.00079042153146323
IF4G2_S2,IF4G2,2.4080248113958,0.000207,0.000793056018168054
LARP1_S7,LARP1,-1.1619425949852,0.000207,0.000793056018168054
MRCKA_S3,MRCKA,0.958590809096118,0.000209,0.000799507936507937
TAGL_S9,TAGL,-0.609631890539892,0.000209,0.000799507936507937
GCST_S3,GCST,-0.889544578022143,0.00021,0.000801515837104073
RBM15_S3,RBM15,-0.502310437389978,0.00021,0.000801515837104073
SOS1_S3,SOS1,-0.961281064993672,0.00021,0.000801515837104073
FETUA_S4,FETUA,1.46117684175267,0.000211,0.00080351467268623
MARE3_T10,MARE3,0.873299356464072,0.000211,0.00080351467268623
PHAR4_S2,PHAR4,-1.39796738946656,0.000211,0.00080351467268623
ABCF1_S5,ABCF1,-1.39939692944018,0.000213,0.000809912096168295
K1671_S3,K1671,1.23478119862348,0.000213,0.000809912096168295
F117B_S1,F117B,0.217789248551063,0.000214,0.000811884557721139
SRSF9_S4,SRSF9,-1.37211447519732,0.000214,0.000811884557721139
SYNPO_S19,SYNPO,1.42319192769098,0.000214,0.000811884557721139
FA83G_S3,FA83G,-0.753807135232956,0.000215,0.000815067415730337
KPB1_S3,KPB1,0.244822751521952,0.000217,0.000819579850746269
KPB2_S3,KPB2,0.244822751521952,0.000217,0.000819579850746269
LAP2A_S7,LAP2A,-0.0466817428718211,0.000217,0.000819579850746269
LAP2B_S7,LAP2B,-0.0466817428718211,0.000217,0.000819579850746269
S12A7_T6,S12A7,0.877709938025165,0.000217,0.000819579850746269
AFAD_S11,AFAD,1.91659350936363,0.000218,0.000822129657228018
PGRC2_T12,PGRC2,-0.312556084483548,0.000218,0.000822129657228018
PPHLN_S8,PPHLN,-0.531818099048329,0.000219,0.000824671875
PRSR2_S1,PRSR2,-0.755281899908261,0.000219,0.000824671875
DPOE4_S8,DPOE4,-1.23798318978927,0.00022,0.000827206537890045
RAGP1_S14,RAGP1,0.513627467829581,0.00022,0.000827206537890045
PEA15_S16,PEA15,2.40455826235943,0.000221,0.000830349665924276
DC1L2_S4,DC1L2,1.89039623613673,0.000224,0.000840997032640949
PKP4_S3_S11,PKP4,0.669553504870819,0.000225,0.000844125277983692
IRS2_S11,IRS2,-0.459149123760268,0.000226,0.000847248888888889
FKB15_S3,FKB15,-0.189842680243652,0.000229,0.000857860103626943
ZO2_S3_S11,ZO2,-0.468678638788073,0.00023,0.000860968934911243
SHRM1_S24,SHRM1,0.313067107955702,0.000232,0.00086717282127031
TENS1_Y4,TENS1,-0.69295544128878,0.000232,0.00086717282127031
K2C8_S12,K2C8,0.89564588152493,0.000235,0.000877738007380074
AGRA2_S4,AGRA2,0.533842264824289,0.000239,0.000892019911504425
PHRF1_S6,PHRF1,-0.749440751806207,0.000241,0.000898821665438467
DPYS_S1,DPYS,-2.20287959691589,0.000242,0.000900560294117647
PDE3A_T2,PDE3A,0.60758358047525,0.000242,0.000900560294117647
SNIP1_S5,SNIP1,-0.0793547856371193,0.000242,0.000900560294117647
ACL6A_S3,ACL6A,-0.825124786793942,0.000243,0.000903617193240265
CP2C9_S3,CP2C9,-1.44641710593642,0.000244,0.000905340175953079
CP2CJ_S3,CP2CJ,-1.44641710593642,0.000244,0.000905340175953079
DYSF_S4,DYSF,-0.812620393709662,0.000244,0.000905340175953079
PEA15_S10,PEA15,1.81544178842913,0.000246,0.000912092307692308
DYHC1_S3,DYHC1,-0.634918715091076,0.000247,0.000914460131675201
TB10B_S8,TB10B,0.951564306101047,0.000247,0.000914460131675201
MT1E_S4,MT1E,-1.06795041573898,0.000248,0.000914816326530612
MT1G_S4,MT1G,-1.06795041573898,0.000248,0.000914816326530612
MT1M_S4,MT1M,-1.06795041573898,0.000248,0.000914816326530612
MT1X_S4,MT1X,-1.06795041573898,0.000248,0.000914816326530612
MT2_S4,MT2,-1.06795041573898,0.000248,0.000914816326530612
MDHC_S10,MDHC,-0.766897301501074,0.000249,0.000917836125273124
DDX42_S4,DDX42,-2.28058681274354,0.000253,0.000931901746724891
ZKSC1_S6,ZKSC1,-0.68975994137586,0.000254,0.000934904727272727
GIT2_S9,GIT2,1.1465266286329,0.000255,0.000937222222222222
PSA5_S3,PSA5,-0.543375028758624,0.000255,0.000937222222222222
OTUD5_S2,OTUD5,0.779614662268616,0.000258,0.000946873096446701
SCYL2_S3,SCYL2,-0.538610934981962,0.000258,0.000946873096446701
NU205_S1,NU205,-0.856453333590315,0.00026,0.000953521739130435
MAP4_S6,MAP4,1.40036212961957,0.000261,0.000954422687861272
NOSIP_S3,NOSIP,0.471035801449686,0.000261,0.000954422687861272
RBMX_S5,RBMX,1.47295156880382,0.000261,0.000954422687861272
RMXL1_S5,RMXL1,1.47295156880382,0.000261,0.000954422687861272
SNTB2_S1,SNTB2,-0.696502327847271,0.000264,0.000964696028880866
VIME_S9,VIME,1.08320325198196,0.000265,0.000966953857245854
VINC_S5,VINC,1.13856246399012,0.000265,0.000966953857245854
PLPL6_S3,PLPL6,-1.62675953742858,0.000266,0.000969903458213257
CALX_S30,CALX,2.50805915306931,0.000269,0.000979430935251799
UB2J1_S3,UB2J1,-0.804399595504117,0.000269,0.000979430935251799
CPZIP_S3,CPZIP,1.05324285859247,0.000271,0.00098529525862069
MVP_S5,MVP,-1.89756310340032,0.000271,0.00098529525862069
LIMC1_S1,LIMC1,-0.71492717250814,0.000272,0.000988221105527638
HSPB6_S2,HSPB6,-0.60171361373308,0.000277,0.0010056649928264
ERBIN_S3,ERBIN,0.90962170322433,0.000278,0.00100857204301075
FRMD8_S4,FRMD8,2.41455647795956,0.000279,0.00101147492836676
AHNK_S8,AHNK,1.30181468895439,0.00028,0.00101364806866953
TCEA1_S6,TCEA1,-1.26742409351579,0.00028,0.00101364806866953
TBA1A_S2,TBA1A,-4.75495763498779,0.000282,0.00101725017818959
TBA1B_S2,TBA1B,-4.75495763498779,0.000282,0.00101725017818959
TBA1C_S2,TBA1C,-4.75495763498779,0.000282,0.00101725017818959
TBA3C_S2,TBA3C,-4.75495763498779,0.000282,0.00101725017818959
TBA4A_S2,TBA4A,-4.75495763498779,0.000282,0.00101725017818959
ERRFI_S1,ERRFI,-1.22280992609657,0.000285,0.00102660854092527
SLTM_S1,SLTM,-0.148143098035805,0.000285,0.00102660854092527
LSR_S1,LSR,-1.1168506179736,0.000286,0.0010272860184528
LYSM3_S2,LYSM3,1.13375438910527,0.000286,0.0010272860184528
SCAM3_S18,SCAM3,1.37046603744919,0.000286,0.0010272860184528
TR150_S6,TR150,-0.335339194375328,0.000286,0.0010272860184528
BIN2_S6,BIN2,-2.35173037219834,0.000287,0.00102868767705382
BNIP3_S8,BNIP3,-1.18398752633818,0.000287,0.00102868767705382
TT39B_S3,TT39B,-0.36214455647881,0.000287,0.00102868767705382
RIF1_S3,RIF1,-0.879598238120872,0.000289,0.00103512314225053
KPCD1_S3,KPCD1,-0.982927405628559,0.000291,0.00104007838983051
PLIN1_S2,PLIN1,-2.74004024741257,0.000291,0.00104007838983051
RRBP1_S14,RRBP1,-0.671383875647044,0.000291,0.00104007838983051
ALDOB_T22,ALDOB,-1.30138173167794,0.000292,0.00104291601976006
CUX1_S3,CUX1,0.460167985403191,0.000294,0.00104931875881523
SMG8_S3,SMG8,-1.1370461081267,0.000297,0.00105927906976744
CHD4_S9,CHD4,-1.55820486428288,3e-04,0.00106922535211268
IQEC1_S2,IQEC1,-0.781373075023689,0.000302,0.00107483966244726
YAP1_S3,YAP1,0.660658225889085,0.000302,0.00107483966244726
K1C18_S3,K1C18,-1.12131240093253,0.000303,0.00107764089950808
MYOF_T5,MYOF,2.30526025748294,0.000304,0.00107968
UBP2L_S8,UBP2L,-0.40125958306046,0.000304,0.00107968
LENG1_S4,LENG1,0.517890793453871,0.000305,0.00108247194950912
FA83H_S1,FA83H,0.432665206097435,0.000306,0.00108525998598458
COG3_S3,COG3,0.527415604911181,0.000307,0.00108804411764706
EX3L4_S2,EX3L4,-0.524748113670713,0.000309,0.0010936006993007
ICAL_S1,ICAL,-1.23880917019968,0.000309,0.0010936006993007
GOLI4_Y6,GOLI4,-0.490829783888156,0.000312,0.0011034465408805
SSRG_S3,SSRG,-0.9625671833705,0.000313,0.00110621019553073
AR6P4_S11,AR6P4,0.617277885004699,0.000314,0.00110819665271967
VAPB_S3,VAPB,-1.18264716465744,0.000314,0.00110819665271967
GOGB1_S3,GOGB1,-0.73827498704633,0.000317,0.00111800487804878
AJUBA_S15,AJUBA,1.02719750829377,0.00032,0.00112779944289694
MTSSL_S2,MTSSL,0.992812229549055,0.000323,0.00113758037578288
APOL3_S2,APOL3,1.06778065713834,0.000325,0.00114144691186676
NU214_S12,NU214,-1.27783596485614,0.000325,0.00114144691186676
NUFP2_S3,NUFP2,-1.00700092193503,0.000325,0.00114144691186676
TLN1_S8,TLN1,0.385268354871452,0.000325,0.00114144691186676
TENS1_S1,TENS1,-0.683114816312362,0.000327,0.00114767475728155
COQ3_S1,COQ3,-1.33529795200308,0.00033,0.00115740124740125
MAP4_S1,MAP4,2.45480094051045,0.000333,0.00116711426592798
TNS2_S2,TNS2,-0.676133770821297,0.000337,0.00118031626297578
AHNK_S5_S16,AHNK,2.05272502169769,0.000338,0.001183
CLAP1_S5,CLAP1,0.620393753862602,0.000339,0.0011848611878453
LIMA1_S13,LIMA1,-0.0115985647895533,0.000339,0.0011848611878453
ASPP2_S3,ASPP2,0.917018773274943,0.000344,0.0011998511371468
PLSL_S4,PLSL,-0.874870636963559,0.000344,0.0011998511371468
RAPH1_S31,RAPH1,0.414226058243361,0.000344,0.0011998511371468
NCOR2_S5,NCOR2,1.27706547420115,0.000348,0.00121296694214876
ACINU_T2,ACINU,-1.3777259435977,0.00035,0.00121825997248968
XRN2_S2,XRN2,-0.27742142896171,0.00035,0.00121825997248968
ADT1_T4,ADT1,-1.27488251011705,0.000353,0.00122365273972603
ADT2_T4,ADT2,-1.27488251011705,0.000353,0.00122365273972603
ADT3_T4,ADT3,-1.27488251011705,0.000353,0.00122365273972603
ADT4_T4,ADT4,-1.27488251011705,0.000353,0.00122365273972603
CEP68_S26,CEP68,1.03489384620425,0.000352,0.00122365273972603
GPTC8_S9,GPTC8,-0.128082246789952,0.000353,0.00122365273972603
KCD12_S15,KCD12,-1.93063892127499,0.000354,0.00122627926078029
I2BP1_S3,I2BP1,-0.172455427280266,0.000356,0.00123068032786885
INP5E_S3,INP5E,0.619303468783344,0.000356,0.00123068032786885
TENS1_S14,TENS1,0.768805653656842,0.000356,0.00123068032786885
NCF2_T28,NCF2,0.89482253991091,0.000357,0.00123329488054608
RTKN_S4,RTKN,0.897342421092728,0.000358,0.00123590586630286
CNOT2_S5,CNOT2,1.22864383720952,0.000363,0.00125231288343558
CIR1_S14,CIR1,0.558820240719637,0.000367,0.00126438869979578
PANK2_S3,PANK2,0.772832733239861,0.000367,0.00126438869979578
RAPH1_S3,RAPH1,1.60181103466713,0.00037,0.00127385714285714
AFAD_S16,AFAD,0.760003417232578,0.000382,0.00131427736233855
SNX17_S3,SNX17,-1.47839098701161,0.000384,0.00132026086956522
MRVI1_S3,MRVI1,1.29944532186673,0.000385,0.00132280040733198
CY24A_T8,CY24A,1.49703564537234,0.000386,0.0013235406504065
CYTSB_S4,CYTSB,1.08291629817027,0.000386,0.0013235406504065
SYEP_S19,SYEP,1.98308903893576,0.000386,0.0013235406504065
MAVS_S4,MAVS,-0.856937020447257,0.000388,0.00132949763033175
BIN2_T7,BIN2,1.38098207892814,0.00039,0.00133544654939107
AFAP1_S3,AFAP1,1.74473523044099,0.000391,0.00133796551724138
OSB11_S3,OSB11,0.981961651506546,0.000392,0.00134048108108108
WAC_T3,WAC,1.02176860371381,0.000393,0.00134299324780554
RBMX_S9,RBMX,1.47486349567362,0.000394,0.0013445947403911
RMXL1_S9,RMXL1,1.47486349567362,0.000394,0.0013445947403911
LEO1_S3,LEO1,-0.682629437762271,0.000397,0.00135391981132075
SDPR_S3,SDPR,-3.19203226854946,0.000399,0.00135890915208614
SNTB2_S17,SNTB2,0.725503255671968,0.000399,0.00135890915208614
F16P2_Y8,F16P2,-2.21839248028643,4e-04,0.00136048387096774
TPPP_S3,TPPP,2.1409528736532,4e-04,0.00136048387096774
ACACB_S7,ACACB,-1.93645970619151,0.000405,0.00137656480859637
PKP2_T1,PKP2,-1.3310917547,0.000406,0.00137811267605634
TM55B_S13,TM55B,0.640342335280831,0.000406,0.00137811267605634
PDPK1_S3,PDPK1,-0.499748091317836,0.000408,0.00138304621567314
PDPK2_S3,PDPK2,-0.499748091317836,0.000408,0.00138304621567314
ACINU_S6,ACINU,-0.78199556203359,0.000409,0.00138550803212851
ZYX_S9,ZYX,1.3564330822757,0.000412,0.00139473712374582
DKC1_S14,DKC1,-0.314611012248701,0.000413,0.00139625450901804
DOCK6_S6,DOCK6,0.828769113689993,0.000413,0.00139625450901804
IRS1_S3,IRS1,-0.763079559129101,0.000415,0.00140114409606404
NUP53_S5,NUP53,-0.803248778794835,0.000415,0.00140114409606404
CCD86_S20,CCD86,-0.0453648096034459,0.000416,0.00140321609042553
M3K2_S3,M3K2,0.957705785009124,0.000417,0.00140321609042553
PLEC_S22,PLEC,0.748299673382242,0.000417,0.00140321609042553
PTPRC_S4,PTPRC,1.02158634450433,0.000417,0.00140321609042553
VINC_S3,VINC,-0.757206045436438,0.000417,0.00140321609042553
ACACA_S4,ACACA,-1.85089243120857,0.000423,0.00142151593625498
CPSM_S3,CPSM,-0.987876641599929,0.000423,0.00142151593625498
LAP2A_T26,LAP2A,1.12101970470887,0.000427,0.0014330550397878
LAP2B_T26,LAP2B,1.12101970470887,0.000427,0.0014330550397878
ARHGA_T1,ARHGA,1.55672426550104,0.000428,0.00143450860927152
RU17_S7,RU17,-1.20749605900008,0.000428,0.00143450860927152
ABL1_S3,ABL1,-0.413680278137701,0.00043,0.00144025810721377
ADDA_S2,ADDA,-0.326576089351515,0.000435,0.00144173870333988
ADX_S1,ADX,-1.0496628466469,0.000434,0.00144173870333988
CAP2_S5,CAP2,1.33511891962807,0.000434,0.00144173870333988
K22E_S8,K22E,2.49665364307024,0.000435,0.00144173870333988
K22O_S8,K22O,2.49665364307024,0.000435,0.00144173870333988
K2C3_S8,K2C3,2.49665364307024,0.000435,0.00144173870333988
K2C5_S8,K2C5,2.49665364307024,0.000435,0.00144173870333988
K2C6A_S8,K2C6A,2.49665364307024,0.000435,0.00144173870333988
K2C6B_S8,K2C6B,2.49665364307024,0.000435,0.00144173870333988
K2C6C_S8,K2C6C,2.49665364307024,0.000435,0.00144173870333988
K2C75_S8,K2C75,2.49665364307024,0.000435,0.00144173870333988
K2C79_S8,K2C79,2.49665364307024,0.000435,0.00144173870333988
K2C7_S8,K2C7,2.49665364307024,0.000435,0.00144173870333988
K2C8_S20,K2C8,0.885470536651226,0.000431,0.00144173870333988
KI21A_S3,KI21A,1.03849428556934,0.000435,0.00144173870333988
KRT84_S8,KRT84,2.49665364307024,0.000435,0.00144173870333988
ANR28_T1,ANR28,0.49255077695184,0.000436,0.00144316285153695
UBP8_T4,UBP8,0.428197406635079,0.000436,0.00144316285153695
IF4G3_S2,IF4G3,-0.491117332250019,0.000438,0.00144883529411765
PGRC1_Y11,PGRC1,2.92559426670478,0.000439,0.00145024738903394
SASH3_S4,SASH3,1.79859596613498,0.000439,0.00145024738903394
AP4B1_S3,AP4B1,-0.800937514063254,0.00044,0.00145260273972603
SNX3_Y1,SNX3,-1.25857544788178,0.000443,0.00146155345501956
RGPA1_S3,RGPA1,0.782815133543032,0.000444,0.0014638983713355
SET1B_S15,SET1B,0.693940668171029,0.000445,0.001466240234375
BORG5_S6,BORG5,1.00277304213702,0.000448,0.00147516460637606
FGD6_S3,FGD6,0.704779653052515,0.000449,0.00147749609882965
MFF_S1,MFF,0.686044118527487,0.000451,0.00148215
NOP56_S6,NOP56,-0.458632603611097,0.000451,0.00148215
RFC1_S5,RFC1,0.891467740855584,0.000452,0.00148447242050616
LEPR_S3,LEPR,-0.566374791273478,0.000454,0.00149007392996109
IKKB_S2,IKKB,-1.09182012751762,0.000455,0.00149238820479585
WIPF2_S11,WIPF2,-0.618443756235033,0.000456,0.00149469948186529
GAB2_S1,GAB2,1.00028791172342,0.000458,0.00150028349514563
SMC3_S16,SMC3,-0.763257091179042,0.000463,0.00151568111254851
DEN4C_S2,DEN4C,-1.77860481002107,0.000465,0.00152026162790698
LIRB5_S3,LIRB5,-0.666921480016991,0.000465,0.00152026162790698
LSM12_T15,LSM12,0.8142998736461,0.000466,0.00152254744996772
TCOF_T11,TCOF,0.920939947863873,0.000474,0.0015476864516129
RBM39_S4,RBM39,-0.0212794389317863,0.000478,0.00155974081237911
PCY1A_S2,PCY1A,-2.12036959871064,0.000479,0.00156199677835052
MAP1B_S6,MAP1B,0.734118545850362,0.000483,0.00157402640051513
EPS15_S5,EPS15,-0.877235959386967,0.000484,0.00157627027027027
RBM39_Y1,RBM39,0.549870568769688,0.000488,0.00158725449871465
TBCD5_S5,TBCD5,-0.302170394642473,0.000488,0.00158725449871465
ITPR1_S3,ITPR1,0.58840604499159,0.00049,0.00159171373555841
ZRAB2_S11,ZRAB2,-0.584751299725476,0.00049,0.00159171373555841
RS6_S3_S7,RS6,1.36360428554021,0.000492,0.00159718537524054
K2C8_T17,K2C8,0.237973913047964,0.000494,0.00160265
SRRM2_S4_S25,SRRM2,-0.703773350803606,0.000498,0.00161459192825112
LSR_T9,LSR,-0.652219281831287,0.000502,0.0016265185659411
S18B1_S3,S18B1,-1.21377516681648,0.000505,0.00163519193857965
RS8_S3,RS8,-0.773706682027967,0.00051,0.00165032608695652
VKGC_S2,VKGC,-1.04706930499632,0.000513,0.0016589731629393
SHOT1_S7,SHOT1,-0.504291527280823,0.000515,0.00166437739463602
UBP14_S2,UBP14,-0.716492791730895,0.000517,0.00166977472878111
RPGF1_S4,RPGF1,-0.961237860172873,0.00052,0.00167839285714286
SFR15_T1,SFR15,-0.895050022199719,0.000523,0.001687
DDX10_S3,DDX10,-0.885599985520418,0.000529,0.00170526687898089
MYLK_S4,MYLK,0.782144507181328,0.000532,0.00171384595798854
MICA3_S4,MICA3,1.51511427592769,0.000533,0.00171597519083969
GORS2_S6,GORS2,-0.629623401706703,0.000534,0.00171810171646535
SYNEM_S3,SYNEM,2.10569665177545,0.000537,0.00172665628970775
C3AR_S6,C3AR,0.47913855529405,0.000538,0.00172877333333333
NIBL1_S7_S11,NIBL1,0.668433628886099,0.00054,0.00173409898477157
CATA_S9,CATA,-0.376235404373119,0.000542,0.00173941788205453
NCOR1_S1,NCOR1,-0.724323568813321,0.000549,0.00176076615969582
RAB18_S3,RAB18,-0.497357998011731,0.00055,0.0017628562381254
AAKB2_S4,AAKB2,-0.536784268343889,0.000553,0.00177135
CC88B_S6,CC88B,1.17810537592682,0.000554,0.00177343074003795
CTGE5_S4,CTGE5,0.535016953004952,0.000558,0.00178397852179406
MIA2_S4,MIA2,0.535016953004952,0.000558,0.00178397852179406
IRF3_S3,IRF3,-0.498310856281389,0.000559,0.00178492050473186
MINK1_S20,MINK1,0.774575725516533,0.000559,0.00178492050473186
BORG5_S2,BORG5,-0.553897431612873,0.00056,0.00178698612862547
K2C8_S5,K2C8,0.432376396224612,0.000561,0.00178904914933837
MFR1L_S3,MFR1L,-0.509523678394859,0.000562,0.00179110957178841
DMXL1_S13,DMXL1,-0.108592939396506,0.000568,0.00180909251101322
IPYR2_S9,IPYR2,0.322585853418578,0.00057,0.00181432075471698
NFAC2_S2,NFAC2,-0.0835253088849238,0.000571,0.00181636140791955
EPN4_T11,EPN4,-0.689712626986322,0.000574,0.00182475753768844
ADDA_T23,ADDA,0.78648988242143,0.000578,0.00183632015065913
ROA1_S2,ROA1,-0.122012151467834,0.000581,0.00184469322459222
CCNY_S9,CCNY,2.01179998063673,0.000588,0.00186457894736842
CCYL1_S9,CCYL1,2.01179998063673,0.000588,0.00186457894736842
GSK3A_S6,GSK3A,-0.672149463243233,0.000589,0.00186541239048811
GSK3B_S6,GSK3B,-0.672149463243233,0.000589,0.00186541239048811
BORG5_S5,BORG5,1.21064124156236,0.000594,0.0018800712945591
DBNL_S9,DBNL,1.45104127258528,0.000605,0.001913690625
CP054_S5,CP054,0.666039978432037,0.000608,0.00192197876327295
DCP1B_S3_S11,DCP1B,1.10325890185861,0.000609,0.00192393820224719
PEAK1_S5,PEAK1,2.41681894561018,0.000611,0.00192905240174672
TENS3_S28,TENS3,0.601028085848891,0.00062,0.00195624688279302
ZCH18_S2,ZCH18,-1.27368881675862,0.000622,0.00196133457943925
CLAP2_S3,CLAP2,0.703488822409654,0.000626,0.00197271855541719
LIPB2_S4,LIPB2,0.470155710605744,0.000629,0.00198093901680149
LASP1_S2,LASP1,-0.763397414477603,0.000635,0.00199859141791045
MB12B_S3,MB12B,-1.06570251560751,0.000636,0.00200049471721566
RSRC2_S3,RSRC2,-0.869757864357791,0.000639,0.00200868260869565
DAB2P_S3,DAB2P,1.06692086169185,0.000641,0.00201371880819367
TB22B_S3,TB22B,0.494177460863582,0.000649,0.00203758622828784
MYCB2_S4,MYCB2,0.456672385183166,0.00065,0.00203946063236206
ALDOB_S13,ALDOB,-1.17752680946491,0.000661,0.00207268959107807
DMXL1_S3,DMXL1,-0.466089347369495,0.000662,0.0020745399380805
SC16A_S11,SC16A,-1.10723193501616,0.000666,0.00208578341584158
EF2_T4,EF2,1.97543769895597,0.000683,0.0021377012987013
K2C8_S9,K2C8,1.70164040098203,0.000685,0.00214263597033375
SRRM2_S6_T15,SRRM2,-0.172393657411706,0.000686,0.00214443854231007
NIBL1_S4,NIBL1,1.12393938192539,0.000688,0.00214936296296296
CDS2_S16,CDS2,1.97616249433896,0.000692,0.00215919358816276
TM230_S3,TM230,-0.957202459016894,0.000692,0.00215919358816276
UBP20_S2,UBP20,-1.27729215707153,0.000695,0.00216721811460259
SEPT2_S9,SEPT2,-0.21796312071605,0.000696,0.002169
COASY_S25,COASY,-1.38626479036791,0.000697,0.00216944464944649
CRTC2_S7,CRTC2,1.25958241893425,0.000697,0.00216944464944649
A16L1_S3,A16L1,0.505351321709034,0.000698,0.00217122188076214
DCDC2_S10,DCDC2,2.21216238383889,7e-04,0.00217610565110565
ANR28_S3,ANR28,-0.560035114686342,0.000708,0.00219962430939227
K2C8_S24,K2C8,0.580573419851663,0.000716,0.00222311411042945
MYCT1_S3,MYCT1,-0.208696027746512,0.000718,0.00222795708154506
LIPA1_S3,LIPA1,1.13921518214451,0.000719,0.00222969301470588
BCL3_S3,BCL3,-0.508935933274979,0.000723,0.00224072443355787
KANK2_S5,KANK2,0.513868691612437,0.000727,0.0022517423500612
MINT_S6,MINT,0.541309515999443,0.000732,0.00226584220183486
TXLNA_S12,TXLNA,-0.816665125966019,0.000735,0.00227373777506112
MMAB_S1,MMAB,-1.10350537280269,0.000738,0.00228162370189371
AKA11_S3,AKA11,-0.326913447000007,0.000748,0.00231112820512821
DOCK7_S7,DOCK7,0.78776522556138,0.000749,0.00231280597925564
CA226_S2,CA226,-0.833462189882485,0.000753,0.00232373963414634
ATX2_S34,ATX2,-0.395774225772315,0.000756,0.00233157586837294
AKP13_T3,AKP13,1.18990116458862,0.000757,0.00233181801582471
NP1L1_T24_T28,NP1L1,1.66913844406697,0.000757,0.00233181801582471
K1C18_S25,K1C18,1.67345989140505,0.00076,0.00233963503649635
CTNA1_T3,CTNA1,1.00294973402485,0.000764,0.00234909113001215
CTNA2_T3,CTNA2,1.00294973402485,0.000764,0.00234909113001215
RALY_S2,RALY,-0.391077765423249,0.000767,0.00235688342440801
ARVC_S1,ARVC,-0.849938708310746,0.00077,0.00236323226197696
HIC1_S8,HIC1,0.456235985601361,0.00077,0.00236323226197696
PGM1_T8,PGM1,-0.466484717469686,0.000774,0.00237406909090909
LIMA1_S4,LIMA1,0.520254172716119,0.000779,0.00238795820714718
PHAR4_S16,PHAR4,0.837302888773364,0.00078,0.00238957627118644
KPRA_S23,KPRA,-0.813169419820602,0.000783,0.00239731578947368
MEPCE_S4,MEPCE,-0.426510544773984,0.000786,0.00240504594921403
ACINU_S3_S5,ACINU,0.560591890938469,0.00079,0.00241290887145444
MAP1S_T1_S3,MAP1S,-1.06756941088844,0.00079,0.00241290887145444
RHG12_T3,RHG12,-0.398194596778911,0.00079,0.00241290887145444
HSPB6_S3,HSPB6,0.616737228005309,0.000795,0.00242671592279855
DPYL2_S10,DPYL2,0.463593865298038,0.000797,0.00243135443037975
SHIP1_S7,SHIP1,-0.987914664507186,0.000798,0.00243293855421687
SH3B4_S3,SH3B4,0.246046646294632,0.000808,0.00246194340758579
C5AR1_T4,C5AR1,-1.33298668992037,0.00081,0.0024665523465704
SEPT9_S12,SEPT9,1.45556800924086,0.000815,0.00248028562838244
SRC8_T15,SRC8,1.17554030659054,0.000817,0.00248487800480769
EF2_T2,EF2,-0.211402296521014,0.000823,0.00250162342342342
N4BP1_T5,N4BP1,2.63421497324369,0.000824,0.00250315966386555
PKHA7_S4,PKHA7,-0.511891857509346,0.00083,0.00251836330935252
PP1A_T15,PP1A,-0.444862005008232,0.00083,0.00251836330935252
PP14A_S5,PP14A,3.88503026764934,0.000831,0.00251988675853805
KPRB_S23,KPRB,-0.730913647646626,0.000834,0.00252746946107784
CP8B1_S11,CP8B1,-2.64242044085314,0.000841,0.00254715798922801
ICLN_S17,ICLN,-1.46829895227687,0.000844,0.00255471531100478
UH1BL_S9,UH1BL,-0.711057847055054,0.00085,0.00257133891213389
COASY_S22,COASY,-0.582161866096708,0.000855,0.00258491935483871
MT1E_T7_S10,MT1E,-0.76308564884481,0.000859,0.00259546208955224
K2C8_S6,K2C8,-2.04933085486879,0.000862,0.00260297255369928
RSF1_S2,RSF1,-1.29151331867514,0.000863,0.00260443828264758
B2L12_S5,B2L12,-0.500963034633901,0.000864,0.00260590226460071
FNBP1_S3,FNBP1,1.16684704892453,0.000868,0.00261485
MDHC_S3,MDHC,-0.531584130958108,0.000868,0.00261485
FA83H_S3,FA83H,1.06539868888346,0.000875,0.00263436942296252
KBTBB_S10,KBTBB,-1.58075285453421,0.000877,0.00263882104637337
MTAP2_T15,MTAP2,0.719262001410649,0.00088,0.00264627450980392
H1BP3_S1,H1BP3,-0.4586373587143,0.000881,0.00264770843230404
ATX1_S3,ATX1,-0.418233256647336,0.000882,0.002649
TNIK_S9,TNIK,0.701924570666617,0.000883,0.002649
TR150_S5,TR150,-0.322345634649685,0.000883,0.002649
GIT1_S3,GIT1,0.783170813599997,0.000885,0.00265342713270142
S4A4_S9,S4A4,0.621767812007524,0.000889,0.00266384191829485
CDK7_S4_T10,CDK7,0.99318776211385,0.000892,0.00267124970414201
TIF1B_S7,TIF1B,-1.50233521141344,0.000895,0.00267864872856298
BCAR1_S3,BCAR1,1.06671301659999,0.000898,0.0026860390070922
K2C8_T17_S18,K2C8,0.772327013997559,9e-04,0.00269043118724158
PDE3A_S3,PDE3A,0.382180898687644,0.000906,0.00270676859504132
AR6P4_S10,AR6P4,0.459601076820326,0.000915,0.00273043337264151
ZO2_S11,ZO2,-0.125212970787205,0.000915,0.00273043337264151
PLST_S3,PLST,-0.839898217232662,0.000926,0.0027600035335689
SYEP_S15,SYEP,-0.0967232846154697,0.000926,0.0027600035335689
FMO5_S3,FMO5,-1.67030671125948,0.000928,0.00276271058823529
K22E_S1,K22E,-0.263779181149037,0.000928,0.00276271058823529
PHF2_S4,PHF2,0.801976650418846,0.000931,0.00277001234567901
ALBU_S18,ALBU,0.890489162400482,0.000934,0.00277730552291422
SDCG3_S9,SDCG3,-0.989971335041469,0.000946,0.00281133646506166
COBL_S3,COBL,-0.633226005385682,0.000958,0.0028419917936694
OSB11_S4,OSB11,-1.36478893267041,0.000958,0.0028419917936694
TRIPC_S1,TRIPC,-2.26861883127691,0.000958,0.0028419917936694
CASS4_S3,CASS4,0.549611656214674,0.000962,0.00285051639344262
RAF1_S3,RAF1,-0.181455110021327,0.000962,0.00285051639344262
TCOF_S12,TCOF,0.9947521740143,0.000963,0.00285180983031012
TR150_S1,TR150,-0.80599582532623,0.000965,0.00285606140350877
CA174_S5,CA174,-0.377143526225636,0.000971,0.00287046203271028
PLPL7_S1,PLPL7,-0.9685194478321,0.000971,0.00287046203271028
PHLB2_S2,PHLB2,-1.42783267067781,0.000978,0.00288946760070052
PALLD_S1,PALLD,1.23329022278935,0.00098,0.00289368728121354
PHAR2_S13,PHAR2,-0.137524247394593,0.000984,0.00290380408163265
SUN2_S20,SUN2,1.34417522117985,0.000986,0.00290801048951049
MYH11_S8,MYH11,2.21048624291754,0.00099,0.00291810716365754
SASH3_S1,SASH3,1.22430132283516,0.000994,0.00292819208381839
EXOC1_T5,EXOC1,-0.379151907614978,0.001,0.002937318630296
KI13B_S1,KI13B,0.741004046457789,0.000999,0.002937318630296
MYLK_S2,MYLK,1.31445157302452,0.001,0.002937318630296
SRCN1_S3,SRCN1,-0.495843039804225,0.001,0.002937318630296
SSFA2_S1,SSFA2,-0.551122449509728,0.001,0.002937318630296
BCKD_S1,BCKD,-0.850289948513498,0.00101,0.00295982049797336
CCDC6_S14,CCDC6,0.76599239579218,0.00101,0.00295982049797336
MY18A_S10,MY18A,1.25411294390083,0.00101,0.00295982049797336
NUCB1_S4,NUCB1,-1.64430678279972,0.00101,0.00295982049797336
ALKB5_S2,ALKB5,-1.93112072161525,0.00102,0.00298394219653179
CALD1_S7,CALD1,2.23185172583432,0.00102,0.00298394219653179
VAPA_S10,VAPA,-0.709816241977446,0.00102,0.00298394219653179
HBD_T9,HBD,2.95309567963011,0.00104,0.00304069324090121
INT6_S1,INT6,-0.644268010203687,0.00105,0.00306638776687825
NFIC_S7,NFIC,-0.537104235871326,0.00105,0.00306638776687825
ARFG1_S7,ARFG1,-1.37713436530589,0.00106,0.00308491086831512
GOLM1_S7,GOLM1,1.51279596432365,0.00106,0.00308491086831512
KANK2_S10,KANK2,0.490905049937215,0.00106,0.00308491086831512
PLST_S4,PLST,-0.385071704063181,0.00106,0.00308491086831512
SQSTM_S10,SQSTM,0.271540491403447,0.00106,0.00308491086831512
ZBT20_S32,ZBT20,-0.313769484170293,0.00106,0.00308491086831512
GALT_S28,GALT,-0.781177032303847,0.00107,0.00311222413793103
K2C8_S10,K2C8,2.88171282741909,0.00108,0.00313770378874856
KANK2_S3,KANK2,0.509752589482448,0.00108,0.00313770378874856
NF1_S17,NF1,-0.241977282113832,0.00109,0.00316493975903614
GP1BB_S2,GP1BB,-1.13397538530327,0.0011,0.00318666285060103
IQGA2_S10,IQGA2,-1.13089376369785,0.0011,0.00318666285060103
NBEL2_S3,NBEL2,1.02738860561395,0.0011,0.00318666285060103
UBF1_T3,UBF1,1.50246589348024,0.0011,0.00318666285060103
SPTB2_T3,SPTB2,1.31893709110454,0.00111,0.00321379290617849
AAPK1_S3,AAPK1,-1.35114550941072,0.00112,0.00324089193825043
PML_S5,PML,1.16679681961552,0.00113,0.00326422945205479
RB15B_S3,RB15B,-0.793136049079465,0.00113,0.00326422945205479
SMTN_S3,SMTN,-0.736254673687129,0.00113,0.00326422945205479
CHAP1_S6,CHAP1,-0.41258863900989,0.00114,0.0032818771331058
IL1AP_S3,IL1AP,-0.574167957452568,0.00114,0.0032818771331058
SAMH1_T7,SAMH1,1.33779049843382,0.00114,0.0032818771331058
SRRM2_T3_T21,SRRM2,1.84473779583453,0.00114,0.0032818771331058
TENS3_S22,TENS3,0.356197787957883,0.00114,0.0032818771331058
UBP24_S13,UBP24,1.16385136032583,0.00114,0.0032818771331058
RBMX_S8,RBMX,-0.0733413395718721,0.00115,0.0033087833996589
CCNK_S3,CCNK,1.39592493705237,0.00116,0.00333187287173666
COPA_S3,COPA,-0.329396299904725,0.00116,0.00333187287173666
TSC2_T2,TSC2,1.29326663269452,0.00116,0.00333187287173666
ABI1_S3,ABI1,1.02222138317815,0.00117,0.00335868973340896
PLIN1_S3,PLIN1,-2.26123031053087,0.00118,0.00338355807365439
SRRM1_S1_S3,SRRM1,-1.36376014780522,0.00118,0.00338355807365439
FETUA_S7,FETUA,1.74580055505192,0.00119,0.00340644230769231
GYS2_S12,GYS2,-0.921347324094126,0.00119,0.00340644230769231
TACC2_S3,TACC2,0.783743752100883,0.00119,0.00340644230769231
GTF2I_S4,GTF2I,3.6223074695698,0.0012,0.00342731376975169
MYO9B_S7,MYO9B,0.499911403836298,0.0012,0.00342731376975169
PA24A_S2,PA24A,0.132850037415882,0.0012,0.00342731376975169
PARD3_S3,PARD3,0.684304598510907,0.0012,0.00342731376975169
FL2D_S12,FL2D,-0.910823973372739,0.00121,0.00344809121621622
RBM4_S7,RBM4,-0.73714924089223,0.00121,0.00344809121621622
SUV3_S6,SUV3,-0.166332803556031,0.00121,0.00344809121621622
TBC9B_S2,TBC9B,-1.14937096266718,0.00121,0.00344809121621622
HNRPL_S6,HNRPL,0.418778861993584,0.00122,0.00346877528089888
LMO7_S11,LMO7,0.541491306306241,0.00122,0.00346877528089888
RBBP6_S3,RBBP6,-1.37222344948749,0.00122,0.00346877528089888
SYNP2_S3_S7,SYNP2,0.381419958174738,0.00122,0.00346877528089888
VAPB_S5,VAPB,-0.819210747031659,0.00123,0.00349524424480629
SEPT9_S5,SEPT9,0.637239513760313,0.00124,0.0035216835016835
C170B_S3,C170B,-0.515644915039654,0.00125,0.00354610426008969
TENS1_T10,TENS1,1.8118357621494,0.00125,0.00354610426008969
BI2L1_T10,BI2L1,0.679230144410855,0.00126,0.00357047032474804
LAR1B_T7,LAR1B,-0.560002662523552,0.00126,0.00357047032474804
PI4KB_S3,PI4KB,-0.0530050863564617,0.00127,0.00359679350867375
ADDG_S12,ADDG,-0.301055335228566,0.00129,0.00364527638190955
MTMRA_S3,MTMRA,-0.0429291207154273,0.00129,0.00364527638190955
SEPT7_T10,SEPT7,3.18995921240582,0.00129,0.00364527638190955
ZBT20_T5,ZBT20,0.317553934541818,0.00129,0.00364527638190955
PKP2_S4,PKP2,0.877769637624662,0.0013,0.00366739130434783
TBC9B_S3,TBC9B,1.04092579233141,0.0013,0.00366739130434783
TIF1B_S18,TIF1B,0.458277595713531,0.0013,0.00366739130434783
LMO7_S4,LMO7,-0.465936964890654,0.00131,0.00369354317548746
I2BP2_S12,I2BP2,-0.608607996988414,0.00132,0.0037175959933222
TCP4_S3,TCP4,0.454219897427977,0.00132,0.0037175959933222
A16L1_S1,A16L1,0.624476026149063,0.00133,0.00373951666666667
LUZP1_S7,LUZP1,1.21929787638439,0.00133,0.00373951666666667
SQSTM_S5,SQSTM,-0.15335436917457,0.00133,0.00373951666666667
DCP1B_S1,DCP1B,-0.467015681446417,0.00135,0.0037915371809101
KMT2A_S3,KMT2A,1.25111877399342,0.00135,0.0037915371809101
GIPC1_S1,GIPC1,1.0375595164301,0.00136,0.00381327423822715
LTBP2_S1,LTBP2,3.16109134800217,0.00136,0.00381327423822715
PHKG2_T5,PHKG2,-2.08540652023334,0.00136,0.00381327423822715
PRC2A_S4,PRC2A,-0.173762312066883,0.00137,0.00383493915929203
SC31A_S3,SC31A,-1.00102634811701,0.00137,0.00383493915929203
US6NL_S6,US6NL,0.838574145113004,0.00137,0.00383493915929203
RAB7A_S2,RAB7A,-1.27770844749276,0.00138,0.00385866298342541
SHOT1_S3,SHOT1,0.828145156625769,0.00138,0.00385866298342541
DMWD_S3,DMWD,0.332911982628996,0.0014,0.00391026490066225
PKCB1_S3,PKCB1,0.859227842304077,0.0014,0.00391026490066225
ARP19_S29,ARP19,1.91492108404135,0.00141,0.00393385336273429
TNS2_S7,TNS2,0.920478550233044,0.00141,0.00393385336273429
BRAF_S3,BRAF,0.355178765181674,0.00142,0.00395957024793388
LARP1_T4,LARP1,1.75735644866177,0.00144,0.00401091909741332
TRIPB_S1,TRIPB,1.00713177783875,0.00144,0.00401091909741332
SRBS1_T10,SRBS1,0.417469651801871,0.00145,0.00403655115511551
AIF1_S2,AIF1,-1.51796382057984,0.00146,0.00405992307692308
PSA2_Y2,PSA2,-0.971608652277205,0.00146,0.00405992307692308
ARHG5_S13,ARHG5,0.987860702340186,0.00147,0.00408100383982447
ASAP1_S3,ASAP1,0.404210089658388,0.00147,0.00408100383982447
VPRBP_S4,VPRBP,0.0707785191754569,0.00147,0.00408100383982447
ADH1A_S3,ADH1A,-1.47328644005824,0.00148,0.00410201533406353
ADH1B_S3,ADH1B,-1.47328644005824,0.00148,0.00410201533406353
K1468_S3,K1468,-1.75439360299794,0.00148,0.00410201533406353
SNX2_T13,SNX2,-0.503408130437291,0.00149,0.00412521334792123
VAPA_S12,VAPA,-1.83965907220272,0.00149,0.00412521334792123
PAIRB_S2,PAIRB,-1.24508931671257,0.0015,0.00414609503003823
SPTN1_S2,SPTN1,-0.93527123377892,0.0015,0.00414609503003823
TENS3_S6,TENS3,-0.403913089811354,0.0015,0.00414609503003823
EMD_S3,EMD,-0.0321259878578433,0.00151,0.00417145742358079
SO2B1_T5,SO2B1,-0.770952320089398,0.00152,0.00419679214402619
MYO9B_S3,MYO9B,1.1812652392373,0.00153,0.00422209923664122
ASSY_S13,ASSY,-0.618403817755854,0.00154,0.00424044613710555
CCD86_S17,CCD86,-0.816887443466471,0.00154,0.00424044613710555
RL18A_S15,RL18A,-0.75298682344471,0.00154,0.00424044613710555
TOR4A_S20,TOR4A,0.685191622362653,0.00154,0.00424044613710555
EPS15_T3,EPS15,-0.506300126690608,0.00155,0.00426566068515498
WRIP1_S3,WRIP1,-0.71151060797981,0.0016,0.00440086956521739
MARE3_T11,MARE3,0.549373393995622,0.00161,0.00442596958174905
ADH1A_T7,ADH1A,-1.31010505047076,0.00162,0.00444380487804878
SMAG1_Y1,SMAG1,-0.899903985550311,0.00162,0.00444380487804878
SNTB2_S6,SNTB2,0.423531530019539,0.00162,0.00444380487804878
TPC10_S4,TPC10,-0.363393587809039,0.00162,0.00444380487804878
ATTY_S15,ATTY,-1.84226954153583,0.00163,0.00446156300703083
BNI3L_S6,BNI3L,0.551178126360488,0.00163,0.00446156300703083
KPCD_S6,KPCD,0.908828999717401,0.00163,0.00446156300703083
UGDH_S6,UGDH,-1.07606874559165,0.00163,0.00446156300703083
AAKG2_S5,AAKG2,-0.666670649526678,0.00164,0.00448650810810811
ACACB_S6,ACACB,-0.966670047698116,0.00165,0.00450412621359223
AFAD_S2,AFAD,-0.697421936244811,0.00165,0.00450412621359223
PGM1_T6,PGM1,-1.48550674210889,0.00165,0.00450412621359223
VASP_S6,VASP,1.33467166258441,0.00165,0.00450412621359223
RB12B_S8,RB12B,-0.65186337711672,0.00166,0.00452898113207547
AAK1_S1,AAK1,-0.755028497256937,0.001669581429248,0.00455135702746365
KPB2_S6,KPB2,-0.639747316000194,0.00167,0.00455135702746365
ADH1B_S4,ADH1B,-1.25740261457069,0.00168,0.00457122580645161
LMNA_S12,LMNA,1.28006498181172,0.00168,0.00457122580645161
LMNA_S6,LMNA,0.838697910943443,0.00168,0.00457122580645161
AKT1_T3,AKT1,-0.411554971499777,0.00169,0.0045861072386059
FBRL_S3,FBRL,-0.449339211152852,0.00169,0.0045861072386059
GSK3A_Y7,GSK3A,-0.571570776494954,0.00169,0.0045861072386059
GSK3B_Y7,GSK3B,-0.571570776494954,0.00169,0.0045861072386059
LST1_S7,LST1,-0.851961339430096,0.00169,0.0045861072386059
SSRP1_S13,SSRP1,0.151426234648607,0.00171,0.00463540974825924
VP13C_S5,VP13C,-0.84111599902244,0.00171,0.00463540974825924
SQSTM_S13,SQSTM,2.87454817761725,0.00172,0.00466002141327623
GRP2_S3,GRP2,0.605077286864547,0.00173,0.00467709935897436
ITA4_S3,ITA4,-0.226131595526494,0.00173,0.00467709935897436
PAN3_T5,PAN3,0.713671459966761,0.00173,0.00467709935897436
SPT13_S7,SPT13,0.551119503692814,0.00173,0.00467709935897436
M3K7_S1,M3K7,-0.520676642210268,0.00174,0.00470162306460224
LMO7_S5,LMO7,1.32993902789678,0.00175,0.00472612059765208
TRIPC_S3_S11,TRIPC,1.65125996998241,0.00176,0.004750592
ARHGH_S1,ARHGH,0.836667090195872,0.00177,0.00476234449760766
C2CD2_S5,C2CD2,0.642995812796916,0.00177,0.00476234449760766
CC120_S1,CC120,-0.201880157160368,0.00177,0.00476234449760766
DPYL3_T3,DPYL3,2.54819266881429,0.00177,0.00476234449760766
NEST_S4,NEST,-0.561647693429109,0.00177,0.00476234449760766
PPHLN_S3,PPHLN,-0.854222116529404,0.00177,0.00476234449760766
ID2_S3,ID2,0.707033975577712,0.00178,0.00478416356877323
TENS1_S8,TENS1,3.12047432208834,0.00178,0.00478416356877323
CGNL1_S2,CGNL1,-0.17195287914726,0.00179,0.0048084872611465
SRSF2_S1_S3,SRSF2,-1.38275318487089,0.0018,0.00483278514588859
HMGN1_S3,HMGN1,-1.05696191943435,0.00181,0.00485448330683625
T2FA_S1,T2FA,-1.23347727521379,0.00181,0.00485448330683625
ABL2_S3,ABL2,-0.486472986513695,0.00183,0.00490292747485442
PCIF1_S14,PCIF1,0.769715640620651,0.00183,0.00490292747485442
CR025_S3,CR025,0.904846936561037,0.00184,0.00491670538542767
HUTH_S1_T3,HUTH,-0.820464707112927,0.00184,0.00491670538542767
LT4R1_S4,LT4R1,1.46328213806492,0.00184,0.00491670538542767
SH24A_S3,SH24A,-1.14441117303196,0.00184,0.00491670538542767
SP110_S8,SP110,0.889228468818748,0.00184,0.00491670538542767
ANK1_S4,ANK1,1.59346625282213,0.00185,0.00493821202531646
RXRA_S17,RXRA,0.608789731177344,0.00185,0.00493821202531646
ML12A_T2,ML12A,1.01037913830372,0.00187,0.00498371248025276
ML12B_T2,ML12B,1.01037913830372,0.00187,0.00498371248025276
MYL9_T2,MYL9,1.01037913830372,0.00187,0.00498371248025276
MARCS_T15,MARCS,-0.903653028332286,0.00188,0.00500772631578947
CTND1_S3,CTND1,0.64920231318952,0.00189,0.00503171488690163
AKP13_S1,AKP13,1.65390885365428,0.00191,0.00507694852941177
RAF1_T2,RAF1,0.717933829453807,0.00191,0.00507694852941177
UCK1_S3,UCK1,-0.85103577588528,0.00191,0.00507694852941177
PARP1_T13,PARP1,0.524879034083135,0.00192,0.00509550078657577
SNTA1_S3,SNTA1,0.74569393647195,0.00192,0.00509550078657577
TASOR_S1,TASOR,-1.3798017329412,0.00192,0.00509550078657577
CALX_S3_T11,CALX,-0.557921773969738,0.00193,0.00511399476439791
K2C8_S14,K2C8,1.24906735926672,0.00193,0.00511399476439791
PURA_S6,PURA,0.393394950932024,0.00193,0.00511399476439791
ARHG5_S2,ARHG5,0.620236143102777,0.00194,0.0051378021978022
ACBD5_S5,ACBD5,-1.09683390344427,0.00195,0.00515888656560376
MLIP_S9,MLIP,0.195283667686072,0.00195,0.00515888656560376
UFL1_S4,UFL1,-1.09283966428381,0.00197,0.00520907523510972
EDC4_S3,EDC4,0.265053535479068,0.00198,0.00523278328981723
4EBP1_T7,4EBP1,0.37490032963646,0.002,0.00528288100208768
MATR3_S1,MATR3,-1.1353431671898,0.00201,0.00530652582159624
ELYS_S2,ELYS,-1.07037102293564,0.002020530864695,0.0053287684764051
MCM2_S6,MCM2,0.317079595593633,0.00202,0.0053287684764051
CASC4_S7,CASC4,-0.627334016440577,0.00203,0.00534816762103071
TNR6B_S3,TNR6B,-0.602072244879706,0.00203,0.00534816762103071
K1C19_S11,K1C19,0.84580807415634,0.00204,0.00536613305613306
NSF1C_S3,NSF1C,-0.449541466809199,0.00204,0.00536613305613306
RHG35_S7,RHG35,-1.16189567805903,0.00204,0.00536613305613306
PSMD4_T2,PSMD4,-0.790491790869162,0.00205,0.00538683800623053
SNX9_S4,SNX9,1.54094126702694,0.00205,0.00538683800623053
BAG3_S3,BAG3,0.616230863888653,0.00206,0.0054075
HS12B_S15,HS12B,0.742222894274403,0.00206,0.0054075
SND1_S12,SND1,-0.344678779513975,0.00207,0.00543093312597201
MAP1B_T4,MAP1B,2.20536952187745,0.00208,0.00544869565217391
NFIA_S10,NFIA,0.853672733955505,0.00208,0.00544869565217391
SREC_S5,SREC,0.79635154363405,0.00208,0.00544869565217391
LEUK_T3,LEUK,0.683372349971973,0.0021,0.00549255813953488
MTUS1_S2,MTUS1,-1.31822559778682,0.0021,0.00549255813953488
UCHL3_S5,UCHL3,-0.579122739108411,0.0021,0.00549255813953488
ZO3_S3,ZO3,-0.689009606278891,0.00212,0.00554200413223141
DDB2_S3,DDB2,0.838802404987169,0.00213,0.00555953068592058
EF1D_S3,EF1D,-0.279791065802603,0.00213,0.00555953068592058
SO1B1_S2,SO1B1,-0.653839740521011,0.00213,0.00555953068592058
ATLA1_S4,ATLA1,1.07059158131558,0.00214,0.00557413278435409
CTND1_S15,CTND1,0.871817570117029,0.00214,0.00557413278435409
MECP2_S3,MECP2,-0.630007398180988,0.00214,0.00557413278435409
TAF12_S12,TAF12,0.0613379498675901,0.00214,0.00557413278435409
PTN3_S3,PTN3,-1.60123170079804,0.00215,0.00559442159383033
S38A1_S1,S38A1,-2.20989660254616,0.00215,0.00559442159383033
DERL1_S4,DERL1,-1.30315534673294,0.00216,0.0056146687211094
TRFE_S3,TRFE,1.35052677201097,0.00216,0.0056146687211094
NUMB_S4,NUMB,0.266775125062489,0.00218,0.00566374743326489
6PGL_S9,6PGL,-1.48717778211505,0.00219,0.00568097898513583
HUWE1_S8,HUWE1,-1.02372025769556,0.00219,0.00568097898513583
MTAP2_T7,MTAP2,1.25007927223554,0.00219,0.00568097898513583
TENS1_T14,TENS1,0.95029580212626,0.0022,0.00570399590163934
ALBU_S7,ALBU,1.99773202472057,0.00221,0.00572113043478261
HID1_S3,HID1,0.553911068388388,0.00221,0.00572113043478261
RPGF1_S3,RPGF1,-0.322669372749979,0.00221,0.00572113043478261
ETV6_S7,ETV6,0.594609085434641,0.00222,0.00574114460909556
NIPA_S3,NIPA,0.348137848490395,0.00222,0.00574114460909556
TLN1_T1,TLN1,0.0268727757698388,0.00225,0.00581575587334014
BIN1_S6,BIN1,-0.167906175191082,0.00226,0.00583266700662927
DOCK6_S2,DOCK6,-0.138796016512793,0.00226,0.00583266700662927
EM55_S3,EM55,0.336981859768219,0.00226,0.00583266700662927
HMGCL_S1,HMGCL,-1.51393238792186,0.00228,0.00587529531568228
NU214_S3,NU214,0.594070960438522,0.00228,0.00587529531568228
SCRIB_S3,SCRIB,-0.193682014778443,0.00228,0.00587529531568228
TOE1_S4,TOE1,-0.299506613982816,0.0023,0.00592381679389313
TMF1_T3,TMF1,-0.753845274389437,0.00231,0.00594654628687691
ARHGG_S16,ARHGG,0.412183603130435,0.00232,0.00596925266903915
CE170_S3,CE170,0.59540744837365,0.00233,0.00599193597560976
RERE_S3,RERE,-0.695127037349728,0.00234,0.00601154314720812
SERA_T3,SERA,-0.668086672573049,0.00234,0.00601154314720812
AACT_T12,AACT,1.21170219899512,0.00235,0.00603111054766734
MK14_Y9,MK14,0.96868714799057,0.00235,0.00603111054766734
A16L2_S3,A16L2,-0.799077446871448,0.00236,0.00605370501773948
UBE4B_S3,UBE4B,-0.865324377093625,0.00237,0.00607627659574468
K1C18_S1,K1C18,0.887049367968636,0.00239,0.00611825493171472
MYLK_T8,MYLK,-0.467377055067681,0.00239,0.00611825493171472
SYNPO_S13,SYNPO,0.34000975912932,0.00239,0.00611825493171472
PALMD_T18,PALMD,1.21926954830465,0.0024,0.0061407482305359
EHBP1_T4_S13,EHBP1,-0.742840335406339,0.00241,0.00616010606060606
SO1B1_S9,SO1B1,-0.806371655987119,0.00241,0.00616010606060606
LTBP2_S3,LTBP2,1.27757416004766,0.00242,0.00618254416961131
TLE3_S5,TLE3,0.637524677624461,0.00243,0.00620495963673057
PTRF_S15,PTRF,1.50974001979264,0.00244,0.00622735249621785
LPP60_S3,LPP60,-1.10244384761318,0.00245,0.00624972278225806
CREB1_S15,CREB1,-0.459710461253873,0.00246,0.00626891238670695
LMNA_S4_S6,LMNA,0.778784967404392,0.00246,0.00626891238670695
GGYF1_S15,GGYF1,0.295643352179189,0.00247,0.00629122798188223
COF1_S3,COF1,-1.89969861690796,0.00248,0.00630717587939698
IGHG2_Y23,IGHG2,0.973186165214419,0.00248,0.00630717587939698
NDRG1_T3,NDRG1,1.17616627859053,0.00248,0.00630717587939698
SVIL_S3,SVIL,0.907691309544533,0.00249,0.00632942742340532
CETN2_S3,CETN2,-0.236987374961558,0.0025,0.00634846964375314
IWS1_S4,IWS1,0.980976551158817,0.0025,0.00634846964375314
CAMP1_S1,CAMP1,1.8506371132145,0.00252,0.0063960481444333
CABL1_S7,CABL1,-0.788163789970938,0.00254,0.00644357894736842
DOCK7_S1,DOCK7,0.547300718654676,0.00255,0.006452775
IASPP_S3,IASPP,0.711811618153169,0.00255,0.006452775
IF4G1_S6,IF4G1,1.31070551345599,0.00255,0.006452775
SPTB2_T27,SPTB2,1.09171832604159,0.00255,0.006452775
TBCD4_S3,TBCD4,-0.0422431868806597,0.00255,0.006452775
LIMD1_S1,LIMD1,-0.771836799721793,0.00256,0.00647484257871064
MYPT1_S4,MYPT1,0.56444209383523,0.00257,0.00649688811188811
ABCBB_S3,ABCBB,-1.27765032755948,0.00258,0.00651891163255117
CDN1B_S9,CDN1B,-0.145710726363903,0.0026,0.00656616766467066
DAB2P_Y4,DAB2P,0.711813768167327,0.00261,0.00658813466334165
HECD1_S3,HECD1,-0.242336625036847,0.00262,0.00661007976071785
AFF4_T7,AFF4,-0.202437792918766,0.00263,0.00662870019920319
SG223_S9,SG223,0.846869359169227,0.00263,0.00662870019920319
SCAF8_S14,SCAF8,-0.540004375197688,0.00265,0.00667578397212544
SH3B4_S9,SH3B4,0.818865602722732,0.00266,0.00669764179104478
ZC3HD_S2,ZC3HD,0.0196036019031198,0.00267,0.00671947787170562
HCLS1_S1,HCLS1,-0.60456717377437,0.00269,0.00676308494783905
UN13D_S24,UN13D,0.133069242274841,0.00269,0.00676308494783905
ACKR3_S8,ACKR3,0.926189004638372,0.00271,0.00679985622211205
CTGE5_S5,CTGE5,0.50570809681039,0.00271,0.00679985622211205
MIA2_S5,MIA2,0.50570809681039,0.00271,0.00679985622211205
MYO9B_S15,MYO9B,0.651711706987624,0.00271,0.00679985622211205
LAD1_S7,LAD1,1.41007917495976,0.00274,0.00687172447968285
BET1L_S3,BET1L,0.538065890526807,0.00275,0.00688656605640772
CALD1_S3,CALD1,-0.317216985175514,0.00275,0.00688656605640772
NDRG1_T1,NDRG1,-0.709075653860842,0.00275,0.00688656605640772
PHRF1_S9,PHRF1,-0.24732971328886,0.00276,0.00690818991097923
ENOA_S7,ENOA,0.739674537202811,0.00278,0.00695137351778656
FLNA_S3,FLNA,-0.902090937236506,0.00278,0.00695137351778656
TNIK_T2,TNIK,0.584644886129903,0.00279,0.00697293333333333
SPTB2_S2_S6,SPTB2,-0.197852633294628,0.00281,0.00701945212240869
MLF2_S9,MLF2,0.784532077372501,0.00283,0.0070659250123335
PSD11_S3,PSD11,-2.21295005988777,0.00284,0.0070857446168247
SASH1_S1,SASH1,0.917017130757813,0.002840738159956,0.0070857446168247
ARGL1_S1,ARGL1,-1.40781777644564,0.00285,0.00710534482758621
FUBP2_S4,FUBP2,-0.428162143923045,0.00288,0.00717307086614173
TP53B_S8,TP53B,0.836689729766434,0.00288,0.00717307086614173
R3HD2_S3,R3HD2,-0.644299497904258,0.00291,0.00724422528283325
GCP60_S9,GCP60,-0.457231145491346,0.00294,0.00731530973451327
IL16_S33,IL16,1.12344743674572,0.00296,0.00736145454545455
HS90B_S5,HS90B,-0.845429534881939,0.00298,0.00740755402750491
GSTA1_S1,GSTA1,-3.04597643239454,0.00299,0.00741783823529412
GSTA2_S1,GSTA2,-3.04597643239454,0.00299,0.00741783823529412
GSTA5_S1,GSTA5,-3.04597643239454,0.00299,0.00741783823529412
PLAK_S2,PLAK,-1.32229195117571,0.00299,0.00741783823529412
CADH2_T5_T8_Y10,CADH2,-1.18708810312437,0.003,0.0074390004899559
SPTB2_S15,SPTB2,-0.203043572120813,0.00301,0.00746014201762978
PRC2C_T12,PRC2C,1.73806782782398,0.00303,0.00750603524229075
SRRM2_S12,SRRM2,0.117588345325454,0.00305,0.00755188356164384
SPTN1_S4,SPTN1,-0.641234217272045,0.00308,0.00761870967741935
TAGL_S3,TAGL,1.44563468940653,0.00308,0.00761870967741935
KGP1_T4,KGP1,0.538322974575134,0.00311,0.00768915974596971
AKAP1_T3,AKAP1,-0.69499886609038,0.00312,0.00770635431918009
MRP_T4,MRP,0.633995322948297,0.00312,0.00770635431918009
RER1_S9,RER1,-0.668167992045967,0.00319,0.00787540975609756
ADH1B_T6,ADH1B,-0.751263419189653,0.0032,0.00788855333658061
ADH4_T6,ADH4,-0.751263419189653,0.0032,0.00788855333658061
PHLB1_T1,PHLB1,1.5693214631778,0.0032,0.00788855333658061
IGHG4_Y23,IGHG4,1.15155615040482,0.00321,0.00789781720952844
KKCC2_S17,KKCC2,-0.581723693972605,0.00321,0.00789781720952844
MPRIP_S3,MPRIP,1.35102205041885,0.00321,0.00789781720952844
TNS2_Y8,TNS2,-0.552553183792767,0.00321,0.00789781720952844
TGON2_S3,TGON2,-0.456809932380732,0.00322,0.00791857142857143
M3K7_S4,M3K7,1.15028536849291,0.00325,0.00798846527440505
K1522_S2,K1522,0.996884840302061,0.00327,0.00803372330097088
CD2B2_S8,CD2B2,0.708546760401283,0.00328,0.00805438136826783
TB10B_S10,TB10B,0.230155440664127,0.0033,0.00809956353055286
DPYL3_S8,DPYL3,0.639161645810919,0.00331,0.00812016965584101
EP400_S3,EP400,0.675621183405721,0.00332,0.00813681355932203
MOT1_T7,MOT1,-0.424261472736988,0.00332,0.00813681355932203
FMNL1_S22,FMNL1,0.885278839841445,0.00333,0.00815737173281704
PYRG2_S8,PYRG2,-0.333384002742453,0.00335,0.00820239477503628
PROX1_S8,PROX1,-0.607122067887331,0.00336,0.00822290135396518
DESP_Y6,DESP,-0.258975026690837,0.00337,0.00823542732979237
NEK6_S6,NEK6,0.631203405801742,0.00337,0.00823542732979237
NEK7_S6,NEK7,0.631203405801742,0.00337,0.00823542732979237
CCYL1_S4,CCYL1,0.667950666400874,0.00338,0.00825189580318379
NIPA_S14,NIPA,-0.430766257220873,0.00338,0.00825189580318379
EPN4_T9,EPN4,-0.392082685263168,0.00339,0.00826833253012048
SRC8_T3,SRC8,-0.399943484644026,0.00339,0.00826833253012048
AKA12_S7,AKA12,-2.12281399538416,0.0034,0.00828075072184793
NU214_T15,NU214,-1.32026747192672,0.0034,0.00828075072184793
PLEC_S7,PLEC,0.998810445948329,0.0034,0.00828075072184793
HNRL1_S5_T20,HNRL1,0.587807252932447,0.00343,0.00834578365384615
PALM3_S7,PALM3,0.866594897787623,0.00343,0.00834578365384615
KCD12_S7,KCD12,0.96261074478922,0.00344,0.00836207492795389
SAMN1_S3,SAMN1,1.81253836214106,0.00344,0.00836207492795389
SRS11_S11,SRS11,0.471864651482927,0.00345,0.0083783349328215
TENS1_S9,TENS1,0.834422357086586,0.00345,0.0083783349328215
41_S3,41,0.819242948837893,0.00346,0.00839456375838926
ZN639_S3,ZN639,-0.963558175480905,0.00346,0.00839456375838926
SASH3_S3,SASH3,1.37613974752667,0.00349,0.0084632918064207
S20A2_S8,S20A2,-1.73641646873844,0.0035,0.00848347701149425
INT3_S9,INT3,-0.633020125018921,0.00352,0.00852786979415989
SLTM_S5,SLTM,1.50890871114252,0.00354,0.00857222009569378
VIME_S4,VIME,1.44575891462173,0.00355,0.00859232424677188
MTP_T10,MTP,2.09010745753178,0.00358,0.00865665551839465
REEP3_S1,REEP3,-0.513219285502627,0.00358,0.00865665551839465
CPZIP_S5,CPZIP,-0.116961917491675,0.00359,0.00867669054441261
C2CD5_S3,C2CD5,0.819970309878597,0.00361,0.00871670324427481
SQSTM_S14,SQSTM,2.30000696746874,0.00361,0.00871670324427481
PCDH1_S3_S14,PCDH1,0.554483959317644,0.00362,0.00873251668255481
RSF1_S3,RSF1,-0.84093130301956,0.00362,0.00873251668255481
SL9A1_S3,SL9A1,-0.536842659912577,0.00363,0.00875246784182944
SRSF2_S9,SRSF2,0.151029945941685,0.00364,0.0087724
SYNJ1_S1,SYNJ1,-0.486484214978156,0.00367,0.00884049024274155
KPCA_T6,KPCA,0.689665138058462,0.00369,0.0088759933460076
TP53B_S9,TP53B,0.877860272687869,0.00369,0.0088759933460076
WAPL_S4_S9,WAPL,0.789148255204272,0.00369,0.0088759933460076
AT8B1_S1,AT8B1,-0.401615693428512,0.00371,0.0089071679316888
SO2B1_S2,SO2B1,-0.42883048287907,0.00371,0.0089071679316888
SQSTM_S11,SQSTM,2.53992086605194,0.00371,0.0089071679316888
SSH2_S3,SSH2,-0.447251548819053,0.00371,0.0089071679316888
IRS2_T1,IRS2,0.0608728170735079,0.00372,0.00892694167852063
F169A_S8,F169A,-0.1034510473288,0.00373,0.00894245855045002
SHB_S3,SHB,1.78819902752626,0.00373,0.00894245855045002
AT2B2_S2,AT2B2,-0.447661908871234,0.00374,0.0089621875
MCRI1_S1,MCRI1,-0.405995231924223,0.00375,0.00897340425531915
RHG04_S17,RHG04,0.993148744997303,0.00375,0.00897340425531915
SNAA_S4,SNAA,-1.08024336949519,0.00375,0.00897340425531915
SCAFB_S3,SCAFB,-0.574294980788482,0.00376,0.00899308128544423
MTCL1_S4,MTCL1,0.519339649960604,0.00377,0.0090127397260274
CO1A1_Y1,CO1A1,0.699986475944062,0.00378,0.00903237960339943
SHRM2_S5,SHRM2,-0.392603030529441,0.0038,0.00907588485134498
CPZIP_S2,CPZIP,-0.596974414468338,0.00381,0.00909547641509434
SON_S4,SON,-0.125273011270306,0.00384,0.00916277227722772
PPIG_S2,PPIG,0.860189807948461,0.00385,0.00918230442978322
FLI1_S11,FLI1,0.882464213170016,0.003858034350533,0.00919713228829369
EMSA1_S22,EMSA1,0.774070908271851,0.00386,0.00919748587570621
KANK3_S3,KANK3,0.547161714908571,0.0039,0.00928842352941176
K2C8_Y13,K2C8,0.773120899861105,0.00393,0.00935107193229901
ZCHC8_S7,ZCHC8,-0.295568944117933,0.00393,0.00935107193229901
FAK1_T6,FAK1,1.62899344225111,0.00395,0.00938542253521127
LARP1_S1,LARP1,-0.69496593403497,0.00395,0.00938542253521127
MA7D1_S3_S6,MA7D1,-0.0388730475840572,0.00395,0.00938542253521127
2A5E_S1,2A5E,0.550156636335755,0.00396,0.0094003564727955
STML2_S4,STML2,1.13958990513033,0.00396,0.0094003564727955
YTDC1_S3,YTDC1,-0.337787108416556,0.00397,0.00941967651195499
NIBL1_S6,NIBL1,-0.651997206706744,0.004,0.00948641049671978
ARHGG_S1,ARHGG,-0.656691769074134,0.00402,0.00952045858680393
ES8L2_S19,ES8L2,0.417535067092857,0.00402,0.00952045858680393
S4A4_S3,S4A4,-0.205596075624673,0.00402,0.00952045858680393
PALM3_S3,PALM3,0.4441727126047,0.00404,0.00956334892422825
ESYT2_S3,ESYT2,1.72001947747871,0.00407,0.00962985974754558
SRRM2_S1,SRRM2,0.102259773000007,0.00408,0.00964900934579439
TB182_S12,TB182,-0.414350346531543,0.0041,0.00969177954226997
PLEC_S1,PLEC,-0.35989871660213,0.00413,0.00975813725490196
PAPOG_S3,PAPOG,-0.381156367313938,0.00414,0.00977263992537313
ZNT1_S7,ZNT1,-1.08579693475986,0.00414,0.00977263992537313
SYFA_S3,SYFA,-0.801078953839964,0.00417,0.00983886713286713
FLNA_S17,FLNA,0.414825113806179,0.00418,0.00985786579683131
TGFI1_S15,TGFI1,0.495916622364292,0.00421,0.00992399161620866
AFAP1_S4,AFAP1,1.4949523136557,0.00424,0.00999005586592179
E41L5_S4,E41L5,1.35539031376734,0.00425,0.0100089576547231
FMNL1_S7,FMNL1,1.12542078993905,0.00426,0.0100278418604651
HUTH_S7,HUTH,-0.747717901803698,0.00428,0.0100702370990237
LRCH4_S3,LRCH4,0.666011214271448,0.00431,0.0101314026939155
MYLK_S3,MYLK,1.10591629510509,0.00431,0.0101314026939155
GOLM1_S3,GOLM1,-1.27191510043556,0.00436,0.0102441782729805
KS6A4_S2,KS6A4,0.371118779173159,0.00437,0.010262909512761
NTAL_S1,NTAL,0.693192627771995,0.00439,0.0103050974025974
ARHG5_S11,ARHG5,1.11416017793494,0.00442,0.0103707093184979
F1711_S5,F1711,0.557504242375222,0.00443,0.010384543770264
LSP1_S15,LSP1,0.637322878593779,0.00443,0.010384543770264
SCPDL_S3,SCPDL,-1.38613767334114,0.00446,0.0104500277777778
ASPP1_S3,ASPP1,0.566561031783427,0.00447,0.0104686117538177
PKP4_S11,PKP4,1.61556152618229,0.00448,0.0104871785383904
NUCB1_T12,NUCB1,-0.60865858527138,0.00451,0.0105525242718447
STIM1_S7,STIM1,-0.137910957295271,0.00452,0.0105710351201479
POTEI_Y1,POTEI,0.0754403970985494,0.00454,0.0106129053117783
G3P_Y5_S9,G3P,-1.2424857981806,0.00456,0.010649820027688
RN213_S2,RN213,-1.8238349818044,0.00456,0.010649820027688
BICC1_S1,BICC1,1.42229086890068,0.00458,0.0106915959409594
ELF1_S8,ELF1,0.593606179780606,0.0046,0.0107333333333333
OCLN_S14,OCLN,-0.233497901023205,0.00461,0.0107517096774194
K2C8_S11,K2C8,2.6059216094003,0.00463,0.0107884116022099
RBM25_S1,RBM25,-1.66933171189768,0.00463,0.0107884116022099
DDX17_S29,DDX17,-0.178238596542237,0.00464,0.0108017663293468
OPTN_S3,OPTN,0.959732727255743,0.00464,0.0108017663293468
GBG12_S3,GBG12,0.64947264077839,0.00465,0.0108200689655172
FES_T5,FES,-0.190354012738924,0.00469,0.0109031189710611
LMO7_S1,LMO7,-0.912264330563316,0.00469,0.0109031189710611
T22D4_T21,T22D4,0.871872486910735,0.0047,0.010921349862259
FABPL_S5,FABPL,-2.5483147355939,0.00472,0.0109627902707664
SREC_S3,SREC,-0.233516540489767,0.00474,0.0110041926605505
NEXN_S3,NEXN,1.11990503086448,0.00477,0.0110586211635364
PML_S2,PML,2.01660265242039,0.00477,0.0110586211635364
SHIP1_S5,SHIP1,1.95077063631534,0.00477,0.0110586211635364
INT10_S19,INT10,0.651817887243618,0.00479,0.011094823798627
PPM1K_S9,PPM1K,-0.426959133397289,0.00479,0.011094823798627
RHG21_S3,RHG21,0.420222790525959,0.00481,0.0111360521500457
TSC2_S7,TSC2,-0.787458603964409,0.00483,0.0111772427983539
BD1L1_S2,BD1L1,-0.544360143180165,0.00484,0.0111952650822669
PPLA_S3,PPLA,0.657211202073857,0.00487,0.0112595111923253
TOB1_S2,TOB1,-0.834136956042691,0.00488,0.0112774794520548
UBP10_S16,UBP10,0.821525842107374,0.00489,0.0112954313099042
LATS1_S1,LATS1,-0.309910511414023,0.0049,0.0113133667883212
NHRF1_S10,NHRF1,0.887997620099917,0.00492,0.0113491886964448
PRC2A_S7,PRC2A,0.491276184603455,0.00492,0.0113491886964448
STMN1_S3,STMN1,0.392298774393712,0.00493,0.0113670751708428
LYST_T2,LYST,-0.64973265144802,0.00495,0.0114027992717342
NUFP2_T2,NUFP2,-0.561772858894071,0.00495,0.0114027992717342
CTL3_S7,CTL3,0.935932401678517,0.00496,0.0114206369426752
ADAM9_S3,ADAM9,0.305655247276242,0.00497,0.0114384583901774
TRAP1_S1,TRAP1,-0.699915413512669,0.005,0.0115022727272727
NCF4_S3,NCF4,1.55442498182507,0.00509,0.0117039936392549
MYCT1_S1,MYCT1,-0.839757858780321,0.00513,0.0117852610077168
MYPT1_S3,MYPT1,0.677594503873702,0.00513,0.0117852610077168
PABP2_S5,PABP2,-0.3089388154327,0.00514,0.0118028765880218
RRBP1_S4,RRBP1,-0.0714352510680996,0.00516,0.0118434285714286
BRD4_S2,BRD4,-0.433114402532556,0.00519,0.0119068857660925
CSKI2_S3,CSKI2,-0.582926376047607,0.0052,0.0119082352941176
G6PI_S11,G6PI,-2.36451466693901,0.0052,0.0119082352941176
RBM12_S3,RBM12,-0.762778598322657,0.0052,0.0119082352941176
YAP1_S7,YAP1,-0.354589168749354,0.0052,0.0119082352941176
K1C18_T2,K1C18,1.12039730102224,0.00523,0.0119715196743555
OFD1_S3,OFD1,0.519549265306391,0.00524,0.0119835698147311
TRIP6_S7,TRIP6,0.654385000574788,0.00524,0.0119835698147311
MY15B_T6,MY15B,-0.709615453007229,0.00528,0.012069593495935
RAB7A_S3,RAB7A,0.537185653732746,0.00529,0.012086993227991
NELFE_S3,NELFE,-0.317317695772045,0.0053,0.0121043772563177
PDLI2_S4,PDLI2,-0.868793800308235,0.00532,0.0121445737483085
ABLM1_S14,ABLM1,-0.738585134195998,0.00533,0.0121619161406673
KPCZ_T11,KPCZ,-0.482209003440003,0.00536,0.012224858044164
TGON2_S6,TGON2,-0.865095625373856,0.00537,0.0122421486486486
RS2_S7,RS2,0.7880585565532,0.00538,0.0122594236830257
I2BPL_S27,I2BPL,0.68846405835732,0.00542,0.0123450135013501
CG043_S3,CG043,1.9546108701341,0.00545,0.0124021807553957
RELL1_S1,RELL1,0.627463801768172,0.00545,0.0124021807553957
SYEP_S16,SYEP,-0.399509863218588,0.00548,0.0124592452830189
TBCD5_S2,TBCD5,-0.665271277182012,0.00548,0.0124592452830189
KTN1_S12,KTN1,0.563962112187304,0.0055,0.0124991019308487
PITM3_S3,PITM3,-0.564233533987189,0.00553,0.0125616382405745
SQSTM_S21,SQSTM,1.08981144715907,0.00555,0.0126014131897712
RBP1_S9,RBP1,-0.292159524404118,0.00557,0.0126411524663677
K1C18_S17,K1C18,0.941297286270666,0.0056,0.0127035410129987
DOCK2_S8,DOCK2,0.489340712044936,0.00561,0.0127148275862069
ZNRF2_S7,ZNRF2,-0.594310251763083,0.00561,0.0127148275862069
HMDH_S1,HMDH,-1.34344774109073,0.00566,0.0128224082363474
PI4KB_S1,PI4KB,-0.225640028956921,0.00567,0.0128393154362416
SFR15_S14,SFR15,-0.63254735682126,0.0057,0.0129014758497317
HNRL1_S1,HNRL1,-0.366273483935371,0.00571,0.0129125603217158
YTDC2_S3,YTDC2,-0.725448625840721,0.00571,0.0129125603217158
EEA1_S2,EEA1,-0.370355286281696,0.00573,0.01294621875
UBR5_S1,UBR5,-0.0563104902208875,0.00573,0.01294621875
HNRL2_T19,HNRL2,0.544691227494003,0.00577,0.0130249643175736
SRRM2_S14,SRRM2,-0.806909637719758,0.00577,0.0130249643175736
MAVS_S2,MAVS,-1.77294711136428,0.00581,0.0131094115024521
CAMP3_S5,CAMP3,-0.825761569983617,0.00583,0.0131486764705882
MP2K2_S19,MP2K2,0.602806186123896,0.00584,0.0131595013357079
RBM15_S5,RBM15,0.370199959559718,0.00584,0.0131595013357079
LMCD1_S3,LMCD1,0.973290007640197,0.00585,0.0131761682242991
SYQ_S3,SYQ,-0.538765302317315,0.00587,0.0132153336298932
FBLN2_S3,FBLN2,1.91533964701594,0.0059,0.0132710666666667
GRDN_S3,GRDN,0.699499132251062,0.0059,0.0132710666666667
CTNB1_S3,CTNB1,-0.322343161102882,0.00599,0.0134675211017326
ATIF1_S2,ATIF1,-0.899581378527424,0.006,0.013472049689441
DPYL2_T1,DPYL2,1.95440158442306,0.006,0.013472049689441
RRBP1_S15,RRBP1,-0.0657872182910407,0.006,0.013472049689441
OSBP1_S6,OSBP1,-0.710816837742991,0.00601,0.0134885188470067
SET1A_S3,SET1A,-0.605751523145781,0.00602,0.0135049734042553
LAYN_S3,LAYN,1.27822219846202,0.00603,0.0135214133805937
4ET_T2,4ET,1.19526386940532,0.00606,0.0135826660761736
NGEF_S5,NGEF,0.90308434084175,0.00619,0.0138679017264276
PTPS_S2,PTPS,-1.17827705874711,0.00622,0.0139289469026549
SNRK_S4,SNRK,0.918638832544924,0.00623,0.0139451702786378
ELF4_T2,ELF4,-1.09643780252427,0.00624,0.013955209898365
SRRM2_S3_T5,SRRM2,1.15880776092656,0.00624,0.013955209898365
ARHGH_S4,ARHGH,0.683344372001168,0.0063,0.0140769536423841
MLF2_S4,MLF2,0.765247894453033,0.0063,0.0140769536423841
GRIN3_S1,GRIN3,1.53380617868696,0.00631,0.0140930759046778
K2C8_S7,K2C8,0.429774277745239,0.00634,0.0141475925925926
PRKDC_S19,PRKDC,0.442496461244329,0.00634,0.0141475925925926
KS6C1_S5,KS6C1,-0.617069500540786,0.00635,0.0141636624063464
RBMX_S2,RBMX,0.659508023177473,0.00638,0.014211786971831
RMXL1_S2,RMXL1,0.659508023177473,0.00638,0.014211786971831
TLN2_T5,TLN2,-0.22335981575675,0.00638,0.014211786971831
OCAD1_S3,OCAD1,-0.363952239826923,0.0064,0.0142437994722955
TOM1_S5,TOM1,-0.74003576123674,0.0064,0.0142437994722955
CHSTD_S3,CHSTD,-0.543481292499802,0.00641,0.0142597846153846
T2FA_T5,T2FA,-1.81242302094269,0.00642,0.014275755711775
MRCKB_S9,MRCKB,-0.606588559823802,0.00644,0.0143139393939394
ATTY_S2,ATTY,-0.920393528996651,0.00645,0.0143235849056604
DAB2_S9,DAB2,-0.39871640707198,0.00645,0.0143235849056604
ENL_S1,ENL,-1.14048989603116,0.00646,0.0143395
RU17_S8,RU17,-0.31204728029175,0.00648,0.0143775887768523
ALG3_S1,ALG3,-0.600533254041933,0.00649,0.0143934662576687
FOXA1_S4,FOXA1,-1.54866097051871,0.00651,0.0144188665207877
FOXA3_S4,FOXA3,-1.54866097051871,0.00651,0.0144188665207877
TB182_S7,TB182,-0.559305300318824,0.00651,0.0144188665207877
K1C19_S6,K1C19,1.95846853959369,0.00654,0.0144789763779528
FGD4_S9,FGD4,-1.41019880145165,0.00655,0.014494774814167
AJUBA_S16,AJUBA,1.06110886719079,0.00656,0.0145042201834862
IF4B_S4,IF4B,-0.46309159391967,0.00656,0.0145042201834862
MA7D3_S3,MA7D3,1.48658550699382,0.00657,0.0145199868995633
AN13D_S4_T8,AN13D,0.487553510852633,0.00659,0.0145578306416412
RB6I2_S8,RB6I2,1.22211281426812,0.0066,0.014567204535543
VCIP1_S4,VCIP1,-0.0390960562493429,0.0066,0.014567204535543
KANK3_S1,KANK3,0.425694567359622,0.00662,0.0146049782040105
HNRL1_S26,HNRL1,0.0549283018075773,0.00663,0.0146206666666667
FOXK1_S5,FOXK1,-0.530210059216797,0.00664,0.0146363414634146
MYPT1_S1,MYPT1,0.636155811103844,0.00666,0.0146740356987375
ATG2A_S3,ATG2A,2.65702781428881,0.00669,0.0147337206266319
WAC2A_S3,WAC2A,-0.892624751759258,0.00674,0.0148309304347826
WAC2C_S3,WAC2C,-0.892624751759258,0.00674,0.0148309304347826
PRC2A_T14,PRC2A,-0.0554805471951523,0.00678,0.0149124641460235
DJC17_S7,DJC17,0.633412631443734,0.00679,0.0149279713292789
K1C18_S8,K1C18,1.30056584505839,0.0068,0.0149434650455927
SSH1_S2,SSH1,1.09552967390089,0.00682,0.0149809114583333
ARAP1_S4,ARAP1,0.328799314592441,0.00683,0.0149963687635575
PPHLN_S1,PPHLN,-1.7608148619405,0.00686,0.0150557068516912
PCBP1_S13,PCBP1,0.370648013942478,0.00687,0.0150711183355006
HDGF_S2,HDGF,-0.53413357429212,0.00688,0.0150734545454545
UN13B_S3,UN13B,0.466443006477148,0.00688,0.0150734545454545
VPS4B_S14,VPS4B,-0.733980439903076,0.00688,0.0150734545454545
NUMA1_S4,NUMA1,-0.0629785079733023,0.00689,0.0150888316745997
IGHG3_T1_S8_Y19,IGHG3,1.42583497344429,0.0069,0.0151041955017301
MOT1_S8,MOT1,-0.720810452072903,0.00691,0.0151195460440986
VIP1_S4,VIP1,-0.22419943902425,0.00698,0.0152661106309421
GTPB1_S18,GTPB1,-0.507633794330687,0.007,0.0153032397408207
RB15B_T2,RB15B,0.782399538945017,0.00702,0.0153403367875648
K1109_T8,K1109,-0.590333660619939,0.00703,0.0153555589123867
ACAP2_S7,ACAP2,-0.126243480865369,0.00704,0.015370767903365
E41L3_S3,E41L3,1.18988125044559,0.00709,0.0154665905172414
KMT2D_S5,KMT2D,0.582072543331826,0.00709,0.0154665905172414
RTKN_T1,RTKN,0.219886862021501,0.00715,0.0155907582938389
WDR59_S3,WDR59,0.640044851309565,0.00716,0.0156058397932817
S28A1_S4,S28A1,0.92823838113035,0.00718,0.0156426947912182
FOG1_S1,FOG1,-0.764885931375124,0.0072,0.0156795180722892
DHX16_S8,DHX16,-0.299083098654179,0.00723,0.0157380774193548
HDAC4_T1,HDAC4,0.350606065577055,0.00725,0.015768048990116
SRRM2_T7,SRRM2,0.768422138605294,0.00725,0.015768048990116
PAXI_S9,PAXI,0.30561962077504,0.00732,0.0159134536082474
AL4A1_S1_Y4,AL4A1,-0.80352645390196,0.00734,0.0159432360515021
FOXO1_S7,FOXO1,0.589374958948727,0.00734,0.0159432360515021
UBD_S3,UBD,5.11720236076963,0.00738,0.0160232432432432
AL4A1_T10,AL4A1,0.572140043841867,0.0074,0.0160597770154374
NCOR2_S8,NCOR2,-1.05280063974016,0.00743,0.0161179725675096
UBP47_T8,UBP47,-0.408708042884078,0.00746,0.016176118251928
NDRG3_S3,NDRG3,-0.300124230340124,0.00747,0.0161908650963597
NEST_S38,NEST,1.06910451469794,0.00752,0.0162922602739726
ZRAB2_S5,ZRAB2,1.26067305600884,0.00755,0.0163502567394095
SHAN3_T11,SHAN3,0.529830415513559,0.00756,0.0163649101796407
UBP2L_S17,UBP2L,1.24526745639903,0.00757,0.0163795510902095
ACINU_S7,ACINU,-0.853576906274005,0.00759,0.0164087953865869
IQEC1_S6,IQEC1,0.670478058825253,0.00759,0.0164087953865869
SRRM1_Y2,SRRM1,0.307147217446293,0.0076,0.0164163892445583
TEX2_S1,TEX2,-1.22648305977921,0.0076,0.0164163892445583
SKT_S3,SKT,0.796059772103396,0.00762,0.0164525682593857
AHNK_S4,AHNK,0.174238670531305,0.00763,0.0164671343283582
RGPA2_T1,RGPA2,-0.465734925058357,0.00764,0.0164746655304644
SRRM2_S19,SRRM2,-0.137743370226034,0.00764,0.0164746655304644
CTND1_S1,CTND1,-0.782138598946532,0.00766,0.0165037292464879
MARE1_S5,MARE1,1.29353339607636,0.00766,0.0165037292464879
HNRPU_S22,HNRPU,0.4044559598169,0.00767,0.0165182425531915
CCYL1_S1,CCYL1,-0.454334286651403,0.00775,0.01668343258188
T22D4_T12,T22D4,0.855681303275638,0.00779,0.0167624107142857
UBP5_S5,UBP5,-1.35411375163234,0.0078,0.0167767955801105
CO6A2_S12,CO6A2,0.34390286426333,0.00782,0.0168126677994902
SMRC2_S8,SMRC2,-0.289963048092198,0.007826188890245,0.0168188288634947
ARHGB_T11,ARHGB,-0.00521057725806193,0.00783,0.016819876910017
C2CD5_S14,C2CD5,-0.435686607892458,0.00789,0.0169272106824926
S4A4_S5,S4A4,-1.26534406465701,0.00789,0.0169272106824926
YAP1_S4,YAP1,0.751454981214219,0.00789,0.0169272106824926
PROSC_S3,PROSC,-1.95310758696461,0.00791,0.0169629279661017
PGM1_S11,PGM1,-0.722656245790108,0.00792,0.0169771791613723
GPC5C_S1,GPC5C,-1.59941744351636,0.00794,0.0170128450465707
DEMA_S4,DEMA,1.83606178999282,0.00795,0.017027063055438
CIP4_S6,CIP4,0.770007548949356,0.00797,0.0170626776649746
KCD12_T12,KCD12,-0.275148960824809,0.00804,0.0172052600422833
LAP2B_S11,LAP2B,0.512838039803665,0.00808,0.017283550295858
BCAP_S1,BCAP,-0.546618215442046,0.00809,0.0172903251689189
F102B_S3,F102B,0.441542949266477,0.00809,0.0172903251689189
LTBP1_S11,LTBP1,1.22888295065468,0.00814,0.0173898438159561
MBB1A_S3,MBB1A,-1.05276219728997,0.00819,0.0174892784810127
PARN_S4,PARN,-0.234029747495962,0.00831,0.0177380472374526
TENS1_S5,TENS1,0.944827126669093,0.00832,0.0177519055649241
LMNA_S3_S6,LMNA,0.5676908039559,0.00835,0.0178009056444819
TSC2_S3,TSC2,0.900958631084619,0.00835,0.0178009056444819
H4_S3,H4,0.360500577363113,0.00837,0.0178360294736842
NOP56_S9,NOP56,0.565670621010213,0.00841,0.0179137247474748
ARHGH_S2,ARHGH,1.50201439232886,0.00844,0.0179549558638083
CTNA1_S4,CTNA1,0.608411786974969,0.00844,0.0179549558638083
CTNA2_S4,CTNA2,0.608411786974969,0.00844,0.0179549558638083
PRC2C_T2,PRC2C,1.32505352828639,0.00849,0.0180537352941176
SPE39_S5,SPE39,-0.51062545235431,0.0085,0.018067408651827
EP15R_S13,EP15R,0.67336301773097,0.00855,0.0181660579345088
CIC_S5,CIC,-0.0440525277263483,0.00858,0.0182221485522451
SYNPO_S6,SYNPO,0.989145989970244,0.00861,0.018278192114094
TLN1_S3,TLN1,-0.573137598018808,0.00865,0.0183554088050314
CTBP2_S42,CTBP2,0.472448506935547,0.00867,0.0183824340175953
LPIN3_S3,LPIN3,0.274258650767185,0.00867,0.0183824340175953
TENS1_T9,TENS1,0.541370973819295,0.00869,0.0184171231155779
CD97_T8,CD97,-0.907101665000043,0.00883,0.0187059983256593
EDC3_S7,EDC3,0.0199067797100903,0.00884,0.0187193472803347
CTGE5_S8,CTGE5,-0.63813995597332,0.00887,0.0187514912280702
ITSN1_S3,ITSN1,0.812547462711452,0.00886,0.0187514912280702
MIA2_S8,MIA2,-0.63813995597332,0.00887,0.0187514912280702
SSRP1_S3,SSRP1,-1.59437520865157,0.00887,0.0187514912280702
CYBR1_S14,CYBR1,1.41405503658584,0.00889,0.0187859248434238
MYPT1_T3,MYPT1,-0.214252819538349,0.00891,0.0188203297161937
TRI33_S3,TRI33,-0.924941154809699,0.00893,0.0188547058823529
TM201_S3,TM201,0.842432206690969,0.00898,0.0189523686405338
CHAP1_S7,CHAP1,0.408951067683627,0.009,0.0189866611087953
DOCK5_S3,DOCK5,0.639202881986773,0.00903,0.0190022676579926
K22E_S3,K22E,3.57128442040565,0.00909,0.0190022676579926
K22O_S3,K22O,3.57128442040565,0.00909,0.0190022676579926
K2C1B_S3,K2C1B,3.57128442040565,0.00909,0.0190022676579926
K2C1_S3,K2C1,3.57128442040565,0.00909,0.0190022676579926
K2C3_S3,K2C3,3.57128442040565,0.00909,0.0190022676579926
K2C5_S3,K2C5,3.57128442040565,0.00909,0.0190022676579926
K2C6A_S3,K2C6A,3.57128442040565,0.00909,0.0190022676579926
K2C6B_S3,K2C6B,3.57128442040565,0.00909,0.0190022676579926
K2C6C_S3,K2C6C,3.57128442040565,0.00909,0.0190022676579926
K2C71_S3,K2C71,3.57128442040565,0.00909,0.0190022676579926
K2C72_S3,K2C72,3.57128442040565,0.00909,0.0190022676579926
K2C73_S3,K2C73,3.57128442040565,0.00909,0.0190022676579926
K2C74_S3,K2C74,3.57128442040565,0.00909,0.0190022676579926
K2C75_S3,K2C75,3.57128442040565,0.00909,0.0190022676579926
K2C78_S3,K2C78,3.57128442040565,0.00909,0.0190022676579926
K2C79_S3,K2C79,3.57128442040565,0.00909,0.0190022676579926
K2C7_S3,K2C7,3.57128442040565,0.00909,0.0190022676579926
K2C8_S3,K2C8,3.57128442040565,0.00909,0.0190022676579926
KRT84_S3,KRT84,3.57128442040565,0.00909,0.0190022676579926
NEST_S9,NEST,0.489310249109239,0.00906,0.0190022676579926
STRN3_S11,STRN3,-0.394557817578298,0.00909,0.0190022676579926
BI2L1_S16,BI2L1,0.492691270237316,0.00914,0.019098901734104
ZBT38_S5,ZBT38,-0.605421268762295,0.00916,0.0191327940569542
CYLD_S13,CYLD,0.637648350195832,0.00918,0.0191666584158416
HECD4_T4,HECD4,-0.732427766823412,0.009186125966814,0.0191715395950704
ZBTB3_S19,ZBTB3,0.258010234013619,0.00919,0.0191717188788129
ZCCHV_S6,ZCCHV,0.508684299939055,0.0092,0.0191846724351051
SYNRG_S6,SYNRG,-0.412972029168691,0.00922,0.0192184596375618
SI1L1_S2,SI1L1,-0.438432478287634,0.00923,0.0192313832853026
SC22B_S9,SC22B,-1.29775418453735,0.00925,0.0192571986836693
SPTB2_S13,SPTB2,1.26786066072974,0.00925,0.0192571986836693
IFIH1_S2,IFIH1,-0.588666315543004,0.00934,0.0194365707236842
AKP13_S7,AKP13,-0.931741112359917,0.00935,0.0194493834771887
ADDG_S14,ADDG,-0.148548835080003,0.00936,0.0194621857025472
TACC2_S2,TACC2,-0.529370650194323,0.00937,0.019474977412731
APC1_S7,APC1,-0.752326413265751,0.00938,0.0194877586206897
CPZIP_S10,CPZIP,1.00429117983634,0.00941,0.0195340484003281
RHG23_S1,RHG23,1.77195207799103,0.00941,0.0195340484003281
MPRIP_T12,MPRIP,-0.0749076467461576,0.00944,0.0195882902829028
MOT8_T7,MOT8,-0.558456605165161,0.00946,0.0196217459016393
SYNP2_S17,SYNP2,1.35077069976751,0.00949,0.0196759074149939
DCAF5_S13,DCAF5,-0.420725147286127,0.0095,0.0196885749385749
LSP1_S14,LSP1,0.489978916510138,0.00959,0.0198669627507163
ADH1A_T6,ADH1A,-1.18885576632557,0.00963,0.0199416653027823
CAMP2_S3,CAMP2,1.23904136325471,0.00974,0.0201612024539877
BRE1A_S13,BRE1A,-0.196149907768588,0.00977,0.0202067715570086
ZC11A_S3,ZC11A,0.143815321851815,0.00977,0.0202067715570086
SAFB1_S38,SAFB1,0.576244402055232,0.00982,0.0202935973866884
SAFB2_S38,SAFB2,0.576244402055232,0.00982,0.0202935973866884
TENS1_S11,TENS1,0.605065811675544,0.00983,0.0203059714285714
TCOF_S4,TCOF,0.928298108465831,0.00986,0.0203596328029376
ZN185_S2,ZN185,-0.187859483732875,0.00988,0.0203926101141925
AHNK_S10,AHNK,0.858576071604456,0.00991,0.020446192417448
RD23B_T15,RD23B,0.253077205269221,0.00993,0.0204791075794621
CAPS2_S1,CAPS2,-1.29772365106554,0.01002705650794,0.0206708484670812
TCOF_S7,TCOF,0.715141749623093,0.0101,0.0208127442996743
ZC3HD_S4,ZC3HD,0.512082645927592,0.010164007133889,0.0209361172586944
SEPT7_S8,SEPT7,2.84853480452894,0.0102,0.020993167954453
TPC10_S7,TPC10,0.460195820724454,0.0102,0.020993167954453
AHNK_S16,AHNK,1.67288600051825,0.010277253230279,0.021143568535952
HNRPU_S3,HNRPU,-0.702585939479193,0.0103,0.0211817553839902
AFAP1_T3,AFAP1,1.37704956761239,0.0104,0.0213267423014587
AKAP2_T8,AKAP2,0.400880033784011,0.0104,0.0213267423014587
ARAF_S3,ARAF,-0.443722886315567,0.0104,0.0213267423014587
EMSY_S6,EMSY,0.375646212606576,0.0104,0.0213267423014587
KLC4_T2,KLC4,-0.975494722057652,0.0104,0.0213267423014587
MAP1A_S16,MAP1A,0.924566099775581,0.0104,0.0213267423014587
RIPK1_S3,RIPK1,-0.445159838829749,0.0104,0.0213267423014587
PTRF_S1,PTRF,0.751954487846375,0.010446132741642,0.0214126682079588
CCRL2_S3,CCRL2,1.63228487360291,0.0105,0.0214969660194175
MTMR3_S1,MTMR3,-0.203329430799881,0.0105,0.0214969660194175
MYLK_S33,MYLK,1.43828364621061,0.0105,0.0214969660194175
KI13B_S5,KI13B,1.05324190758392,0.010577908702981,0.0216477136861249
LMO7_T3,LMO7,-0.337376580236366,0.0106,0.0216666397415186
RTN4_S16,RTN4,0.638333061870184,0.0106,0.0216666397415186
SYNP2_S7,SYNP2,0.391033761023444,0.0106,0.0216666397415186
BCLF1_S9,BCLF1,-0.33669154587917,0.0107,0.0218269649334946
CARF_S3,CARF,-1.37158380826856,0.0107,0.0218269649334946
K0556_S3,K0556,0.60098008699036,0.0107,0.0218269649334946
MYCT1_T5,MYCT1,0.361554304950464,0.0107,0.0218269649334946
ZBT17_S8,ZBT17,-0.00709901223042976,0.0107,0.0218269649334946
ATX2L_S7,ATX2L,0.369176182641556,0.0108,0.0220132098268224
PSN1_S1,PSN1,1.24837647363093,0.0108,0.0220132098268224
REEP3_S3,REEP3,-0.418064950149586,0.0109,0.0221991549295775
SRBS2_S1,SRBS2,-0.613037860157641,0.0109,0.0221991549295775
ASAP1_S7,ASAP1,0.459311163620023,0.011,0.0223488558811722
ASPD_S10,ASPD,-0.585258723215623,0.011,0.0223488558811722
CNKR3_S3,CNKR3,0.48967232079292,0.011,0.0223488558811722
PHF12_T8,PHF12,0.322801858635109,0.011,0.0223488558811722
TTC7A_S3,TTC7A,-0.196106930048594,0.011,0.0223488558811722
WDR4_S3,WDR4,-0.576674393846699,0.011,0.0223488558811722
HTSF1_S7,HTSF1,-0.474953379234641,0.0111,0.0225248997594226
RFIP1_S6,RFIP1,1.1104453331498,0.0111,0.0225248997594226
RFIP2_S6,RFIP2,1.1104453331498,0.0111,0.0225248997594226
AP2A1_S1,AP2A1,-0.83337115830896,0.0112,0.02267328
DDA1_S3,DDA1,-0.85771214586708,0.0112,0.02267328
DOC10_S5,DOC10,0.940498260261211,0.0112,0.02267328
SRC8_S3,SRC8,0.446947521414369,0.0112,0.02267328
STAT3_Y20,STAT3,-0.44672371619558,0.0112,0.02267328
SVIL_S2,SVIL,-0.48355137217145,0.0112,0.02267328
LMO7_S12,LMO7,-0.16996963622396,0.0113,0.0228483020375549
MTSSL_S5,MTSSL,-0.397323172912991,0.0113,0.0228483020375549
ZYX_S5,ZYX,0.646937590986447,0.0113,0.0228483020375549
DPYL2_S11,DPYL2,2.44084035503851,0.0114,0.0230320958083832
USO1_S14,USO1,-1.02640276379291,0.0114,0.0230320958083832
BMP2K_S3,BMP2K,0.798975677409723,0.0115,0.0232155963302752
SSFA2_T6,SSFA2,-0.776864453906645,0.0115,0.0232155963302752
DIAP1_S3,DIAP1,-0.500974850113576,0.011533081328354,0.0232730959341306
ABLM2_S3,ABLM2,2.68545091591728,0.0116,0.0233801672640382
CCD97_S11,CCD97,0.435576954918829,0.0116,0.0233801672640382
DEN1A_S3,DEN1A,-0.314194528418924,0.0116,0.0233801672640382
KAT7_S8,KAT7,1.04786284367316,0.0117,0.0235723328025478
K2C8_S2,K2C8,0.413247582620824,0.0118,0.023754892601432
RHG15_S3,RHG15,0.287973572628229,0.0118,0.023754892601432
SON_S3,SON,-0.902193299001702,0.0119,0.0239276519666269
SQSTM_T4,SQSTM,1.5294541389928,0.0119,0.0239276519666269
STIM1_S17,STIM1,1.13185507990926,0.0119,0.0239276519666269
GGYF2_S14,GGYF2,0.111169108696747,0.012,0.0240904403014677
HMGA1_S6,HMGA1,0.660805679227666,0.012,0.0240904403014677
NUFP2_T1,NUFP2,-0.460380666161198,0.012,0.0240904403014677
TSC1_S5,TSC1,1.36285821481651,0.012,0.0240904403014677
AAKB1_S10,AAKB1,-0.49143279863002,0.0121,0.0242335180055402
ACSL3_S4,ACSL3,0.316960020979691,0.0121,0.0242335180055402
MYCT_S3,MYCT,0.63035864397213,0.0121,0.0242335180055402
RIN2_S4,RIN2,0.723966902756894,0.0121,0.0242335180055402
S38A4_T12,S38A4,-0.622506969009141,0.0121,0.0242335180055402
VIME_Y11,VIME,1.32632152516581,0.0121,0.0242335180055402
F117A_S1,F117A,-0.878008810206373,0.0122,0.0244241297468354
BORG5_S4,BORG5,0.503511439896935,0.012217614649354,0.0244497223172719
ATX2L_S3,ATX2L,0.982807388338037,0.0123,0.0245757204895381
DAB2_S3,DAB2,1.24644589307874,0.0123,0.0245757204895381
PGAM1_S4,PGAM1,-0.727169723126078,0.0123,0.0245757204895381
SRC8_S22,SRC8,0.59301568398239,0.0123,0.0245757204895381
FLNA_S7,FLNA,0.262219916569298,0.012319538347663,0.024595338689358
UBP2L_S12,UBP2L,0.938370048356116,0.012315724738338,0.024595338689358
EXOC7_Y9,EXOC7,1.00202922983436,0.012343252822373,0.0246329662989076
MARCS_S1,MARCS,1.26921007519605,0.0124,0.0247169751870815
RLGPB_S3,RLGPB,-0.435666464957582,0.0124,0.0247169751870815
VIME_S6,VIME,0.52969040737677,0.0124,0.0247169751870815
EGFR_S12,EGFR,-0.97156104280666,0.0125,0.0249064960629921
KMT2A_S5,KMT2A,0.188357257530896,0.0126,0.0250859952793076
ZFN2B_S3,ZFN2B,0.442344857588836,0.0126,0.0250859952793076
CAMP3_T3,CAMP3,-0.570685925867639,0.0127,0.0252751474636256
SNW1_S4_S12,SNW1,0.35277963048845,0.01274653308834,0.0253577845755066
M3K1_S3,M3K1,0.579527166236599,0.0128,0.025394276754214
MXRA7_S31,MXRA7,1.77887266099717,0.0128,0.025394276754214
RRBP1_T4,RRBP1,0.461605346088262,0.0128,0.025394276754214
SYNP2_T19,SYNP2,0.645704364214914,0.0128,0.025394276754214
TB10B_S9,TB10B,0.583995688702419,0.0128,0.025394276754214
TBC15_S3,TBC15,0.719979174396602,0.0128,0.025394276754214
TCF20_S15,TCF20,-0.63387916358899,0.0128,0.025394276754214
ATX2_S2,ATX2,-0.493319855006174,0.0129,0.0255826410658307
MCEE_S2,MCEE,-0.610677633022969,0.013,0.0257607674236492
PPBT_S11,PPBT,0.183647784390855,0.013,0.0257607674236492
RBM15_S1,RBM15,-0.576102702896497,0.013005982192809,0.0257625345901395
JIP4_S5,JIP4,0.367574950060735,0.0131,0.0259183346364347
LAD1_T3,LAD1,2.1854250126063,0.0131,0.0259183346364347
PKCB1_S10,PKCB1,0.0213869533379773,0.0131,0.0259183346364347
M3K2_S4,M3K2,1.02260774763412,0.013136615946157,0.0259806226273937
ASPP2_S4,ASPP2,-0.597423815697584,0.0132,0.02609578125
CDK14_S3,CDK14,0.566306782220846,0.0134,0.0264292283710055
CDK18_S16,CDK18,-0.100566805249328,0.0134,0.0264292283710055
EHD2_S12,EHD2,-0.875312900178728,0.0134,0.0264292283710055
M3K1_S2,M3K1,0.562152215905957,0.0134,0.0264292283710055
PCF11_S5,PCF11,0.289467531662875,0.0134,0.0264292283710055
RFIP1_S3,RFIP1,1.57518865137645,0.0134,0.0264292283710055
FARP1_S11_S17,FARP1,2.05829036530225,0.0135,0.0265643468118196
HMGX4_S2,HMGX4,0.344220727518937,0.0135,0.0265643468118196
M1IP1_T1,M1IP1,-0.443916324089762,0.0135,0.0265643468118196
NEST_S1,NEST,0.20379694089898,0.0135,0.0265643468118196
RD23B_S16,RD23B,-0.0112062245888436,0.0135,0.0265643468118196
ZN316_S6,ZN316,0.958290262551983,0.0135,0.0265643468118196
HDAC5_S3,HDAC5,0.260679945215212,0.0136,0.0267507190050525
P5I11_S2,P5I11,-1.04700079913698,0.0137,0.0269160326086957
SUFU_S3,SUFU,0.326203657841761,0.0137,0.0269160326086957
WDR3_S3,WDR3,0.832271376304796,0.0137,0.0269160326086957
ANS1A_S5,ANS1A,0.557552003508445,0.0138,0.0271019790454016
M3K3_S3,M3K3,0.412030953002306,0.0139,0.0272666279069767
MAVS_S18,MAVS,0.56986294750681,0.0139,0.0272666279069767
PHF12_T3,PHF12,0.530324630473759,0.0139,0.0272666279069767
DCP1B_S25,DCP1B,0.397344559225363,0.014,0.0274521503293297
GPR84_S3,GPR84,1.22140610480337,0.0141,0.0276161377708978
IF4G1_S2,IF4G1,0.519413562129064,0.0141,0.0276161377708978
STX4_Y13,STX4,-0.310871609099333,0.0141,0.0276161377708978
ATX2L_S1,ATX2L,0.642938154975802,0.0142,0.0277904872389791
NUCKS_S11,NUCKS,0.801277181774769,0.0142,0.0277904872389791
INF2_T8,INF2,0.635308988099832,0.0143,0.0279645672333849
ZYX_S1,ZYX,0.144286055213542,0.0143,0.0279645672333849
AGFG1_S18,AGFG1,0.671773752692427,0.0144,0.0281383783783784
AKAP2_S4,AKAP2,0.378021951033545,0.0144,0.0281383783783784
STXB5_S3,STXB5,0.60595028228691,0.0145,0.0283119212962963
VIME_S10,VIME,0.302150332898691,0.0145,0.0283119212962963
CWC25_S3,CWC25,-0.700485122644605,0.0146,0.028463251155624
SRBS1_S16,SRBS1,0.568038758937936,0.0146,0.028463251155624
TENXA_T13,TENXA,0.646432177813072,0.0146,0.028463251155624
TENX_T13,TENX,0.646432177813072,0.0146,0.028463251155624
DNM1L_S1,DNM1L,0.564173853540557,0.0147,0.028636143187067
LZTS1_S4,LZTS1,0.456854597565039,0.0147,0.028636143187067
IF4B_S10,IF4B,-0.690196422650754,0.0148,0.0288198537899192
C170B_S2,C170B,-0.599894494816448,0.0149,0.0289922722029988
TP53B_S17,TP53B,0.663956934459835,0.0149,0.0289922722029988
ZSWM8_S3,ZSWM8,-0.344902020309447,0.014925443733128,0.029030619036649
TP53B_S2,TP53B,0.406423855324729,0.015,0.0291532258064516
TRAD1_S3,TRAD1,-0.403641157374128,0.015,0.0291532258064516
PRDBP_S3,PRDBP,-0.638562718255724,0.015039881875517,0.0292195171485572
AAKG2_S2,AAKG2,-2.35920033513748,0.0151,0.0293250575594781
BCL7C_S17,BCL7C,0.278416525087563,0.0152,0.0294853200459946
IF2P_S4,IF2P,0.0266079869457004,0.0152,0.0294853200459946
RBM14_T31,RBM14,0.984469229635497,0.0152,0.0294853200459946
PAWR_T3,PAWR,1.47048421972907,0.0153,0.0296452143950995
VIME_Y2,VIME,0.452425013494473,0.0153,0.0296452143950995
ZBT7A_S8,ZBT7A,0.462589468561797,0.0153,0.0296452143950995
ALDOA_S3,ALDOA,-0.577777429554803,0.0154,0.0298161438408569
ATL4_S3,ATL4,0.655298976008446,0.0154,0.0298161438408569
CK096_T3,CK096,0.773040010232372,0.0156,0.0301802752293578
RGPS2_S1,RGPS2,-0.921580695694883,0.0156,0.0301802752293578
OPTN_S2,OPTN,-0.358887148274661,0.0157,0.0303505347593583
STMN1_S2,STMN1,0.640253777779565,0.0157,0.0303505347593583
SEPT4_T4,SEPT4,1.35169070762199,0.0158,0.030520534351145
TENS1_S4,TENS1,0.577442237828383,0.0158,0.030520534351145
ACTA_S5,ACTA,-0.602984644208648,0.0159,0.0305969201520913
ACTBM_S5,ACTBM,-0.602984644208648,0.0159,0.0305969201520913
ACTB_S5,ACTB,-0.602984644208648,0.0159,0.0305969201520913
ACTC_S5,ACTC,-0.602984644208648,0.0159,0.0305969201520913
ACTG_S5,ACTG,-0.602984644208648,0.0159,0.0305969201520913
ACTH_S5,ACTH,-0.602984644208648,0.0159,0.0305969201520913
ACTS_S5,ACTS,-0.602984644208648,0.0159,0.0305969201520913
POTEE_S5,POTEE,-0.602984644208648,0.0159,0.0305969201520913
POTEF_S5,POTEF,-0.602984644208648,0.0159,0.0305969201520913
POTEI_S5,POTEI,-0.602984644208648,0.0159,0.0305969201520913
I2BP2_S7,I2BP2,0.516294421262616,0.016,0.0307659574468085
PATL1_T2,PATL1,-0.992949322366097,0.016,0.0307659574468085
H1BP3_S3,H1BP3,-0.632470556151973,0.0161,0.0309229981024668
LIPA1_S7,LIPA1,1.02664837497954,0.0161,0.0309229981024668
SI1L1_S4,SI1L1,0.350040945860795,0.0161,0.0309229981024668
HSF1_S11,HSF1,0.457706429945618,0.0162,0.0310914675767918
TAB3_S3,TAB3,0.67183840966253,0.0162,0.0310914675767918
LIPB1_S3,LIPB1,-0.44546056576234,0.0164,0.0314514588859416
YAP1_S2,YAP1,0.106500585813519,0.0164,0.0314514588859416
PHLB2_S3,PHLB2,0.490093970697135,0.0165,0.03163125
DC1L2_S7,DC1L2,0.519275360891064,0.0166,0.0317387986399698
MIA3_S21,MIA3,-0.483300272091214,0.0166,0.0317387986399698
PGM2L_S10,PGM2L,0.294626470345172,0.0166,0.0317387986399698
RAB13_S1,RAB13,-0.343003894243996,0.0166,0.0317387986399698
RAPH1_S22,RAPH1,-0.151973477556089,0.0166,0.0317387986399698
RHG04_S7,RHG04,1.15507422282852,0.0166,0.0317387986399698
STX17_S4,STX17,-0.63880109585499,0.0166,0.0317387986399698
Z3H7B_S2,Z3H7B,0.168826071240431,0.0167,0.0319179380664653
ABLM3_S4,ABLM3,-0.458596467607169,0.0168,0.0320727272727273
DEN1C_S3,DEN1C,0.709753106223007,0.0168,0.0320727272727273
RRBP1_S7,RRBP1,0.838216533233901,0.0168,0.0320727272727273
EH1L1_S4,EH1L1,0.808898081076041,0.0169,0.0322150282485876
NOLC1_S5,NOLC1,-2.13489341942001,0.0169,0.0322150282485876
PLEC_T3,PLEC,0.400002716400058,0.0169,0.0322150282485876
ZC3HD_T4,ZC3HD,-0.53008028101621,0.0169,0.0322150282485876
ZC3HE_S10,ZC3HE,-0.214553007364983,0.017,0.0323934487951807
PACS1_S13,PACS1,0.484960690491705,0.0171,0.0325472358029334
RHDF2_S1,RHDF2,0.42363875478548,0.0171,0.0325472358029334
TGM2_S2,TGM2,0.405774092216012,0.0171,0.0325472358029334
CBY1_S4,CBY1,0.728481048784595,0.0172,0.0327006761833208
SPS2_S3,SPS2,-0.58798495567338,0.0172,0.0327006761833208
U2AF2_S12,U2AF2,1.01377412231225,0.0172,0.0327006761833208
EPHB4_S7,EPHB4,-0.023245569758617,0.0173,0.0328414478619655
G3BP1_S1,G3BP1,-0.388175946591752,0.0173,0.0328414478619655
RHDF1_S3,RHDF1,1.1860800492872,0.0173,0.0328414478619655
SMC3_S9,SMC3,1.36239601260633,0.0173,0.0328414478619655
CO1A1_S9,CO1A1,2.46156054553886,0.0174,0.032994155114275
MYLK_T4,MYLK,0.825706886061546,0.0174,0.032994155114275
SQSTM_Y9,SQSTM,3.77371654939853,0.0174,0.032994155114275
ZO1_S2,ZO1,0.0241254312289316,0.017414173181215,0.0330086630974266
SRRM1_S1,SRRM1,-0.294813970564849,0.0175,0.033158929239985
MEP50_T3,MEP50,-0.411061506158802,0.01754883779793,0.0332390224907649
CHD4_S2,CHD4,-0.000800415737572035,0.0176,0.0332860986547085
FRY_S3,FRY,0.691306253279681,0.0176,0.0332860986547085
SLK_S3,SLK,-0.518716488751106,0.0176,0.0332860986547085
SYWC_S3,SYWC,0.182973629219987,0.0176,0.0332860986547085
FND3B_S3,FND3B,-0.347104430757159,0.0177,0.0334502240477969
PEAK1_S9,PEAK1,1.04252268387469,0.0177,0.0334502240477969
AKA12_S8,AKA12,-0.540323759448003,0.0178,0.0335890380313199
HD_S7,HD,-0.247353864996832,0.0178,0.0335890380313199
NEMO_S2,NEMO,-0.257055361950176,0.0178,0.0335890380313199
PP6R1_T33,PP6R1,0.774018084692015,0.0178,0.0335890380313199
LS14A_S2,LS14A,0.612736051120085,0.0179,0.0337525707898659
MCRI2_S8,MCRI2,-0.299318294306902,0.0179,0.0337525707898659
AMOL2_S3,AMOL2,0.932286934194542,0.018,0.033915860014892
WNK2_S3,WNK2,0.563714830190867,0.018,0.033915860014892
CK052_T1,CK052,-0.626539777458858,0.0181,0.03407890625
SUCO_S3,SUCO,-0.458433641330654,0.0181,0.03407890625
K1109_S3,K1109,-0.20198944998418,0.0183,0.0344170568561873
MILK2_S3,MILK2,0.134996765231507,0.0183,0.0344170568561873
ODPA_Y1,ODPA,-0.886200546740163,0.0183,0.0344170568561873
PLAK_S3,PLAK,-0.741968571079752,0.0184,0.0345922734026746
ROA2_S9,ROA2,0.773855873465523,0.018420469402288,0.0346178966375713
CGNL1_S5,CGNL1,-1.64782563548812,0.0185,0.0347544543429844
LPP_S2,LPP,0.394427737015914,0.0187,0.0350911012235818
TLN1_S5,TLN1,0.703718773175878,0.0187,0.0350911012235818
UBD_S2,UBD,1.89924112607519,0.0187,0.0350911012235818
DOC11_S6,DOC11,0.99756171699774,0.0188,0.0352265087004813
NIPBL_S7,NIPBL,-0.396947049756083,0.0188,0.0352265087004813
RHG23_S3,RHG23,-0.0318039884210811,0.0188,0.0352265087004813
SRBS1_T11,SRBS1,0.479523049172987,0.0188,0.0352265087004813
K0930_S8,K0930,1.07740031690891,0.0191,0.0357753886010363
TENS1_T6,TENS1,0.404508698022928,0.0192,0.0359493895671476
MYO1F_S1,MYO1F,0.68751638945766,0.0193,0.0361099075785582
RHG35_S3,RHG35,1.42142959952405,0.0193,0.0361099075785582
MARK3_S3,MARK3,0.572576714714762,0.0194,0.0362701884004433
TAXB1_S3,TAXB1,-0.608048258352963,0.0194,0.0362701884004433
MLTK_S2,MLTK,-0.277884455397778,0.0195,0.0364436853766617
FLNA_S10,FLNA,1.05097718718664,0.0196,0.0366035424354243
SH2D3_S3,SH2D3,0.577030280683575,0.0196,0.0366035424354243
EI2BE_S3,EI2BE,-0.874642949341707,0.0197,0.0367631637168142
MAP1S_S3,MAP1S,0.136623924032663,0.0197,0.0367631637168142
CDN1B_S2,CDN1B,0.967401199101146,0.0198,0.0369089502762431
KDM2A_S10,KDM2A,0.450057143219292,0.0198,0.0369089502762431
MINT_S3,MINT,0.601284246221662,0.0198,0.0369089502762431
AAPK2_S3,AAPK2,0.332942747206765,0.0199,0.0370160755361309
CLIP1_T5,CLIP1,-2.17648243883476,0.019878277713907,0.0370160755361309
CLIP2_T5,CLIP2,-2.17648243883476,0.019878277713907,0.0370160755361309
HNF4G_S6,HNF4G,-0.167375960477821,0.019901351814624,0.0370160755361309
MTMR5_T4,MTMR5,0.385695242732741,0.0199,0.0370160755361309
RANG_S2,RANG,-1.25662977419432,0.0199,0.0370160755361309
VASP_S4,VASP,0.83487125448505,0.019973976824001,0.0371375079743825
CHAP1_S3,CHAP1,-0.37897753240159,0.02,0.037172236503856
6PGL_S6,6PGL,-0.88939150265546,0.0201,0.0373306788990826
XRN2_S21,XRN2,0.249644387594816,0.0201,0.0373306788990826
CCDC6_S10,CCDC6,-0.531988336940025,0.0202,0.0374888888888889
SFR19_S18,SFR19,-0.285872776163133,0.0202,0.0374888888888889
NCOR1_S4,NCOR1,-0.163200994798165,0.0203,0.0376468669842433
PLXC1_S3,PLXC1,0.866998209512753,0.0203,0.0376468669842433
NDRG2_T1,NDRG2,-0.561998920104245,0.0204,0.0378046136946174
WDR44_S12,WDR44,0.975800070678615,0.0204,0.0378046136946174
ABCA6_T3,ABCA6,-0.998236684679658,0.0205,0.0379760248901903
RAN_S3,RAN,-0.443897667270657,0.0206,0.03814731064764
PHLB2_S4,PHLB2,0.108448765962519,0.020768883991632,0.0384459845946048
EPS15_S2,EPS15,-0.919726067373317,0.0208,0.0384613810741688
K1C23_S2,K1C23,1.53632495528103,0.0208,0.0384613810741688
UBP5_S7,UBP5,-0.417452708697764,0.0208,0.0384613810741688
GOGA1_S3,GOGA1,-0.890590907284298,0.021,0.038802847754655
SYJ2B_S3,SYJ2B,0.53642301694577,0.021,0.038802847754655
C2CD5_T3,C2CD5,0.672285526570149,0.0211,0.0389591754834002
HNRPU_S1,HNRPU,-0.429755254961698,0.0211,0.0389591754834002
SQSTM_S7,SQSTM,1.00533045054389,0.0212,0.0391295404814004
STML2_T6,STML2,0.719290717564915,0.0213,0.0392997812613926
TXLNA_S31,TXLNA,1.36707047140978,0.0215,0.0396543367346939
SHAN3_S1,SHAN3,0.0506619547125949,0.0216,0.0398097596504006
SPTB2_S30,SPTB2,0.38599695054422,0.0216,0.0398097596504006
DNJC1_S16,DNJC1,-0.782218076280591,0.0219,0.0403186249545289
LATS1_T3,LATS1,-0.356771756965038,0.0219,0.0403186249545289
P66B_S3,P66B,0.432595171265795,0.0219,0.0403186249545289
CIRBP_S1,CIRBP,1.1626826054907,0.0222,0.0408560727272727
CTNA1_S2,CTNA1,0.0175352719965733,0.022235649725125,0.0408919415911547
CTNA2_S2,CTNA2,0.0175352719965733,0.022235649725125,0.0408919415911547
FKB15_S6,FKB15,0.407254022421284,0.022305549058929,0.0410055880084416
HN1L_S9,HN1L,-0.467647696947183,0.0224,0.0411493284936479
MCAF1_S3,MCAF1,-0.379025110109488,0.0224,0.0411493284936479
CXXC1_S7,CXXC1,0.236533899375907,0.0225,0.0413030467899891
MIC25_S3,MIC25,-0.459732084392337,0.0225,0.0413030467899891
ANK2_S3,ANK2,0.385065936397553,0.0226,0.041456542225444
PCBP1_S10,PCBP1,-0.567374289630831,0.0226,0.041456542225444
BRE1A_S11,BRE1A,-0.243717544483927,0.0227,0.0415947501810282
KDM1A_S8,KDM1A,0.76702146543861,0.0227,0.0415947501810282
PDLI5_S3,PDLI5,-0.283308453220674,0.0227,0.0415947501810282
NCK1_S7,NCK1,-0.695655118706797,0.0228,0.0417477568740955
NEK9_S1,NEK9,0.487661267402753,0.0228,0.0417477568740955
DESM_S12,DESM,0.931368925962143,0.0229,0.0419005422993492
NFIB_S21,NFIB,0.537305296285098,0.0229,0.0419005422993492
MP2K3_S13,MP2K3,-1.01772357406809,0.023,0.0420227436823105
MP2K6_S13,MP2K6,-1.01772357406809,0.023,0.0420227436823105
RBM40_S3,RBM40,-1.13248894779418,0.023,0.0420227436823105
VIME_S8,VIME,0.394888997790457,0.023,0.0420227436823105
PTN21_S3,PTN21,0.307669384257099,0.0232,0.0423728617827499
PAXI_S23,PAXI,0.923124851454287,0.023278757212142,0.0425013673342896
CARL1_S2,CARL1,-0.548684565022459,0.0233,0.0425094808940159
LARP1_T5,LARP1,-0.326716834632629,0.0233,0.0425094808940159
CAP1_T13,CAP1,0.585495061931262,0.0234,0.0425997841726619
TBA1A_S8,TBA1A,-1.96316102149757,0.0234,0.0425997841726619
TBA1B_S8,TBA1B,-1.96316102149757,0.0234,0.0425997841726619
TBA1C_S8,TBA1C,-1.96316102149757,0.0234,0.0425997841726619
TBA3C_S8,TBA3C,-1.96316102149757,0.0234,0.0425997841726619
TBA3E_S8,TBA3E,-1.96316102149757,0.0234,0.0425997841726619
I2BP2_S11,I2BP2,-0.0209532384848906,0.023419535475827,0.0426200176350811
OSBL7_S4,OSBL7,0.216828867078268,0.0236,0.0429175709665828
SRRM2_S11_T20,SRRM2,-0.660478947242465,0.0236,0.0429175709665828
GPC5C_S3,GPC5C,-0.426275891161104,0.0238,0.0432346733668342
IQGA1_S3,IQGA1,1.73680337904973,0.0238,0.0432346733668342
SKP1_T3,SKP1,0.707549869788824,0.0238,0.0432346733668342
DLGP4_S3,DLGP4,-0.0899955970316759,0.024006477150858,0.043578472331597
F1711_S4,F1711,0.517783544183699,0.024,0.043578472331597
UH1BL_S4,UH1BL,-0.806028651732188,0.0241,0.0437325564718537
ACSL3_T7,ACSL3,0.396468897780658,0.0242,0.0438825510569688
ACSL4_T7,ACSL4,0.396468897780658,0.0242,0.0438825510569688
IQEC1_S5,IQEC1,0.347877215264271,0.0243,0.0440481017191977
ABLM1_T1,ABLM1,-1.40263747005106,0.0244,0.0441660944206009
PCKGC_S5,PCKGC,-0.357303591429281,0.0244,0.0441660944206009
PDLI5_T9,PDLI5,0.660676047433017,0.0244,0.0441660944206009
RGS14_S3,RGS14,0.857620093063351,0.0244,0.0441660944206009
ABLM1_S2,ABLM1,-0.428252050477466,0.0245,0.0443154038598999
DOCK9_S3,DOCK9,0.907380699946598,0.0245,0.0443154038598999
AHNK_T3,AHNK,1.06267598886385,0.0246,0.04448038585209
PLPP6_S3,PLPP6,0.492337577746143,0.0247,0.0446293109603713
STA5B_S7,STA5B,-0.434906451172039,0.0247,0.0446293109603713
KS6A1_S4,KS6A1,0.0150039005359221,0.0248,0.0447301496792587
KS6A3_S4,KS6A3,0.0150039005359221,0.0248,0.0447301496792587
KS6A6_S4,KS6A6,0.0150039005359221,0.0248,0.0447301496792587
NUP98_S8,NUP98,-0.121076126439674,0.0248,0.0447301496792587
SSH1_S3,SSH1,0.803647414239005,0.0248,0.0447301496792587
TENS1_S23,TENS1,0.191466332981898,0.0249,0.0448945137157107
PKHA2_S3,PKHA2,0.635420052245145,0.025,0.0450587606837607
SRCN1_S7,SRCN1,-0.672316226845022,0.025014456668422,0.0450687665357365
TRAP1_T4,TRAP1,-0.883509824875556,0.025047862165467,0.045112893387697
T22D3_S14,T22D3,0.551363096623678,0.0251,0.0451907150480256
AGFG1_S2,AGFG1,-0.317151803721766,0.0252,0.0453062877442274
PALM3_S9,PALM3,-1.18253890377956,0.0252,0.0453062877442274
PHLB1_S6,PHLB1,-0.686782977629437,0.0252,0.0453062877442274
RAIN_S3,RAIN,0.331074689956019,0.0252,0.0453062877442274
H12_S3,H12,0.580486510051269,0.025445100836242,0.0456982453272607
H13_S3,H13,0.580486510051269,0.025445100836242,0.0456982453272607
H14_S3,H14,0.580486510051269,0.025445100836242,0.0456982453272607
EPN1_S8,EPN1,-0.351748077325912,0.0256,0.045943829787234
M3K1_S4,M3K1,0.648760046544011,0.0256,0.045943829787234
DNJC9_S3,DNJC9,-0.371894353230999,0.0257,0.0461069478908189
H4_Y9,H4,0.438057245069593,0.025787944326475,0.0462483296372395
BRD3_S3,BRD3,-0.159701246633818,0.0259,0.0463999646017699
HSPB1_S1,HSPB1,-0.53329033736358,0.0259,0.0463999646017699
TEX2_S4,TEX2,0.333580977981345,0.0259,0.0463999646017699
PDCD4_S4,PDCD4,0.304725665771366,0.026,0.046546162009197
SVIL_S5,SVIL,0.577743798832272,0.026,0.046546162009197
MYLK_S9,MYLK,0.837164672991826,0.026198929945033,0.0468857087877695
LCP2_S3,LCP2,0.76241815018557,0.026232765241712,0.0469296659202207
HPPD_T11,HPPD,-1.49578849606184,0.0263,0.0470333215547703
NEK1_S3,NEK1,-0.804947515903803,0.0264,0.0471954786294596
AKT1_S5,AKT1,-0.0662495405524093,0.026599925911085,0.0475026817219478
EIF3B_S3,EIF3B,-0.529412887803717,0.0266,0.0475026817219478
T184B_S1,T184B,1.21748813545054,0.0266,0.0475026817219478
GPSM3_S5,GPSM3,0.459198303268177,0.0267,0.0476476375176305
RT36_S4,RT36,0.470006338281721,0.0267,0.0476476375176305
MP2K1_S17,MP2K1,0.330759466180416,0.027,0.0481490486257928
MP2K2_S17,MP2K2,0.330759466180416,0.027,0.0481490486257928
TENS1_T3,TENS1,1.53900396278855,0.0271,0.0483103557590701
NCOA2_S7,NCOA2,-0.290905933411163,0.0272,0.0484715492957746
HBP1_S3,HBP1,0.47747629692935,0.0273,0.0486326293558606
CO052_S4,CO052,0.71210657924341,0.027384413872751,0.0487497473400441
CO1A1_S26,CO1A1,1.48728864938951,0.027385009225004,0.0487497473400441
TISD_S33,TISD,0.419802391117815,0.0275,0.0489372362869198
SPTN1_S3,SPTN1,-0.369016428088931,0.0276,0.0490979261862917
K1C18_S19,K1C18,0.557094940246841,0.0277,0.0492585031623331
NOP58_S1,NOP58,0.253125502862067,0.0278,0.0494016151685393
PALMD_Y10,PALMD,-0.513103281312508,0.0278,0.0494016151685393
GAB1_S2,GAB1,0.649797121077582,0.0279,0.0495445263157895
RAD_S1,RAD,0.720771242807341,0.0279,0.0495445263157895
CCNK_S3_S7,CCNK,0.57926944458291,0.028,0.0496698212407992
PKHA4_S5,PKHA4,0.20035458105123,0.028,0.0496698212407992
TP53B_S3,TP53B,-0.436077447224777,0.028,0.0496698212407992
UBP20_S3,UBP20,0.427316383631825,0.0283,0.0501844078486335
CSPG2_S16,CSPG2,1.99070834889622,0.028315343427443,0.0501940291020277
FNBP1_T1,FNBP1,0.979078281737112,0.0284,0.0503088554427721
ZGPAT_S3,ZGPAT,-0.83865654175434,0.0284,0.0503088554427721
ZO2_S20,ZO2,-0.325701646688049,0.0284153709782,0.0503184718406824
LIPB2_S3,LIPB2,-0.193789233302615,0.028438198150446,0.0503412804614926
AGFG1_S4,AGFG1,0.84005764559929,0.0286,0.05061
BIN2_S9_S23,BIN2,1.64509269481857,0.0287,0.050769206571129
PAK4_S3,PAK4,0.391863641720392,0.028736723921798,0.050816408025234
CP2A6_S3,CP2A6,-1.47651455489092,0.028766331701464,0.050833241878879
CP2AD_S3,CP2AD,-1.47651455489092,0.028766331701464,0.050833241878879
AHNK_S12,AHNK,0.978644142917394,0.0288,0.0508572226099093
TTC7B_S11,TTC7B,-0.771707083312648,0.0288,0.0508572226099093
HNRPC_S10,HNRPC,0.15928863744997,0.0293,0.0517221137077084
FOXA1_S15,FOXA1,-0.0868250894592246,0.0294,0.051808286908078
MA7D1_S3,MA7D1,0.780464897973687,0.0294,0.051808286908078
PCIF1_S15,PCIF1,0.136665627548975,0.0294,0.051808286908078
SMRCD_S3,SMRCD,1.4184117050369,0.029365893748121,0.051808286908078
YTDC1_S10,YTDC1,0.561123959433981,0.0294,0.051808286908078
ABLM1_T9,ABLM1,0.887489995491178,0.029571583537176,0.0520925110621816
TJAP1_S2,TJAP1,-0.478172174320279,0.0296,0.0521244258872651
DYR1A_Y4,DYR1A,-0.259694954590313,0.0299,0.0525978102189781
DYR1B_Y4,DYR1B,-0.259694954590313,0.0299,0.0525978102189781
INT12_S3,INT12,-1.07330767076202,0.0299,0.0525978102189781
FIL1L_S3,FIL1L,0.378279095085723,0.0301,0.0529128516846127
NCOR2_T9,NCOR2,0.623359892745437,0.0301,0.0529128516846127
NCOA2_S3,NCOA2,-0.354375078688019,0.0302,0.0530702083333333
MECP2_S19,MECP2,-0.0967131349459332,0.0304,0.0533845940319223
TENS1_T4,TENS1,1.42843859054345,0.0304,0.0533845940319223
ARM10_S1,ARM10,-0.446662107329399,0.0305,0.0535230582524272
TM134_S5,TM134,-0.277473712087617,0.0305,0.0535230582524272
ARHGF_S12,ARHGF,0.938242090284333,0.0306,0.0536613305613306
CRTC2_S5,CRTC2,0.317788686322607,0.0306,0.0536613305613306
LMNA_S32,LMNA,1.21143015316152,0.03080399418414,0.0539816532430514
SNIP1_S2,SNIP1,-0.880415853097409,0.0308,0.0539816532430514
COG5_S2,COG5,-0.484155597245795,0.031,0.0543063343717549
NDE1_S3,NDE1,0.84118662855527,0.0311,0.0544626643598616
TBC17_S28,TBC17,0.300023681356872,0.0312,0.0546
ZSWM8_S8,ZSWM8,0.356538381098131,0.0312,0.0546
ACACB_T8,ACACB,-0.31906749417543,0.0313,0.0547182383419689
IRAK3_S3,IRAK3,0.7391822886543,0.0313,0.0547182383419689
WNK1_S8,WNK1,-0.265141048981411,0.0313,0.0547182383419689
FA65B_S1,FA65B,0.388696806189711,0.0314,0.0548741022099448
NU214_S1,NU214,-0.324393849483966,0.0316,0.0552045564376942
BNI3L_S2,BNI3L,-0.54524989909739,0.0317,0.0553410486374612
TEAD3_S5,TEAD3,-0.370099634771618,0.0317,0.0553410486374612
KCNJ8_S4,KCNJ8,0.24066870116771,0.031747738773678,0.0554052779081325
EDC4_T1,EDC4,0.294037081145314,0.031795916431908,0.0554702285632149
RUBIC_S1,RUBIC,0.799803654785884,0.0319,0.0556326326671261
ARGI1_S14,ARGI1,-0.496126752039887,0.0321,0.0559428719008264
SNP29_Y1,SNP29,-1.22322655176071,0.0321,0.0559428719008264
TRM1L_S37,TRM1L,0.511034481444523,0.032139266883726,0.0559920239926118
EF1D_S2,EF1D,-2.16884162480847,0.0322,0.0560785271851342
SHRM1_S3,SHRM1,-0.372980574415399,0.0324,0.0563880330123796
VIME_S15,VIME,1.49024665381939,0.0324,0.0563880330123796
PCF11_S3,PCF11,-0.829987792507153,0.0326,0.0566581730769231
SNX3_S3,SNX3,-0.98406841952014,0.0326,0.0566581730769231
UN5CL_S18,UN5CL,-0.32896272179747,0.0326,0.0566581730769231
VIME_T7,VIME,0.576555881783461,0.0326,0.0566581730769231
CASC4_S5,CASC4,-0.293126725621882,0.0327,0.0567929649965683
SNIP1_S8,SNIP1,1.10452949376219,0.0327,0.0567929649965683
EMAL4_T16,EMAL4,0.188049618651404,0.0328,0.0569275720164609
LIPA1_S6,LIPA1,-0.0770943355174989,0.0328,0.0569275720164609
SPTB2_S20,SPTB2,0.0266153477118714,0.032847035216068,0.0569896624026466
NHSL1_S3,NHSL1,0.676304935321466,0.0331,0.0574088759424263
PWP1_S2,PWP1,-0.613510597989751,0.033168653344481,0.0575082406907908
DTNB_S4,DTNB,-0.479822077900637,0.0334,0.0578498973305955
DYN2_T25,DYN2,-0.652431214127584,0.0334,0.0578498973305955
SRSF9_S7,SRSF9,-0.657630869244326,0.0334,0.0578498973305955
APC_S8,APC,0.577250189941544,0.0336,0.0581167464114833
LARP1_T7,LARP1,0.681437290988623,0.033598207154561,0.0581167464114833
TCOF_S3,TCOF,0.354229601712835,0.0336,0.0581167464114833
TOM1_S10,TOM1,0.569545440613413,0.0336,0.0581167464114833
CTSL2_S3,CTSL2,1.37038179033254,0.0338,0.0584027995903039
SOX5_S4,SOX5,0.319442026092599,0.0338,0.0584027995903039
WDFY3_S2,WDFY3,0.307766876534675,0.0338,0.0584027995903039
LARP4_S2,LARP4,-1.10428220834489,0.0339,0.0585555972696246
DESM_S15,DESM,0.944211121111055,0.03394619712591,0.058615388486602
FAK1_S25,FAK1,0.412632563250645,0.034,0.0586682577565633
RABE1_S5,RABE1,-0.135057428136921,0.034,0.0586682577565633
MK03_Y15,MK03,0.449901366464817,0.0341,0.0588007155025554
MKL1_T7,MKL1,-0.208346601349284,0.0341,0.0588007155025554
K1C18_S20,K1C18,1.93159044762936,0.0342,0.0589329928498468
VP13D_S3,VP13D,-0.509297557619636,0.0342,0.0589329928498468
CLN6_S3,CLN6,0.683670714695527,0.0344,0.0592171428571429
LPP_S6,LPP,-0.766655425158676,0.0344,0.0592171428571429
WDR7_S1,WDR7,0.282127728734051,0.0344,0.0592171428571429
PITM2_S3,PITM2,0.391960508581745,0.0345,0.0593690921455287
HTF4_S13,HTF4,0.735233102128105,0.0347,0.0596726809378186
TRAM1_S21,TRAM1,1.31121458611264,0.0347,0.0596726809378186
ACACA_S11,ACACA,-0.398114402342834,0.0348,0.0598040067911715
KAD2_S3,KAD2,-0.43723451055767,0.0348,0.0598040067911715
LMNB2_T6,LMNB2,0.411849042542498,0.0351,0.060278622327791
RPGP1_S3,RPGP1,-0.0675077825875207,0.0351,0.060278622327791
HBB_T10,HBB,1.86076199149857,0.0353,0.060580976602238
SRC8_T5_S21,SRC8,0.764173971911255,0.0353,0.060580976602238
STAR8_S3,STAR8,-1.11099140422442,0.0354,0.060732
ACTN4_S1,ACTN4,0.624667873618466,0.0356,0.0610544222297526
CYBR1_S7,CYBR1,4.0709802885926,0.0357,0.0611844564849306
PKP4_S15,PKP4,0.776196259696289,0.0357,0.0611844564849306
PFKAP_S1,PFKAP,1.24960217163847,0.0359,0.0614024670496789
TBA1B_S3,TBA1B,0.0789023679027563,0.0359,0.0614024670496789
TBA1C_S3,TBA1C,0.0789023679027563,0.0359,0.0614024670496789
TBA4A_S3,TBA4A,0.0789023679027563,0.0359,0.0614024670496789
TBA4B_S3,TBA4B,0.0789023679027563,0.0359,0.0614024670496789
TBA8_S3,TBA8,0.0789023679027563,0.0359,0.0614024670496789
CSKI2_S5,CSKI2,-0.370775553973025,0.0361,0.0616820054017556
PCY1A_T1,PCY1A,-0.499064366036527,0.0361,0.0616820054017556
SP110_S7,SP110,0.0855652171149443,0.0361,0.0616820054017556
ARHGH_S15,ARHGH,0.960574770450555,0.0362,0.0618319946000675
S2546_S8,S2546,-0.0652292661757205,0.0363,0.0619818825910931
CCNL2_S3,CCNL2,-0.504839093531775,0.0365,0.0622813553607552
TPD54_S6,TPD54,0.309734523379668,0.0365,0.0622813553607552
LAD1_S4,LAD1,0.806371325985869,0.0366,0.0624309403437816
BIN2_S4_S23,BIN2,1.0823710032187,0.0367,0.0625804245283019
FKBP8_S3,FKBP8,-1.51961337269608,0.0368,0.0627086868686869
STBD1_S6,STBD1,-1.08107130370099,0.0368,0.0627086868686869
DCAF6_S5,DCAF6,-0.255863564262491,0.036862564463428,0.062794156428613
NGAP_S3,NGAP,0.474729050685322,0.0369,0.0628156407669021
TOIP1_S14,TOIP1,0.632440116954888,0.0369,0.0628156407669021
SNTB1_S10,SNTB1,-0.350923814104724,0.037,0.0629646940147949
SH319_S8,SH319,0.289663325685345,0.0371,0.0631136470588235
F169A_S5,F169A,0.0390066968642329,0.0373,0.063432560483871
DDX54_S6,DDX54,-0.702747154688837,0.0375,0.0637512596573732
OSB11_S10,OSB11,-0.140640322718181,0.037828424911441,0.0642879981453334
ARHGH_S12,ARHGH,-0.303175356754153,0.0379,0.0643448171754445
TLN1_S10,TLN1,0.55073908999052,0.0379,0.0643448171754445
WIPI2_S7,WIPI2,-0.372691411659061,0.0379,0.0643448171754445
DHB13_S1,DHB13,0.0370644420774433,0.038,0.0644713375796178
LMOD1_S2,LMOD1,2.89075235638356,0.038,0.0644713375796178
CLD12_S1,CLD12,-0.592821895797795,0.0381,0.0645760549229739
ES8L2_S18,ES8L2,0.565229775564073,0.0381,0.0645760549229739
OSBP1_S10,OSBP1,-0.562563315262602,0.0381,0.0645760549229739
PRC2A_S3,PRC2A,0.328828943356229,0.0383,0.0648933043187144
SNX17_S9,SNX17,0.0288940236309351,0.0384,0.0650409638554217
VINEX_S10,VINEX,1.75354462247549,0.0386,0.0653578454332553
RBM23_S3,RBM23,0.439866627658837,0.0389,0.0658217652958877
SC16A_S17,SC16A,0.0300960089785248,0.0389,0.0658217652958877
AAPK1_S1,AAPK1,-0.484676923880133,0.039,0.0659028380634391
E41L2_S34,E41L2,2.0913883457336,0.039,0.0659028380634391
RHG12_S1,RHG12,-0.417041341881461,0.039,0.0659028380634391
ZEP1_S7,ZEP1,0.0377700263845401,0.039,0.0659028380634391
SYNE1_T3,SYNE1,0.0934927579723052,0.0392,0.066218691588785
UBXN1_S21,UBXN1,0.730438205118909,0.0393,0.0663654654654655
CFTR_S3,CFTR,1.25308455945513,0.0394,0.0665121414276184
SNX27_S1,SNX27,-2.48307788004635,0.039485635028083,0.066634477784971
RICTR_S6,RICTR,0.935652536652476,0.0395,0.0666365
DSG2_S3,DSG2,-0.874578393180629,0.0396,0.0667162450066578
LTBP1_S10,LTBP1,0.679570456267583,0.0396,0.0667162450066578
RFTN1_S5,RFTN1,-0.223258520728239,0.0396,0.0667162450066578
RHG09_S3,RHG09,2.41750523754371,0.0396,0.0667162450066578
DDX51_S8,DDX51,-0.189455389310512,0.0397,0.0667957779255319
MAP1S_T16_S18,MAP1S,0.454243127699226,0.0397,0.0667957779255319
RBM34_S1,RBM34,-0.423686960086731,0.0397,0.0667957779255319
RD23B_T11,RD23B,-0.700501775595716,0.0397,0.0667957779255319
AHNK_S2,AHNK,-1.07508223275075,0.0398,0.0669195348837209
PRR5_S3,PRR5,-0.212761816099679,0.0398,0.0669195348837209
UBP36_S3,UBP36,-0.34988935686477,0.0399,0.0670653935569578
PKHA4_S3_S15,PKHA4,0.396557020114583,0.0401,0.0673568204447395
RHG29_S3,RHG29,-0.314830870331661,0.0401,0.0673568204447395
DESP_S2,DESP,0.368978942807934,0.0402,0.0675023888520239
MARCS_S6,MARCS,0.0246203110576038,0.0404,0.0678157213930348
ABLM3_S1,ABLM3,-0.217446215429553,0.0405,0.0679385150812065
STIM2_S3,STIM2,0.315728898177964,0.0405,0.0679385150812065
HDAC1_S22,HDAC1,0.609914912049714,0.0408,0.0683511420059583
LIPB2_T2,LIPB2,0.729915293459849,0.0408,0.0683511420059583
STK10_S4,STK10,1.93755970250883,0.0408,0.0683511420059583
T22D4_S8,T22D4,1.25019315890192,0.0408,0.0683511420059583
CPSF6_S5,CPSF6,-0.554565227871894,0.0411,0.0688309397749835
NUP98_T4,NUP98,-0.284681298843092,0.041340875224478,0.0692114354982081
WIZ_S17,WIZ,0.619794681529947,0.0414,0.0692875
AKP13_S5,AKP13,0.71979504893162,0.041421893627221,0.0693012243462365
PRKDC_T18,PRKDC,0.113650681931129,0.0416,0.0695762062128222
AAPK2_S2,AAPK2,0.598092886706946,0.0417,0.0696284064665127
CD44_S12,CD44,0.326228760212856,0.0417,0.0696284064665127
EVL_S7,EVL,0.517141728119487,0.0417,0.0696284064665127
TOIP1_T9,TOIP1,0.756595162125559,0.0417,0.0696284064665127
TPD53_S4,TPD53,-0.475032878730155,0.041669767141931,0.0696284064665127
LAP2A_T16,LAP2A,-0.469592051262773,0.0418,0.0697493570722057
LAP2B_T16,LAP2B,-0.469592051262773,0.0418,0.0697493570722057
AT11B_S3,AT11B,-0.487233000458218,0.0419,0.0698701482701812
CIP4_S25,CIP4,0.278542620623375,0.0419,0.0698701482701812
ETFD_S3,ETFD,-0.330365366163365,0.042,0.0700138339920949
AGRA2_S1,AGRA2,0.225594614524567,0.0423,0.0704675115207373
HBB_S9,HBB,1.35095162658833,0.0423,0.0704675115207373
PCD18_S1,PCD18,0.733609218124614,0.0424,0.0705876315789474
SPP24_S3,SPP24,-0.199117245926084,0.0424,0.0705876315789474
ANK3_S11,ANK3,0.0507758155499894,0.0426,0.0708739644970414
MA7D1_S2,MA7D1,0.994146800281254,0.0426,0.0708739644970414
AAKB2_S7,AAKB2,-0.94829745566555,0.0427,0.0709470453053185
EP15R_S10,EP15R,0.714297323586393,0.0427,0.0709470453053185
FLNA_S12,FLNA,0.198081660103716,0.0427,0.0709470453053185
FLNB_S6,FLNB,0.344214281787416,0.0427,0.0709470453053185
4EBP1_T1,4EBP1,-0.444891382268927,0.0429,0.0712559566787004
ARG28_S1,ARG28,0.33367622066888,0.0431,0.0714006873977087
H11_S7,H11,-1.61504607848883,0.0431,0.0714006873977087
H12_S7,H12,-1.61504607848883,0.0431,0.0714006873977087
H13_S7,H13,-1.61504607848883,0.0431,0.0714006873977087
H14_S7,H14,-1.61504607848883,0.0431,0.0714006873977087
H15_S7,H15,-1.61504607848883,0.0431,0.0714006873977087
H1T_S7,H1T,-1.61504607848883,0.0431,0.0714006873977087
NUFP2_S2,NUFP2,-0.46612108582995,0.0431,0.0714006873977087
NCOR1_S3,NCOR1,-0.0204820620196827,0.0432,0.0715195289499509
PI4KA_T2,PI4KA,0.606460496843125,0.0432,0.0715195289499509
SZRD1_S1,SZRD1,-0.234392405939728,0.0433,0.0716616415958143
PDLI7_T6,PDLI7,0.680997098984445,0.0434,0.0718036613272311
TP53B_S4,TP53B,-0.340529497186144,0.0436,0.0721109803921569
CEBPB_S11,CEBPB,-0.518816258736189,0.0438,0.0723944480731548
PRP4B_Y18,PRP4B,0.0507872311642806,0.0438,0.0723944480731548
MPRIP_S6,MPRIP,-0.142905265812979,0.0439,0.0725360430950049
PRAM_S1,PRAM,0.422968345621794,0.0442,0.0730078981723238
BORG2_S4,BORG2,0.505503306271434,0.0444,0.0733143230016313
IF2P_S5,IF2P,-0.259064308140167,0.0445,0.0734315291816107
PKHO2_S10,PKHO2,0.837318796512266,0.0445,0.0734315291816107
JIP4_S3,JIP4,-1.90861749039919,0.0446,0.073572555410691
PHLB1_S10,PHLB1,0.964249155546359,0.0447,0.0737134897360704
PKP2_S6,PKP2,0.241834665382559,0.044755584916068,0.0737811124626124
SIR6_T10,SIR6,-0.174764782288138,0.0448,0.07380625
SYNRG_T3,SYNRG,0.732694454873859,0.0448,0.07380625
MTAP2_T4,MTAP2,1.17813228373368,0.045,0.0741116173120729
RFTN2_S4,RFTN2,-0.0706162053095073,0.0451,0.0742521470396877
PHF8_S15,PHF8,0.738240736630831,0.0453,0.0745571707317073
CDR2_S3,CDR2,-0.431107665119316,0.0454,0.0746974642392718
AAK1_S13,AAK1,0.690212081140998,0.0455,0.0747890548879506
ARFG1_S3,ARFG1,-0.123899566378298,0.0455,0.0747890548879506
FIBA_S2,FIBA,0.41378822549212,0.0455,0.0747890548879506
RPR1B_Y17,RPR1B,-0.327443137538932,0.0457,0.0750934090909091
NEXN_S5,NEXN,0.561025038936736,0.0458,0.0752333008763388
ACLY_T1,ACLY,-0.448093214335484,0.0464,0.0761694453454428
S38A4_S11,S38A4,-0.561018716133794,0.0464,0.0761694453454428
HERC1_S3,HERC1,0.834267388974288,0.0465,0.0762841166936791
LRC47_S21,LRC47,0.00875670608501694,0.0465,0.0762841166936791
LAD1_S11,LAD1,0.678426610387661,0.0467,0.0765873946856772
HSP74_S9,HSP74,-0.289338033605943,0.0469,0.0768904761904762
SVIL_S6,SVIL,0.293480934319566,0.047,0.0770294689119171
CTND1_Y7,CTND1,0.445673503537666,0.0471,0.0771433980582524
VIME_S2,VIME,1.01565220520407,0.0471,0.0771433980582524
VDAC1_S8,VDAC1,-0.246216680545952,0.0472,0.0772821740537043
MBB1A_S7,MBB1A,0.0427034933009688,0.0473,0.0774208602846054
TIF1B_S13,TIF1B,1.39380943480474,0.0475,0.0777230843840931
MRP_S10,MRP,-1.26317712911608,0.0479,0.0783522624434389
ARFG2_S7,ARFG2,1.16422601881419,0.0484,0.0791445557350565
AFAD_S5,AFAD,-0.633727058050999,0.0485,0.0792057115198451
SRG2B_S4,SRG2B,-0.190987897212226,0.0485,0.0792057115198451
SRG2C_S4,SRG2C,-0.190987897212226,0.0485,0.0792057115198451
SRGP2_S4,SRGP2,-0.190987897212226,0.0485,0.0792057115198451
DOCK6_S5,DOCK6,0.466149670869923,0.0486,0.0793434193548387
LMNA_S2_S3,LMNA,1.28173090048528,0.0487,0.0794810383747178
CX023_S6,CX023,0.854736930920267,0.0488,0.0796185686653772
CDK12_Y10,CDK12,-0.195237701909957,0.0489,0.0797303157216495
SRRM1_S7,SRRM1,0.730768095092584,0.048892642654555,0.0797303157216495
ANK1_S5,ANK1,1.06852613858398,0.0493,0.0803566183574879
TNS2_S4,TNS2,0.317312070014275,0.0495,0.0806566323245332
ARG35_S3,ARG35,0.292418548782151,0.0498,0.0809890102827763
ARHG5_S3,ARHG5,0.292418548782151,0.0498,0.0809890102827763
LPP60_T8,LPP60,0.145063685269202,0.0498,0.0809890102827763
LRRF1_S3,LRRF1,0.204811441489292,0.0498,0.0809890102827763
LSP1_S1,LSP1,-0.516920755136148,0.0498,0.0809890102827763
MORC3_S3,MORC3,-0.613432384539706,0.0498,0.0809890102827763
RENT1_S8,RENT1,0.243619044343056,0.05,0.08126204238921
TGFI1_S23,TGFI1,0.329984045352408,0.05,0.08126204238921
H12_S4,H12,0.725930019371285,0.0505,0.0819693713919179
H13_S4,H13,0.725930019371285,0.0505,0.0819693713919179
H14_S4,H14,0.725930019371285,0.0505,0.0819693713919179
SMC3_S4,SMC3,-0.162545343131736,0.0505,0.0819693713919179
CAMP3_S3,CAMP3,-0.735014455247566,0.0508,0.0824034615384615
H15_S1,H15,-0.0611693982288073,0.0508,0.0824034615384615
FKB15_S5,FKB15,0.501101826785604,0.0509,0.0825392181992951
ABLM2_S15,ABLM2,0.303961279544404,0.051,0.0826748878923767
SC16B_S15,SC16B,-0.226509767972326,0.0511,0.0827839628681178
ZEP3_S3,ZEP3,0.401812781363341,0.0511,0.0827839628681178
BCLF1_S8,BCLF1,-0.332529452436578,0.0512,0.082919424
LAP2B_Y10,LAP2B,0.378832355824994,0.0513,0.0830547984644914
RGRF2_S3,RGRF2,0.633566141544003,0.0514,0.0831900863447394
TM55A_S9,TM55A,0.356029304393912,0.0515,0.0833252877237852
PHF8_S1,PHF8,-0.25838135816239,0.0516,0.0834604026845638
RBM15_T3,RBM15,-0.292247095281747,0.0518,0.083757124600639
NP1L4_T7,NP1L4,-0.0757186164105699,0.0519,0.0838920153305653
FCHO2_S2,FCHO2,-0.496129221781275,0.0521,0.0841884099616858
RABE2_S8,RABE2,-0.418672031993561,0.0522,0.0843230769230769
SYNP2_Y15,SYNP2,0.491557579271235,0.0524,0.0846191448627951
DOCK7_S10,DOCK7,-0.0712830811679244,0.0525,0.0847535885167464
ZC3H3_S4,ZC3H3,0.978884083993698,0.0527,0.0850493303571429
2A5D_S3,2A5D,0.498440531738355,0.0528,0.085183551163532
SVIL_T3,SVIL,0.985253942598842,0.0529,0.0853176864244742
EP400_S19,EP400,0.440979366733592,0.0533592348646,0.0860309294838294
WDR60_S3,WDR60,0.3728530773066,0.0534,0.0860692356687898
FOXK1_S1_S5,FOXK1,0.616395601098193,0.0535,0.0861755251432209
SMRC2_S3_S5,SMRC2,0.37349761453905,0.0535,0.0861755251432209
GMEB2_S3,GMEB2,0.0426071543070554,0.0537,0.0864701559020044
BIN2_S2,BIN2,-0.192444291295236,0.0538,0.0866036259541985
PKHF1_S11,PKHF1,0.410059306683898,0.054,0.086897933227345
TM214_S4,TM214,-0.604798623483675,0.0541,0.0870311824539097
EPS15_S6,EPS15,-0.5136280900707,0.0542,0.0871366581956798
ZSWM8_S9,ZSWM8,-0.35982466277455,0.0542,0.0871366581956798
ARHG2_S5,ARHG2,0.90825528621662,0.0546,0.0876683375634518
CALM_S11,CALM,-1.40594731600276,0.0546,0.0876683375634518
DHX9_S11,DHX9,-0.0350364772671344,0.0546,0.0876683375634518
TFG_S14,TFG,0.329713711657558,0.054588303628269,0.0876683375634518
RFIP5_S1,RFIP5,0.287098959079123,0.0548,0.0879615604186489
K2C8_S24_S27,K2C8,0.445625675052304,0.0549,0.0880941344324667
TENS1_S6,TENS1,0.581546603093507,0.055,0.0882266244057052
CO5A2_T15,CO5A2,1.21911877630033,0.0551,0.0883590304182509
DOC11_S1,DOC11,-0.260271827387587,0.0554,0.0888119733924612
DCXR_S12,DCXR,-0.43497237393264,0.0555,0.0889441101963268
F122B_S1,F122B,0.242277879206383,0.0556,0.08907616334283
MPRIP_S20,MPRIP,0.335422226122377,0.0557,0.0892081329113924
AMOL2_S10,AMOL2,0.270293506530546,0.0558,0.089340018981335
MYLK_T7,MYLK,0.547248947918604,0.0561,0.089791935483871
PSD3_S3,PSD3,0.556634358689524,0.0563,0.0900835599114765
S39AE_S7,S39AE,-0.280190929399693,0.0564,0.0902150442477876
MACOI_S3,MACOI,-0.919076897248842,0.0565,0.0903179090334807
XRN2_S3,XRN2,-0.305258687112503,0.0565,0.0903179090334807
LMNA_S21,LMNA,-0.0891109146172334,0.0569,0.0909286075149984
GRAP1_S5,GRAP1,0.172375450181575,0.057,0.0910596590909091
DOK1_S3,DOK1,0.105889152610034,0.0571,0.0911906279583465
HXB3_T2_S3,HXB3,0.309600003211638,0.0573,0.0914523178807947
ZN609_S6,ZN609,-0.322579397287807,0.0573,0.0914523178807947
ZN768_S5,ZN768,0.180154808867231,0.0575,0.0917425914249685
FLNA_S8,FLNA,-0.59465380075862,0.0576,0.0918731799558777
PKHA2_S1,PKHA2,0.117814595744205,0.0578,0.0921341102362205
RGPA1_T3,RGPA1,0.403198533861133,0.0578,0.0921341102362205
T2FA_S3,T2FA,-0.590875760715087,0.0579,0.0922644521410579
PLAP_S8,PLAP,0.510617967668355,0.058,0.0923947119924457
PGM1_S12,PGM1,0.757291841495466,0.0581,0.0925248898678414
SYNP2_T3_T19,SYNP2,0.894324065340419,0.058194870566716,0.0926468197351839
TCAL3_S5,TCAL3,1.09662235278391,0.0584,0.0928857322438718
TCAL5_S5,TCAL5,1.09662235278391,0.0584,0.0928857322438718
TCAL6_S5,TCAL6,1.09662235278391,0.0584,0.0928857322438718
ASPP1_S2,ASPP1,0.713107117630725,0.0585,0.0929279661016949
BAG3_S2,BAG3,-0.523663904217291,0.0585,0.0929279661016949
BCLF1_S13,BCLF1,0.725676416149517,0.0585,0.0929279661016949
GPSM3_S1,GPSM3,0.57208181362509,0.0585,0.0929279661016949
RHG01_S7,RHG01,-0.420172494260079,0.058627123873294,0.0931006821219771
NCOR2_T4,NCOR2,0.675325952896506,0.0589,0.0934753527751646
ZO3_S4,ZO3,0.195372491057711,0.0589,0.0934753527751646
PI4KA_T1,PI4KA,0.278358509715148,0.0592,0.0939220062695925
ATAD1_S10,ATAD1,0.344232596380014,0.0593,0.0940511751801943
FUBP1_S10,FUBP1,-0.0849864584961664,0.0595,0.0942797432686287
TM1L1_S22,TM1L1,0.664242465331202,0.0595,0.0942797432686287
ZMYM3_S3,ZMYM3,-0.496922464954368,0.0595,0.0942797432686287
KPB2_S1,KPB2,-0.555432130791864,0.0596,0.0944086384976526
GOGA4_S3,GOGA4,-0.333800468263134,0.0598,0.0946661870503597
LIPB2_S5,LIPB2,-0.629724103935474,0.0598,0.0946661870503597
GPSM3_S1_S5,GPSM3,-1.00030831385498,0.0599,0.0947948405253283
TAB3_S11,TAB3,-0.273312049298265,0.06,0.0949234135667396
BORG4_S27,BORG4,0.18441606346281,0.0602,0.095150593379138
FR8P1_S1,FR8P1,0.346193795726675,0.0602,0.095150593379138
FRMD8_S1,FRMD8,0.346193795726675,0.0602,0.095150593379138
PP12C_T1,PP12C,-0.453343181767956,0.0604,0.0954369029035279
CP135_S3,CP135,0.38682772003486,0.0606,0.0957230337078652
FHOD1_S1,FHOD1,-0.438035468359261,0.0609,0.096166895475819
NO40_S1,NO40,-0.484335189820658,0.061,0.0962947598253275
LMNA_S19,LMNA,-0.135404215046757,0.0615,0.0970537885874649
TGFI1_S4,TGFI1,1.22085270506775,0.0616,0.0971812967581047
SNTB2_S9,SNTB2,2.76497290195186,0.0619,0.0976241508258024
YRDC_S6,YRDC,-0.431371525126136,0.0623,0.0982243925233645
KMT2D_S3,KMT2D,-0.0670206274607222,0.0625,0.0985090314543756
RPRD2_S6,RPRD2,-0.129623947749425,0.0626,0.0986359277708593
NFIC_S11,NFIC,0.23315664807944,0.0627,0.0987627450980392
CROCC_S3_S12,CROCC,0.413685433075943,0.0628,0.0988587247278382
MEF2D_S2,MEF2D,0.253110645827662,0.0628,0.0988587247278382
MEPCE_S9,MEPCE,0.200151501038564,0.0633,0.0996148320895522
STEA3_S5,STEA3,-0.743451786453761,0.0634,0.0997411874417159
SET_S3,SET,1.00812766464193,0.0636,0.100024735860783
FIP1_S3,FIP1,-0.364657456378246,0.0643,0.101031449860292
MAST4_S4,MAST4,0.379046942944775,0.0643,0.101031449860292
RBBP6_Y14,RBBP6,-0.268176983023733,0.0643,0.101031449860292
FYB_S11,FYB,0.401328444613434,0.0644,0.101157169459963
SYNRG_S3,SYNRG,-0.442506919592558,0.064481335585574,0.101253502760965
AAKG2_S3,AAKG2,0.587924155336193,0.0646,0.101408374689826
SI1L2_T1,SI1L2,-0.360536011474165,0.0649,0.101847720930233
RIN2_S3,RIN2,0.18358113961067,0.0651,0.102129913205208
HUWE1_S16,HUWE1,0.0691283045312042,0.0652,0.102255097613883
TNS2_T3,TNS2,0.476594704658532,0.0653,0.102380204460967
AR6P4_S3,AR6P4,0.997531611868857,0.0654,0.10250523381852
PLM_S14,PLM,0.646240285646422,0.0657,0.102943560371517
GEM_S2,GEM,1.03837549222123,0.0659,0.103224976787372
NHSL1_S4,NHSL1,0.399042482584558,0.066,0.103349628712871
HNF1B_S7,HNF1B,0.886090103951609,0.0663,0.103787287349211
MLTK_S11,MLTK,-0.615557068160551,0.0669,0.104694155844156
E41L1_S4,E41L1,0.719201868822778,0.0671,0.104974683153014
VINC_S4,VINC,1.54376913912154,0.0674,0.105411433868974
MYOF_S5,MYOF,1.45198676768201,0.0677,0.105847914735867
SYNP2_S15,SYNP2,0.626639247516869,0.0679,0.106127825818406
CO6A1_S3,CO6A1,0.235333413720943,0.0682,0.106530925925926
DYN2_S31,DYN2,0.265620082851466,0.0682,0.106530925925926
PKN2_T12,PKN2,-0.355113161243741,0.0684,0.106810367170626
SPTN1_S7,SPTN1,-0.061336833375406,0.0685,0.106933528685996
UBP10_S4,UBP10,0.534143000978494,0.0686,0.107056614246068
MS3L1_S3,MS3L1,-0.0294867664386919,0.0691,0.107803668310727
P4K2A_S10_S14,P4K2A,0.427726986061605,0.0695,0.108394298921418
CO6A3_S3,CO6A3,0.537536618441304,0.07,0.109140480591497
PI4KA_S2,PI4KA,-0.234364478583311,0.0701,0.109262734832153
GBG12_S1,GBG12,-0.369755943420626,0.0705,0.109818559556787
NDRG1_S3,NDRG1,-0.549190810702979,0.0705,0.109818559556787
RICTR_S3,RICTR,0.300157588027647,0.0707,0.110096215384615
PKHA6_S10,PKHA6,-0.337853847655074,0.0711,0.110685050753614
MTAP2_S3,MTAP2,0.613147233443519,0.0713,0.11092815862281
NBN_S7,NBN,0.653518763041303,0.0713,0.11092815862281
BDH_T13,BDH,0.263288769490028,0.0715,0.111205132145052
SOS1_S15,SOS1,0.587520091334264,0.071623415063571,0.111362858260133
LASP1_S16,LASP1,0.738499009906879,0.0717,0.111447696560197
ARAF_S10,ARAF,2.05189936135255,0.071797103088826,0.111564365591817
WDR44_S6,WDR44,-0.588217549713991,0.072,0.111845303867403
DDX23_S3,DDX23,-0.436542567455287,0.0722,0.11212157103406
CXB1_S8,CXB1,-0.772739597489834,0.0725,0.112543504787289
ZO1_S13,ZO1,0.0330439888919729,0.072516176469344,0.112543504787289
AMPD3_S3,AMPD3,0.0258473094858813,0.0727,0.112759638369599
SHRM3_S5,SHRM3,0.840315068940671,0.072698689463527,0.112759638369599
AAKB2_S2,AAKB2,-1.48836175783031,0.0728,0.112880147058824
NRBP_T3,NRBP,0.179379688517416,0.0729,0.113000581929556
PEX19_S9,PEX19,-0.607998816457464,0.073,0.113120943049602
K2C8_S15,K2C8,0.289961644797847,0.0731,0.113206578947368
TLN1_S19,TLN1,0.41372429334582,0.0731,0.113206578947368
RIPK3_S3,RIPK3,-0.254172388849279,0.0737,0.114100856531049
FLNA_T3,FLNA,-0.523635920809573,0.0738,0.114185814735555
GOGA3_S4,GOGA3,-0.485011082374819,0.0738,0.114185814735555
FBN1_S16,FBN1,1.41165668913244,0.074,0.114460268948655
CIP4_S3,CIP4,0.254117342982252,0.0741,0.114544929749542
STAT3_T5,STAT3,0.328220266472298,0.0741,0.114544929749542
LIME1_S11,LIME1,-0.615693891375163,0.0742,0.114664488549618
PML_S2_S9,PML,-0.351786296362676,0.0744,0.114938461538462
PDLI7_S8,PDLI7,0.223802806634389,0.0747,0.115366707354287
CBP_S1,CBP,0.0518170060406795,0.074745657373819,0.115402004871537
DCA10_S3,DCA10,-0.756763603012867,0.075,0.115759377859103
DPYL3_T13,DPYL3,0.554337413762859,0.0751,0.115878384146341
LS14A_S1,LS14A,0.230608229072944,0.0754,0.116305821395916
FABPL_S4,FABPL,-1.39355066087361,0.0756,0.116507795371498
KRI1_S7,KRI1,-0.438499174401264,0.0756,0.116507795371498
PCF11_S3_S8,PCF11,-0.3055633941363,0.0756,0.116507795371498
CLAP1_S6,CLAP1,0.800517510782794,0.0757,0.116626392694064
DEMA_S7,DEMA,-0.202689513474083,0.0762,0.117325281411622
MET22_S3,MET22,-0.300114569513967,0.0762,0.117325281411622
SQRD_T16,SQRD,1.18332288316024,0.0764,0.117597445255474
ABLM3_S7,ABLM3,-0.540215014176612,0.0767,0.118023320158103
M4K3_S3,M4K3,1.67416186442214,0.0769,0.118259161349134
PALMD_S4,PALMD,0.468413456616468,0.0769,0.118259161349134
LBR_S1,LBR,-0.708114254302103,0.077178000297546,0.11865062560932
GOLM1_Y7,GOLM1,0.99676482764074,0.0773,0.118802095353781
ARHGI_S1,ARHGI,0.155808991629788,0.0774,0.118919672131148
HNRL2_S6,HNRL2,-0.598585405760687,0.0776,0.119190773899848
AL9A1_T4,AL9A1,-0.229019850123068,0.0778,0.119461711165049
CRKL_S27,CRKL,0.635363801592962,0.078,0.119696179502729
CTND1_S4,CTND1,0.401071135002269,0.078,0.119696179502729
FCHO2_S4,FCHO2,0.0864871923387403,0.0781,0.119740714934868
KPYR_S3,KPYR,-0.979418091012885,0.0781,0.119740714934868
PARVA_S7,PARVA,1.49671206524624,0.078066412288791,0.119740714934868
PYGO2_T4,PYGO2,0.645960006715539,0.0782,0.119821435059037
RTN4_S3,RTN4,0.198753529591761,0.0782,0.119821435059037
STEA3_T3,STEA3,-0.523648392174936,0.0784,0.120091525423729
SRRM2_S5_S11,SRRM2,0.430516456526202,0.0785,0.120208320726172
GA2L1_S3,GA2L1,0.584542525175556,0.0795,0.121702813067151
CRTC1_S6_T17,CRTC1,0.433379887374313,0.0797,0.121972089507106
DSG2_S13,DSG2,-0.165023257806292,0.0799,0.122167341389728
TENXA_S19,TENXA,0.48667007096432,0.0799,0.122167341389728
TENX_S19,TENX,0.48667007096432,0.0799,0.122167341389728
K1C18_T15,K1C18,-0.331471920798402,0.0803,0.122741860465116
KCD12_S28,KCD12,0.441475855999458,0.0804,0.122820525203743
NFIA_Y24,NFIA,1.08862197250988,0.0804,0.122820525203743
TTC28_S4,TTC28,-0.10012077196197,0.0807,0.123241611345806
APJ_S3,APJ,0.917275049983239,0.0808,0.123319903498191
ZMYM4_S3,ZMYM4,0.757180615121174,0.0808,0.123319903498191
IF4G1_S1,IF4G1,-0.313875870246796,0.0809,0.123435302984625
RBM7_S3,RBM7,-0.489885885928549,0.081,0.123550632911392
TENS1_T12,TENS1,0.283082495071896,0.081248551645727,0.123892413341074
FA83G_S4,FA83G,0.0320791874615798,0.0814,0.124085963855422
LRP1_S2,LRP1,0.0630217017187006,0.0819,0.124810569105691
KANK3_S11,KANK3,-0.338904669084775,0.0826,0.125763718411552
TARA_S14,TARA,0.346175018326065,0.0826,0.125763718411552
TENS1_S7,TENS1,0.79340970296373,0.0826,0.125763718411552
KIF1C_S8,KIF1C,-0.251689986315855,0.082719736979734,0.125870291297184
ZC3HD_S6,ZC3HD,0.188900178666795,0.0827,0.125870291297184
TM45A_S3,TM45A,-0.542411604545942,0.0831,0.126410910730388
COASY_S26,COASY,-0.617460468979055,0.0832,0.126486993091018
MAT2B_S24,MAT2B,-0.311012391715731,0.0832,0.126486993091018
ABLM3_Y17,ABLM3,0.673006569436182,0.0837,0.127208918918919
SDE2_S8,SDE2,0.495014611085175,0.083846590604885,0.12739345393315
TANC1_S6,TANC1,-0.415630341739174,0.0841,0.12774012605042
AK1C1_S5,AK1C1,1.56591946219201,0.0843,0.127852052741984
AK1C2_S5,AK1C2,1.56591946219201,0.0843,0.127852052741984
AK1C3_S5,AK1C3,1.56591946219201,0.0843,0.127852052741984
AK1C4_S5,AK1C4,1.56591946219201,0.0843,0.127852052741984
DP13A_T1,DP13A,-0.856234500685345,0.0842,0.127852052741984
SETD2_T3,SETD2,-0.259826497369425,0.0844,0.127927044025157
ZC3H4_S21,ZC3H4,0.169016917555534,0.0844,0.127927044025157
SDA1_S6,SDA1,0.199647102490032,0.0846,0.128191796407186
AL1A1_T8,AL1A1,-0.796870185960848,0.0849,0.128607871894642
ADCY9_S6,ADCY9,-0.264729243079841,0.085153449217209,0.128953203617084
RALY_S14,RALY,0.524400201513615,0.0853,0.129136494166916
GAS2_S6,GAS2,-0.449446733314033,0.0855,0.129400568181818
SYNPO_Y23,SYNPO,0.398034816243341,0.0857,0.129664484304933
CLIC6_S3,CLIC6,0.0671279363467233,0.0858,0.129738213325366
MYCPP_T5,MYCPP,0.0593321042593457,0.0858,0.129738213325366
AKAP2_S5,AKAP2,0.495568282726555,0.086105368436811,0.130161072180018
MARCS_S13,MARCS,-0.196030385673662,0.0862,0.130265213496566
MYH14_S7_S27,MYH14,0.0512604904120351,0.086522608314191,0.130674700291889
PDLI2_S6,PDLI2,0.245588741098297,0.0865,0.130674700291889
HSPB6_S1,HSPB6,-0.354708457812232,0.0869,0.131205519093079
LAR1B_S10,LAR1B,-0.324920141523582,0.087,0.13131732776618
ECHM_S2,ECHM,0.378379867794771,0.0871,0.131429069767442
E41L2_S8,E41L2,0.562781609691304,0.0874,0.13180315852205
EDC4_S28,EDC4,0.264458296989082,0.0874,0.13180315852205
BAZ2A_S10,BAZ2A,-0.075990795303272,0.0877,0.132176801667659
FARP1_S11,FARP1,0.820314393507129,0.0877,0.132176801667659
LBR_S4,LBR,0.910920279754635,0.088,0.132589461149152
ML12A_S3,ML12A,0.819706927372222,0.0881,0.132621683521713
ML12B_S3,ML12B,0.819706927372222,0.0881,0.132621683521713
MYL9_S3,MYL9,0.819706927372222,0.0881,0.132621683521713
CL043_S13,CL043,0.544709811789912,0.0882,0.132732738626227
TE2IP_S3,TE2IP,0.0294796834081058,0.088235448699506,0.132746612921581
ADX_S2,ADX,-0.500245582283596,0.0886,0.133255453194651
PLAK_S5,PLAK,-0.233051449163107,0.0887,0.133326611226611
S61A1_S3,S61A1,-0.253868987596935,0.0887,0.133326611226611
ARFG2_S3,ARFG2,0.654841490130266,0.089,0.133698130008905
PRAM_S3,PRAM,0.774858050184618,0.089,0.133698130008905
SEPT5_S3,SEPT5,0.587085122384291,0.0892,0.13395881305638
SRC8_T3_S7,SRC8,-0.123942912515733,0.0896,0.1345196084248
ARM10_S4,ARM10,-1.21977131542655,0.0898,0.134739934776164
MAP1A_T7,MAP1A,0.396626935686059,0.0898,0.134739934776164
GSDMD_S3,GSDMD,0.130584986383796,0.09,0.135
H10_S1,H10,0.389351908940766,0.0901,0.135029937814628
KI13B_S4,KI13B,0.916211854561743,0.0901,0.135029937814628
SNTB1_S16,SNTB1,-0.462283592035551,0.0901,0.135029937814628
CT2NL_S14,CT2NL,0.554746160736419,0.0905,0.135549126960639
NEST_S8,NEST,-0.0574564331121005,0.0905,0.135549126960639
MILK1_S3,MILK1,-0.329056419560209,0.0907,0.13580849112426
HNRH1_S6,HNRH1,-0.227605402035996,0.0908,0.135877823772915
HNRH2_S6,HNRH2,-0.227605402035996,0.0908,0.135877823772915
CSPG2_S10,CSPG2,2.28662021491879,0.0909,0.135987259828555
VINC_S13,VINC,0.633805632501373,0.0911,0.136246187943262
CSTF2_S25,CSTF2,0.347091384439088,0.0915,0.136803988183161
LTBP1_S12,LTBP1,0.770777572872766,0.0917,0.137022054915855
M4K5_T1,M4K5,0.0767175835149324,0.0917,0.137022054915855
ABCF1_S7,ABCF1,-0.255188186299268,0.091777245024635,0.137050088495575
ANK3_S2,ANK3,0.272107682330213,0.0918,0.137050088495575
HD_S16,HD,-0.250089069454646,0.0918,0.137050088495575
DEN1A_S5,DEN1A,0.243322444900203,0.0919,0.137118484669811
PRSR2_S3,PRSR2,-0.225294510232705,0.0919,0.137118484669811
CK096_S2,CK096,1.52141758737515,0.092,0.137227232537577
LIRB4_S3,LIRB4,-0.29909115905316,0.092389860372869,0.137768144769325
EI2BD_S3,EI2BD,0.308904029112293,0.0927,0.138189896907217
SCRIB_S31,SCRIB,0.499588414819971,0.093,0.13859628975265
PYGL_S3,PYGL,-0.887879789107715,0.0933,0.139002443332352
CD2AP_S6,CD2AP,0.256220385964479,0.0935,0.139259417304297
RRBP1_S8,RRBP1,1.10411770813253,0.0936,0.139367343336275
CRTC3_S5,CRTC3,0.236560233804496,0.0937,0.139475205882353
PRP31_S7,PRP31,0.282688285274167,0.0941,0.140029432519847
CK084_S3,CK084,-0.154113115173794,0.0943,0.140285802469136
ARHGH_S10,ARHGH,0.0607214897386263,0.0948,0.140988186893917
CPSF4_S3,CPSF4,0.699905011387049,0.0949,0.14109544653349
SENP3_S4_S16,SENP3,-0.167450515031785,0.095,0.141202643171806
SNP23_S10,SNP23,-0.258519445981063,0.0951,0.141309776864357
KCD12_S3,KCD12,-0.173175339954761,0.0952,0.141416847666569
CD11A_T3,CD11A,-0.316577616177065,0.0953,0.141523855633803
MCLN1_S3,MCLN1,-0.0720326511618277,0.0955,0.141779260780287
ADCY6_S6,ADCY6,-0.202642419786961,0.0962,0.142776598240469
PAK4_S1,PAK4,-0.341088501695452,0.0965,0.143179859278804
FIBA_S5,FIBA,1.14923846586075,0.0971,0.144027872215709
TMX1_S1,TMX1,-0.37387891437153,0.0974,0.144430530325227
HCFC1_S25,HCFC1,0.424472263421939,0.0976,0.144684710017575
NEST_S20,NEST,0.281635784591108,0.0978,0.14489631147541
SMAP_S3,SMAP,0.385705177884827,0.0978,0.14489631147541
APC1_S9,APC1,-0.404043112413561,0.0979,0.14495959625512
GPAT3_S4,GPAT3,1.01766209148745,0.0979,0.14495959625512
HNF4A_S12,HNF4A,-0.29101116435443,0.0979798493217,0.145035395559264
HUWE1_T5,HUWE1,0.495180197566771,0.0982,0.145318771929825
PHC3_T4_S11,PHC3,-0.405884533502296,0.0984,0.145572171879567
PRKRA_S11,PRKRA,-0.0358829678461064,0.0986,0.145825423728814
ARHGB_S3,ARHGB,-0.0823548349846731,0.0987,0.145930674846626
SI1L1_S1,SI1L1,-0.301468288951447,0.098756884771624,0.145972136048244
LMNA_S5,LMNA,0.413171128735654,0.0988,0.145993226277372
SWAHB_S14,SWAHB,-0.603260201796373,0.099,0.146246059544658
SKT_S11,SKT,0.0940906936898995,0.0996,0.147046557759627
ZCH18_S3,ZCH18,-0.409731228907322,0.0996,0.147046557759627
F104A_S17,F104A,0.060129615897195,0.100446648629006,0.148253277547798
ADAS_S4,ADAS,0.463105128609488,0.100557343391947,0.148373386270159
PP13G_S1,PP13G,-0.754372625313568,0.100845669582753,0.148755445572228
CCDC9_S5,CCDC9,0.890368240478065,0.101216556605418,0.149259030588584
3HAO_S3,3HAO,-0.709097255363254,0.101378518814026,0.14941079898596
RERE_S5_S9,RERE,0.93625157128565,0.101364986634817,0.14941079898596
KANK2_S1,KANK2,-0.18843082450843,0.102154983237883,0.150379979687878
LRRK2_S4,LRRK2,-0.337229142254788,0.102117093278602,0.150379979687878
NAGK_S7,NAGK,-0.140818158490088,0.102136025101467,0.150379979687878
OSBP1_T1,OSBP1,0.974147667977255,0.10213294163253,0.150379979687878
KANL1_T7,KANL1,0.618321216586927,0.102797367392751,0.151281615694886
TRIP6_S10,TRIP6,0.420164792830596,0.103038646769034,0.151592613749442
PHF12_T1,PHF12,0.309454037831714,0.103345296988417,0.151976392365034
SDS3_S4_S6,SDS3,0.116997768289937,0.103359561849525,0.151976392365034
LAP2A_T3,LAP2A,0.0837034651545229,0.103434364415155,0.151998059902758
LAP2B_T3,LAP2B,0.0837034651545229,0.103434364415155,0.151998059902758
SYNP2_S5,SYNP2,1.22454723712097,0.103495964132662,0.152044433809986
RAF1_S1,RAF1,0.729371804802055,0.103806855660554,0.152456905542096
F16A2_S3,F16A2,0.33808755496977,0.104452283283413,0.153315836919186
FAK2_S3,FAK2,0.151284081221256,0.104442234953708,0.153315836919186
VIGLN_S12,VIGLN,-1.00041442417964,0.104663246330745,0.153580948008089
NUP98_T3,NUP98,-0.212230504739327,0.10476107925423,0.153679948436423
GBF1_S6,GBF1,-0.355948302508012,0.105125717102116,0.154170169299858
SSFA2_S6,SSFA2,-0.0995886974986863,0.105193003076958,0.154224156596896
EMAL4_T14,EMAL4,0.334785446960396,0.105333592101261,0.154385551585428
LRRF2_S13,LRRF2,0.129599786052717,0.105429843482846,0.154437174491081
PDCD4_S3,PDCD4,0.0807687568537334,0.105401604700151,0.154437174491081
TR150_S7,TR150,0.759400009320163,0.106235126417132,0.155571751966755
TBC9B_S3_S27,TBC9B,1.53937473115983,0.106317187106438,0.155646885723368
AMPL_S1,AMPL,-0.662552375834092,0.106540508725274,0.155928720259865
DMD_S3,DMD,0.387344627977386,0.10760298797499,0.157438196629495
IBP1_S5,IBP1,-0.312108706363294,0.10779869225904,0.157678954197399
WDR44_S10,WDR44,0.00827314665844772,0.107855681091976,0.15771672984874
ABLM1_S12,ABLM1,-0.129096573230005,0.108479042719991,0.158582448066399
WDFY3_S3,WDFY3,-0.536940078625243,0.10888246774625,0.159126240041516
ZCH24_S3,ZCH24,0.388438474095975,0.109250352781161,0.159617793136679
DESP_S5,DESP,-0.496706220217128,0.109423005599662,0.159823905148597
SRBS1_S3_S7,SRBS1,2.33311936626598,0.109831572166683,0.160374375861391
PTN14_S3,PTN14,-0.303314920448376,0.109869839232659,0.160383979335589
FKB15_S4,FKB15,0.81485626436979,0.110026487211376,0.160536515113656
RHN2P_S3,RHN2P,-0.321967159606045,0.11006949366615,0.160536515113656
RHPN2_S3,RHPN2,-0.321967159606045,0.11006949366615,0.160536515113656
SHOT1_S9,SHOT1,-0.212194175898802,0.110157424978333,0.160618475314129
ILF3_S8,ILF3,-0.432862393982017,0.110665123068694,0.16131226608602
NUFP2_S7,NUFP2,-0.258039596095153,0.110885356681839,0.161586752135556
PKP4_T1,PKP4,0.581790348772788,0.11130325623204,0.162149044268956
PI4KA_S1,PI4KA,-0.309862361964452,0.111932945680569,0.163019464198377
SAMH1_T16,SAMH1,-0.140303048024825,0.112062637365646,0.163161394622421
EMD_S2,EMD,0.602644991049083,0.112561823334518,0.163793958566991
NIBL1_S7,NIBL1,0.430466470219366,0.112550382765802,0.163793958566991
MAP1A_S3,MAP1A,0.458115731866741,0.112732627218516,0.16399535106436
PP14A_S9,PP14A,0.95740877494088,0.112822668635241,0.164079174127286
SP110_S3,SP110,-0.063230265053287,0.113197766633511,0.164577390672852
IF4G2_T19,IF4G2,0.669997814399892,0.113367226943192,0.16477643180916
SREC2_S3,SREC2,0.315811560317172,0.113700427788989,0.165213283100796
FUND2_S4,FUND2,0.0769631094896332,0.11380688335101,0.165320504201912
SDS3_S4,SDS3,0.494954182800498,0.113951485453474,0.165478193545396
SHOT1_T11,SHOT1,0.206309085138736,0.113980830408862,0.165478193545396
RBGP1_S12,RBGP1,0.340985582979777,0.114129284562679,0.165646202802328
MARCS_S8,MARCS,0.311113242572939,0.114390524879782,0.165965277858819
ODPAT_S3,ODPAT,-0.900424296002694,0.114480297373076,0.165965277858819
ODPA_S3,ODPA,-0.900424296002694,0.114480297373076,0.165965277858819
SHAN2_S4,SHAN2,-0.11576344517582,0.114452746822077,0.165965277858819
CI129_S8,CI129,-0.241532000405843,0.114733702341519,0.166142279699693
F120A_S8,F120A,-0.241532000405843,0.114733702341519,0.166142279699693
FLNA_S15,FLNA,0.314467813291483,0.114689116332527,0.166142279699693
SF3B1_T4,SF3B1,0.473710203709414,0.114649531961317,0.166142279699693
TM100_S4,TM100,0.63706767785377,0.115214220573742,0.166790380527377
DTD1_S3,DTD1,0.468813001969966,0.115749981289867,0.167518059853594
RS6_S2_S7,RS6,0.396966524111439,0.115783902936785,0.167519248931695
CTNB1_T2,CTNB1,-0.0889050789588808,0.116003026416377,0.167788315716857
AP2A1_S4,AP2A1,-0.431211566682646,0.116086833339442,0.167818500975693
SEPT9_S1,SEPT9,0.491587520233504,0.116090213775124,0.167818500975693
TKT_Y11,TKT,-0.113452786906452,0.116210001228569,0.167943693951396
CD44_S16,CD44,-0.26594933814503,0.116299778661436,0.168025458123188
P121C_S3,P121C,-0.0104168813070445,0.116408975707011,0.168135224330246
G3P_T20,G3P,0.623289010651669,0.116566451554421,0.168314639462746
ECHD2_T5,ECHD2,0.364808441199353,0.117418762693055,0.169496964629079
NCK5L_S3,NCK5L,-0.0280364828298471,0.117601164254623,0.1697118597926
ZNRF2_S3,ZNRF2,0.354194872614134,0.117651829739518,0.169736576485662
CPZIP_S4,CPZIP,-0.403314093606442,0.117910056111024,0.170060642341947
ARI1A_S7,ARI1A,0.601548976044374,0.118152522410186,0.170361799406824
CSKI2_Y3,CSKI2,-0.523348636871233,0.118470390009739,0.170771473608456
SODE_S6,SODE,-0.321379282163405,0.1186082367606,0.170921493805637
TAOK1_S2,TAOK1,-0.318706249602147,0.11882064399422,0.171178844080486
NELFE_S5,NELFE,0.555878696311931,0.118984861916901,0.171366643756812
DOCK6_S1,DOCK6,0.490760029198489,0.119223510458481,0.171661503963122
NHRF1_S26,NHRF1,-0.212342528326073,0.119608092272991,0.172151363401746
NOS3_T1,NOS3,-0.184498648318264,0.119631761526169,0.172151363401746
TBX3_S8,TBX3,0.549017734930774,0.119842546118945,0.172405663987487
PCY1A_S3,PCY1A,-0.45376979671801,0.120552301359397,0.17337743597042
AK17A_S7,AK17A,0.233934874947939,0.120826870620696,0.173673613238098
PLIN2_S5,PLIN2,1.73621518627627,0.120822842558978,0.173673613238098
ELYS_S10,ELYS,0.302112665978895,0.121085676646325,0.173996198042888
CP2D6_S3,CP2D6,-1.088322004474,0.12116826742458,0.174016061701419
CP2D7_S3,CP2D7,-1.088322004474,0.12116826742458,0.174016061701419
CRTC1_S7,CRTC1,0.227906543961379,0.121362641945625,0.174245767627463
AAKG2_S11,AAKG2,0.396981888231168,0.121419635888456,0.174278155766159
TENS1_S3_S11,TENS1,-0.221006673623382,0.121898104245518,0.174915312046092
FA83H_S2,FA83H,-0.154420593844669,0.122078895851978,0.17512508274004
CTNA1_T5,CTNA1,0.320672925314984,0.122410472841454,0.175501247323116
CTNA2_T5,CTNA2,0.320672925314984,0.122410472841454,0.175501247323116
MYCB2_S3,MYCB2,-0.236017709740807,0.123016382649481,0.176319997901168
NPM_S3,NPM,0.00101667274393044,0.123173186506738,0.176494761299717
ZO1_S5,ZO1,0.183470245664119,0.123424475584211,0.176804775242483
TP53B_S18,TP53B,0.194051607458031,0.123562688859637,0.176952679207307
PP14A_S8,PP14A,1.08993312356284,0.124183253852283,0.17779107432713
MVP_S12,MVP,0.429252516085154,0.124311889328554,0.177924907209223
TMCC1_S5,TMCC1,0.820773346461547,0.124510635843646,0.178158984451426
SMAG1_S4,SMAG1,-0.35431980587404,0.12472175489499,0.178410627903772
GGYF2_S9,GGYF2,-0.310971737041849,0.124894480025132,0.178607223341959
EVI2B_S3,EVI2B,1.81372341819908,0.12503736068035,0.178738820909785
TM230_T4,TM230,-0.0258463862105475,0.125057135910205,0.178738820909785
LARP1_S3,LARP1,1.36123996197288,0.125229296990238,0.178907223512083
ROA3_Y6,ROA3,0.707479497947188,0.125245661510237,0.178907223512083
TRA2A_T4,TRA2A,-0.167649393578341,0.12559624050518,0.17935738521352
HCLS1_S2,HCLS1,0.283220868020791,0.125705842363369,0.179463263244291
ZC3H1_S3,ZC3H1,0.348533576396192,0.126134125560342,0.180023916937645
ARMC1_S3,ARMC1,-0.269438293668098,0.126434242079671,0.180401381213762
UBP15_S7,UBP15,0.468593147789373,0.126501528944543,0.180446515780251
MYO1E_S12,MYO1E,0.37251322667919,0.127042267942253,0.181166784462029
FRM4A_S12,FRM4A,-0.369161321263371,0.127255488416134,0.181419725880015
BIN2_S3,BIN2,0.773218561181738,0.127612462074332,0.181877406521598
MEPCE_S16,MEPCE,-0.268008183904784,0.127715596363006,0.181973151236817
PDLI5_S7,PDLI5,0.682160809940886,0.127981219850352,0.182300296555765
SYNP2_S11,SYNP2,1.42467507507701,0.12804783188792,0.18234385964681
RGS12_S11,RGS12,0.303444325227873,0.128226268829708,0.182546595371913
FOG1_S8,FOG1,0.306183109458253,0.128411483710717,0.182758863627654
SRC8_T13,SRC8,0.0819812436437205,0.128778611437225,0.183229843262242
ZYX_S10,ZYX,0.299605123424776,0.128844133746965,0.183271546063347
AT8B2_S5,AT8B2,0.0803379098223541,0.129067206984847,0.183537267364516
ZN777_S2,ZN777,-0.577606663644589,0.129279039054697,0.183786858611186
SMAG1_S3,SMAG1,-0.257270597520463,0.129553001902328,0.184124611802213
BCLF1_Y1_S7,BCLF1,-0.363562883283779,0.129650332546236,0.184211210841241
OSTP_S1,OSTP,0.781315974739663,0.129807763617329,0.184383129853298
LYAR_S3,LYAR,0.496453853937165,0.129868921887448,0.184384213242889
YJ005_S3,YJ005,0.404214820922825,0.129881391071112,0.184384213242889
IQEC1_S1,IQEC1,-0.29008608360504,0.129958537998853,0.184441996862646
AHNK_T7,AHNK,0.287710824708192,0.130071291705313,0.184550268382559
K2C8_S22,K2C8,-0.23133642101575,0.130553766890279,0.18518290757615
TENS1_S2,TENS1,0.258570562897892,0.130622922085113,0.185229086206993
ARHG5_S10,ARHG5,0.392428312604644,0.130752802946661,0.185361326530266
AT2A2_T5,AT2A2,-0.29929246302185,0.131084567407186,0.185694525203712
AT2A3_T5,AT2A3,-0.29929246302185,0.131084567407186,0.185694525203712
CI078_S12,CI078,-0.161381332753212,0.1310979131699,0.185694525203712
BIG2_S21,BIG2,0.166570449636552,0.131148687520921,0.185714467695406
ALBU_T1,ALBU,0.956096278743459,0.131187167444555,0.185716994248082
MPRIP_S17,MPRIP,0.521061739144254,0.131234540639489,0.185732105754042
AAK1_S12,AAK1,0.568327130572923,0.131279663596436,0.185744025010222
DOCK4_S8,DOCK4,0.231077056541636,0.131416666069311,0.185833961155849
TENS1_S16,TENS1,0.548184355467041,0.13141119125386,0.185833961155849
TRIM3_S3,TRIM3,0.298124275965913,0.131678732453462,0.186152532108093
F1711_S1,F1711,0.176317696966061,0.131803665508096,0.186277115648275
PCM1_S2,PCM1,-0.267783882662555,0.133163358788208,0.188146219661396
LIMD1_S21,LIMD1,-0.478907491282459,0.133419719005922,0.188455818556788
RFX1_S5,RFX1,0.332444040774608,0.133493210415499,0.188507013926574
M3K3_S1,M3K3,-0.353440927738839,0.133541687023828,0.188522866953304
BIN2_S1,BIN2,0.22796189662048,0.13360663951872,0.188561963916409
SMRC2_S3,SMRC2,0.543058926193865,0.134450118958792,0.189699484820308
EST1A_S3,EST1A,0.767662307118237,0.135286599441145,0.190626168514999
KS6A1_S3,KS6A1,0.140671328301928,0.135295237562908,0.190626168514999
KS6A3_S3,KS6A3,0.140671328301928,0.135295237562908,0.190626168514999
KS6A6_S3,KS6A6,0.140671328301928,0.135295237562908,0.190626168514999
SNW1_S4,SNW1,-0.277922195098383,0.135233222651107,0.190626168514999
ZC3H4_T1,ZC3H4,0.230750807366852,0.135404555260989,0.190727095512348
PAR12_S7,PAR12,-0.354844429486168,0.135787679252571,0.191213534974196
CLD23_S3,CLD23,-0.0305243203669268,0.135860943232685,0.191263486425763
COG3_S16,COG3,-0.350033867251584,0.136255306821401,0.191765324756149
HNRH1_S5,HNRH1,-0.50741470705257,0.136444194148929,0.191977777755833
FARP1_S7,FARP1,-0.184296169732243,0.136732900088016,0.1923305189954
PKN1_S18,PKN1,0.736418931121522,0.136811928285417,0.192388210350791
SPTN1_S6,SPTN1,0.36899558607418,0.137584093481826,0.1934203047532
MTMRE_S5,MTMRE,0.306576713925477,0.138004373639287,0.193957271588012
HERC1_S1,HERC1,-0.360543983992427,0.13864302472939,0.194800762952649
MYCT1_S2,MYCT1,-0.565701050542122,0.139130916018842,0.195432019420305
PHRF1_S15,PHRF1,0.612738799811162,0.139365537314381,0.195707265357404
NFIC_S12,NFIC,-0.127687565604766,0.139506620433034,0.195851041889483
PELP1_T14,PELP1,0.466054318930001,0.139576531232138,0.19589484874261
FLNA_T7,FLNA,-0.58829169672328,0.139908043020819,0.196289243974456
SRRM1_S2,SRRM1,0.53566443074285,0.139935110108642,0.196289243974456
NOP58_S8,NOP58,0.362936518123243,0.140001491941937,0.196327944227804
DEMA_T2,DEMA,-0.800170350305384,0.140059799571831,0.196355303499456
GDIR1_S1,GDIR1,-0.207419003383463,0.14105395667357,0.19769428820962
HBB_T4,HBB,0.818763462460369,0.141968746259789,0.198866267595016
HBD_T4,HBD,0.818763462460369,0.141968746259789,0.198866267595016
LMNB1_S9,LMNB1,-0.316154649462029,0.142185016659716,0.199114103296852
ALS2_S3,ALS2,0.291234173627457,0.142248019748104,0.199147227647346
P121A_S5,P121A,0.286079749516839,0.142636594117331,0.199525650311723
P121B_S5,P121B,0.286079749516839,0.142636594117331,0.199525650311723
P121C_S5,P121C,0.286079749516839,0.142636594117331,0.199525650311723
MRCKA_S1,MRCKA,-0.234895875000956,0.143137574385449,0.200171114662823
CEBPB_S17,CEBPB,0.216597961086955,0.143507230839495,0.200577214934737
KCNJ8_S2,KCNJ8,0.465105060496705,0.143499119603826,0.200577214934737
IWS1_S7,IWS1,-0.750183836003724,0.143817291413081,0.200955083335616
PKP2_S2,PKP2,0.546058041436339,0.143959982065727,0.20109894265378
LPIN2_S4,LPIN2,-0.514827511586171,0.144222157475775,0.20140958581261
ATM_T3,ATM,-0.236549381104622,0.144278366372365,0.201432499920149
BIN1_S20,BIN1,-0.194314791813289,0.144516627298101,0.201709501035766
RRBP1_S5,RRBP1,-0.657722734059134,0.14495586904811,0.202266791632888
ACTBM_S11,ACTBM,0.234866545871974,0.145305254793562,0.202363757432641
ACTB_S11,ACTB,0.234866545871974,0.145305254793562,0.202363757432641
ACTG_S11,ACTG,0.234866545871974,0.145305254793562,0.202363757432641
POTEE_S11,POTEE,0.234866545871974,0.145305254793562,0.202363757432641
POTEF_S11,POTEF,0.234866545871974,0.145305254793562,0.202363757432641
POTEI_S11,POTEI,0.234866545871974,0.145305254793562,0.202363757432641
POTEJ_S11,POTEJ,0.234866545871974,0.145305254793562,0.202363757432641
PRSR2_S29,PRSR2,-0.0496879040932638,0.145371132633376,0.202399808048835
AKA12_S4,AKA12,-0.49373465473526,0.146211430416616,0.20351376494458
MTX3_S15,MTX3,0.235603024078556,0.146293912416975,0.203572584751804
KPBB_S3,KPBB,-0.668912279465035,0.146493526449014,0.203794320329428
SNX17_S4,SNX17,-0.13352197887141,0.146931355886933,0.204347236093368
REEP4_S1,REEP4,-0.181849161062306,0.148265135277784,0.20614556308815
N4BP1_S4,N4BP1,0.191201614095823,0.148347138951721,0.206202930578044
CLD12_S4,CLD12,0.267494898253866,0.148478513533512,0.206328873419304
VP26B_S4,VP26B,-0.590734683644529,0.148591534374292,0.206429249373673
ZO2_S15,ZO2,0.186633776578755,0.148800310344911,0.206662560553127
CN37_S6,CN37,-0.272760496705977,0.149057301852498,0.206962689897254
AFAD_S1_S11,AFAD,0.060563774951135,0.149274947792731,0.207208039160453
NIPA_S10,NIPA,-0.205866647443288,0.149399741133348,0.207324400843398
DYN2_S8,DYN2,0.37855098208892,0.150862448209088,0.209296833987444
PAR1_S11,PAR1,2.12163979333474,0.151661616518663,0.210290257863275
ZN638_S10,ZN638,0.368369638044406,0.151655188476575,0.210290257863275
PLEC_S5,PLEC,-0.814514376083237,0.152639535803534,0.211588247247791
C102A_S1,C102A,0.503957427553379,0.15298380740121,0.211979597714668
ROA3_S16,ROA3,0.447919340730391,0.153005625459728,0.211979597714668
LARP1_S9,LARP1,-0.164432429547802,0.15325668863225,0.212269321611335
BOK_S2,BOK,-0.218404954040589,0.153399709636042,0.212293117437246
CE170_S1,CE170,0.483412144737523,0.153367036365917,0.212293117437246
ST38L_S5,ST38L,-0.157308636765547,0.153375423559889,0.212293117437246
M3K3_S6,M3K3,0.257341641765936,0.154540519813883,0.213813441984161
PRP31_S1,PRP31,-0.400641391662529,0.154901862418607,0.214222269599752
STIM1_S6,STIM1,-0.283652215427562,0.154920669182986,0.214222269599752
SASH3_T4,SASH3,0.632105524451362,0.155070119702727,0.214370356682737
RASL3_S2,RASL3,0.470971421110336,0.155367823336587,0.214723253387894
PHLB2_Y2,PHLB2,0.028850237800785,0.155702917634819,0.215127618386519
DEFI6_S3,DEFI6,0.683926554404311,0.156084787477365,0.215419991661561
K1211_S3,K1211,0.734165499462672,0.156043951472424,0.215419991661561
KCC2A_T3,KCC2A,-0.327595418008223,0.156062507130351,0.215419991661561
KCC2D_T3,KCC2D,-0.327595418008223,0.156062507130351,0.215419991661561
ILF3_S11,ILF3,0.208973013593825,0.156148232858936,0.215448802208036
CO1A2_S24,CO1A2,0.602965836388572,0.15668501878246,0.216071629443605
GATM_S1,GATM,-1.1999228359695,0.156680255408113,0.216071629443605
BORC6_T3,BORC6,0.381810666872972,0.156734111823899,0.216080452176724
P4K2A_S10,P4K2A,0.207694505704814,0.157193449579312,0.216654697255146
SRC8_S20,SRC8,-0.0761848825783567,0.157455175851466,0.21695634222278
RFIP5_S3,RFIP5,0.241200068070293,0.157994823286421,0.217640664303913
MARK2_T2,MARK2,1.02736846765128,0.158328829378307,0.218041416458126
LIMA1_S2,LIMA1,0.286331659941661,0.158472662202303,0.218180126062529
TGON2_T7,TGON2,-0.105917897963813,0.159404861607211,0.219403863093308
ZNT10_S8,ZNT10,-0.257606329538689,0.159736552544128,0.219800623280542
PGAM1_Y3,PGAM1,0.106288569459054,0.160807984892332,0.221094596995407
PGAM4_Y3,PGAM4,0.106288569459054,0.160807984892332,0.221094596995407
PKHA6_S12,PKHA6,0.46495402312183,0.16077144124372,0.221094596995407
DEMA_S6,DEMA,0.0693758946828002,0.161146280480982,0.221499545223859
SPF45_S6,SPF45,-0.197020025059023,0.161341558691273,0.221707746005032
CSTFT_S10,CSTFT,0.258752704541763,0.161652398908999,0.222074590357884
ANO6_S3,ANO6,0.0318071766335363,0.162083236676216,0.222494987890274
IGG1_S30,IGG1,1.38039790641843,0.162090302381237,0.222494987890274
IGHG1_S30,IGHG1,1.38039790641843,0.162090302381237,0.222494987890274
TENS1_S7_S35,TENS1,1.09542506260784,0.162577158672012,0.22310276573727
SIK2_S3,SIK2,0.149148869738952,0.16343671204544,0.224221523356457
UH1BL_S3,UH1BL,0.387517265112908,0.163582149862608,0.224360233185544
BIN2_S17,BIN2,0.373897811746871,0.16436544728871,0.225338055704232
WNK1_S1,WNK1,0.165873503474599,0.164384133898444,0.225338055704232
DIDO1_S3,DIDO1,0.300738012378777,0.164675263342527,0.225666416665218
PGK1_S4,PGK1,-0.326485137021158,0.164757441133764,0.225666416665218
SSH3_S1,SSH3,-0.251854269846268,0.164743390735514,0.225666416665218
ENPL_T26,ENPL,0.661168372551879,0.16504174854,0.225994667034886
PKHG3_S4,PKHG3,0.467608656562525,0.165436337022678,0.226473708864423
YBOX1_S11,YBOX1,1.13037943464553,0.165866658155301,0.22700139451703
NCOA1_S6,NCOA1,0.0426102732018988,0.166100553644889,0.227260043794751
GOLM1_S8,GOLM1,1.58461365586968,0.166580157878949,0.227854642979827
NIPA_S15,NIPA,-0.123743479602872,0.166848194152589,0.228159608377804
CC186_S1,CC186,-0.0896093618210392,0.166935597035842,0.228217465315612
G3BP1_S17,G3BP1,-0.0855491575627456,0.167091276307268,0.228368606370803
LIPB1_S5,LIPB1,0.281563107651185,0.167407340826051,0.228738809913781
TENS1_Y2,TENS1,0.301265873049024,0.167659256199096,0.229021186403138
VASP_S3,VASP,1.08785249101599,0.168008943983767,0.229436930788409
KAP2_S2,KAP2,0.472536301290374,0.168944113165313,0.23065178223082
PAXX_S2,PAXX,0.478516338040921,0.169211632858691,0.230954712485932
NIPA_S5,NIPA,-0.118490320541036,0.169427862344902,0.231187492943529
PLEC_S3_S13,PLEC,0.286942672380415,0.169643904446483,0.231419892292089
I2BP1_S5,I2BP1,0.50766792965118,0.170511677882895,0.232540986732776
RGPS2_S15,RGPS2,0.300066497384258,0.170908087681122,0.233018812433771
LIMC1_S2,LIMC1,-0.427439128517051,0.171103884208705,0.233222935087599
CDK16_S3,CDK16,0.328278298556384,0.17162499196141,0.233807290529393
TIF1A_S10,TIF1A,-0.129502128935723,0.17157977675657,0.233807290529393
HPS5_S3,HPS5,0.64584011384846,0.172363916696245,0.234750748762028
K2C8_S4,K2C8,0.533722968936998,0.173116964796147,0.2357129294682
NELFA_S13,NELFA,0.214598508766723,0.173437866539025,0.236086348185585
GPBP1_S12,GPBP1,0.627417176472799,0.17365379049848,0.236316707102126
TNS2_S9,TNS2,-0.37056883232478,0.173939011893334,0.236641220212947
K1C18_S2,K1C18,0.313936866279122,0.174747804921094,0.237639830667993
RB15B_S4,RB15B,0.763984299811313,0.174766933362235,0.237639830667993
BAZ1B_S8,BAZ1B,0.0952365529501047,0.174839766727488,0.23767500924196
KAP0_S3,KAP0,-0.125093396984993,0.176907251979498,0.240377121504126
MIA3_S16,MIA3,-0.172808029118448,0.176922501008273,0.240377121504126
GREM2_S5,GREM2,0.58116718544507,0.177100646095939,0.240554581291344
ECH1_S3,ECH1,-0.019503426151474,0.177601910535994,0.241170718868437
PEX19_S8,PEX19,0.0883727083765851,0.177781399904595,0.241349695524988
PNKP_T8,PNKP,0.149904774901933,0.177852886996791,0.241381995465476
TBC17_S26,TBC17,-0.318122273083347,0.179118402901424,0.24303437991531
EIF3C_S9,EIF3C,-0.413830268639457,0.179585224766419,0.243537197894653
EIFCL_S9,EIFCL,-0.413830268639457,0.179585224766419,0.243537197894653
PARD3_S2,PARD3,-0.0245057068697102,0.179749418944531,0.243694564499939
UBP15_S5,UBP15,-0.554323025990133,0.180497867107185,0.244643734715978
RPGF1_S6,RPGF1,0.256613083858379,0.180715318023371,0.244872884743315
CARL1_S1,CARL1,-0.109501350149536,0.181784385701714,0.246255561037573
ARFP1_S3,ARFP1,0.654437137053244,0.181922069870199,0.246376129412116
ARHGC_S3,ARHGC,-0.256398254801528,0.182007678649454,0.246426126710778
CYTSB_S2,CYTSB,1.402480223216,0.182887860267396,0.247551607599169
PKHA3_S3,PKHA3,0.297956353057595,0.183040622571331,0.247692136586499
AKP13_S13,AKP13,0.335800571440532,0.183803281085962,0.248654587188968
DCDC2_S4,DCDC2,0.826098526203737,0.183850121569081,0.248654587188968
XPC_S9,XPC,0.515029459087889,0.184080154264628,0.248899188013167
ILF3_S6,ILF3,-0.211567560449258,0.185417832094501,0.250640931685435
DOK3_S3,DOK3,0.291339094881641,0.185487522683461,0.250668184860079
S2546_T13,S2546,0.316305868464418,0.185978635052321,0.251197724045849
ZN318_S1,ZN318,-0.115926604075855,0.185932613745931,0.251197724045849
KSR1_S4,KSR1,-0.0592975258191908,0.186165976222982,0.251284416383757
MILK1_S10,MILK1,0.336640403962936,0.186113309682083,0.251284416383757
PHC3_T4_T9,PHC3,0.0713207440860017,0.186191772661349,0.251284416383757
WIPF2_S14,WIPF2,0.216976142966316,0.186521816160146,0.251662733027592
RPGP2_S3,RPGP2,0.299973522776195,0.186627265075051,0.251737896733697
GGYF2_S16,GGYF2,-0.252757243735518,0.186915791927507,0.252059904861474
F122B_S3,F122B,0.0333056221983245,0.187145056601651,0.252301846420073
ACTB_S19,ACTB,0.0699952731360336,0.187804747068011,0.252921720306334
ACTG_S19,ACTG,0.0699952731360336,0.187804747068011,0.252921720306334
POTEE_S19,POTEE,0.0699952731360336,0.187804747068011,0.252921720306334
SRSF2_S2,SRSF2,0.269523324165652,0.187757538158425,0.252921720306334
PLEC_S9,PLEC,-0.106969742709175,0.188012112994009,0.253066304218798
SRRT_S4,SRRT,0.270404575674066,0.187973830990278,0.253066304218798
RGS14_S1,RGS14,0.467066430597481,0.188651585399727,0.253792045111116
TM1L2_S3,TM1L2,-0.358285083067232,0.188622136909076,0.253792045111116
DCP1A_S5,DCP1A,-0.146490256916709,0.189286662358597,0.254578739887552
PKP2_S5,PKP2,-0.298480398398521,0.18937473529505,0.254629525857664
CRTC3_S15,CRTC3,-0.354955441667906,0.189895808733948,0.255262334130813
SSH3_S3,SSH3,0.265427861323008,0.190170168094982,0.255563255636937
LAP2A_S1,LAP2A,-0.148795376540685,0.190800591491997,0.256274361343152
LAP2B_S1,LAP2B,-0.148795376540685,0.190800591491997,0.256274361343152
MTG8_S3,MTG8,0.00213621807026668,0.191089202267767,0.256593911561998
LAT3_S18,LAT3,-0.0757199533182512,0.191145091157986,0.256600877016066
UTRO_S2,UTRO,-0.16059709743454,0.191278334807398,0.256711655385903
LEO1_S4,LEO1,0.0920371877362231,0.191654962643058,0.257148930523997
MADD_T2,MADD,0.241041257200279,0.191761298980535,0.257223412176117
HPT_T9,HPT,0.555737340189143,0.192168876184541,0.257701823627441
BCL7C_T9_S17,BCL7C,0.128124860309664,0.19234538714504,0.257870199825443
SAMD1_S11,SAMD1,0.358661262096401,0.19249725299009,0.258005454815372
F261_S3,F261,-0.315091779510681,0.193096104986719,0.258739578326128
HIPK1_Y6,HIPK1,-0.505930710369685,0.193396100328299,0.259004409569071
HIPK2_Y6,HIPK2,-0.505930710369685,0.193396100328299,0.259004409569071
SPN90_T5,SPN90,-0.039436391051833,0.193710250711839,0.259356502341962
PRIPO_S3,PRIPO,0.172350154918031,0.194535872251372,0.260393030802484
ARHGG_S2,ARHGG,0.333230490298176,0.195036718175887,0.260859402508503
EP15R_S1,EP15R,-0.532689567222121,0.195142007092905,0.260859402508503
EVL_S8,EVL,0.600045040114078,0.195130499388991,0.260859402508503
LYST_S1,LYST,-0.443400521500687,0.195091806403859,0.260859402508503
MTAP2_S11,MTAP2,-0.290682763724959,0.194961434971871,0.260859402508503
CRCM_T7,CRCM,0.178341341854655,0.195254685860276,0.260872218885654
RPB1_S12,RPB1,0.0854568977767177,0.195238806744309,0.260872218885654
RPGF2_S3,RPGF2,0.34711949250569,0.195379884657743,0.260970598113707
CENPV_T29,CENPV,-0.0457796322915052,0.195567091871043,0.261088741938368
MID51_S1,MID51,-0.143591056823481,0.195604414698236,0.261088741938368
PCBP1_S12,PCBP1,-0.281755090914735,0.195623100065262,0.261088741938368
TRIO_S2,TRIO,0.253212618832875,0.195951259714647,0.261457771003382
ACINU_S12,ACINU,0.133219319754781,0.196276569328207,0.261813793398759
STA13_S3,STA13,-0.20375888309581,0.196321546324499,0.261813793398759
DJC30_S3,DJC30,-1.00287275012816,0.196390752533277,0.261837091298977
KBTBB_S3_S7,KBTBB,0.137398351234911,0.196841658120983,0.262348093001109
MILK2_S6,MILK2,0.520369084485456,0.196877703461413,0.262348093001109
TENA_S15,TENA,0.44539680652509,0.197122166018421,0.262604707085872
DOCK2_S3,DOCK2,2.10872161378459,0.197217013638914,0.262661922638564
PKHA1_S1,PKHA1,0.219441599471047,0.197676802527045,0.263205024359215
PICAL_S17,PICAL,0.259287706981524,0.198004943140609,0.263572597904951
SRC_S1,SRC,-0.0236275881329451,0.198377515393128,0.263999107390119
RIC1_S3,RIC1,-0.273698787767221,0.198920379705095,0.26465195627957
SYNPO_S2,SYNPO,0.492472750848563,0.199201822786759,0.264956747732927
ZCCHV_S5,ZCCHV,0.0810590920236135,0.199318247603083,0.265041947219969
GLCI1_T8,GLCI1,0.421801070406349,0.199710016038306,0.265452871291729
TA2R_S1,TA2R,-0.179788138388464,0.199732174249932,0.265452871291729
I2BPL_S4,I2BPL,0.291112316281906,0.200058264657755,0.26581645508871
ATN1_S10,ATN1,0.100110979269737,0.200623935739479,0.2664849548794
ZN592_S9,ZN592,-0.177139861036485,0.20066669888271,0.2664849548794
BCL9L_S5,BCL9L,-0.0679384089318513,0.200910667686693,0.266738953085612
F122A_S8,F122A,-0.132229385684706,0.201009372142812,0.266761713624533
ZN740_S3,ZN740,0.328987638990897,0.201033229749846,0.266761713624533
NSUN2_S6,NSUN2,0.585313843985541,0.201244400664866,0.266971929689354
G3BP1_S2,G3BP1,-0.29780571599102,0.201713914945959,0.267503887864462
TAU_S4,TAU,0.458883296550401,0.201751104520579,0.267503887864462
RHG01_S5,RHG01,2.95980556122344,0.202007418194847,0.267773583940314
ARHG2_T14,ARHG2,0.0661256389731158,0.202619767465892,0.268514962855428
PP6R2_S3,PP6R2,0.502290646255209,0.202964784858157,0.268901773865741
HDAC4_S3,HDAC4,0.25358911451421,0.203173425091421,0.269107747811484
DPYL3_S2,DPYL3,1.12315816934928,0.203324368485501,0.269237213214317
NBEL2_T9,NBEL2,0.284742956114437,0.203565425613845,0.269485906102974
CWC22_S3,CWC22,0.507840280276668,0.204179565943014,0.27022823829435
FGD4_S10,FGD4,0.157424298445557,0.204298809696061,0.270315366240984
ICAL_S32,ICAL,0.246106742401486,0.204973708975125,0.271137465008653
KANK2_S14,KANK2,0.286073426942444,0.205076338554248,0.271202338495701
NIPA_S7,NIPA,-0.0233302910387631,0.205391179229012,0.271547742444626
HNRPC_S3,HNRPC,0.245949050657834,0.205529679203633,0.271659886771895
SYCC_S6,SYCC,0.700232040115049,0.205665186670144,0.27176801820825
CCNL1_S6,CCNL1,1.28068040483526,0.205847556118829,0.271867035886585
TB10B_S7,TB10B,0.223226968087192,0.205797240255754,0.271867035886585
STML2_T4,STML2,0.371318154947682,0.205996919899708,0.271993324187953
ARK72_S5,ARK72,-0.405379845729171,0.206288618474711,0.272307432994396
MTMR1_S3,MTMR1,-0.378616669251593,0.206388071766217,0.272367674369967
MAP1S_S9,MAP1S,-0.207812641549702,0.207316864540653,0.273379533986515
MTA70_S3,MTA70,1.25289102906422,0.207258599304099,0.273379533986515
TCF20_T3,TCF20,0.194976899044176,0.207270826638068,0.273379533986515
ELYS_S14,ELYS,-0.195786388431964,0.207702559267436,0.273816788864937
LMCD1_S2,LMCD1,0.36278378714711,0.208199686979705,0.274400681199033
YBOX1_S18,YBOX1,0.794706136305708,0.208569568971312,0.274816607280346
SDC2_S3,SDC2,1.7927291954875,0.208960181281056,0.275259624534988
MAGI3_S17,MAGI3,0.166648066709373,0.209344601437323,0.275694256537677
TGFI1_S2,TGFI1,0.265888120665636,0.210310552782655,0.27689430479527
B2L13_S6,B2L13,-0.306838889301474,0.210569178582298,0.277100005974204
GTPB1_S17,GTPB1,0.462575560825102,0.210576293810865,0.277100005974204
LSR_S7,LSR,0.0849278756115616,0.211794074742691,0.278557643522027
SYEP_S10,SYEP,0.189269935360796,0.211747818138809,0.278557643522027
SIK2_S1,SIK2,-0.286373284757629,0.212587356777575,0.279528348311589
EPN1_S24,EPN1,-0.175447778180561,0.213108805740493,0.280141211909775
IWS1_S3,IWS1,0.419588105708477,0.21362637886127,0.28074866357229
EXOC2_S2,EXOC2,-0.326770368924808,0.21379914992257,0.280757005126655
NOP56_S8,NOP56,0.0548742468610973,0.213779504972931,0.280757005126655
ODPA_T5,ODPA,-0.406816634643187,0.213691442657087,0.280757005126655
NUMA1_S3,NUMA1,-0.209723833910476,0.214178124614757,0.281144462998493
TCAL3_S23,TCAL3,1.26009091565646,0.214205305141709,0.281144462998493
DMXL2_S3,DMXL2,0.455701234331103,0.214387445485903,0.281310568214715
KCC2D_T9,KCC2D,0.317899980976309,0.214741987240271,0.281702746869625
CABL1_T3,CABL1,0.150819750753774,0.214861763086431,0.281786831557509
PEAK1_T12,PEAK1,0.640714125502456,0.215345895123306,0.282348594616335
PP4R2_S10,PP4R2,0.17999733691791,0.216002401525901,0.283136015053765
TF3C3_S4,TF3C3,0.600903430003922,0.216626115707384,0.283880054788988
PGRC1_S10,PGRC1,0.428532643486214,0.217385324089728,0.284801223199097
NADK_S3,NADK,0.174522511817007,0.217677622419612,0.285036596912201
ZFAN5_S2,ZFAN5,0.404789151925763,0.217628981006776,0.285036596912201
AF1L1_S1,AF1L1,0.588165261432689,0.217773042225262,0.285087782385424
CI129_S7,CI129,-0.501944340399587,0.218062294329763,0.285245094753924
F120A_S7,F120A,-0.501944340399587,0.218062294329763,0.285245094753924
IF4B_S3,IF4B,0.796793161488384,0.217969757532003,0.285245094753924
ARAF_S6,ARAF,-0.260990585806558,0.218178397510607,0.285254999048043
LAP2A_T14,LAP2A,0.702958111206733,0.218238955999609,0.285254999048043
LAP2B_T14,LAP2B,0.702958111206733,0.218238955999609,0.285254999048043
CCDC6_S4_S14,CCDC6,-0.286359574367755,0.219103982868438,0.286237805187704
SMC5_S3,SMC5,0.261117832186145,0.219095492885644,0.286237805187704
ALDOA_T9,ALDOA,0.266377564749681,0.219945329286902,0.287188676863006
PKN2_S16,PKN2,-0.0542747224721943,0.219929786365231,0.287188676863006
EHBP1_T4,EHBP1,-0.253861073847608,0.22024109580591,0.28750069277114
THIK_S1,THIK,-0.422440482749442,0.220410255069434,0.287647318438991
MIA3_S13,MIA3,-0.248150189853648,0.220643932769576,0.287779876221463
RECQ5_S12,RECQ5,-0.0163511831469475,0.220659603584793,0.287779876221463
ZYX_S4,ZYX,-0.550727364867357,0.220682414466607,0.287779876221463
UH1BL_T5,UH1BL,-0.0281736703868653,0.221935113128875,0.289338899419175
COG3_T13,COG3,0.380344061681335,0.22333420880742,0.291087929635424
KI26B_S3,KI26B,0.371313002426504,0.223433488417093,0.291142349350903
CSPG2_S12,CSPG2,2.6854300788335,0.223571806321459,0.29124759634309
CNNM4_S1,CNNM4,-0.302484575001361,0.224372683627495,0.292215684981665
CIC_S2,CIC,-0.0810079882204352,0.224511967031453,0.292321858797577
MYLK_S8,MYLK,1.76447789078904,0.224645691971144,0.292348417023209
PDLI2_S8,PDLI2,0.164175491322112,0.224647894448382,0.292348417023209
S11IP_S3,S11IP,0.579401640244203,0.225040914318744,0.292784593153512
MOES_T3,MOES,-0.266298803121495,0.225675355936341,0.293526220015616
REQU_S5,REQU,0.585355060726307,0.225777281329846,0.293526220015616
TMM51_S23,TMM51,1.05373226545269,0.225784938652597,0.293526220015616
CEBPB_S13,CEBPB,0.228799932156634,0.226492568328164,0.294370541424971
NADK_S1,NADK,-0.215881566625767,0.226677309021927,0.294459409897324
SC61B_S13,SC61B,1.81925408790041,0.226652798559887,0.294459409897324
K1671_S2,K1671,-0.0279516429053445,0.226983487581089,0.294781480792377
CALD1_S2,CALD1,0.803354723099545,0.228004446583157,0.295803769330263
HDGF_S9,HDGF,0.0828471639581291,0.227914864500946,0.295803769330263
MAGI3_S3,MAGI3,0.0787879539218061,0.227954639581642,0.295803769330263
PPIG_S5,PPIG,0.976425843426542,0.227934147225296,0.295803769330263
EIF3B_S14,EIF3B,0.184921193278546,0.2281128611733,0.295868577754503
ST38L_T6,ST38L,0.0835302420993064,0.22823983164697,0.295957414287808
ZCCHV_S10,ZCCHV,0.481055688274962,0.228687418609743,0.296461840569649
B3A2_S6,B3A2,0.325628290243385,0.228864573638484,0.296539581972444
CROCC_S3,CROCC,0.402147511693159,0.228814701869898,0.296539581972444
RBM14_T3,RBM14,-0.34025160936498,0.22908602833465,0.296689517414099
SDPR_S8,SDPR,0.948075719588556,0.229097536861154,0.296689517414099
VIP2_S1,VIP2,-0.231215602936965,0.229187700698062,0.296730353858504
PTPS_S3,PTPS,-0.304305723808559,0.22933189513812,0.296841105190288
DPYL2_T13,DPYL2,-0.535081787185245,0.22967814666126,0.297213270327956
FYN_S8,FYN,0.666874909505209,0.229793323809925,0.297286301585386
ELF2_S2,ELF2,0.540871671040419,0.230390553245039,0.297982772801723
CALRL_S6,CALRL,-0.118363295863163,0.23045343149935,0.297987945022537
BAG6_S4,BAG6,-0.153041762857909,0.231876382451005,0.299674762917399
PALM3_S2,PALM3,-0.649031640843163,0.231868370278974,0.299674762917399
SMAG2_S13,SMAG2,-0.0223958117769778,0.231955116678317,0.299699986088579
GRL1A_S1,GRL1A,0.349963079424501,0.232321353730114,0.300096572544182
TTC7B_S3,TTC7B,-0.561357389793914,0.233764337627366,0.301883468418499
AP3D1_S4,AP3D1,0.551071668631643,0.233944834064476,0.301978694806909
TIF1B_S6,TIF1B,1.26759824002259,0.233957412040682,0.301978694806909
LYST_S3,LYST,0.0390034023427427,0.23421425458999,0.302233131687899
FBN1_S8,FBN1,0.313733640280183,0.234486767697898,0.302507655192216
BCR_S2,BCR,0.227062971619575,0.23529575437794,0.303473958436991
PAWR_S4,PAWR,1.02054835714559,0.23616850970182,0.304521994293226
CYTSA_S2,CYTSA,-0.0573640314193766,0.236339914211895,0.30466538609944
PHAR4_S5,PHAR4,0.354686531666586,0.23677602915711,0.305149855758628
RCC1_S3,RCC1,0.296285720479319,0.237487193869913,0.305988464403164
C170B_S8,C170B,-0.197551672139656,0.238167697515344,0.306787151215362
RPB1_S5,RPB1,1.07958021044106,0.238296110244134,0.306874456474698
ADDA_S15,ADDA,-0.276281089782761,0.239342661219268,0.308143782353273
ANXA2_S2,ANXA2,0.925867882515573,0.239789122654078,0.308561594139916
AXA2L_S2,AXA2L,0.925867882515573,0.239789122654078,0.308561594139916
ZCHC8_T2,ZCHC8,0.496511620236727,0.241152594746542,0.310237234878558
CO1A1_S14,CO1A1,0.448709229586123,0.241548150406552,0.310667138299253
FCHO2_S5,FCHO2,0.244238272754202,0.242767317040055,0.312155841346473
COPE_S9,COPE,0.308799126863416,0.24294754401993,0.312308234768825
NDRG2_T3_S5,NDRG2,0.301078547802018,0.243480893889603,0.312914373787527
COBL1_T3,COBL1,-0.176667137473956,0.24361119249029,0.31293805811904
PRKDC_S3,PRKDC,0.35772384319691,0.243622989328002,0.31293805811904
DOCK2_S2,DOCK2,2.30743705682722,0.243777396005594,0.313056940163489
DNJB9_S9,DNJB9,-0.127027941719845,0.244641504174464,0.314086923548189
CCD86_S8,CCD86,0.164303896380189,0.244777005828274,0.314181188561221
EDC4_S6,EDC4,0.353361311614474,0.245182459801176,0.314621812640404
AT2B1_S2,AT2B1,0.0408933536578466,0.245820996506473,0.315361232780547
PKHH2_S3,PKHH2,0.164874296227902,0.246326127062237,0.315929176143432
PXDC2_S2,PXDC2,0.200001779546147,0.246653350390748,0.316268712016107
TYB4_T3,TYB4,0.692267130518196,0.246826087783916,0.316410038063424
IQGA2_Y1,IQGA2,-0.542501884040661,0.247226014724431,0.316842456449822
NRDC_S16,NRDC,0.27838182919125,0.247386715285409,0.316968143306191
ARHGH_S22,ARHGH,0.0578201162985956,0.248138855261099,0.317851365850778
CHSP1_S2,CHSP1,-0.933630190403389,0.248346019958483,0.317875368490107
SNX5_S1,SNX5,-0.16760468264944,0.24832109542632,0.317875368490107
STK10_S11,STK10,0.182949164454233,0.248251896729005,0.317875368490107
ANK1_T3,ANK1,0.851844820405284,0.248526826833377,0.317978098360278
KHDR1_S2,KHDR1,0.156080001979427,0.248551937781715,0.317978098360278
SYNJ1_T7,SYNJ1,0.330021180787924,0.248973923757945,0.318437459726803
K1C18_Y7,K1C18,1.02774859863386,0.250294372717048,0.320045432117478
K2C8_S13,K2C8,-0.248861174778269,0.25176310615422,0.321842152120866
RB12B_S3,RB12B,-0.187759066467282,0.252983292305291,0.323320313726535
TENS1_S18,TENS1,0.541044708475344,0.25346788902334,0.323857860728888
ASHWN_S9,ASHWN,0.273086395189032,0.253965334438873,0.324398703083799
PLEC_S13,PLEC,-0.112922529646615,0.254019375680912,0.324398703083799
SZRD1_S3,SZRD1,-0.114621593057653,0.254650635887858,0.325122822459246
RPTOR_S3,RPTOR,-0.500159285461444,0.255458448973175,0.32607193196803
ROA2_S16,ROA2,0.528009485365806,0.255555064826809,0.32611300632589
SPAT2_S1,SPAT2,0.550312606276449,0.256120977869375,0.326752777664963
HD_S3,HD,-0.695974679146307,0.256507290928627,0.32716315508815
VTNC_S11,VTNC,1.31760381750785,0.257313718116644,0.328109026804821
NUMB_T1,NUMB,-0.184403350111435,0.258093796881694,0.32902083275019
PKHA1_S3,PKHA1,0.19481715092488,0.258430261225492,0.329366797295949
HABP4_S13,HABP4,-0.0750724468607281,0.258949434353442,0.32994538954249
PROX1_S3,PROX1,-0.400288016054158,0.259470683684906,0.330526335295572
EIF2A_S4,EIF2A,-0.205756779408907,0.259982831840364,0.331095398073498
CORO7_S4,CORO7,0.221099432000024,0.260054136432033,0.331102889177992
3BP1_S11,3BP1,-0.277701896515317,0.26018481061961,0.331185947320384
PGRC1_T9,PGRC1,-0.388388774418625,0.260586524955081,0.331613880512362
DIP2B_Y1,DIP2B,0.224708174049056,0.261405506555539,0.332572465730916
NUCKS_S3,NUCKS,1.70250505790449,0.261812958296147,0.333007132932093
TNS2_S8,TNS2,-0.209376691150614,0.262154017937215,0.333357156979961
HSPB1_S11,HSPB1,0.28879084497536,0.262651454815116,0.333821951988775
NEK9_S2,NEK9,-0.243965425868107,0.262608406167602,0.333821951988775
BIN2_S9_T12,BIN2,1.11453662584124,0.263551250525351,0.334855427627818
LBR_S12,LBR,0.0710290884015118,0.263596922282005,0.334855427627818
WNK1_S16,WNK1,0.480699107669204,0.263719329822409,0.334926857774457
MYH10_S12,MYH10,-0.398690791983883,0.264018030527386,0.33522209044132
CGNL1_S4,CGNL1,0.0263606194775249,0.264384747299796,0.335603512938116
HEP2_T5,HEP2,0.238715402083648,0.264729915717683,0.335957398055966
G3P_T22,G3P,0.531574331004937,0.266318622641701,0.337888831584269
UBP47_S9,UBP47,-0.282666655928622,0.266746212522492,0.338346511673266
LIMD1_S3,LIMD1,-0.190566181983282,0.267610595554183,0.339357861212658
CHM4A_S6,CHM4A,0.379246156824107,0.267759609185693,0.339461769060319
NU153_S13,NU153,0.273908644819182,0.267900116787216,0.339554843741573
SC16A_S16,SC16A,-0.128146318609473,0.268551836694184,0.340295654859606
SRBS2_S4,SRBS2,-0.19868544375031,0.268828672728781,0.340561179644646
PANK2_S5,PANK2,0.311605142005292,0.269435667412753,0.341244722916903
SF3B1_T10,SF3B1,0.530177274924693,0.2697050882325,0.34150048825236
NFIA_S5,NFIA,0.296898603589086,0.269935486749853,0.341706727974239
EGFR_T7,EGFR,-0.199480175344041,0.270173850544826,0.341922945138126
GGYF2_S5,GGYF2,-0.579166504565375,0.270405410162799,0.342130445208481
KS6A1_S5,KS6A1,-0.294844432950226,0.27062533800879,0.342323128133588
PCBP2_S11,PCBP2,0.734285311887699,0.270698783827689,0.342330471002482
MARK3_S1,MARK3,-0.48893301384328,0.270799204083499,0.342371914031124
KGP1_T3,KGP1,-0.32291299114973,0.271590212647967,0.343286230322518
SIK3_S3,SIK3,0.0404773117039127,0.273238147357868,0.34528296224174
DAB2_S20,DAB2,-0.294545210630293,0.274551762707525,0.34668325126317
PIEZ1_T1,PIEZ1,0.0109606365449637,0.274528780582398,0.34668325126317
PML_S3_S12,PML,-0.120407419411929,0.274538353351914,0.34668325126317
LIMD1_S2,LIMD1,0.197165589598006,0.275138095741424,0.347336967460052
RTKN_S12,RTKN,0.230882509286169,0.275669372789459,0.347920871742507
PAR3L_S2,PAR3L,0.249215003929622,0.275801806546001,0.348001232343383
MAST2_S3,MAST2,0.104981892524239,0.276288559756534,0.348528514687891
MAP1S_S5,MAP1S,0.161881327109439,0.277068985097225,0.349413991242612
UFL1_S5,UFL1,-0.230500895254923,0.277128583451461,0.349413991242612
SFR15_S30,SFR15,-0.248549739249947,0.278712052148543,0.351284680543072
TRI22_S2,TRI22,0.131796146368885,0.278751092088713,0.351284680543072
SRBS1_S13,SRBS1,0.160366213610733,0.278825748258349,0.35129129000137
ZN609_S3,ZN609,-0.0973983182135469,0.279538702250686,0.35210188454224
RB6I2_S7,RB6I2,0.44668317524151,0.279830652915743,0.352325657034854
S10AD_S3,S10AD,-0.220823008621461,0.279855590057323,0.352325657034854
OXR1_T5,OXR1,-0.157614848929124,0.280258417207483,0.35274505085478
ATG2B_S3,ATG2B,-0.188074405512272,0.280822033254404,0.353366561486956
T22D2_S3,T22D2,0.221118171343299,0.281048686025256,0.353563857811042
FA65A_S3,FA65A,-0.133694918959334,0.282210983272144,0.354937819667078
KCC2B_S3,KCC2B,-0.22603317878853,0.282302763640891,0.354965040195416
SVIL_S10,SVIL,-0.19064138879032,0.282438188911156,0.355047112289955
SHRM3_S1,SHRM3,0.364136133092981,0.282627427119486,0.355196773938842
FAK1_Y7,FAK1,1.21319658114985,0.283686674175673,0.356439488084181
SHAN3_S3,SHAN3,0.227317559336643,0.283808721294431,0.356504328238053
TCAL3_S3,TCAL3,0.179740248136031,0.284316673225966,0.356876657538843
TCAL5_S3,TCAL5,0.179740248136031,0.284316673225966,0.356876657538843
TCAL6_S3,TCAL6,0.179740248136031,0.284316673225966,0.356876657538843
SYMC_S2,SYMC,0.792116423013946,0.285296339607245,0.358017548909563
NEK4_S3,NEK4,-0.146584989348077,0.286567468541695,0.359523539486742
CO1A2_Y28,CO1A2,1.90855823566733,0.287267498036519,0.360312467797478
ABLM3_T2_S8,ABLM3,0.289509973996169,0.287391721810999,0.360378965333366
HUTH_T13,HUTH,0.386047744127115,0.287487209379495,0.36040940467417
CE170_S8,CE170,0.35413576313976,0.288393531390111,0.361456082804693
AGAP1_S6,AGAP1,0.485298023772002,0.288855059680574,0.36189579005111
H15_S17,H15,0.322453266976632,0.2888873724178,0.36189579005111
ABCF1_S13,ABCF1,0.638161750462693,0.289368921115918,0.362409331791057
GSK3A_S3,GSK3A,1.0455212058853,0.291319416399139,0.364761891735785
EP300_T4,EP300,0.263067685977395,0.291527263828441,0.364931853137705
CENPA_S3,CENPA,0.429428231165263,0.292165650622727,0.365640543472211
AGFG1_S6,AGFG1,-0.235624643026866,0.292793016951739,0.366278381779472
PDS5B_S15,PDS5B,0.6307232536451,0.292820061782206,0.366278381779472
PDE3A_S2,PDE3A,0.173787118810684,0.29319812759453,0.366660668088934
ARRB1_S15,ARRB1,0.667667115026771,0.293501526365154,0.36685878610374
SYNEM_T4,SYNEM,1.17926451979519,0.293472421259901,0.36685878610374
RUBIC_S3,RUBIC,1.00251576096725,0.294812198580498,0.368406058522445
ABLM1_S17,ABLM1,0.0714771555199704,0.295374811363782,0.369018000570748
APOL1_S9,APOL1,-0.128398694484902,0.295549292448065,0.369144859101593
PKP2_S10,PKP2,0.400167976894043,0.297109150218279,0.371001581360649
SKIV2_S2,SKIV2,-0.198848257016768,0.297248005909336,0.371083413395942
TRAD1_S11,TRAD1,-0.210166845741171,0.297504353839345,0.371311845815271
YAP1_T5,YAP1,-0.225094615528675,0.298068851279674,0.371924668719534
PKHA4_S2,PKHA4,1.20633938070195,0.298239083889377,0.372045354588153
PML_S12,PML,-0.161600236320901,0.299098512497014,0.373025522855443
NCK1_S4,NCK1,0.683771030343824,0.299472509170553,0.373399943067792
MAP4_T4,MAP4,-0.626462986624278,0.300095224828346,0.374084219915335
DIP2B_S6,DIP2B,0.155441517152614,0.302953988271882,0.37747820198635
LEUK_S3,LEUK,1.08808639346538,0.302967092762014,0.37747820198635
WWTR1_S7,WWTR1,-0.298743957902454,0.30331228484208,0.37781527777154
LSR_S16,LSR,0.246379438689331,0.303555041194314,0.37802462192038
DDX3X_S2,DDX3X,0.426905750609387,0.30403068615607,0.378523813686561
TIF1A_S7,TIF1A,0.290893124210358,0.304146883507296,0.378575351065033
NDRG1_S1,NDRG1,0.235441058144354,0.304311560184732,0.378687191073255
SHRM3_S3,SHRM3,0.118315934641836,0.304861877108456,0.379278751240387
T176B_S10,T176B,0.247440083799297,0.305024631144295,0.379387972037669
H10_S4,H10,0.229318109823449,0.305644556646649,0.380065626827688
FLNC_S3,FLNC,1.34576755227489,0.306650593806247,0.381222956338348
GOGA2_S7,GOGA2,-0.27712275691408,0.30702918799141,0.381599882226062
ARFP1_S5,ARFP1,-0.0437419205678638,0.309100228335401,0.384079611000605
DCTN2_T4,DCTN2,0.508095940343509,0.30948070727118,0.384457992022445
MYO9B_S2,MYO9B,0.207441463818266,0.30968275806672,0.384614586153539
MCF2L_S5,MCF2L,-0.0945079401128651,0.310140870947675,0.385089045109466
NCF1B_S8,NCF1B,0.683835236230397,0.310564293110314,0.385236737115515
NCF1C_S8,NCF1C,0.683835236230397,0.310564293110314,0.385236737115515
NCF1_S8,NCF1,0.683835236230397,0.310564293110314,0.385236737115515
NIPS1_S1,NIPS1,-0.68620239361498,0.31041426974881,0.385236737115515
SC61B_S12,SC61B,1.5620763486781,0.311091042633382,0.385795581173131
LMO7_S16,LMO7,0.191760014455453,0.311919062339702,0.386727676261938
LAT4_S3,LAT4,0.184248638987988,0.312047858966863,0.386792606963334
AGRA2_Y3,AGRA2,0.790765506858299,0.312454094517957,0.387156399125418
SHAN3_S4,SHAN3,0.0670759267931385,0.312494347051439,0.387156399125418
AKA11_S5,AKA11,0.24516206314825,0.312776248261992,0.387410815578547
CCDC6_S4,CCDC6,0.823205758325437,0.313203976734799,0.387845687852904
MEPCE_S7_S16,MEPCE,-0.481668297699038,0.314449530910343,0.389292826794825
EXOC8_S3,EXOC8,-0.333031725780729,0.314601889376154,0.389386197635783
LARP1_S5,LARP1,-0.304177815470353,0.314905013315494,0.389570831676782
T2FA_T7,T2FA,0.0977272344935385,0.3149032861531,0.389570831676782
KANK2_T6,KANK2,0.205523007031988,0.315026507841866,0.389625893496501
NFAC4_Y2,NFAC4,0.292644300382417,0.315207867696596,0.38975495196982
LARP1_S14,LARP1,0.153978547542635,0.315285955646829,0.389756282737812
CASC3_S3,CASC3,0.197014259900331,0.315727776464588,0.390111883956855
PCBP1_S11,PCBP1,-0.262893772074094,0.315665935947836,0.390111883956855
AKAP2_S12,AKAP2,-0.154569713341776,0.316646679422803,0.391056331029479
ZO2_S5,ZO2,-0.0590606484236031,0.316634106763412,0.391056331029479
BAG6_S26,BAG6,-0.309319872680743,0.317340214636152,0.391773329766744
SFR19_S3_S9,SFR19,0.431166848650036,0.317382069164918,0.391773329766744
FNIP1_S3,FNIP1,-0.172952692449808,0.317947547201185,0.392375648960058
MYH9_S2,MYH9,0.209663429707667,0.319025282147209,0.393609691113365
ANR27_S3,ANR27,-0.0485260449492177,0.319127664711648,0.393640046577054
MAP1B_S9,MAP1B,0.283602492548407,0.319730132195317,0.394191035089038
SRBS2_S6,SRBS2,-0.220831847524484,0.319654738308732,0.394191035089038
AFAD_T11,AFAD,-0.13469466279814,0.320300386587361,0.394797919269029
DNJB9_S5,DNJB9,-0.757726816596166,0.321232066350688,0.395849887460636
SRBS1_S12,SRBS1,0.0422907631634612,0.322247492554459,0.397004517969357
RPRD2_S5,RPRD2,0.136167205593919,0.322376311408229,0.397066564136541
MEF2A_S5,MEF2A,-0.191951220394629,0.322645838974214,0.397301846970437
LTBP4_Y3_T10,LTBP4,1.35714019893051,0.323842638348941,0.398678567911455
USP9X_S15,USP9X,0.0357893179248716,0.323942297248219,0.398704271977927
GORS1_T5,GORS1,0.396697867610708,0.324879282695228,0.399760284395951
C170B_S5,C170B,-0.276541947329515,0.325176411354469,0.400028638275393
HUWE1_S7,HUWE1,0.178301706601038,0.325347549045135,0.400135562231605
TP53B_S14,TP53B,0.143437437937806,0.325421453101222,0.400135562231605
SF3B1_T8,SF3B1,-0.0533638228754191,0.325988319618984,0.400735216320544
CCNL1_S4,CCNL1,0.619014305399066,0.328366774460513,0.403463036063281
MRP3_S3,MRP3,0.0422019741071691,0.32831327758575,0.403463036063281
XPO4_S8,XPO4,-0.0144665525941005,0.329248853139219,0.404448651878055
MEF2C_S2,MEF2C,-0.0552648680962799,0.330243090529512,0.40557153146563
DOCK7_S5,DOCK7,0.272499745139781,0.330567822293468,0.405675011791281
ELF1_S9,ELF1,-0.0140944913736852,0.33052667735161,0.405675011791281
TLK1_S14,TLK1,0.395272380314825,0.330478490913875,0.405675011791281
AHNK_T5,AHNK,1.20736157755144,0.330743389494747,0.40569372133614
F117B_S2,F117B,-0.0505333914567374,0.330678030342518,0.40569372133614
CATA_Y2,CATA,0.0574570427568637,0.331273793515132,0.4062458611534
RCAN1_S9,RCAN1,-0.212749535790872,0.331916254340096,0.406836561689326
RCAN3_S9,RCAN3,-0.212749535790872,0.331916254340096,0.406836561689326
SRRM2_S11,SRRM2,0.143183868003839,0.332348684781506,0.407267964571235
RHG17_S27,RHG17,0.157133700836301,0.33272666905978,0.407632455122621
FA65A_S7,FA65A,0.102020843479098,0.333151025090341,0.408053566791437
ARHG1_S4,ARHG1,0.292026377581596,0.334036884889557,0.40903960184516
NU214_S10,NU214,0.132560198097841,0.334372753333252,0.409351839530621
AF1L2_Y23,AF1L2,0.192883513892621,0.335059262933946,0.410093090618791
4ET_S19,4ET,0.278648759203894,0.335664192166614,0.410734157774476
RBPMS_T9,RBPMS,0.319751756806496,0.335809533679398,0.410812678257538
MCF2L_S7,MCF2L,0.179507920400129,0.337885992080166,0.413253022213079
NUMB_S3,NUMB,-0.306517662080757,0.338020576746963,0.413317743154477
CP3A4_S4,CP3A4,-0.52659282788901,0.339715047985771,0.415088811650407
CP3A5_S4,CP3A5,-0.52659282788901,0.339715047985771,0.415088811650407
CP3A7_S4,CP3A7,-0.52659282788901,0.339715047985771,0.415088811650407
HDGR2_S3,HDGR2,-0.186358454870132,0.34057813338223,0.416042947875324
CTND1_S5,CTND1,0.11701799542178,0.34083666298904,0.416192807808072
MIC19_Y4,MIC19,-0.0220842474349973,0.341029751823765,0.416192807808072
RD23A_S12,RD23A,0.21655533345204,0.340880022436476,0.416192807808072
ZZEF1_S2,ZZEF1,0.470679297198291,0.340992467147529,0.416192807808072
CIC_S1,CIC,0.329352607233757,0.341589470552353,0.416775388251075
PRSR2_T6,PRSR2,0.534043727850696,0.341738014224702,0.416856131595859
SC16A_S5,SC16A,0.266894493222595,0.341864403776208,0.416909818677443
HNRPK_T15,HNRPK,-0.165332103497203,0.342309912379379,0.417352557589024
RILP_S6,RILP,0.117549819636757,0.343307780088953,0.418468370672011
CAMP3_S15,CAMP3,0.132120051952408,0.343605213245328,0.418730070848689
RB15B_S1,RB15B,0.239954928945978,0.344267954683471,0.419436716093656
M4K2_S3,M4K2,0.0842144983248635,0.345035085057502,0.420270172196394
VDAC2_S8,VDAC2,-0.201543029989434,0.345372242398671,0.420579624345446
PPIG_T4,PPIG,-0.159360784809899,0.34553637053016,0.420678270688751
KANK1_S1,KANK1,-0.0828108975774496,0.345906531787901,0.420926414373303
NUCKS_S15,NUCKS,0.100091011312157,0.345899684765161,0.420926414373303
SYNE2_S3,SYNE2,-0.11085925286287,0.346505802956394,0.421554295375555
LARP7_S3,LARP7,0.150849981988237,0.346762357087014,0.42176502985277
PKN2_T20,PKN2,-0.0208080978140161,0.348175629275914,0.423382234446276
MATR3_S10,MATR3,-0.0254451767891384,0.34868072247561,0.423792780127056
NP1L1_T7,NP1L1,-0.225324240589025,0.348661414325379,0.423792780127056
PDLI2_S3,PDLI2,0.0565055275802847,0.349155359449389,0.42426777291077
TMM51_S10,TMM51,0.271501408804146,0.350180169973704,0.425410907402044
EHD2_S18,EHD2,0.505368032916298,0.350543137501131,0.425749656561849
PI4KA_S3,PI4KA,0.122113288741449,0.350655257510727,0.425783651214441
TBCD1_S1,TBCD1,0.00912821973955059,0.350860499212226,0.425930675584811
PP13G_S3,PP13G,-0.512690504796771,0.351154148752508,0.426184927298907
EP15R_S6,EP15R,-0.134185742640705,0.351452969208917,0.426445331375289
PKHA4_S4,PKHA4,0.405619561835254,0.351689043144339,0.426629493613015
GRAP2_T3,GRAP2,0.223119798993878,0.352265315157782,0.427148272655194
S35C2_S4,S35C2,0.0277700319636392,0.352285494973875,0.427148272655194
3BP5L_S7,3BP5L,0.0727385764185466,0.353210936867178,0.428167796762823
UBFD1_S21,UBFD1,0.395760347519639,0.354890186640717,0.43010039142449
CSKI2_S1,CSKI2,0.20423789497143,0.355245668053739,0.430428136466357
TLE1_S5,TLE1,0.135787969146768,0.355856123593596,0.431064586287025
CCNY_S3,CCNY,-0.084492644969841,0.356825060679276,0.432134872480932
ARHG7_S3,ARHG7,0.128802497153263,0.35707329969354,0.432332050179188
OSBP1_S8,OSBP1,0.45619353698708,0.359782084781169,0.435507565433508
PCBP2_S13,PCBP2,0.377607626205838,0.359909412844374,0.435557517552696
C2D1A_T4,C2D1A,0.0976067592329975,0.360029976837483,0.435599261959001
CAPZB_S3,CAPZB,-0.252884047511859,0.362143664274342,0.438051884534523
OCLN_Y1,OCLN,0.192658219352579,0.362344530685903,0.43819012420582
NHSL1_S9,NHSL1,0.325794377938502,0.362715785442371,0.438534302466278
K1C18_S7,K1C18,0.637710444554996,0.362969632484739,0.438736400765528
3BP1_S2,3BP1,0.39480010317691,0.363549077824242,0.439331872700212
K1C18_T3,K1C18,0.151265327071815,0.363713626742627,0.439425797313066
AB1IP_S3,AB1IP,-0.179074885384194,0.364022578254578,0.439676131560718
BCKD_S3,BCKD,-0.162402502003232,0.364094579603037,0.439676131560718
PDLI2_T4,PDLI2,0.121355755659634,0.364890554526698,0.440532227208878
SRCN1_S19,SRCN1,-0.238152900582296,0.365303157546273,0.440925180143498
LRWD1_S4,LRWD1,0.0949701913473969,0.365802920446216,0.441423123599976
TGON2_S10,TGON2,0.682105977056302,0.366368031647366,0.441999668216286
MINK1_S9,MINK1,1.05469164211541,0.3665674404718,0.442134846574781
ROA1_S8,ROA1,0.39311503053326,0.366689915702605,0.442177189271118
CDS2_T24,CDS2,0.464713335940096,0.367665795750619,0.443248354524508
ACTB_S3,ACTB,-0.135016501338172,0.368241027724092,0.443633985924217
ACTG_S3,ACTG,-0.135016501338172,0.368241027724092,0.443633985924217
CENPB_S7,CENPB,0.435230941894244,0.368248641546658,0.443633985924217
GP1BB_S6,GP1BB,0.504826100582592,0.368506678685872,0.443839195818467
SCFD1_S12,SCFD1,0.240023640538091,0.369097924644866,0.444445538098422
2A5A_S1,2A5A,0.250918608723359,0.369678915571845,0.445039246362775
BAG6_S11,BAG6,0.263582783391153,0.370344399971013,0.445734365815291
DDX3X_S3,DDX3X,0.451258169480379,0.371161906682048,0.44656619912733
LEMD2_S5,LEMD2,0.579828832009887,0.371212013382469,0.44656619912733
DOC10_S4,DOC10,-0.127530424920902,0.371542625988509,0.446857706779431
BCL9L_S3,BCL9L,0.412784884978273,0.374000656365447,0.449707132778695
SQSTM_S9,SQSTM,1.04036368083491,0.374192678459712,0.449831150993967
CCDC9_S1,CCDC9,0.268032390175395,0.375419846726845,0.451198115212889
RL24_T3,RL24,0.42117995093462,0.375508093514461,0.451198115212889
KANK2_S2,KANK2,0.11781835024412,0.378101967816566,0.45420699243286
AKP8L_S5,AKP8L,-0.149204990611838,0.37894447542671,0.455111056035733
CAMP1_S3,CAMP1,0.176601610276804,0.379166415391849,0.455269567805017
DC1I2_S10,DC1I2,0.472880091650054,0.380639686138428,0.456821781253636
ZYX_S13,ZYX,0.35092682254791,0.380572343961834,0.456821781253636
CX038_T10,CX038,1.94826771697285,0.381596183836297,0.457752615879474
PAPOA_S2,PAPOA,0.317831431566216,0.381521161910842,0.457752615879474
PPIG_S4,PPIG,0.331936254990923,0.382313523384045,0.458504441195889
CO5A2_S20,CO5A2,2.26796239315714,0.383756410533941,0.460125845466069
AT2B1_S3,AT2B1,-0.0250959160144313,0.384256145633471,0.460546652236531
XRN2_S18,XRN2,0.189848475338269,0.38428937213888,0.460546652236531
PRAM_S2,PRAM,0.287477154213067,0.385471614603591,0.46185412914507
ADA17_S1,ADA17,-0.115301980894409,0.386826174432735,0.463367400900372
E41L2_S33,E41L2,1.69973072422383,0.386943907098789,0.46339874913085
ARHG6_S1,ARHG6,0.532848404093576,0.387575069028511,0.463831100665066
ARHG7_S1,ARHG7,0.532848404093576,0.387575069028511,0.463831100665066
CP131_S7,CP131,0.363191185798666,0.387579870522143,0.463831100665066
SNTB1_T12,SNTB1,0.162715225996513,0.387895267572282,0.464098805953503
K1C23_T3,K1C23,0.466260564442062,0.388436382295728,0.46463638165887
WNK1_S11,WNK1,-0.0630894982059899,0.388670001805238,0.464805973330886
GELS_S3,GELS,1.73723449798816,0.390848745388305,0.467301086796648
ZFP91_S3,ZFP91,0.416522966489857,0.39098691048254,0.467355870087892
ERBB3_S3,ERBB3,0.423920398916946,0.392042302427708,0.46839615028013
RAI14_S8,RAI14,-0.154205322877608,0.391990759130842,0.46839615028013
BORG4_S24,BORG4,0.193248861800675,0.393105402524015,0.469555450123682
F102A_S3,F102A,0.166191086409069,0.393799197159249,0.470273179995979
BORG5_S3,BORG5,0.0147957953784574,0.394540812180899,0.471047664649099
ETV6_T4,ETV6,0.368617826627154,0.394736663769512,0.471170343239976
LT4R1_S3,LT4R1,0.578993770978079,0.396520501145435,0.473187987808783
SRSF4_S8,SRSF4,1.18622566587368,0.39704890158937,0.473706857836823
ACINU_T1,ACINU,-0.0530752469668321,0.397280318768889,0.473871245177786
ANXA4_S3,ANXA4,0.213657525693158,0.398524504634215,0.475243288867522
TPC12_S3,TPC12,0.456011882959143,0.399208108924295,0.47594634611681
G3P_T14,G3P,-0.072180978072365,0.399387529464974,0.476048112723088
BAIP2_S2,BAIP2,0.117001121272213,0.399889199917418,0.476533845251248
MYPT1_T1,MYPT1,-0.214387560857445,0.401138027705412,0.477909500521914
HUWE1_S6,HUWE1,-0.113461704794523,0.401539893638724,0.478275688798678
TLE4_S5,TLE4,0.403802617797036,0.401920039205306,0.478615839627777
SVIL_Y1,SVIL,-0.192636418116962,0.402400159058195,0.479074854150441
ZCCHV_S2,ZCCHV,0.0201337357252986,0.403614957338804,0.480408113615166
ARHGC_T6,ARHGC,0.633723774512197,0.403948125830913,0.480691621168646
LPP_S3,LPP,-0.0689286740730915,0.404092111271167,0.48074992363502
TB182_S19,TB182,0.24380244786467,0.405114853112015,0.481853412831941
FHL2_S3,FHL2,0.914686062475201,0.4055148877456,0.482215894473797
PRPK_T3,PRPK,-0.130295206276774,0.40564059533844,0.482252067890027
ARFG2_S1,ARFG2,0.232086706856712,0.406195522270862,0.482798388495264
AL7A1_S3,AL7A1,-0.0681788675518284,0.406751950570649,0.483346236637252
TIF1B_S11,TIF1B,-0.502447999922422,0.407122524888382,0.483673027807536
CING_S6,CING,0.173822364388841,0.407308989423158,0.483763816109869
PAIRB_S3,PAIRB,0.107464755184826,0.407390117419534,0.483763816109869
OSTB_S4,OSTB,0.309014238388996,0.409158453005884,0.485749690514375
RBM8A_S7,RBM8A,-0.332430292809577,0.409864402756857,0.486446442025962
SFR19_S3,SFR19,0.238633010590115,0.409937576613461,0.486446442025962
ACBD4_S6,ACBD4,-0.213324431001965,0.410214292466702,0.486546644990386
DJC12_S3,DJC12,0.0662328270911922,0.410141682808878,0.486546644990386
PDS5B_T3,PDS5B,0.542878852916266,0.411248564131221,0.487659086941919
PITM1_S3,PITM1,0.391837523119202,0.411987203620812,0.488420528818208
STIM1_S3,STIM1,0.11803947359276,0.412261314333673,0.488631033218435
SPD2A_S3,SPD2A,0.239855013665831,0.41331610956761,0.48976652552603
ACINU_S11,ACINU,0.453139548667886,0.413651178979372,0.490048833524017
UBE4B_S13,UBE4B,0.579661977832924,0.415662205058265,0.492316035525364
LIRB3_S3,LIRB3,-0.186500264149292,0.416683224940188,0.493409873987434
DOCK6_S3,DOCK6,-0.247359673024091,0.417508745293214,0.494271756708528
PP14A_S1,PP14A,-0.0149620363228429,0.417716433261457,0.494401980527651
NFIX_S1,NFIX,-0.124072169367935,0.418269993531356,0.494941416240868
BCLF1_Y7,BCLF1,-0.183165801219377,0.418636372702318,0.495259159010386
KPCD2_S6,KPCD2,0.277387736073598,0.419136720730711,0.495735205332584
LMNA_S2_S6,LMNA,0.441697130389471,0.41997270039561,0.496607905771538
DEMA_S1,DEMA,0.0664906026879508,0.420098653362167,0.496640804640488
AKA12_S3,AKA12,0.174824226015179,0.421212369051415,0.497841148941899
OSMR_S1,OSMR,0.262317760301722,0.421819856538916,0.498442748994502
AAK1_T3,AAK1,-0.147220999380898,0.423158708052108,0.499791416908219
BCKD_T5,BCKD,0.169367886867395,0.42312313049194,0.499791416908219
RL40_S3,RL40,2.10124592030732,0.424052477336862,0.50037994586194
RS27A_S3,RS27A,2.10124592030732,0.424052477336862,0.50037994586194
UBB_S3,UBB,2.10124592030732,0.424052477336862,0.50037994586194
UBC_S3,UBC,2.10124592030732,0.424052477336862,0.50037994586194
RAGP1_S22,RAGP1,0.072345621152917,0.424507852718099,0.500800522752051
BORG5_S1,BORG5,1.19353075199081,0.424661179326583,0.500864653593996
PHC3_T4,PHC3,0.209878573585066,0.424848429359098,0.500968756054612
LARP1_S17,LARP1,0.105012121492575,0.425178510678918,0.501241193232239
SEPT4_S5,SEPT4,0.777503576739658,0.425501284791758,0.501504891087817
AF1L1_S4,AF1L1,-0.252919715300252,0.425640106633036,0.501551706558742
RBM26_S4,RBM26,0.0473422420550374,0.426322243163485,0.502238564397206
DCK_S4,DCK,0.157958529028336,0.426848031120664,0.502740955434415
PKHA7_S25,PKHA7,-0.134917149418344,0.42913497857524,0.505316921025893
RPB1_Y1,RPB1,0.350884018318173,0.430043171827869,0.506268549109292
SAFB1_S32,SAFB1,0.113609874260312,0.430534556589437,0.506611344082572
SAFB2_S32,SAFB2,0.113609874260312,0.430534556589437,0.506611344082572
EPN1_S9,EPN1,0.253721906287424,0.431481182165284,0.507489254691727
KPCD_S15,KPCD,-0.203603641072951,0.431427737984825,0.507489254691727
CD97_T7,CD97,0.0233140424554913,0.432368870629348,0.508415161304631
SFR15_T14,SFR15,0.234549841678086,0.43294193703754,0.508970765005108
GPR39_S5,GPR39,-0.85198386361165,0.433082189173915,0.509007255565693
R3HD1_S2,R3HD1,0.0955238898740456,0.433174125611824,0.509007255565693
ATF2_S6,ATF2,0.191715058594393,0.433404892797247,0.509160204839106
TF65_S2,TF65,-0.230496343020076,0.434539062515894,0.510374146064734
RBCC1_S13,RBCC1,-0.228364075154304,0.435770248589034,0.511701445036915
TBCD5_T2,TBCD5,0.227650006792891,0.43634799517707,0.512261007559998
CORO7_S1,CORO7,-0.207690343647275,0.436782756856248,0.512652488972512
KPCA_S10,KPCA,-0.320859749784802,0.437164596704058,0.512981688828944
PGM5_S10,PGM5,-0.17917505829327,0.438148004266289,0.513897346371191
ZO3_S11,ZO3,-0.222373524678196,0.438124428797521,0.513897346371191
DNM3A_S9,DNM3A,0.0764047074660168,0.43948512727949,0.51534620694196
BCKD_T2,BCKD,0.193118682228505,0.440665779624853,0.516610959157142
LMNB2_S3,LMNB2,0.317909471939048,0.441000653898842,0.516883814122751
SMTN_S1,SMTN,0.882918728689182,0.441589132534507,0.517453716081764
SYTL5_S11,SYTL5,-0.224879564517195,0.442746756108769,0.518690123302426
PP6R2_S9,PP6R2,0.146247920916643,0.442851050120333,0.518692238986116
FMNL1_S3,FMNL1,0.0770276980274683,0.443616797231241,0.519468905781423
AL1L1_S11,AL1L1,-0.581788540956087,0.445013706441834,0.520793117414635
ELF4_T4,ELF4,0.0102046748454074,0.445052866424285,0.520793117414635
MARE2_S6,MARE2,-0.457652321435241,0.445056358984054,0.520793117414635
ARHGQ_S3,ARHGQ,-0.138140673947067,0.445219564251842,0.520863664974242
PYC_S2,PYC,-0.218065392772235,0.44566392707624,0.52126303095282
MEN1_T14,MEN1,-0.0106946424869206,0.445924832945388,0.521447684735815
MYPT1_T2,MYPT1,-0.0984971734410772,0.446862549844502,0.522423507683766
VINEX_T10,VINEX,-0.400993995944858,0.44702002536792,0.522486916486615
NFIB_S3,NFIB,0.0274795612836032,0.447397649704361,0.522807551409321
EPN4_S16,EPN4,0.264672157882162,0.447722514714758,0.523066400501244
PDLI1_S20,PDLI1,0.186584603126642,0.448363351047131,0.523694188702869
SHAN2_S3,SHAN2,0.322027084677906,0.449367534718611,0.524745983666564
TGFI1_S25,TGFI1,0.253031916454111,0.449734984202443,0.525053922733233
PKN2_T3,PKN2,0.130283573169225,0.449981852878508,0.525220977264329
PKHG1_S3,PKHG1,0.179718393395246,0.451359543847303,0.526108814536217
RBP2_S4,RBP2,0.263908094822835,0.451366226578987,0.526108814536217
RGPD3_S4,RGPD3,0.263908094822835,0.451366226578987,0.526108814536217
RGPD4_S4,RGPD4,0.263908094822835,0.451366226578987,0.526108814536217
RGPD5_S4,RGPD5,0.263908094822835,0.451366226578987,0.526108814536217
RGPD8_S4,RGPD8,0.263908094822835,0.451366226578987,0.526108814536217
BCLF1_S15,BCLF1,0.110502996873491,0.452472807897481,0.527277200269204
VIME_T1,VIME,0.176765430192198,0.453597761021195,0.528466452239472
ZN318_T1,ZN318,-0.235842712219592,0.454007517659335,0.528822105149343
INF2_S3,INF2,-0.14356542891495,0.4548819845552,0.529718758360301
ABLM1_S13,ABLM1,0.173358427087706,0.455481589648552,0.530294990846865
TENS3_S13,TENS3,0.202706553873998,0.456068861508298,0.5308566025974
SMAP2_S14,SMAP2,-0.11148292065182,0.456442272079981,0.531169082317035
DEN4C_T2,DEN4C,-0.161840714293814,0.456560338696081,0.531184338882958
SRRM2_S5_S14,SRRM2,-0.0646942596407145,0.458272960639721,0.533054344701822
CNKR3_S4,CNKR3,0.285965119638728,0.458555561398716,0.533137995919803
NU214_S7,NU214,0.131768038220731,0.458548748352428,0.533137995919803
GMPR2_S3,GMPR2,-0.276618807043672,0.460355895555719,0.53510821943213
TRM1_S7,TRM1,0.216272060410046,0.461938821409315,0.536824885224465
ODPAT_S5_S12,ODPAT,-0.0217278799769688,0.462582585185984,0.537326248250233
ODPA_S5_S12,ODPA,-0.0217278799769688,0.462582585185984,0.537326248250233
FA53C_S1,FA53C,-0.146884056043836,0.464039192064465,0.538894527544345
MT1E_S4_T7,MT1E,-0.62224466105557,0.46449803583493,0.539303638302496
PRP31_S6,PRP31,0.071018352276443,0.464801378846762,0.539532059253088
MARF1_S1,MARF1,0.168733211773471,0.465708024482988,0.540460516374318
HBA_S4,HBA,0.550562431685029,0.466359199297044,0.540721063428238
IF4G2_S11,IF4G2,0.178234891796962,0.466319571546785,0.540721063428238
LIN52_S5,LIN52,0.116581420258716,0.466359897621865,0.540721063428238
VCIP1_S2,VCIP1,0.0891400739529797,0.466100371695882,0.540721063428238
IL6RB_S7,IL6RB,0.156155451287841,0.466478949474463,0.540735218344081
CI172_S11,CI172,-0.232831701055485,0.466779309914046,0.540959488773755
EGFR_S11,EGFR,0.126880809387026,0.467019985107376,0.541114501975373
VIR_S4,VIR,-0.0730411853088841,0.467251313852652,0.541258617397178
CDV3_S1,CDV3,-0.361838699509859,0.467397931932536,0.541304561444065
TB10B_T14,TB10B,1.06809605877258,0.469433127819879,0.543537190550539
SI1L3_S3,SI1L3,0.00384148347104367,0.469965941066237,0.544029649527957
AT131_S2,AT131,0.497599763598856,0.472536302107522,0.546879996562124
PALM3_S18,PALM3,0.357958646957733,0.474353001759736,0.548857005465483
SRCN1_S11,SRCN1,-0.183221793728111,0.474844584202609,0.549300215005578
BCLF1_S18,BCLF1,-0.203373217830018,0.475219833797744,0.549357601381997
CALM_T25,CALM,0.0387786052134039,0.475112428479787,0.549357601381997
TMM51_S16,TMM51,0.725755496315526,0.475023783774956,0.549357601381997
ECH1_S4,ECH1,-0.0197615572915255,0.475486184146625,0.549539981266515
CHD3_S10,CHD3,-0.155857535145999,0.47642243840383,0.550443327719889
MAP1B_S8,MAP1B,0.0229836991996647,0.476485322809886,0.550443327719889
EPS15_S15,EPS15,-0.097013246249638,0.476974000282366,0.550882112147205
NHLC2_S1,NHLC2,-0.28140724676523,0.47761649919904,0.551498312216824
GATM_S12,GATM,0.293157075774111,0.478816628100935,0.552757973270719
BUD13_S5,BUD13,-0.011225846990736,0.480078218112685,0.554087995865062
S13A5_S5,S13A5,0.134332000599546,0.480267730710058,0.554180343165436
LARP1_S4,LARP1,-0.421902306759907,0.480979888861723,0.554749137996623
RHDF2_S3,RHDF2,0.11204599535767,0.480939451581472,0.554749137996623
MAP4_S14,MAP4,0.404438548586108,0.481468207913393,0.555185828263769
BLNK_S21,BLNK,1.33128157280573,0.481858916304851,0.55550978938926
SEPT2_S8,SEPT2,-0.122811681330364,0.482450742120616,0.555938799151284
SMRC1_S3_S5,SMRC1,0.260129482174684,0.482409506509916,0.555938799151284
KPCD_S3,KPCD,0.347924205748826,0.482596934963592,0.555980671033631
KPCD1_S1,KPCD1,0.117993754227904,0.485210015073456,0.558736720429297
KPCD3_S1,KPCD3,0.117993754227904,0.485210015073456,0.558736720429297
HNRL1_S28,HNRL1,0.348000766838659,0.48532806866947,0.558745531286667
EDC3_S3,EDC3,0.149661615015453,0.485997694320614,0.559389204220293
BICC1_S3,BICC1,0.61689179066537,0.487294370773222,0.560626690266714
SRRM2_S7,SRRM2,-0.0375086935526951,0.487257952091142,0.560626690266714
AF1L2_S3,AF1L2,0.110028582633597,0.48776294470681,0.561038241627538
TF3C1_S27,TF3C1,0.129922270471427,0.488225791297668,0.561443019713133
GTPB1_S9,GTPB1,-0.156762119063591,0.488729829029714,0.561894971540069
CHD8_S7,CHD8,0.0993940486041969,0.489785274695003,0.562980530372794
CCD86_S3,CCD86,-0.281952580377777,0.490004140178202,0.563104212861462
UBP14_S8,UBP14,0.154683442505543,0.49084004143329,0.563936764970234
CA198_S1,CA198,0.25084506502132,0.491645067268976,0.56455740912263
MPPB_S1,MPPB,-0.194432606642528,0.491714890221805,0.56455740912263
SHRM4_S3,SHRM4,0.156228405296619,0.49151464496398,0.56455740912263
SNX16_S3,SNX16,0.269067461502454,0.493720459354162,0.566731513901432
H4_S1,H4,-0.0668716855827338,0.494331260431426,0.567303970304636
RNF25_S3,RNF25,1.1342886315021,0.494698688441846,0.567596930900971
ECHD1_S1,ECHD1,-0.207727622118097,0.495265888485773,0.568118916959768
GLCI1_S4,GLCI1,0.169401253524522,0.495703470856779,0.568492015863621
RB15B_S11,RB15B,-0.118998574894419,0.496502762724548,0.569279674252138
AKA12_S1,AKA12,-0.300555101422452,0.496989635900847,0.569708844234244
ADDA_S5,ADDA,0.899739395371916,0.497414313148449,0.569808474161227
CRTC3_S1,CRTC3,-0.116542312046611,0.497285934202053,0.569808474161227
GOLM1_T7,GOLM1,0.588000798299189,0.497313535725128,0.569808474161227
RHG17_S3,RHG17,0.62416775129201,0.498207050729769,0.570458344738317
ZN609_S4,ZN609,-0.0979990359656506,0.498116645367643,0.570458344738317
ICAL_S3,ICAL,-0.10612546615839,0.498427875172883,0.570582102748238
PCBP1_S6,PCBP1,-0.188662397505496,0.500223304726738,0.572507947811402
PUF60_S14,PUF60,-0.212830945286356,0.500584413879748,0.572791706679947
CEBPB_S10,CEBPB,-0.00319567149471146,0.501209800583149,0.573148721506625
FLNA_S9,FLNA,0.211208111871674,0.501162122281301,0.573148721506625
SYEP_S12,SYEP,0.517638924144753,0.501236167039779,0.573148721506625
RBM14_S3,RBM14,0.241599289100007,0.501414205814883,0.573222790971114
RCN3_T12_Y13,RCN3,1.41953115909055,0.501533218779552,0.57322936319858
SOX13_S5,SOX13,0.0484329890856537,0.502872695976176,0.5746305518933
CSK2B_S18,CSK2B,0.120529797898169,0.504248069435038,0.576072117248471
MCAF1_S1,MCAF1,-0.139134363387471,0.504963978344679,0.576712715185855
TMM94_S7,TMM94,0.233653170865404,0.505036702964574,0.576712715185855
ADDA_S20,ADDA,0.230997451189494,0.506671390563287,0.578448885098307
LMNA_S2_S5,LMNA,0.210599968379467,0.507393867180329,0.579143067613813
F1711_S11,F1711,0.126469752508512,0.508854505377361,0.580679290127356
SH3K1_S3,SH3K1,0.443348342749287,0.509819779116641,0.58164966233303
RASD1_S3,RASD1,0.151714268618611,0.512256894588551,0.584298432164223
IBTK_S4,IBTK,0.130516326068289,0.512643979130556,0.584608197021123
ARH40_T4,ARH40,0.512196012022657,0.513180500096567,0.585088198015032
RAI14_T5,RAI14,0.982054875096667,0.513471451013273,0.585229701423334
SFR19_S3_S5,SFR19,0.351168052594828,0.513535883031224,0.585229701423334
TANK_S4,TANK,-0.225054336632903,0.514853547170464,0.586599235080981
EMAL4_T6,EMAL4,0.334804801183967,0.51507277266811,0.586624106845713
HCLS1_T12,HCLS1,0.286083490143935,0.515192726753594,0.586624106845713
SPTB1_T1,SPTB1,0.788287862254794,0.515223109055363,0.586624106845713
TFR2_S1,TFR2,-0.025116857556934,0.515348136597951,0.586634484777829
MYO9B_T2,MYO9B,0.558196680215272,0.515957547763297,0.587196120807296
DDI2_S13,DDI2,0.0900860050720436,0.519386837011836,0.590966003173764
NRP1_S3,NRP1,-0.208198665093573,0.520240441215829,0.591804197121445
PRC2B_S9,PRC2B,0.109927024511634,0.521075517550308,0.592487799218627
SPS2_S22,SPS2,-0.269598054704546,0.521005082289767,0.592487799218627
ACINU_S1,ACINU,-0.164818394874864,0.52221024952619,0.593244909731099
DAPK2_S3,DAPK2,0.0212934671625942,0.521876240941909,0.593244909731099
PHAR4_S3_T17,PHAR4,-0.0123126394507507,0.521994296004694,0.593244909731099
SRSF6_S1,SRSF6,-0.164236356411727,0.522095382226876,0.593244909731099
UNK_S13,UNK,0.132427324596786,0.523622325001905,0.59471557155176
H14_S1,H14,0.155766708975048,0.524452536782576,0.595391271569452
OSBL3_S4,OSBL3,0.440645793774724,0.524353040253857,0.595391271569452
KPCD2_S1,KPCD2,-0.102052442719253,0.524703753810311,0.595409349334974
MRC2_S3,MRC2,0.0874691726919778,0.524646590820932,0.595409349334974
F122A_S10,F122A,0.106782921719795,0.525038852693636,0.595530510044493
SKAP2_S4,SKAP2,0.45883906041574,0.525045867579239,0.595530510044493
STK10_S8,STK10,0.41070588066605,0.525386068217027,0.595782857102033
PKHA7_S3,PKHA7,-0.0757753054096098,0.525963698596673,0.596304273879427
MYPT2_S3,MYPT2,0.525026803324534,0.527346610185676,0.597738229372834
KCD12_S1,KCD12,0.285601361935654,0.528165216767142,0.598532055991605
CCDC6_S3,CCDC6,-0.00186029456055251,0.528932412752956,0.599133155985387
SPE39_T13,SPE39,-0.188932663412871,0.528867132803456,0.599133155985387
AKAP2_T1,AKAP2,-0.167073387449512,0.529914340003158,0.600111093031099
CDK13_S5,CDK13,0.346214445953817,0.530114449389003,0.600203406791442
HUWE1_S2,HUWE1,-0.0918797484534962,0.530356336401408,0.600282332221039
NBN_S13,NBN,0.233417819443035,0.530421377137421,0.600282332221039
SNTB1_S3,SNTB1,-0.0802968605763154,0.53061922213369,0.600371983728729
UBP40_S3,UBP40,0.124217322974685,0.531123155067302,0.600807842600719
MAP4_S15,MAP4,0.125672296911009,0.532031034828212,0.601700350226945
RHG30_S2,RHG30,0.0361432948885474,0.532974602150468,0.602632810876568
UBAP1_S3,UBAP1,0.216627564832023,0.533866645121317,0.603506609550812
MCL1_S14,MCL1,0.0754283899732833,0.534666879130213,0.604276256203218
TLN1_T3,TLN1,-0.109221460651991,0.535020267574202,0.604540650634748
DMAP1_T12,DMAP1,-0.161743139638073,0.537016522288041,0.606660852522271
PLIN5_S3,PLIN5,-0.227026524017124,0.537396654877833,0.606954802574584
GRAP1_S3,GRAP1,0.107851527066069,0.537906955018434,0.607333611758005
PHF3_S19,PHF3,0.090836574582369,0.537972057204334,0.607333611758005
SESQ1_S3,SESQ1,0.376535086527955,0.538491222483294,0.60778413848973
NIBL1_S8,NIBL1,0.216743176324441,0.538983540706083,0.608204169345259
CNDH2_S4,CNDH2,0.127511530363502,0.539351539489781,0.608483758662011
MISP3_S3,MISP3,0.0656369843038825,0.540452118516341,0.609589519012971
KSR1_S7,KSR1,0.0178897699615713,0.541091293828778,0.610174473722693
DAP1_S4,DAP1,-0.355981580341524,0.543453261423393,0.612701482749787
TENS1_Y21,TENS1,0.156779373654212,0.544101035022217,0.613295175556223
SRBS1_S15,SRBS1,0.154925230275735,0.545248388931898,0.614451591267944
HMHA1_S1,HMHA1,1.25202525232015,0.545850762290699,0.614920160279848
TCF20_S4,TCF20,-0.125466680121183,0.545907188329847,0.614920160279848
LIPB1_S4,LIPB1,-0.0790279683747821,0.546056111887428,0.614951041891916
DOCK2_S1,DOCK2,1.47794975700713,0.546875620957962,0.61573693385278
KANL3_S5,KANL3,-0.35273010793039,0.54739254501432,0.616044845523121
TOM70_S7,TOM70,0.0812451260754246,0.547294237650917,0.616044845523121
PLIN3_S3,PLIN3,-0.114550792844933,0.548830154178809,0.617525435815685
KIF1B_S3,KIF1B,0.226704406597657,0.548979658361486,0.617556357183259
RBM10_S4,RBM10,-0.098610622637733,0.549103153407551,0.617558013199026
ZO3_S2,ZO3,0.13683632784687,0.549521559957722,0.617891271927579
TOP2B_S10,TOP2B,0.147243207052764,0.552065616256219,0.620613967985945
HTSF1_S1,HTSF1,0.246103151477119,0.552384066951943,0.620834057926667
SC16B_S3,SC16B,0.0961618993346433,0.552683269014294,0.621032421066017
AT2B4_T7,AT2B4,-0.0980034528258713,0.553135662887926,0.621402794645015
EPN1_S7,EPN1,-0.164156730027033,0.554337370621174,0.622614610011931
DNJB9_S4,DNJB9,-0.722454833805816,0.555351467696203,0.623615215888725
RFFL_S3,RFFL,0.0501056291435379,0.555662749784438,0.623826347972281
SREC2_S3_S14,SREC2,0.581764310667401,0.556640804094111,0.624785786098979
CPSM_S3_T4,CPSM,-0.327251641966407,0.557184236182737,0.624841440133134
SEP10_S9,SEP10,0.0439818936701901,0.557089639815952,0.624841440133134
SHRM2_S6,SHRM2,0.0974405068460438,0.557151894555698,0.624841440133134
SSF1_S4,SSF1,-0.0798889985979053,0.556920796435057,0.624841440133134
KC1E_S7,KC1E,0.204861850329702,0.558057245100201,0.625681816006229
TYB4_T4,TYB4,1.38259918743503,0.559750091761946,0.627440800533158
SH3K1_S20,SH3K1,0.460919956377725,0.560284777159154,0.627901075554136
MARCS_S10,MARCS,2.62882735563813,0.560472144428752,0.627965871143227
P66B_S8,P66B,0.234461887638824,0.560590753966627,0.627965871143227
K1C18_T4,K1C18,0.120536467024393,0.560932776323767,0.628209953745206
ADDA_S17,ADDA,-0.0956355358596166,0.56185369741696,0.629102115625494
LRP1_T2,LRP1,-0.129693657776532,0.56229681279203,0.629459006755245
TBC9B_S27,TBC9B,0.169977431854991,0.562860235588505,0.629811110394301
TIM8A_S1_S3,TIM8A,-0.773482490099398,0.562821300091159,0.629811110394301
RFX1_S9,RFX1,0.137647562962585,0.563240259404176,0.630097027596051
RASA3_Y1,RASA3,0.469684568730861,0.563570767588899,0.630327437517662
ATX2L_S5,ATX2L,-0.119940935592886,0.564911848029543,0.631633526443028
BCAR3_S3,BCAR3,-0.0936015673623345,0.565080788315561,0.631633526443028
MARK3_S5,MARK3,0.431040386162004,0.565112943634466,0.631633526443028
WDR26_S3,WDR26,-0.0497876488808439,0.565889496013739,0.632361832485214
LYRIC_T12,LYRIC,0.76126010184681,0.566146449111288,0.632509311026982
GRDN_S1,GRDN,0.26235725828047,0.566727034688233,0.632934316127456
TENS1_S20,TENS1,0.0946025254392654,0.566776984921879,0.632934316127456
FA83G_S1,FA83G,0.0698976349809256,0.567298090177107,0.633376491150748
ZN687_S26,ZN687,0.32120768381631,0.568990309914175,0.635125707647913
TFPT_S10,TFPT,0.225663575116252,0.569679881529913,0.635755210677594
P121C_S1,P121C,-0.313586141899023,0.570051794025084,0.636030010926135
ADAM9_T6,ADAM9,0.0757226218441748,0.571457759081175,0.637458170312944
SCAFB_S3_S9,SCAFB,0.183959443582777,0.574010837863121,0.640165017722621
MYH14_S7,MYH14,0.480957702553091,0.57556895625058,0.641732963093717
PATL1_T3,PATL1,0.095175850605915,0.575670352192348,0.641732963093717
AHNK2_S3,AHNK2,-0.250230639366201,0.577715860139801,0.643731925869961
FLI1_S8,FLI1,1.0024648875002,0.577717922802087,0.643731925869961
IF4B_T6,IF4B,0.199669013642392,0.579033970994582,0.644914376585295
KIF1B_S6,KIF1B,-0.330539712273771,0.578961786891901,0.644914376585295
MCL1_S26,MCL1,0.131614642001771,0.579861772992284,0.645552229017587
SF3B1_T13,SF3B1,0.182788632111014,0.579853269632015,0.645552229017587
PP14A_S3,PP14A,0.304605184875027,0.581288348232617,0.646998093337426
I2BP1_S1,I2BP1,0.818796650803702,0.583661083555527,0.64949620577716
CE170_T1,CE170,0.346048755595085,0.584372117473142,0.65000160143551
S4A4_T3,S4A4,0.167611975228295,0.5842767015142,0.65000160143551
MLXPL_S3,MLXPL,-0.0650012164854062,0.584996105347831,0.650552689335393
MAST3_S3,MAST3,-0.151464205768187,0.585790904526282,0.651293446354902
SND1_S13,SND1,0.0541595942148908,0.585949748679349,0.65132696641032
MARE1_S3,MARE1,-0.158420356761622,0.587323575669115,0.652710719468904
K1C18_S15,K1C18,0.0964261087390628,0.588894102196989,0.654312415196259
ARI1A_S3,ARI1A,0.233205318779948,0.589410434106436,0.654742363260025
RMD2_S7,RMD2,0.172860050150182,0.589691275600076,0.654910587187181
ZN592_S5,ZN592,-0.628246790761374,0.590378996682728,0.655530518256096
E41L2_S11,E41L2,0.135971407945894,0.5906694492662,0.655709164890599
SENP7_S3,SENP7,0.085846920742198,0.591490471571278,0.656476595750491
ACLY_S12,ACLY,-0.122158115256582,0.593149419119908,0.657596760167767
CKAP4_S6,CKAP4,0.105958248536192,0.593018222464924,0.657596760167767
GCOM2_S3,GCOM2,0.120383854705205,0.593055281178317,0.657596760167767
GRL1A_S3,GRL1A,0.120383854705205,0.593055281178317,0.657596760167767
SON_S1,SON,0.175161061911371,0.592787700843876,0.657596760167767
ASSY_T10,ASSY,0.137498209209299,0.593492894784501,0.657715586516352
HS90A_T20,HS90A,0.0227676437056235,0.593516515238131,0.657715586516352
DOXA2_S3,DOXA2,0.675635355223792,0.594834494169324,0.659031824647756
PHLB2_T14,PHLB2,0.115988963219201,0.595532412528683,0.659660656556722
AGFG1_T16,AGFG1,0.224394605240702,0.59676423083251,0.660735894168307
GLCI1_S3,GLCI1,0.0712772478454143,0.596645012433665,0.660735894168307
RHG12_S12,RHG12,0.209264371586838,0.596909214702769,0.660751866931477
CLK3_Y1,CLK3,-0.0835019643721372,0.598253025292736,0.662094590204797
TNIK_S4,TNIK,0.0709534959826656,0.598909643099022,0.662676367233089
TM245_S7,TM245,0.545828218702101,0.600140828077864,0.663893493093349
RAIN_S4,RAIN,0.177052456594965,0.60064011654872,0.664300618411948
SRCAP_S5,SRCAP,0.120721568879003,0.603152059685893,0.666933050922068
WAC2A_S1,WAC2A,-0.0513373710667918,0.603777469184412,0.667332992256455
WAC2C_S1,WAC2C,-0.0513373710667918,0.603777469184412,0.667332992256455
SC16A_S28,SC16A,0.0986995115272513,0.605467578006569,0.669054893513372
MBP_S3,MBP,0.268218241584664,0.606007314837048,0.669505134335363
I2BP1_S9,I2BP1,0.281046575045306,0.608669261966137,0.672299243738677
EMAL4_S1,EMAL4,-0.214979748359568,0.609354471343707,0.672909225282675
PCDH1_S11,PCDH1,0.0636271623617294,0.610138726922506,0.673628293402008
APOB_S3,APOB,-0.119546907876341,0.610839156337739,0.673959738299444
MAST3_S4,MAST3,-0.0700298466809429,0.610873961057718,0.673959738299444
NIBL1_T13,NIBL1,0.146111418600244,0.610971602315323,0.673959738299444
TM238_S3,TM238,-0.21578027261075,0.610866703526981,0.673959738299444
PP1RA_S4,PP1RA,-0.0656712778810275,0.611301413288169,0.674176607681722
K2C8_Y12,K2C8,0.120896281930591,0.612478371728318,0.675327459546191
WBP4_S3,WBP4,0.738697974373198,0.612751938965444,0.675481934895254
SP4_S16,SP4,0.926870884773314,0.613070841487936,0.675686308530149
MAP1B_S10,MAP1B,0.101373424424661,0.613615174551257,0.676138993773985
DOCK8_S5,DOCK8,0.309835250078371,0.613879568029404,0.676283085284461
UNC5B_S3,UNC5B,-0.150888492155184,0.615873192479317,0.678331714284619
ETS1_S4,ETS1,0.580984386499917,0.616971485240622,0.679393534987552
DEN4C_S1,DEN4C,0.115585201658367,0.617170894139415,0.679465280669911
PALMD_S4_T21,PALMD,0.784886556024637,0.618689522959214,0.680840981886624
PKP2_S13,PKP2,-0.0572961096298229,0.618576124854673,0.680840981886624
MBD1_S16,MBD1,0.150412287394198,0.619150625591919,0.681200286113196
ADX_S3,ADX,-0.155744958929589,0.621160515614126,0.682852941661325
RPGF1_T2,RPGF1,0.322364790797084,0.621192440902735,0.682852941661325
TENS1_S13,TENS1,-0.0287809442531379,0.621159758435103,0.682852941661325
TMM11_S5,TMM11,-0.152608112541647,0.620795858696604,0.682852941661325
PAK2_T9,PAK2,0.495635920696783,0.622264563668802,0.683882943914833
SH2D3_S16,SH2D3,0.0791017714117749,0.62394311987717,0.68557883840607
LMNA_S2_T8,LMNA,0.194014714983589,0.624575487697166,0.686124710925843
DOCK4_S2,DOCK4,-0.095705493042004,0.625352222140764,0.686679886364592
LMNA_S3_S5,LMNA,-0.0863973107733529,0.62533799437269,0.686679886364592
FERM2_S12,FERM2,-0.127601599566536,0.626045219025061,0.687291725268077
SEP10_S8,SEP10,0.112812087924994,0.62718341735249,0.688391948649089
FRYL_S1,FRYL,-0.06965131379415,0.628186175724808,0.689214900967752
STK24_T3,STK24,0.159781563021703,0.628341741368348,0.689214900967752
STK25_T3,STK25,0.159781563021703,0.628341741368348,0.689214900967752
PAR12_S8,PAR12,-0.0576546406027028,0.62902869800176,0.689818903702472
SREC2_S22,SREC2,0.00184986132642572,0.629498597275125,0.690184662220409
DAAM2_S4,DAAM2,0.238143356884443,0.629870242340123,0.690442559342292
MRCKB_S15,MRCKB,0.323884046595341,0.630979106689702,0.691508284745903
GAB1_S3,GAB1,-0.157277238604882,0.633708000690616,0.694348601752589
SRC8_S6,SRC8,0.950894542129936,0.637682865931811,0.698552594043484
PCIF1_S3,PCIF1,0.308696709685587,0.637963813941943,0.698709124077077
IF4G1_S21,IF4G1,0.416164891357764,0.638664747204071,0.699325462051018
CCAR2_S4,CCAR2,0.0989644533312246,0.639355653302896,0.699779187146617
CD2AP_S26,CD2AP,0.528594579791143,0.639335135788221,0.699779187146617
NCOR2_S4,NCOR2,0.0737315241583983,0.639635746527377,0.699880333554314
PHLB2_S19,PHLB2,0.211189056776628,0.639724643948282,0.699880333554314
PTN21_S7,PTN21,0.068341110458594,0.64017626211952,0.700101247274669
S2546_S3,S2546,-0.0986118645997312,0.640203235010308,0.700101247274669
AAK1_T18,AAK1,-0.0752229738360368,0.641876071037262,0.701778957770487
YBOX1_S10,YBOX1,0.0318256441826151,0.642806702465403,0.702644648202463
LRWD1_S3,LRWD1,-0.033817912499432,0.643532214690418,0.703285799729692
PGRC1_S13,PGRC1,0.231303338051526,0.643806640344826,0.703433809755001
PAIRB_S1,PAIRB,-0.0826018580434575,0.645166950154201,0.704767954830652
ARHGH_T17,ARHGH,-0.118260294057742,0.648248222302258,0.707981064538569
CCDC6_S15,CCDC6,-0.0750996869294644,0.648671930734809,0.708232173716685
KPRB_S2,KPRB,-0.169730235128148,0.648768206784481,0.708232173716685
MAP1B_S11,MAP1B,-0.0694865000481108,0.648897962759192,0.708232173716685
MAP7_S2,MAP7,0.193060535281627,0.649574258137398,0.708817447268946
WAP53_S17,WAP53,0.129158477827637,0.649860026829977,0.708976416423047
PPCT_S1,PPCT,-0.426374580068073,0.65190920795872,0.711058728767043
M3KL4_S5,M3KL4,-0.0649607886812416,0.652062514192185,0.711072696472021
MARCS_T13,MARCS,1.54245218596933,0.654327986470242,0.713389474262364
KI13B_S7,KI13B,-0.076896837793164,0.655178345672458,0.714162741212214
RBP2_S11,RBP2,0.0962362899878747,0.655595861576132,0.714463965425668
MILK1_S13,MILK1,0.214030637239814,0.657834407008532,0.716749178443527
PAK2_S14,PAK2,0.0951614973360805,0.65828189228136,0.717082362642265
TPR_S10,TPR,0.0383728129928343,0.659197545969362,0.717925280858821
ZN687_S9,ZN687,0.0531510431390863,0.65966009298417,0.718274468716197
E41L2_S30,E41L2,1.76858170662084,0.659890461950546,0.718370752405187
PCDH1_S3,PCDH1,0.0784903993294656,0.660173126602316,0.718523912631037
PCTL_S10,PCTL,0.11027879191532,0.660976812214414,0.719243957561202
HSPB1_T3,HSPB1,-0.090958888429853,0.662315094849101,0.720545291279299
OTU7B_S3,OTU7B,-0.102029980099191,0.662818741759709,0.720938244583255
KPCD1_S2,KPCD1,-0.142343325732148,0.663630826592253,0.721666440348817
PRSR2_S30,PRSR2,0.19438223998199,0.664462584750901,0.72226055442962
SIK1_S3,SIK1,0.0832174441825676,0.664394137871608,0.72226055442962
OSTB_S16,OSTB,0.477786769014687,0.664715450360623,0.722380265036528
CABL1_S2,CABL1,0.390549248743446,0.666038728451792,0.723662946477999
SCRIB_T20,SCRIB,0.387745213900657,0.666522230195986,0.72403284117233
PHIP_S9,PHIP,0.199699934146869,0.666927454665093,0.724317563961381
RN213_S3,RN213,-0.230666973991182,0.667424545377217,0.724701914643659
ZC3HD_T5,ZC3HD,-0.16431873052798,0.668220526806194,0.725410571893211
DDX21_S8,DDX21,0.0736722361600747,0.672309147615558,0.729692600489457
3BP1_S5,3BP1,0.00758050389810388,0.672639273628264,0.729737912933043
MIEAP_S3,MIEAP,0.146504390305718,0.672617969629377,0.729737912933043
VCIP1_S3,VCIP1,0.0688734649968235,0.673114311379895,0.7300967702301
S4A4_S6,S4A4,0.475834854391611,0.67352620884983,0.730387002997427
PAXI_S4,PAXI,-0.0842439954176343,0.673739468292287,0.730461750005841
DOCK5_T1,DOCK5,0.397688877205975,0.674125961873304,0.730724243529833
SYTL5_S3,SYTL5,0.0881606613136924,0.674486327352875,0.73082867359666
YBOX1_S9,YBOX1,0.725263822618594,0.674511111315945,0.73082867359666
MYEF2_S11,MYEF2,0.515847183392656,0.674774332788517,0.730957384041671
CPZIP_S1,CPZIP,0.0455557571864579,0.675446352329379,0.731528780042582
LARP1_S1_S9,LARP1,0.141874970922859,0.676315144658113,0.7323129968153
RB15B_T3,RB15B,-0.320472524581581,0.677108822866951,0.732918876265637
RPR1B_S6,RPR1B,0.0468766450980611,0.677164328278624,0.732918876265637
NUFP2_S12,NUFP2,0.10730906200588,0.677557659728754,0.733187794716105
SZRD1_S6,SZRD1,-0.0443186962753405,0.678316427060724,0.733851953260865
STAT3_S20,STAT3,-0.0957746936603573,0.67911289859335,0.734556610340018
KSYK_S3,KSYK,0.591601999400605,0.6799363965178,0.73529019290098
HDAC2_S22,HDAC2,0.266243504708942,0.680794740081377,0.736061136413555
SRCAP_S19,SRCAP,0.379967810583455,0.681932412791696,0.737133690973681
TLN1_S4,TLN1,-0.11853456563438,0.682498439211728,0.737587999327473
SYNJ2_S4,SYNJ2,0.351863776379839,0.682946103066676,0.737914224513332
LRRF2_S14,LRRF2,0.775760916931935,0.683597524770061,0.73846042110166
CD2AP_S1,CD2AP,0.053397328202747,0.686870070653094,0.741837265807791
TTP_S4,TTP,-0.0610588739723884,0.688006180977767,0.742905756758796
MPZL1_S4,MPZL1,-0.124569677138563,0.68822951805513,0.742988393958407
ARRB1_T13,ARRB1,0.604871143175115,0.688598380520666,0.743069595696181
TPC12_S10,TPC12,-0.0481911069141614,0.688530756925718,0.743069595696181
NFRKB_S3,NFRKB,-0.0646663750784292,0.691233837121005,0.745754519221788
PDLI4_S11,PDLI4,0.429933227715785,0.692672034662567,0.747146881378357
TFG_S15,TFG,0.155673084913113,0.692916214993669,0.747251004492427
SI1L1_S6,SI1L1,0.0550742521668548,0.693997035797864,0.748257136381123
ACTN4_Y15,ACTN4,-0.13098235121614,0.694513325683213,0.748654300592703
FA53B_S1,FA53B,0.0921517949387093,0.695852357194325,0.749937985468586
TNS2_S19,TNS2,0.273273671861196,0.696236219162129,0.750191932122532
OSB11_S1,OSB11,0.685238496698307,0.696945930488,0.750796797403101
IF4B_S7,IF4B,0.0589041113501256,0.697677757062531,0.751425224195248
GANP_S8,GANP,0.0759025941875942,0.698139101262861,0.751762125849221
TARA_S15,TARA,0.0936486378234348,0.698298382754292,0.751773689665916
K2C8_T15,K2C8,-0.147519050816373,0.698634833399864,0.751975944669654
SYNP2_S16,SYNP2,-0.0640526881639907,0.699637735531614,0.752895296518286
RHG39_S8,RHG39,0.0596806792963441,0.701191593372797,0.754407026798411
HNRL1_S3,HNRL1,-0.154984984480937,0.702905470373057,0.756090241351337
RBM27_T5,RBM27,-0.237279491216505,0.705344342265721,0.758552425883301
HNF1A_S3,HNF1A,-0.0642377268979222,0.706489012220419,0.759622029073198
FIBG_T10,FIBG,0.296297522128218,0.708707315948766,0.761845311388425
JIP4_T19,JIP4,0.105109827190369,0.711081241904188,0.764234904497153
CTNA1_S8,CTNA1,-0.0766142853629728,0.7124664672552,0.765561102076129
FARP1_S3,FARP1,-0.148823446785446,0.712871860955071,0.765834109168672
STON1_S10,STON1,0.0946808697035982,0.713977187154554,0.766858774233701
PRC2A_T3,PRC2A,0.429284461677952,0.71455118986961,0.767312448956099
NFIB_S1,NFIB,0.276197477249355,0.718025118789843,0.770879322485235
FERM2_S6,FERM2,0.0507520073879499,0.719494360200226,0.772292885890423
IL1AP_S4,IL1AP,0.0536471999543257,0.721121561145119,0.773875364918458
RHG35_S1,RHG35,0.472937244687593,0.722047818773928,0.774705111472302
PRC2A_S20,PRC2A,0.219505759115906,0.722468165200249,0.774991815192552
RHG07_S3,RHG07,0.0842859827229302,0.724218987482514,0.776705296810554
JIP4_S3_S5,JIP4,0.013823642888709,0.725626009269388,0.778049413752621
HCK_Y7,HCK,0.846520292724444,0.726210728740731,0.778346568859983
LYN_Y7,LYN,0.846520292724444,0.726210728740731,0.778346568859983
AFAD_S8,AFAD,0.07680352184846,0.728317443897037,0.780439251230765
DNJB6_S7,DNJB6,-0.342637124705922,0.730241790203801,0.782018644804681
NCOA3_S3,NCOA3,0.0426303085238713,0.730254913129208,0.782018644804681
YETS2_S3,YETS2,-0.0447546941348129,0.730006263841608,0.782018644804681
PDS5B_T1,PDS5B,0.393454496780724,0.731450755428012,0.783133546270609
AT133_S5,AT133,0.0282717775638232,0.732015754999134,0.783572702210367
KS6A5_S6,KS6A5,-0.00158559123693667,0.732799053855767,0.784245297433715
RAB8A_S10,RAB8A,0.218337307965573,0.73299473545115,0.784288870215279
PER1_S10,PER1,-0.0444907949911694,0.734058594351706,0.785261159588667
PDS5A_S7,PDS5A,0.628051115292355,0.735076429667481,0.786183814570398
TUT7_S3,TUT7,0.710661380169297,0.735820359246597,0.786813192086843
ZO2_Y3,ZO2,0.241686252940856,0.73734370595328,0.788275558899356
LRC47_S3,LRC47,0.0691622981765006,0.737724974772076,0.788516599223121
CPSF7_T11,CPSF7,0.216059805774156,0.738493168773191,0.789171015025574
NFM_S3_S8,NFM,-0.106472040523698,0.742862437492,0.793672534546551
B4GT1_S25,B4GT1,-0.0510556804833817,0.744658909050623,0.795423963424484
B4GT1_S24,B4GT1,-0.115427809975274,0.745284619088068,0.795924342098483
CABIN_T9,CABIN,0.432935740987841,0.748465500397485,0.799152720994024
IQGA2_S3,IQGA2,0.114501041299072,0.74946863668711,0.80005500322157
SFR19_Y14,SFR19,0.0887555188453665,0.75001336747284,0.800298893691765
XAF1_S3,XAF1,-0.072270532930075,0.749959059668609,0.800298893691765
CSKI2_S7,CSKI2,0.0343628354817677,0.75032302078196,0.800340293917115
DOCK5_S4,DOCK5,0.227818764770132,0.75036844391162,0.800340293917115
EGFR_S6,EGFR,-0.0532314440594816,0.750597769892237,0.800416205947032
HNRPM_S6,HNRPM,0.0409041935210864,0.751320012814035,0.801017607931711
SNTB1_S4,SNTB1,0.190157684076772,0.752250583308764,0.801840817633878
ATX2L_T6,ATX2L,0.228096155889117,0.755048381586577,0.804653581640275
PHLB1_S20,PHLB1,0.501108075144734,0.755215707786933,0.804662462549404
ZHX3_S13,ZHX3,0.144354177524583,0.756565611572751,0.805931079808397
ABLM3_T2,ABLM3,0.287302181225542,0.758865783720122,0.808211222939297
ABLM1_S2_S17,ABLM1,0.123724020487395,0.76080647477606,0.809676982945365
INF2_S4,INF2,0.09433524126973,0.760452090925435,0.809676982945365
MBB1A_S14,MBB1A,0.868577079935131,0.761107941802239,0.809676982945365
NUP93_S3,NUP93,0.459707934916594,0.76093770699439,0.809676982945365
S2546_S6,S2546,0.0504612791895037,0.760824417318495,0.809676982945365
TE2IP_S9,TE2IP,-0.0352696240154063,0.761201953142471,0.809676982945365
MYH10_S6,MYH10,-0.172579012747728,0.761397738049246,0.809715056160377
CD97_S6,CD97,0.0730986341101676,0.761623038026815,0.809784494843216
ASAP2_S3,ASAP2,0.0266917024338424,0.761964528954636,0.809977416727455
PROX1_S10,PROX1,0.0668366130995457,0.763085460483045,0.810998638283219
TPR_S13,TPR,0.0359184401860696,0.763632158313847,0.811409270045429
RPRD2_S14,RPRD2,0.0492845067189893,0.764296075151919,0.811944256159501
SUN2_S3,SUN2,0.0499426273570825,0.764583046701491,0.812078656737932
HNRPM_S10,HNRPM,-0.0591049751626111,0.766875963396745,0.814343107585171
SFR19_S15,SFR19,0.0444844777696984,0.767851487457084,0.815207966859724
RANB3_S28,RANB3,0.0645449905845446,0.768046812940459,0.815244320530969
ZFY26_S8,ZFY26,0.0785363867536013,0.769434794171359,0.816546339547336
LARP4_S5,LARP4,-0.0293071398011957,0.770785833264617,0.817779416678647
TFG_S12,TFG,-0.0580385063322677,0.770919896655567,0.817779416678647
AKAP2_S6,AKAP2,0.0315379342133464,0.773292712451618,0.819610010629218
ARVC_S2,ARVC,0.0723022425242186,0.773987173244489,0.819610010629218
CRYAB_S3,CRYAB,-0.0600544117710362,0.773947501429717,0.819610010629218
E41L2_S29,E41L2,1.85725787468177,0.773774586484759,0.819610010629218
H11_S5,H11,0.567247316509636,0.774427004708342,0.819610010629218
H12_S5,H12,0.567247316509636,0.774427004708342,0.819610010629218
H13_S5,H13,0.567247316509636,0.774427004708342,0.819610010629218
H14_S5,H14,0.567247316509636,0.774427004708342,0.819610010629218
H15_S5,H15,0.567247316509636,0.774427004708342,0.819610010629218
H1T_S5,H1T,0.567247316509636,0.774427004708342,0.819610010629218
WWTR1_S3,WWTR1,0.0565290023444502,0.773424502640776,0.819610010629218
NHRF1_T17,NHRF1,-0.0660215735889073,0.775269570077365,0.820158715334771
ZCCHV_S4,ZCCHV,-0.0553893074759808,0.775214471939564,0.820158715334771
BMP2K_S1,BMP2K,0.0632902249262825,0.775799910983169,0.820351355041076
CEBPB_S15,CEBPB,0.73245487628706,0.775937944394711,0.820351355041076
ZN318_S2,ZN318,0.0686923302334201,0.775781803568195,0.820351355041076
ACTA_T14,ACTA,-0.458729682280975,0.777731666766329,0.821218436366449
ACTC_T14,ACTC,-0.458729682280975,0.777731666766329,0.821218436366449
ACTH_T14,ACTH,-0.458729682280975,0.777731666766329,0.821218436366449
ACTS_T14,ACTS,-0.458729682280975,0.777731666766329,0.821218436366449
PRSR2_S6,PRSR2,0.03295113839157,0.777536614632363,0.821218436366449
RRBP1_S3,RRBP1,-0.289969743020341,0.777262178928428,0.821218436366449
OGT1_S3,OGT1,-0.182670002679154,0.777986482643315,0.821316142815565
SRSF1_S8,SRSF1,0.576621929240816,0.77823382702861,0.821405922542606
ITSN2_S3,ITSN2,0.31116608596071,0.781277891131096,0.824446915557648
ADX_S11,ADX,0.382576960092971,0.782806769028383,0.825888067136261
DHX9_T22,DHX9,0.0555908561301623,0.783303630997106,0.826240032612829
CPSF6_T7,CPSF6,-0.0419341022181996,0.783632546335245,0.826414735778845
C2C2L_S7,C2C2L,0.194991121541723,0.784771672274953,0.827443631954904
HN1L_S10,HN1L,-0.0589543781555824,0.785094426708892,0.827611517095126
CUL4B_S12,CUL4B,0.00549272021985017,0.786619891849714,0.829046912255602
GBF1_S10,GBF1,0.129870606556815,0.787984479538866,0.830312190494733
SMG1_T8,SMG1,-0.046570425330354,0.788471060041592,0.830651963961386
MY18A_S5,MY18A,0.289549920189835,0.789316231816677,0.831324951643966
SFR15_T25,SFR15,0.0825417721159761,0.789438395099961,0.831324951643966
RL40_T1,RL40,0.549605270265095,0.79075897072436,0.831850166459361
RS27A_T1,RS27A,0.549605270265095,0.79075897072436,0.831850166459361
SQSTM_S17,SQSTM,0.43767450596501,0.790312708911854,0.831850166459361
UBB_T1,UBB,0.549605270265095,0.79075897072436,0.831850166459361
UBC_T1,UBC,0.549605270265095,0.79075897072436,0.831850166459361
SCRIB_S5,SCRIB,0.108967254490063,0.792033840547101,0.833018135288628
HAOX1_S4,HAOX1,0.0722284698334329,0.793318945116654,0.834023095395801
PLCB3_S3,PLCB3,-0.0680426369007325,0.793304435569952,0.834023095395801
OCLN_S2,OCLN,-0.111519510072407,0.793814027449986,0.834370258135904
TNC18_S3,TNC18,0.0647421119788848,0.79492794821291,0.835367596741183
GAS2_T5,GAS2,-0.126171109470829,0.795285740436783,0.835570091831131
PROF1_T4,PROF1,0.0499664358533128,0.795958072400168,0.836102906686851
HEM2_S1,HEM2,-0.395526522114862,0.796265847892427,0.836252636684701
IL6RB_S3,IL6RB,0.255232446145342,0.797112514047665,0.836968139750048
PHLB2_S6,PHLB2,0.0625496737746021,0.797432391059977,0.837130332120834
SH3K1_S11,SH3K1,-0.0509989335875482,0.798514874574976,0.83809286192948
LSP1_S8,LSP1,0.0584661586262315,0.799173876416928,0.838436772086665
PAXI_S18,PAXI,0.0681397665132786,0.799140527498802,0.838436772086665
PDLI2_S14,PDLI2,0.035509416279315,0.799897638088469,0.839022165049895
AFAD_S10,AFAD,-0.0427715441371804,0.802314299043552,0.841382649701495
EP400_S2,EP400,0.909358484087406,0.803894463705721,0.842516024190237
MK01_Y15,MK01,0.0680172624121305,0.803784054834734,0.842516024190237
TOPRS_S3,TOPRS,-0.113817242366832,0.803583340475736,0.842516024190237
RB15B_S8,RB15B,-0.0562478572930796,0.808371820476095,0.847033081455387
TEX2_S5,TEX2,-0.0401915934309727,0.808784302336573,0.847289868376194
TWF1_S7,TWF1,-0.0417642964684923,0.810510395815887,0.848922415816267
TRA2A_T5,TRA2A,0.0994785856632236,0.812012445676938,0.85031967464742
IF16_S6,IF16,0.654038727173838,0.813190328348049,0.851376965612221
TRI56_S3,TRI56,0.0773743380796422,0.813935819021307,0.851981216146191
CLD2_S2,CLD2,0.555178966248791,0.814402387202323,0.85229331712799
HIC1_S3,HIC1,-0.120556701971282,0.815662659437658,0.853435749310314
ATX2_S1,ATX2,-0.0533762743962585,0.816058663781815,0.85349186445836
NFKB1_T5,NFKB1,0.0612506483388493,0.816158063710501,0.85349186445836
PALM_S3,PALM,0.0306193955992642,0.816222213787485,0.85349186445836
HBB_S1,HBB,0.131158121228404,0.819755936225979,0.857009872596505
MYPT1_Y4,MYPT1,0.235126000572894,0.82160898122198,0.858769734399926
ALS2_S11,ALS2,0.0371432160868117,0.822533532274103,0.859558580805128
F122A_S12,F122A,-0.143129361475465,0.826133670112539,0.863141367334603
SPT5H_S14,SPT5H,-0.0463955737535896,0.826303087282385,0.863141367334603
ERBIN_T5,ERBIN,0.0739199539945715,0.827212089252013,0.863912584338514
ARHGB_S4,ARHGB,0.0486529769307229,0.830617539565865,0.867111255722534
OGFR_S7,OGFR,0.0255322119466161,0.83044876563549,0.867111255722534
ADH1B_S7,ADH1B,-0.179052702899753,0.830817412876836,0.867141044868976
BORG5_S24,BORG5,0.135626235067959,0.832832265435267,0.869064761931523
EIF3B_S18,EIF3B,0.14970605720272,0.833090188833256,0.869154699172358
RABX5_S3,RABX5,0.130040505250359,0.833738659340493,0.869651969274987
ARHGB_T6,ARHGB,-0.0382020024581774,0.834402939102183,0.870018707326948
WAC2A_T4,WAC2A,0.02639577605384,0.834605971956596,0.870018707326948
WAC2C_T4,WAC2C,0.02639577605384,0.834605971956596,0.870018707326948
HDAC7_S3,HDAC7,0.124387091578428,0.835187191340799,0.87044529970671
PLPL2_S4,PLPL2,-0.193107451691701,0.835840580881544,0.870946917817891
FBLN5_T2,FBLN5,0.258126164888582,0.836561133345576,0.871518298860016
MBNL2_S31,MBNL2,-0.332975875804938,0.83702462084343,0.871821692959168
SPTB2_S3_S7,SPTB2,0.289963130797109,0.837433172628462,0.872067754459392
BOK_S1,BOK,-0.195227664052983,0.839335583950712,0.873869037312189
RAIN_S1,RAIN,-0.0600857034756658,0.83974621650129,0.874028623431196
RTN4_S2,RTN4,0.0510368327553658,0.839834261162993,0.874028623431196
TISD_S1,TISD,0.324318696190984,0.840365698581961,0.874401891554956
ACINU_T10,ACINU,0.0100757613292141,0.841464489132381,0.875365216752103
PELP1_S12,PELP1,0.269744823824527,0.84238193912456,0.875959522068913
RALY_S3,RALY,-0.161842251547754,0.842368598527875,0.875959522068913
UBP2L_S15,UBP2L,0.116624148187596,0.843793468739662,0.877247071752553
EDC4_S10,EDC4,0.767668247235381,0.844613723642966,0.877919502024451
HNF4A_S3,HNF4A,0.0240833974292896,0.845434763853335,0.878592472250868
PAK2_S1,PAK2,0.254015895315567,0.845874937799244,0.878834148749666
ZYX_T11,ZYX,0.127106560749696,0.846014616223745,0.878834148749666
HBP1_S1,HBP1,0.72557235553301,0.846858618164368,0.879530364565948
VIME_S7,VIME,0.344334933150372,0.847054138747139,0.879552933155369
G3P_T15,G3P,0.437065779605721,0.848633126415359,0.880999110028051
MPRIP_S14,MPRIP,0.270715635056533,0.84879503270041,0.880999110028051
CDC27_S24,CDC27,0.357411496736893,0.851669659877474,0.883801547803957
CIC_S24,CIC,-0.0258170205733046,0.852139121119456,0.88410743993144
EMAL4_S9,EMAL4,0.0297136735421266,0.8524266716818,0.884224510223732
VPS52_S5,VPS52,0.122703753777334,0.852778637070265,0.884408336518978
TRAM1_S17,TRAM1,0.0571687705737579,0.854141681879427,0.885640453184138
CLASR_S7,CLASR,0.014858818337898,0.854487702986248,0.885817751907702
NEST_T8,NEST,0.0902185207055109,0.855303201488327,0.88648156926734
CHD4_S6_S22,CHD4,0.424697523697844,0.855799088580559,0.886813920414867
AAK1_T5,AAK1,-0.0275333403380745,0.857060787904166,0.887576150518311
FRM4A_S7,FRM4A,0.183629810321023,0.856801128306792,0.887576150518311
PLPL2_S3,PLPL2,-0.13215682468503,0.85692969855037,0.887576150518311
IF16_S8,IF16,0.933560436432849,0.857351157258964,0.887695214175044
FIP1_S5,FIP1,0.280528502172107,0.858389728456698,0.888588753470924
STBD1_S11,STBD1,-0.422069609688131,0.85912637687081,0.889169446491446
SASH3_S5,SASH3,0.469979922834667,0.859602241300537,0.889480053817628
FXR2_S4,FXR2,0.501691091517435,0.860551137146663,0.890279907011296
SRRM1_T1,SRRM1,-0.0239923622451725,0.862666423928902,0.892285871960796
TBCD5_S7,TBCD5,0.152175331968619,0.865666614918752,0.895206117307684
MAST2_S7,MAST2,0.154627554389978,0.86760238422056,0.897024650978601
AAK1_T4,AAK1,-0.03527816873816,0.867815999050316,0.897062249018311
HMCS2_S4,HMCS2,-0.0330513612094781,0.870338720394575,0.89945573876326
HUWE1_S1,HUWE1,-0.0592286099960903,0.87048690149426,0.89945573876326
EXOC8_S4,EXOC8,-0.125892799464076,0.872347485447512,0.900826489257265
RL34_S3,RL34,0.360559521183345,0.872128602507171,0.900826489257265
TRI56_T14,TRI56,0.317630414429972,0.872340751499075,0.900826489257265
DEMA_S10,DEMA,0.177593723554332,0.87366083655501,0.901998672746819
PLD1_S1,PLD1,0.0363376565025502,0.877525725337586,0.905804139492866
HSPB1_Y17,HSPB1,-0.0311576723806539,0.878995359947457,0.907136116781011
LIMD1_S7,LIMD1,0.442047578049737,0.879681449386146,0.907659085696898
CAV1_S4,CAV1,0.186463273523232,0.882064739083422,0.909932662963962
PALLD_S22,PALLD,0.0353339397322016,0.883546260516731,0.911089573038952
PKHA4_S13,PKHA4,-0.0405924555142473,0.88344582992921,0.911089573038952
SP100_S15,SP100,0.286826901252338,0.883975660382084,0.911346672885257
CLAP1_S9,CLAP1,0.0144543002738448,0.885703716833917,0.912889013837235
SRCH_S12,SRCH,-0.0175831314823175,0.885832433699795,0.912889013837235
AGAP3_S6,AGAP3,-0.0389460759371976,0.887471540395836,0.914391992252306
COF1_S4,COF1,-0.164908353862309,0.887763731405089,0.914506868439071
ARHG2_S1,ARHG2,-0.041636771547946,0.888522430900376,0.914639225957572
HNRPK_S13,HNRPK,-0.226290405489509,0.888330054293258,0.914639225957572
M21D2_S3,M21D2,0.734285626107058,0.888760638854666,0.914639225957572
RAF1_T4,RAF1,0.347223040906205,0.888795833483371,0.914639225957572
STK10_S4_S8,STK10,0.601336269981673,0.888368827202134,0.914639225957572
RBM14_S30,RBM14,0.546093409570817,0.890364014018171,0.916066736114244
ADDG_S18,ADDG,0.545981640432059,0.890782901050257,0.91626359794391
TMX2_S19,TMX2,0.259427771547045,0.890917440324438,0.91626359794391
AR6P6_T5,AR6P6,0.33086663027537,0.892397969794979,0.917515401582589
SKAP2_T6,SKAP2,-0.062233620664775,0.892497198575595,0.917515401582589
MED1_T3,MED1,-0.0871629700654323,0.892829568428035,0.91767068355286
CBX8_S7,CBX8,-0.033940277359507,0.894107272906017,0.918665311860165
S39A7_S4,S39A7,0.834628222729014,0.894160309469111,0.918665311860165
CING_S11,CING,0.0201198361051341,0.89503739381235,0.919275344729333
CUL4A_S3,CUL4A,-0.0266902457832963,0.895117348118189,0.919275344729333
AFAD_S2_S11,AFAD,-0.0224678611879794,0.895438244614336,0.919418331506016
MAP1B_S5,MAP1B,0.132143459037713,0.897111273300537,0.920762554081123
PPR3D_S3,PPR3D,-0.00738117501956876,0.896939258981946,0.920762554081123
TM100_S3,TM100,0.0567295915719845,0.897834626295994,0.921318135377945
PI42B_T4,PI42B,-0.0323687874864244,0.901854987778604,0.925256049695422
ATX2_S9,ATX2,-0.0124285211159372,0.902855799362454,0.926095095373607
DHB11_S1,DHB11,0.0185266645246562,0.905537203876764,0.928657302699149
REM1_S3,REM1,0.134496364943615,0.906522526671796,0.929479438307528
PAXI_S22,PAXI,0.00167630362598084,0.906795367693555,0.929570864066656
PWP1_S10,PWP1,0.475801887382128,0.907003268734042,0.929595695233493
AL1A1_T1,AL1A1,0.0294122597348758,0.907454554739597,0.929869913249059
C170L_S9,C170L,-0.0284945064789076,0.908369167407141,0.930242079370203
CE170_S9,CE170,-0.0284945064789076,0.908369167407141,0.930242079370203
SAV1_S6,SAV1,0.0218926375408611,0.908247501282301,0.930242079370203
ACTB_Y5,ACTB,0.0570175486901494,0.909244929634149,0.930574032129106
ACTG_Y5,ACTG,0.0570175486901494,0.909244929634149,0.930574032129106
POTEE_Y5,POTEE,0.0570175486901494,0.909244929634149,0.930574032129106
SAMN1_S1,SAMN1,0.158415913421689,0.90988487314345,0.931040708244844
PKN2_S3,PKN2,0.147831624306964,0.910459512939793,0.931440387100928
NUCL_S4,NUCL,0.0452224884183776,0.912022620405856,0.932850946215448
MAST4_S5,MAST4,0.41899842562154,0.91264624198935,0.93330018805983
WAC2A_S5,WAC2A,0.0783509970385501,0.913168937411051,0.9334574817688
WAC2C_S5,WAC2C,0.0783509970385501,0.913168937411051,0.9334574817688
CDK9_S4,CDK9,0.0507406292666827,0.913500805882246,0.933608153992336
P33MX_S15,P33MX,0.63398624839217,0.916523865843321,0.936508638205744
DNJB9_T10,DNJB9,-0.0293348146421199,0.917427836113118,0.937053941184357
M3K4_S3,M3K4,0.179755602803253,0.917422974247835,0.937053941184357
CO1A1_S6,CO1A1,-0.120291470103221,0.920115865774868,0.939609845981963
CPZIP_S11,CPZIP,0.380267260495441,0.920564698444309,0.939878543237169
CATA_Y15_Y16,CATA,0.707589037285396,0.921112358034916,0.940248012104621
PAXI_S3,PAXI,-0.286410591286456,0.92177769093301,0.940737425652745
TCOF_S14,TCOF,0.673106083307268,0.924251642820699,0.943072089579749
ADRM1_T7,ADRM1,0.0304305536947513,0.924778628618189,0.943419600773363
CSPG2_S9,CSPG2,2.07216208354512,0.925110451621329,0.943567915287293
EXOC1_T2,EXOC1,0.202786451764647,0.925361938667799,0.943634247752918
SIN3A_S1,SIN3A,-0.0312360439302688,0.926581246088,0.944687285747657
ASPD_S21,ASPD,-0.0375024976736112,0.927817147590145,0.945704522083264
PHYD1_S9,PHYD1,0.0100862155946318,0.927952708291936,0.945704522083264
NCK2_S3,NCK2,0.275942723042688,0.92840700706559,0.945977020889662
PHF8_S3,PHF8,1.22453928906387,0.929294475891954,0.94669068890684
SC16B_S2,SC16B,-0.0166641257448516,0.929783263940072,0.946998007406058
ABLM1_S6,ABLM1,0.222228997704732,0.930382858975034,0.947167443046063
SASH3_S6,SASH3,0.0884450570171885,0.930511070307257,0.947167443046063
USO1_S16,USO1,0.122112158561386,0.930315435196464,0.947167443046063
DP13A_S12,DP13A,-0.0162167786957938,0.931526332109887,0.94801020848746
EF1B_S2,EF1B,0.042131506434006,0.932169525278537,0.948474058591612
AFTIN_S8,AFTIN,0.42847225133733,0.933272302755538,0.948833090447123
EI24_S3,EI24,-0.03750485163578,0.933091334215691,0.948833090447123
MAP4_T3,MAP4,-0.0338780463146748,0.932963823258676,0.948833090447123
RHG01_S8,RHG01,0.678676215528252,0.933250629152268,0.948833090447123
BRAF_S1,BRAF,-0.0149860863473584,0.93439948031406,0.949655357579341
ES8L2_S3,ES8L2,-0.0189252639190085,0.934456368453886,0.949655357579341
RGPA2_S3,RGPA2,0.536035497556761,0.9349808604689,0.949997617914697
ACTB_S14,ACTB,0.0274482114830519,0.937202769934573,0.951682026211652
ACTG_S14,ACTG,0.0274482114830519,0.937202769934573,0.951682026211652
POTEE_S14,POTEE,0.0274482114830519,0.937202769934573,0.951682026211652
GRM1A_S5,GRM1A,0.292431133405433,0.937416755457465,0.951708364968953
PDLI2_S5,PDLI2,0.172462053886748,0.938057096561599,0.952167462033344
TB182_S8,TB182,0.656780352650175,0.938879233713509,0.952810868623234
PHIP_S3,PHIP,-0.0108147006092775,0.93933884955308,0.953086190374526
RHG32_S6,RHG32,0.282035593368194,0.942167423190071,0.955764547758058
ZCCHV_S14,ZCCHV,-0.0206791757390472,0.942462755435799,0.955872546144404
RGS3_S4,RGS3,0.0213633620926272,0.944205122782617,0.957447831377044
F120A_S14,F120A,0.648177375579723,0.94486144840601,0.957921432368353
PGM5_T8,PGM5,-0.0565171097923156,0.945736575378172,0.958616624872607
ACINU_S8,ACINU,-0.0176602979519584,0.946393318923692,0.958829440678976
ARC1B_S3,ARC1B,0.878439281220788,0.946514895402522,0.958829440678976
KRI1_S6,KRI1,-0.010309673382997,0.946136713045175,0.958829440678976
MTAP2_T9,MTAP2,-0.0637317867048015,0.947613961082086,0.959750701828384
MAP1A_S8,MAP1A,0.621887454397275,0.949006675400224,0.960968944417874
AHNK_S14,AHNK,0.443755654666321,0.949320720717596,0.961094652440839
CLIP1_S5,CLIP1,0.0141449200331621,0.952022501461892,0.963637175979727
ANXA2_S16,ANXA2,0.285564747999425,0.954343598196295,0.965407345686878
AXA2L_S16,AXA2L,0.285564747999425,0.954343598196295,0.965407345686878
KANK2_S8,KANK2,-0.014252613006192,0.954022088014151,0.965407345686878
AFAD_T15,AFAD,0.00930764505467499,0.956236027442616,0.96693517180561
NSE3_S12,NSE3,0.246735815661181,0.956065876580044,0.96693517180561
JCAD_S21,JCAD,0.247261263927578,0.956932292585116,0.96744593143693
FABPL_T6,FABPL,-0.028131020672103,0.957402540888264,0.967728032641403
PURB_S17,PURB,0.0114332083084025,0.958968112770371,0.969116936647533
4EBP2_T26,4EBP2,-0.0766953000878197,0.959595626407479,0.969557489568427
TB182_S4_S19,TB182,0.150591156540495,0.960375985063284,0.970152267545964
41_T4,41,0.0867400033822851,0.961601675158307,0.971196583112391
EVI2B_S4,EVI2B,0.766736589883014,0.962717536216643,0.971935657449118
RING1_S15,RING1,0.00837424188801295,0.962572779651829,0.971935657449118
P33MX_T11_S16,P33MX,0.49985913060844,0.963060137465407,0.972087625790272
COPB2_T15,COPB2,0.151804966133172,0.963270140394788,0.972105718950752
NDRG1_S5,NDRG1,-0.0116817118962859,0.964970823823963,0.973433792978489
NEST_S5,NEST,0.369907762666849,0.964914714044769,0.973433792978489
ACTA_S19,ACTA,-0.345654219335543,0.966342213978355,0.974040618391646
ACTC_S19,ACTC,-0.345654219335543,0.966342213978355,0.974040618391646
ACTH_S19,ACTH,-0.345654219335543,0.966342213978355,0.974040618391646
ACTS_S19,ACTS,-0.345654219335543,0.966342213978355,0.974040618391646
FCHO2_S3,FCHO2,-0.00817438584412663,0.966540252643952,0.974046240269025
INF2_S2,INF2,0.00953272252386871,0.966741914304432,0.974055510311513
FA76B_S5,FA76B,-0.0934859774998408,0.967538559882519,0.974664142429424
ABLM3_T3,ABLM3,-0.0123212510463734,0.970879389380833,0.977445910017186
ODFP2_S19,ODFP2,-0.0104332674701446,0.97072053519328,0.977445910017186
PA24C_S3,PA24C,0.157507159647913,0.97064936322221,0.977445910017186
CNBP_S8,CNBP,0.00538162099827624,0.972655904686444,0.979039684490472
DEN5B_S3,DEN5B,0.334194031111996,0.973184918298925,0.979182678232775
PDIP3_S3,PDIP3,0.0038799682201084,0.97305977125664,0.979182678232775
STT3B_Y3_Y5,STT3B,0.552585389542622,0.974365697580703,0.980175868705215
AMPD2_S4,AMPD2,0.0064057073315584,0.975730016897628,0.981353262225536
UBP2L_S16,UBP2L,0.283928009959396,0.977833546174154,0.983273510269699
MFR1L_S2,MFR1L,-0.230483916775092,0.979165292563565,0.984417073036194
CAMP1_S16,CAMP1,0.0643721641351104,0.979794763458275,0.98485427961516
TAGL2_S1,TAGL2,0.0120423086159362,0.981106937405975,0.985977404728284
S20A2_S3,S20A2,-0.00697317123190113,0.981974644717564,0.986653499486915
ABLM1_T2,ABLM1,0.0041136958532357,0.98286442062391,0.987351495192062
UH1BL_S1,UH1BL,0.00740814423814444,0.983343071979219,0.987636294361347
ALKB5_S3,ALKB5,0.184497286802536,0.984617384694495,0.988719957130722
CTIP_S3,CTIP,0.00364023754158669,0.985128595079129,0.988840900375937
PSMD2_S10,PSMD2,0.198273517064191,0.985006529962966,0.988840900375937
CNNM3_S19,CNNM3,0.111242575056794,0.985507872721823,0.98902544989989
HSPB1_S4,HSPB1,-0.00355062444876115,0.988016357413941,0.99134630945122
TAOK3_S7,TAOK3,0.43449484814752,0.988853505955974,0.991989612218669
B3AT_S10,B3AT,0.403476909731099,0.989185397025729,0.99212590058407
RAB12_S11,RAB12,-0.00499195009680494,0.989386977106141,0.992131462479528
NUMA1_T2,NUMA1,-0.190015816411645,0.989953579173288,0.992502984190969
STX10_S3,STX10,-0.00198121507324887,0.990807257300656,0.99316211709222
GRB14_S3,GRB14,0.00134542848378277,0.99220574036684,0.994366980593382
PLPL6_T11,PLPL6,0.00152466274006183,0.992659707358094,0.994624980981848
F122A_S1,F122A,-0.00149180279240583,0.993295589825208,0.99475113392045
NAV2_S3,NAV2,0.40766537223054,0.993575346863364,0.99475113392045
NDRG2_T3,NDRG2,0.000930768702896691,0.99376837247615,0.99475113392045
RHG24_S7,RHG24,0.22900828992526,0.993000615608997,0.99475113392045
RHG35_S10,RHG35,0.273417508043295,0.993684823660781,0.99475113392045
DJC30_T1,DJC30,-0.379358214447545,0.994439815288604,0.995226400074278
NUP98_S7,NUP98,0.2572083518756,0.994900904668336,0.995491000104082
TB22A_S3,TB22A,0.269893707408331,0.997771624332403,0.998166078423857
EMAL4_S2,EMAL4,0.44151120884483,0.998316087424373,0.998513383093825
CA226_S3,CA226,-0.000116354519441442,0.999331022778509,0.999331022778509
